# https://github.com/mikedh/trimesh
mtllib material.mtl
usemtl material_0
v -1.00000000 0.00000000 1.00000000
v -1.00000000 0.00000000 1.00000000
v -1.00000000 0.00000000 1.00000000
v -1.00000000 0.10000000 1.00000000
v -1.00000000 0.10000000 1.00000000
v -1.00000000 0.10000000 1.00000000
v -1.00000000 0.00000000 -1.00000000
v -1.00000000 0.00000000 -1.00000000
v -1.00000000 0.00000000 -1.00000000
v -1.00000000 0.10000000 -1.00000000
v -1.00000000 0.10000000 -1.00000000
v -1.00000000 0.10000000 -1.00000000
v 1.00000000 0.00000000 1.00000000
v 1.00000000 0.00000000 1.00000000
v 1.00000000 0.00000000 1.00000000
v 1.00000000 0.10000000 1.00000000
v 1.00000000 0.10000000 1.00000000
v 1.00000000 0.10000000 1.00000000
v 1.00000000 0.00000000 -1.00000000
v 1.00000000 0.00000000 -1.00000000
v 1.00000000 0.00000000 -1.00000000
v 1.00000000 0.10000000 -1.00000000
v 1.00000000 0.10000000 -1.00000000
v 1.00000000 0.10000000 -1.00000000
v 0.90000000 0.00000000 -1.00000000
v 0.90000000 0.00000000 -1.00000000
v 0.90000000 0.00000000 -1.00000000
v -0.90000000 0.00000000 -1.00000000
v -0.90000000 0.00000000 -1.00000000
v -0.90000000 0.00000000 -1.00000000
v -0.90000000 0.10000000 -1.00000000
v -0.90000000 0.10000000 -1.00000000
v -0.90000000 0.10000000 -1.00000000
v -0.90000000 0.10000000 -1.00000000
v 0.90000000 0.10000000 -1.00000000
v 0.90000000 0.10000000 -1.00000000
v 0.90000000 0.10000000 -1.00000000
v 0.90000000 0.10000000 -1.00000000
v -0.90000000 0.00000000 1.00000000
v -0.90000000 0.00000000 1.00000000
v -0.90000000 0.00000000 1.00000000
v 0.90000000 0.00000000 1.00000000
v 0.90000000 0.00000000 1.00000000
v 0.90000000 0.00000000 1.00000000
v 0.90000000 0.10000000 1.00000000
v 0.90000000 0.10000000 1.00000000
v 0.90000000 0.10000000 1.00000000
v 0.90000000 0.10000000 1.00000000
v -0.90000000 0.10000000 1.00000000
v -0.90000000 0.10000000 1.00000000
v -0.90000000 0.10000000 1.00000000
v -0.90000000 0.10000000 1.00000000
v -1.00000000 0.00000000 -0.90000000
v -1.00000000 0.00000000 -0.90000000
v -1.00000000 0.00000000 -0.90000000
v -1.00000000 0.00000000 0.90000000
v -1.00000000 0.00000000 0.90000000
v -1.00000000 0.00000000 0.90000000
v -1.00000000 0.10000000 0.90000000
v -1.00000000 0.10000000 0.90000000
v -1.00000000 0.10000000 0.90000000
v -1.00000000 0.10000000 0.90000000
v -1.00000000 0.10000000 -0.90000000
v -1.00000000 0.10000000 -0.90000000
v -1.00000000 0.10000000 -0.90000000
v -1.00000000 0.10000000 -0.90000000
v 1.00000000 0.00000000 0.90000000
v 1.00000000 0.00000000 0.90000000
v 1.00000000 0.00000000 0.90000000
v 1.00000000 0.00000000 -0.90000000
v 1.00000000 0.00000000 -0.90000000
v 1.00000000 0.00000000 -0.90000000
v 1.00000000 0.10000000 -0.90000000
v 1.00000000 0.10000000 -0.90000000
v 1.00000000 0.10000000 -0.90000000
v 1.00000000 0.10000000 -0.90000000
v 1.00000000 0.10000000 0.90000000
v 1.00000000 0.10000000 0.90000000
v 1.00000000 0.10000000 0.90000000
v 1.00000000 0.10000000 0.90000000
v 0.90000000 0.10000000 -0.90000000
v 0.90000000 0.10000000 -0.90000000
v 0.90000000 0.10000000 -0.90000000
v 0.90000000 0.10000000 0.90000000
v 0.90000000 0.10000000 0.90000000
v 0.90000000 0.10000000 0.90000000
v -0.90000000 0.10000000 -0.90000000
v -0.90000000 0.10000000 -0.90000000
v -0.90000000 0.10000000 -0.90000000
v -0.90000000 0.10000000 0.90000000
v -0.90000000 0.10000000 0.90000000
v -0.90000000 0.10000000 0.90000000
v -0.90000000 0.00000000 -0.90000000
v -0.90000000 0.00000000 0.90000000
v 0.90000000 0.00000000 -0.90000000
v 0.90000000 0.00000000 0.90000000
v 0.20000000 2.25000000 -0.60000000
v 0.20000000 2.25000000 -0.60000000
v 0.20000000 0.10000000 0.60000000
v 0.20000000 0.10000000 0.60000000
v -0.20000000 0.10000000 0.60000000
v 0.20000000 1.60000100 -0.60000000
v 0.20000000 1.60000100 -0.60000000
v -1.00000000 0.90000000 -0.60000000
v -1.00000000 0.90000000 -0.60000000
v 0.20000000 1.60000100 0.60000000
v 0.20000000 1.60000100 0.60000000
v -0.20000000 1.60000100 0.60000000
v -0.20000000 0.90000000 0.60000000
v 0.20000000 0.90000000 0.60000000
v 0.20000000 0.90000000 0.60000000
v -0.30000000 1.07500000 0.60000000
v -0.30000000 1.07500000 0.60000000
v -0.30000000 1.07500000 0.60000000
v -0.30000000 1.42500000 0.60000000
v -0.30000000 1.42500000 0.60000000
v -0.30000000 1.42500000 0.60000000
v -0.50000000 1.42500000 0.60000000
v -0.50000000 1.42500000 0.60000000
v -0.50000000 1.42500000 0.60000000
v -0.50000000 1.07500000 0.60000000
v -0.50000000 1.07500000 0.60000000
v -0.50000000 1.07500000 0.60000000
v -0.30000000 0.10500000 0.60000000
v -0.30000000 0.10500000 0.60000000
v -0.30000000 0.10500000 0.60000000
v -0.30000000 0.62500000 0.60000000
v -0.30000000 0.62500000 0.60000000
v -0.30000000 0.62500000 0.60000000
v -0.50000000 0.62500000 0.60000000
v -0.50000000 0.62500000 0.60000000
v -0.50000000 0.62500000 0.60000000
v -0.50000000 0.10500000 0.60000000
v -0.50000000 0.10500000 0.60000000
v -0.50000000 0.10500000 0.60000000
v 0.10000000 0.27500000 0.60000000
v 0.10000000 0.27500000 0.60000000
v 0.10000000 0.27500000 0.60000000
v 0.10000000 0.62500000 0.60000000
v 0.10000000 0.62500000 0.60000000
v 0.10000000 0.62500000 0.60000000
v -0.10000000 0.62500000 0.60000000
v -0.10000000 0.62500000 0.60000000
v -0.10000000 0.62500000 0.60000000
v -0.10000000 0.27500000 0.60000000
v -0.10000000 0.27500000 0.60000000
v -0.10000000 0.27500000 0.60000000
v 0.10000000 1.07500000 0.60000000
v 0.10000000 1.07500000 0.60000000
v 0.10000000 1.07500000 0.60000000
v 0.10000000 1.42500000 0.60000000
v 0.10000000 1.42500000 0.60000000
v 0.10000000 1.42500000 0.60000000
v -0.10000000 1.42500000 0.60000000
v -0.10000000 1.42500000 0.60000000
v -0.10000000 1.42500000 0.60000000
v -0.10000000 1.07500000 0.60000000
v -0.10000000 1.07500000 0.60000000
v -0.10000000 1.07500000 0.60000000
v 0.10000000 0.27500000 0.50000000
v 0.10000000 0.27500000 0.50000000
v -0.10000000 0.27500000 0.50000000
v -0.10000000 0.27500000 0.50000000
v -0.30000000 0.10500000 0.50000000
v -0.30000000 0.10500000 0.50000000
v -0.50000000 0.10500000 0.50000000
v -0.50000000 0.10500000 0.50000000
v -0.30000000 1.42500000 0.50000000
v -0.30000000 1.42500000 0.50000000
v -0.30000000 1.07500000 0.50000000
v -0.30000000 1.07500000 0.50000000
v -0.50000000 1.07500000 0.50000000
v -0.50000000 1.07500000 0.50000000
v -0.50000000 1.42500000 0.50000000
v -0.50000000 1.42500000 0.50000000
v -0.30000000 0.62500000 0.50000000
v -0.30000000 0.62500000 0.50000000
v -0.50000000 0.62500000 0.50000000
v -0.50000000 0.62500000 0.50000000
v 0.10000000 0.62500000 0.50000000
v 0.10000000 0.62500000 0.50000000
v -0.10000000 0.62500000 0.50000000
v -0.10000000 0.62500000 0.50000000
v 0.10000000 1.42500000 0.50000000
v 0.10000000 1.42500000 0.50000000
v 0.10000000 1.07500000 0.50000000
v 0.10000000 1.07500000 0.50000000
v -0.10000000 1.07500000 0.50000000
v -0.10000000 1.07500000 0.50000000
v -0.10000000 1.42500000 0.50000000
v -0.10000000 1.42500000 0.50000000
v 0.20000000 0.10000000 -0.60000000
v 0.20000000 0.10000000 -0.60000000
v -1.00000000 0.10000000 -0.60000000
v -1.00000000 0.10000000 -0.60000000
v -1.00000000 0.10000000 0.60000000
v -1.00000000 0.10000000 0.60000000
v -1.00000000 1.60000100 -0.60000000
v -1.00000000 1.60000100 -0.60000000
v -1.00000000 1.60000100 0.60000000
v -1.00000000 1.60000100 0.60000000
v -0.70000000 1.07500000 0.50000000
v -0.70000000 1.07500000 0.50000000
v -0.70000000 1.42500000 0.50000000
v -0.70000000 1.42500000 0.50000000
v -0.90000000 1.07500000 0.50000000
v -0.90000000 1.07500000 0.50000000
v -0.90000000 1.42500000 0.50000000
v -0.90000000 1.42500000 0.50000000
v -0.70000000 0.62500000 0.50000000
v -0.70000000 0.62500000 0.50000000
v -0.90000000 0.62500000 0.50000000
v -0.90000000 0.62500000 0.50000000
v -0.90000000 0.27500000 0.50000000
v -0.90000000 0.27500000 0.50000000
v -0.70000000 0.27500000 0.50000000
v -0.70000000 0.27500000 0.50000000
v -0.70000000 1.42500000 0.60000000
v -0.70000000 1.42500000 0.60000000
v -0.70000000 1.42500000 0.60000000
v -0.70000000 1.07500000 0.60000000
v -0.70000000 1.07500000 0.60000000
v -0.70000000 1.07500000 0.60000000
v -0.90000000 1.07500000 0.60000000
v -0.90000000 1.07500000 0.60000000
v -0.90000000 1.07500000 0.60000000
v -0.90000000 1.42500000 0.60000000
v -0.90000000 1.42500000 0.60000000
v -0.90000000 1.42500000 0.60000000
v -0.90000000 0.62500000 0.60000000
v -0.90000000 0.62500000 0.60000000
v -0.90000000 0.62500000 0.60000000
v -0.70000000 0.62500000 0.60000000
v -0.70000000 0.62500000 0.60000000
v -0.70000000 0.62500000 0.60000000
v -0.70000000 0.27500000 0.60000000
v -0.70000000 0.27500000 0.60000000
v -0.70000000 0.27500000 0.60000000
v -0.90000000 0.27500000 0.60000000
v -0.90000000 0.27500000 0.60000000
v -0.90000000 0.27500000 0.60000000
v -1.00000000 0.90000000 0.60000000
v -1.00000000 0.90000000 0.60000000
v -0.60000000 0.90000000 0.60000000
v -0.60000000 1.60000100 0.60000000
v -0.60000000 0.10000000 0.60000000
v 0.20000000 0.90000000 -0.60000000
v 0.20000000 0.90000000 -0.60000000
v 0.20000000 2.25000000 0.60000000
v 0.20000000 2.25000000 0.60000000
v -0.30000000 1.77500000 0.60000000
v -0.30000000 1.77500000 0.60000000
v -0.30000000 1.77500000 0.60000000
v -0.30000000 2.12500000 0.60000000
v -0.30000000 2.12500000 0.60000000
v -0.30000000 2.12500000 0.60000000
v -0.50000000 2.12500000 0.60000000
v -0.50000000 2.12500000 0.60000000
v -0.50000000 2.12500000 0.60000000
v -0.50000000 1.77500000 0.60000000
v -0.50000000 1.77500000 0.60000000
v -0.50000000 1.77500000 0.60000000
v 0.10000000 1.77500000 0.60000000
v 0.10000000 1.77500000 0.60000000
v 0.10000000 1.77500000 0.60000000
v 0.10000000 2.12500000 0.60000000
v 0.10000000 2.12500000 0.60000000
v 0.10000000 2.12500000 0.60000000
v -0.10000000 2.12500000 0.60000000
v -0.10000000 2.12500000 0.60000000
v -0.10000000 2.12500000 0.60000000
v -0.10000000 1.77500000 0.60000000
v -0.10000000 1.77500000 0.60000000
v -0.10000000 1.77500000 0.60000000
v -0.30000000 2.12500000 0.50000000
v -0.30000000 2.12500000 0.50000000
v -0.30000000 1.77500000 0.50000000
v -0.30000000 1.77500000 0.50000000
v -0.50000000 1.77500000 0.50000000
v -0.50000000 1.77500000 0.50000000
v -0.50000000 2.12500000 0.50000000
v -0.50000000 2.12500000 0.50000000
v 0.10000000 2.12500000 0.50000000
v 0.10000000 2.12500000 0.50000000
v 0.10000000 1.77500000 0.50000000
v 0.10000000 1.77500000 0.50000000
v -0.10000000 1.77500000 0.50000000
v -0.10000000 1.77500000 0.50000000
v -0.10000000 2.12500000 0.50000000
v -0.10000000 2.12500000 0.50000000
v -0.70000000 1.77500000 0.50000000
v -0.70000000 1.77500000 0.50000000
v -0.70000000 2.12500000 0.50000000
v -0.70000000 2.12500000 0.50000000
v -0.90000000 1.77500000 0.50000000
v -0.90000000 1.77500000 0.50000000
v -0.90000000 2.12500000 0.50000000
v -0.90000000 2.12500000 0.50000000
v -0.70000000 2.12500000 0.60000000
v -0.70000000 2.12500000 0.60000000
v -0.70000000 2.12500000 0.60000000
v -0.70000000 1.77500000 0.60000000
v -0.70000000 1.77500000 0.60000000
v -0.70000000 1.77500000 0.60000000
v -0.90000000 1.77500000 0.60000000
v -0.90000000 1.77500000 0.60000000
v -0.90000000 1.77500000 0.60000000
v -0.90000000 2.12500000 0.60000000
v -0.90000000 2.12500000 0.60000000
v -0.90000000 2.12500000 0.60000000
v -0.60000000 2.25000000 0.60000000
v 0.20000000 2.95000100 -0.60000000
v 0.20000000 2.95000100 -0.60000000
v -0.20000000 2.25000000 0.60000000
v -1.00000000 2.25000000 -0.60000000
v -1.00000000 2.25000000 -0.60000000
v -1.00000000 2.25000000 0.60000000
v -1.00000000 2.25000000 0.60000000
v 0.20000000 2.95000100 0.60000000
v 0.20000000 2.95000100 0.60000000
v -0.20000000 2.95000100 0.60000000
v -0.30000000 2.47500000 0.60000000
v -0.30000000 2.47500000 0.60000000
v -0.30000000 2.47500000 0.60000000
v -0.30000000 2.82500100 0.60000000
v -0.30000000 2.82500100 0.60000000
v -0.30000000 2.82500100 0.60000000
v -0.50000000 2.82500100 0.60000000
v -0.50000000 2.82500100 0.60000000
v -0.50000000 2.82500100 0.60000000
v -0.50000000 2.47500000 0.60000000
v -0.50000000 2.47500000 0.60000000
v -0.50000000 2.47500000 0.60000000
v 0.10000000 2.47500000 0.60000000
v 0.10000000 2.47500000 0.60000000
v 0.10000000 2.47500000 0.60000000
v 0.10000000 2.82500100 0.60000000
v 0.10000000 2.82500100 0.60000000
v 0.10000000 2.82500100 0.60000000
v -0.10000000 2.82500100 0.60000000
v -0.10000000 2.82500100 0.60000000
v -0.10000000 2.82500100 0.60000000
v -0.10000000 2.47500000 0.60000000
v -0.10000000 2.47500000 0.60000000
v -0.10000000 2.47500000 0.60000000
v -0.30000000 2.82500100 0.50000000
v -0.30000000 2.82500100 0.50000000
v -0.30000000 2.47500000 0.50000000
v -0.30000000 2.47500000 0.50000000
v -0.50000000 2.47500000 0.50000000
v -0.50000000 2.47500000 0.50000000
v -0.50000000 2.82500100 0.50000000
v -0.50000000 2.82500100 0.50000000
v 0.10000000 2.82500100 0.50000000
v 0.10000000 2.82500100 0.50000000
v 0.10000000 2.47500000 0.50000000
v 0.10000000 2.47500000 0.50000000
v -0.10000000 2.47500000 0.50000000
v -0.10000000 2.47500000 0.50000000
v -0.10000000 2.82500100 0.50000000
v -0.10000000 2.82500100 0.50000000
v -1.00000000 2.95000100 -0.60000000
v -1.00000000 2.95000100 -0.60000000
v -1.00000000 2.95000100 0.60000000
v -1.00000000 2.95000100 0.60000000
v -0.70000000 2.47500000 0.50000000
v -0.70000000 2.47500000 0.50000000
v -0.70000000 2.82500100 0.50000000
v -0.70000000 2.82500100 0.50000000
v -0.90000000 2.47500000 0.50000000
v -0.90000000 2.47500000 0.50000000
v -0.90000000 2.82500100 0.50000000
v -0.90000000 2.82500100 0.50000000
v -0.70000000 2.82500100 0.60000000
v -0.70000000 2.82500100 0.60000000
v -0.70000000 2.82500100 0.60000000
v -0.70000000 2.47500000 0.60000000
v -0.70000000 2.47500000 0.60000000
v -0.70000000 2.47500000 0.60000000
v -0.90000000 2.47500000 0.60000000
v -0.90000000 2.47500000 0.60000000
v -0.90000000 2.47500000 0.60000000
v -0.90000000 2.82500100 0.60000000
v -0.90000000 2.82500100 0.60000000
v -0.90000000 2.82500100 0.60000000
v -0.60000000 2.95000100 0.60000000
v 1.00000000 0.10000000 -0.60000000
v 1.00000000 0.10000000 -0.60000000
v 0.60000000 0.10000000 0.40000000
v 0.20000000 0.10000000 0.40000000
v 1.00000000 1.60000100 -0.60000000
v 1.00000000 1.60000100 -0.60000000
v 0.60000000 1.60000100 0.40000000
v 0.20000000 1.60000100 0.40000000
v 1.00000000 0.90000000 -0.60000000
v 1.00000000 0.90000000 -0.60000000
v 0.20000000 0.90000000 0.40000000
v 0.30000000 0.27500000 0.40000000
v 0.30000000 0.27500000 0.40000000
v 0.30000000 0.27500000 0.40000000
v 0.50000000 0.27500000 0.40000000
v 0.50000000 0.27500000 0.40000000
v 0.50000000 0.27500000 0.40000000
v 0.50000000 0.62500000 0.40000000
v 0.50000000 0.62500000 0.40000000
v 0.50000000 0.62500000 0.40000000
v 0.30000000 0.62500000 0.40000000
v 0.30000000 0.62500000 0.40000000
v 0.30000000 0.62500000 0.40000000
v 0.30000000 1.42500000 0.40000000
v 0.30000000 1.42500000 0.40000000
v 0.30000000 1.42500000 0.40000000
v 0.30000000 1.07500000 0.40000000
v 0.30000000 1.07500000 0.40000000
v 0.30000000 1.07500000 0.40000000
v 0.50000000 1.07500000 0.40000000
v 0.50000000 1.07500000 0.40000000
v 0.50000000 1.07500000 0.40000000
v 0.50000000 1.42500000 0.40000000
v 0.50000000 1.42500000 0.40000000
v 0.50000000 1.42500000 0.40000000
v 0.50000000 0.27500000 0.30000000
v 0.50000000 0.27500000 0.30000000
v 0.30000000 0.27500000 0.30000000
v 0.30000000 0.27500000 0.30000000
v 0.30000000 0.62500000 0.30000000
v 0.30000000 0.62500000 0.30000000
v 0.50000000 0.62500000 0.30000000
v 0.50000000 0.62500000 0.30000000
v 0.30000000 1.42500000 0.30000000
v 0.30000000 1.42500000 0.30000000
v 0.30000000 1.07500000 0.30000000
v 0.30000000 1.07500000 0.30000000
v 0.50000000 1.42500000 0.30000000
v 0.50000000 1.42500000 0.30000000
v 0.50000000 1.07500000 0.30000000
v 0.50000000 1.07500000 0.30000000
v 0.90000000 1.07500000 0.30000000
v 0.90000000 1.07500000 0.30000000
v 0.90000000 1.42500000 0.30000000
v 0.90000000 1.42500000 0.30000000
v 0.70000000 1.07500000 0.30000000
v 0.70000000 1.07500000 0.30000000
v 0.70000000 1.42500000 0.30000000
v 0.70000000 1.42500000 0.30000000
v 0.90000000 0.62500000 0.30000000
v 0.90000000 0.62500000 0.30000000
v 0.70000000 0.62500000 0.30000000
v 0.70000000 0.62500000 0.30000000
v 0.70000000 0.27500000 0.30000000
v 0.70000000 0.27500000 0.30000000
v 0.90000000 0.27500000 0.30000000
v 0.90000000 0.27500000 0.30000000
v 0.90000000 1.42500000 0.40000000
v 0.90000000 1.42500000 0.40000000
v 0.90000000 1.42500000 0.40000000
v 0.90000000 1.07500000 0.40000000
v 0.90000000 1.07500000 0.40000000
v 0.90000000 1.07500000 0.40000000
v 0.70000000 1.07500000 0.40000000
v 0.70000000 1.07500000 0.40000000
v 0.70000000 1.07500000 0.40000000
v 0.70000000 1.42500000 0.40000000
v 0.70000000 1.42500000 0.40000000
v 0.70000000 1.42500000 0.40000000
v 0.70000000 0.62500000 0.40000000
v 0.70000000 0.62500000 0.40000000
v 0.70000000 0.62500000 0.40000000
v 0.90000000 0.62500000 0.40000000
v 0.90000000 0.62500000 0.40000000
v 0.90000000 0.62500000 0.40000000
v 0.90000000 0.27500000 0.40000000
v 0.90000000 0.27500000 0.40000000
v 0.90000000 0.27500000 0.40000000
v 0.70000000 0.27500000 0.40000000
v 0.70000000 0.27500000 0.40000000
v 0.70000000 0.27500000 0.40000000
v 0.60000000 0.90000000 0.40000000
v 1.00000000 0.90000000 0.40000000
v 1.00000000 0.90000000 0.40000000
v 1.00000000 1.60000100 0.40000000
v 1.00000000 1.60000100 0.40000000
v 1.00000000 0.10000000 0.40000000
v 1.00000000 0.10000000 0.40000000
v 1.00000000 2.25000000 -0.60000000
v 1.00000000 2.25000000 -0.60000000
v 0.60000000 2.25000000 0.40000000
v 0.20000000 2.25000000 0.40000000
v 0.30000000 2.12500000 0.40000000
v 0.30000000 2.12500000 0.40000000
v 0.30000000 2.12500000 0.40000000
v 0.30000000 1.77500000 0.40000000
v 0.30000000 1.77500000 0.40000000
v 0.30000000 1.77500000 0.40000000
v 0.50000000 1.77500000 0.40000000
v 0.50000000 1.77500000 0.40000000
v 0.50000000 1.77500000 0.40000000
v 0.50000000 2.12500000 0.40000000
v 0.50000000 2.12500000 0.40000000
v 0.50000000 2.12500000 0.40000000
v 0.30000000 2.12500000 0.30000000
v 0.30000000 2.12500000 0.30000000
v 0.30000000 1.77500000 0.30000000
v 0.30000000 1.77500000 0.30000000
v 0.50000000 2.12500000 0.30000000
v 0.50000000 2.12500000 0.30000000
v 0.50000000 1.77500000 0.30000000
v 0.50000000 1.77500000 0.30000000
v 0.90000000 1.77500000 0.30000000
v 0.90000000 1.77500000 0.30000000
v 0.90000000 2.12500000 0.30000000
v 0.90000000 2.12500000 0.30000000
v 0.70000000 1.77500000 0.30000000
v 0.70000000 1.77500000 0.30000000
v 0.70000000 2.12500000 0.30000000
v 0.70000000 2.12500000 0.30000000
v 0.90000000 2.12500000 0.40000000
v 0.90000000 2.12500000 0.40000000
v 0.90000000 2.12500000 0.40000000
v 0.90000000 1.77500000 0.40000000
v 0.90000000 1.77500000 0.40000000
v 0.90000000 1.77500000 0.40000000
v 0.70000000 1.77500000 0.40000000
v 0.70000000 1.77500000 0.40000000
v 0.70000000 1.77500000 0.40000000
v 0.70000000 2.12500000 0.40000000
v 0.70000000 2.12500000 0.40000000
v 0.70000000 2.12500000 0.40000000
v 1.00000000 2.25000000 0.40000000
v 1.00000000 2.25000000 0.40000000
v 0.20000000 0.90000000 -0.60000000
v 0.20000000 0.10000000 -0.60000000
v 0.20000000 1.60000100 -0.60000000
v 0.20000000 2.25000000 -0.60000000
v -0.48201700 0.13150000 0.54194800
v -0.48201700 0.13150000 0.54194800
v -0.31797900 0.13150000 0.54194800
v -0.31797900 0.13150000 0.54194800
v -0.52692200 0.63624500 0.50616700
v -0.52692200 0.63624500 0.50616700
v -0.52692200 0.59721000 0.62487000
v -0.52692200 0.59721000 0.62487000
v -0.52692200 0.59721000 0.62487000
v -0.52692200 0.59721000 0.50616700
v -0.52692200 0.59721000 0.50616700
v -0.27307200 0.63624500 0.50616700
v -0.27307200 0.63624500 0.50616700
v -0.52692200 0.63624500 0.62487000
v -0.52692200 0.63624500 0.62487000
v -0.52692200 0.63624500 0.62487000
v -0.27307200 0.59721000 0.50616700
v -0.27307200 0.59721000 0.50616700
v -0.27307200 0.63624500 0.62487000
v -0.27307200 0.63624500 0.62487000
v -0.27307200 0.63624500 0.62487000
v -0.27307200 0.59721000 0.62487000
v -0.27307200 0.59721000 0.62487000
v -0.27307200 0.59721000 0.62487000
v -0.32851400 0.61917400 0.51597000
v -0.32851400 0.13048900 0.56306400
v -0.32851400 0.13048900 0.56306400
v -0.32851400 0.13048900 0.51597000
v -0.32851400 0.61917400 0.56306400
v -0.32851400 0.61917400 0.56306400
v -0.29353200 0.61917400 0.56306400
v -0.29353200 0.13048900 0.56306400
v -0.50646400 0.13048900 0.56306400
v -0.47148200 0.61917400 0.51597000
v -0.50646400 0.61917400 0.56306400
v -0.47148200 0.13048900 0.51597000
v -0.47148200 0.61917400 0.56306400
v -0.47148200 0.61917400 0.56306400
v -0.47148200 0.13048900 0.56306400
v -0.47148200 0.13048900 0.56306400
v -0.52692200 0.13783100 0.47549100
v -0.52692200 0.13783100 0.47549100
v -0.52692200 0.09993000 0.47549100
v -0.27307200 0.13783100 0.47549100
v -0.27307200 0.13783100 0.47549100
v -0.52692200 0.13783100 0.64257600
v -0.52692200 0.13783100 0.64257600
v -0.52692200 0.13783100 0.64257600
v -0.27307200 0.09993000 0.47549100
v -0.27307200 0.13783100 0.64257600
v -0.27307200 0.13783100 0.64257600
v -0.27307200 0.13783100 0.64257600
v -0.52692200 0.09993000 0.64257600
v -0.52692200 0.09993000 0.64257600
v -0.27307200 0.09993000 0.64257600
v -0.27307200 0.09993000 0.64257600
v -0.49813800 0.52645800 0.52393700
v -0.49813800 0.50408600 0.55211900
v -0.49813800 0.50408600 0.55211900
v -0.49813800 0.50408600 0.52393700
v -0.30185600 0.52645800 0.52393700
v -0.49813800 0.52645800 0.55211900
v -0.49813800 0.52645800 0.55211900
v -0.30185600 0.50408600 0.52393700
v -0.30185600 0.52645800 0.55211900
v -0.30185600 0.52645800 0.55211900
v -0.30185600 0.50408600 0.55211900
v -0.30185600 0.50408600 0.55211900
v -0.31797900 0.51476400 0.54194800
v -0.31797900 0.51476400 0.54194800
v -0.48201700 0.51476400 0.54194800
v -0.48201700 0.51476400 0.54194800
v -0.48201700 0.59923300 0.54194800
v -0.31797900 0.59923300 0.54194800
v -0.31797900 0.51476400 0.54194800
v -0.48201700 0.51476400 0.54194800
v -0.31797900 0.28313200 0.54194800
v -0.31797900 0.28313200 0.54194800
v -0.31797900 0.28313200 0.54194800
v -0.48201700 0.28313200 0.54194800
v -0.48201700 0.28313200 0.54194800
v -0.48201700 0.28313200 0.54194800
v -0.34915500 0.25195600 0.54194800
v -0.34915500 0.25195600 0.54194800
v -0.34915500 0.25195600 0.54194800
v -0.45084100 0.25195600 0.54194800
v -0.45084100 0.25195600 0.54194800
v -0.45084100 0.25195600 0.54194800
v -0.45084100 0.16267600 0.54194800
v -0.45084100 0.16267600 0.54194800
v -0.45084100 0.16267600 0.54194800
v -0.34915500 0.16267600 0.54194800
v -0.34915500 0.16267600 0.54194800
v -0.34915500 0.16267600 0.54194800
v -0.34915500 0.48358800 0.54194800
v -0.34915500 0.48358800 0.54194800
v -0.34915500 0.48358800 0.54194800
v -0.45084100 0.48358800 0.54194800
v -0.45084100 0.48358800 0.54194800
v -0.45084100 0.48358800 0.54194800
v -0.45084100 0.31430800 0.54194800
v -0.45084100 0.31430800 0.54194800
v -0.45084100 0.31430800 0.54194800
v -0.34915500 0.31430800 0.54194800
v -0.34915500 0.31430800 0.54194800
v -0.34915500 0.31430800 0.54194800
v -0.36073500 0.26991200 0.56206400
v -0.36073500 0.27521900 0.56737000
v -0.36073500 0.27521900 0.56737000
v -0.36073500 0.27521900 0.56737000
v -0.36604200 0.27521900 0.56206400
v -0.36604200 0.27521900 0.56206400
v -0.36073500 0.29104500 0.56737000
v -0.36073500 0.29104500 0.56737000
v -0.36073500 0.29104500 0.56737000
v -0.36073500 0.29635200 0.56206400
v -0.36604200 0.29104500 0.56206400
v -0.36604200 0.29104500 0.56206400
v -0.36073500 0.26991200 0.54623700
v -0.36604200 0.27521900 0.54623700
v -0.36604200 0.27521900 0.54623700
v -0.36073500 0.27521900 0.54093000
v -0.36073500 0.27521900 0.54093000
v -0.36073500 0.29635200 0.54623700
v -0.36073500 0.29104500 0.54093000
v -0.36073500 0.29104500 0.54093000
v -0.36604200 0.29104500 0.54623700
v -0.36604200 0.29104500 0.54623700
v -0.34490800 0.26991200 0.56206400
v -0.33960200 0.27521900 0.56206400
v -0.33960200 0.27521900 0.56206400
v -0.34490800 0.27521900 0.56737000
v -0.34490800 0.27521900 0.56737000
v -0.34490800 0.27521900 0.56737000
v -0.34490800 0.29635200 0.56206400
v -0.34490800 0.29104500 0.56737000
v -0.34490800 0.29104500 0.56737000
v -0.34490800 0.29104500 0.56737000
v -0.33960200 0.29104500 0.56206400
v -0.33960200 0.29104500 0.56206400
v -0.34490800 0.26991200 0.54623700
v -0.34490800 0.27521900 0.54093000
v -0.34490800 0.27521900 0.54093000
v -0.33960200 0.27521900 0.54623700
v -0.33960200 0.27521900 0.54623700
v -0.34490800 0.29635200 0.54623700
v -0.33960200 0.29104500 0.54623700
v -0.33960200 0.29104500 0.54623700
v -0.34490800 0.29104500 0.54093000
v -0.34490800 0.29104500 0.54093000
v -0.88201900 1.10150000 0.54194800
v -0.88201900 1.39923300 0.54194800
v -0.71798100 1.39923300 0.54194800
v -0.71798100 1.10150000 0.54194800
v -0.92692400 1.43624500 0.50616700
v -0.92692400 1.43624500 0.50616700
v -0.92692400 1.39721000 0.62487000
v -0.92692400 1.39721000 0.62487000
v -0.92692400 1.39721000 0.62487000
v -0.92692400 1.39721000 0.50616700
v -0.92692400 1.39721000 0.50616700
v -0.67307500 1.43624500 0.50616700
v -0.67307500 1.43624500 0.50616700
v -0.92692400 1.43624500 0.62487000
v -0.92692400 1.43624500 0.62487000
v -0.92692400 1.43624500 0.62487000
v -0.67307500 1.39721000 0.50616700
v -0.67307500 1.39721000 0.50616700
v -0.67307500 1.43624500 0.62487000
v -0.67307500 1.43624500 0.62487000
v -0.67307500 1.43624500 0.62487000
v -0.67307500 1.39721000 0.62487000
v -0.67307500 1.39721000 0.62487000
v -0.67307500 1.39721000 0.62487000
v -0.72851600 1.41917400 0.51597000
v -0.72851600 1.10048900 0.56306400
v -0.72851600 1.10048900 0.56306400
v -0.72851600 1.10048900 0.51597000
v -0.72851600 1.41917400 0.56306400
v -0.72851600 1.41917400 0.56306400
v -0.69353400 1.41917400 0.56306400
v -0.69353400 1.10048900 0.56306400
v -0.90646700 1.10048900 0.56306400
v -0.87148400 1.41917400 0.51597000
v -0.90646700 1.41917400 0.56306400
v -0.87148400 1.10048900 0.51597000
v -0.87148400 1.41917400 0.56306400
v -0.87148400 1.41917400 0.56306400
v -0.87148400 1.10048900 0.56306400
v -0.87148400 1.10048900 0.56306400
v -0.92692400 1.10783100 0.47549100
v -0.92692400 1.10783100 0.47549100
v -0.92692400 1.04363900 0.47549100
v -0.92692400 1.04363900 0.47549100
v -0.67307500 1.10783100 0.47549100
v -0.67307500 1.10783100 0.47549100
v -0.92692400 1.10783100 0.64257600
v -0.92692400 1.10783100 0.64257600
v -0.92692400 1.10783100 0.64257600
v -0.67307500 1.04363900 0.47549100
v -0.67307500 1.04363900 0.47549100
v -0.67307500 1.10783100 0.64257600
v -0.67307500 1.10783100 0.64257600
v -0.67307500 1.10783100 0.64257600
v -0.92692400 1.04363900 0.60599300
v -0.92692400 1.04363900 0.60599300
v -0.92692400 1.04363900 0.60599300
v -0.92692400 1.08022100 0.64257600
v -0.92692400 1.08022100 0.64257600
v -0.92692400 1.08022100 0.64257600
v -0.67307500 1.08022100 0.64257600
v -0.67307500 1.08022100 0.64257600
v -0.67307500 1.08022100 0.64257600
v -0.67307500 1.04363900 0.60599300
v -0.67307500 1.04363900 0.60599300
v -0.67307500 1.04363900 0.60599300
v -0.89814000 1.32645800 0.52393700
v -0.89814000 1.30408600 0.55211900
v -0.89814000 1.30408600 0.55211900
v -0.89814000 1.30408600 0.52393700
v -0.70185900 1.32645800 0.52393700
v -0.89814000 1.32645800 0.55211900
v -0.89814000 1.32645800 0.55211900
v -0.70185900 1.30408600 0.52393700
v -0.70185900 1.32645800 0.55211900
v -0.70185900 1.32645800 0.55211900
v -0.70185900 1.30408600 0.55211900
v -0.70185900 1.30408600 0.55211900
v -0.71798100 1.31476400 0.54194800
v -0.71798100 1.31476400 0.54194800
v -0.88201900 1.31476400 0.54194800
v -0.88201900 1.31476400 0.54194800
v -0.48201900 1.10150000 0.54194800
v -0.48201900 1.39923300 0.54194800
v -0.31798100 1.39923300 0.54194800
v -0.31798100 1.10150000 0.54194800
v -0.52692400 1.43624500 0.50616700
v -0.52692400 1.43624500 0.50616700
v -0.52692400 1.39721000 0.62487000
v -0.52692400 1.39721000 0.62487000
v -0.52692400 1.39721000 0.62487000
v -0.52692400 1.39721000 0.50616700
v -0.52692400 1.39721000 0.50616700
v -0.27307500 1.43624500 0.50616700
v -0.27307500 1.43624500 0.50616700
v -0.52692400 1.43624500 0.62487000
v -0.52692400 1.43624500 0.62487000
v -0.52692400 1.43624500 0.62487000
v -0.27307500 1.39721000 0.50616700
v -0.27307500 1.39721000 0.50616700
v -0.27307500 1.43624500 0.62487000
v -0.27307500 1.43624500 0.62487000
v -0.27307500 1.43624500 0.62487000
v -0.27307500 1.39721000 0.62487000
v -0.27307500 1.39721000 0.62487000
v -0.27307500 1.39721000 0.62487000
v -0.32851600 1.41917400 0.51597000
v -0.32851600 1.10048900 0.56306400
v -0.32851600 1.10048900 0.56306400
v -0.32851600 1.10048900 0.51597000
v -0.32851600 1.41917400 0.56306400
v -0.32851600 1.41917400 0.56306400
v -0.29353400 1.41917400 0.56306400
v -0.29353400 1.10048900 0.56306400
v -0.50646700 1.10048900 0.56306400
v -0.47148400 1.41917400 0.51597000
v -0.50646700 1.41917400 0.56306400
v -0.47148400 1.10048900 0.51597000
v -0.47148400 1.41917400 0.56306400
v -0.47148400 1.41917400 0.56306400
v -0.47148400 1.10048900 0.56306400
v -0.47148400 1.10048900 0.56306400
v -0.52692400 1.10783100 0.47549100
v -0.52692400 1.10783100 0.47549100
v -0.52692400 1.04363900 0.47549100
v -0.52692400 1.04363900 0.47549100
v -0.27307500 1.10783100 0.47549100
v -0.27307500 1.10783100 0.47549100
v -0.52692400 1.10783100 0.64257600
v -0.52692400 1.10783100 0.64257600
v -0.52692400 1.10783100 0.64257600
v -0.27307500 1.04363900 0.47549100
v -0.27307500 1.04363900 0.47549100
v -0.27307500 1.10783100 0.64257600
v -0.27307500 1.10783100 0.64257600
v -0.27307500 1.10783100 0.64257600
v -0.52692400 1.04363900 0.60599300
v -0.52692400 1.04363900 0.60599300
v -0.52692400 1.04363900 0.60599300
v -0.52692400 1.08022100 0.64257600
v -0.52692400 1.08022100 0.64257600
v -0.52692400 1.08022100 0.64257600
v -0.27307500 1.08022100 0.64257600
v -0.27307500 1.08022100 0.64257600
v -0.27307500 1.08022100 0.64257600
v -0.27307500 1.04363900 0.60599300
v -0.27307500 1.04363900 0.60599300
v -0.27307500 1.04363900 0.60599300
v -0.49814000 1.26019300 0.52393700
v -0.49814000 1.23782100 0.55211900
v -0.49814000 1.23782100 0.55211900
v -0.49814000 1.23782100 0.52393700
v -0.30185900 1.26019300 0.52393700
v -0.49814000 1.26019300 0.55211900
v -0.49814000 1.26019300 0.55211900
v -0.30185900 1.23782100 0.52393700
v -0.30185900 1.26019300 0.55211900
v -0.30185900 1.26019300 0.55211900
v -0.30185900 1.23782100 0.55211900
v -0.30185900 1.23782100 0.55211900
v -0.31798100 1.24850000 0.54194800
v -0.31798100 1.24850000 0.54194800
v -0.48201900 1.24850000 0.54194800
v -0.48201900 1.24850000 0.54194800
v -0.08201900 1.10150000 0.54194800
v -0.08201900 1.39923300 0.54194800
v 0.08201900 1.39923300 0.54194800
v 0.08201900 1.10150000 0.54194800
v -0.12692400 1.43624500 0.50616700
v -0.12692400 1.43624500 0.50616700
v -0.12692400 1.39721000 0.62487000
v -0.12692400 1.39721000 0.62487000
v -0.12692400 1.39721000 0.62487000
v -0.12692400 1.39721000 0.50616700
v -0.12692400 1.39721000 0.50616700
v 0.12692500 1.43624500 0.50616700
v 0.12692500 1.43624500 0.50616700
v -0.12692400 1.43624500 0.62487000
v -0.12692400 1.43624500 0.62487000
v -0.12692400 1.43624500 0.62487000
v 0.12692500 1.39721000 0.50616700
v 0.12692500 1.39721000 0.50616700
v 0.12692500 1.43624500 0.62487000
v 0.12692500 1.43624500 0.62487000
v 0.12692500 1.43624500 0.62487000
v 0.12692500 1.39721000 0.62487000
v 0.12692500 1.39721000 0.62487000
v 0.12692500 1.39721000 0.62487000
v 0.07148400 1.41917400 0.51597000
v 0.07148400 1.10048900 0.56306400
v 0.07148400 1.10048900 0.56306400
v 0.07148400 1.10048900 0.51597000
v 0.07148400 1.41917400 0.56306400
v 0.07148400 1.41917400 0.56306400
v 0.10646600 1.41917400 0.56306400
v 0.10646600 1.10048900 0.56306400
v -0.10646700 1.10048900 0.56306400
v -0.07148400 1.41917400 0.51597000
v -0.10646700 1.41917400 0.56306400
v -0.07148400 1.10048900 0.51597000
v -0.07148400 1.41917400 0.56306400
v -0.07148400 1.41917400 0.56306400
v -0.07148400 1.10048900 0.56306400
v -0.07148400 1.10048900 0.56306400
v -0.12692400 1.10783100 0.47549100
v -0.12692400 1.10783100 0.47549100
v -0.12692400 1.04363900 0.47549100
v -0.12692400 1.04363900 0.47549100
v 0.12692500 1.10783100 0.47549100
v 0.12692500 1.10783100 0.47549100
v -0.12692400 1.10783100 0.64257600
v -0.12692400 1.10783100 0.64257600
v -0.12692400 1.10783100 0.64257600
v 0.12692500 1.04363900 0.47549100
v 0.12692500 1.04363900 0.47549100
v 0.12692500 1.10783100 0.64257600
v 0.12692500 1.10783100 0.64257600
v 0.12692500 1.10783100 0.64257600
v -0.12692400 1.04363900 0.60599300
v -0.12692400 1.04363900 0.60599300
v -0.12692400 1.04363900 0.60599300
v -0.12692400 1.08022100 0.64257600
v -0.12692400 1.08022100 0.64257600
v -0.12692400 1.08022100 0.64257600
v 0.12692500 1.08022100 0.64257600
v 0.12692500 1.08022100 0.64257600
v 0.12692500 1.08022100 0.64257600
v 0.12692500 1.04363900 0.60599300
v 0.12692500 1.04363900 0.60599300
v 0.12692500 1.04363900 0.60599300
v -0.09814000 1.32645800 0.52393700
v -0.09814000 1.30408600 0.55211900
v -0.09814000 1.30408600 0.55211900
v -0.09814000 1.30408600 0.52393700
v 0.09814100 1.32645800 0.52393700
v -0.09814000 1.32645800 0.55211900
v -0.09814000 1.32645800 0.55211900
v 0.09814100 1.30408600 0.52393700
v 0.09814100 1.32645800 0.55211900
v 0.09814100 1.32645800 0.55211900
v 0.09814100 1.30408600 0.55211900
v 0.09814100 1.30408600 0.55211900
v 0.08201900 1.31476400 0.54194800
v 0.08201900 1.31476400 0.54194800
v -0.08201900 1.31476400 0.54194800
v -0.08201900 1.31476400 0.54194800
v 0.31798100 1.10150000 0.34194800
v 0.31798100 1.39923300 0.34194800
v 0.48201900 1.39923300 0.34194800
v 0.48201900 1.10150000 0.34194800
v 0.27307600 1.43624500 0.30616700
v 0.27307600 1.43624500 0.30616700
v 0.27307600 1.39721000 0.42487000
v 0.27307600 1.39721000 0.42487000
v 0.27307600 1.39721000 0.42487000
v 0.27307600 1.39721000 0.30616700
v 0.27307600 1.39721000 0.30616700
v 0.52692500 1.43624500 0.30616700
v 0.52692500 1.43624500 0.30616700
v 0.27307600 1.43624500 0.42487000
v 0.27307600 1.43624500 0.42487000
v 0.27307600 1.43624500 0.42487000
v 0.52692500 1.39721000 0.30616700
v 0.52692500 1.39721000 0.30616700
v 0.52692500 1.43624500 0.42487000
v 0.52692500 1.43624500 0.42487000
v 0.52692500 1.43624500 0.42487000
v 0.52692500 1.39721000 0.42487000
v 0.52692500 1.39721000 0.42487000
v 0.52692500 1.39721000 0.42487000
v 0.47148400 1.41917400 0.31597000
v 0.47148400 1.10048900 0.36306400
v 0.47148400 1.10048900 0.36306400
v 0.47148400 1.10048900 0.31597000
v 0.47148400 1.41917400 0.36306400
v 0.47148400 1.41917400 0.36306400
v 0.50646600 1.41917400 0.36306400
v 0.50646600 1.10048900 0.36306400
v 0.29353300 1.10048900 0.36306400
v 0.32851600 1.41917400 0.31597000
v 0.29353300 1.41917400 0.36306400
v 0.32851600 1.10048900 0.31597000
v 0.32851600 1.41917400 0.36306400
v 0.32851600 1.41917400 0.36306400
v 0.32851600 1.10048900 0.36306400
v 0.32851600 1.10048900 0.36306400
v 0.27307600 1.10783100 0.27549100
v 0.27307600 1.10783100 0.27549100
v 0.27307600 1.04363900 0.27549100
v 0.27307600 1.04363900 0.27549100
v 0.52692500 1.10783100 0.27549100
v 0.52692500 1.10783100 0.27549100
v 0.27307600 1.10783100 0.44257600
v 0.27307600 1.10783100 0.44257600
v 0.27307600 1.10783100 0.44257600
v 0.52692500 1.04363900 0.27549100
v 0.52692500 1.04363900 0.27549100
v 0.52692500 1.10783100 0.44257600
v 0.52692500 1.10783100 0.44257600
v 0.52692500 1.10783100 0.44257600
v 0.27307600 1.04363900 0.40599300
v 0.27307600 1.04363900 0.40599300
v 0.27307600 1.04363900 0.40599300
v 0.27307600 1.08022100 0.44257600
v 0.27307600 1.08022100 0.44257600
v 0.27307600 1.08022100 0.44257600
v 0.52692500 1.08022100 0.44257600
v 0.52692500 1.08022100 0.44257600
v 0.52692500 1.08022100 0.44257600
v 0.52692500 1.04363900 0.40599300
v 0.52692500 1.04363900 0.40599300
v 0.52692500 1.04363900 0.40599300
v 0.30186000 1.32645800 0.32393700
v 0.30186000 1.30408600 0.35211900
v 0.30186000 1.30408600 0.35211900
v 0.30186000 1.30408600 0.32393700
v 0.49814100 1.32645800 0.32393700
v 0.30186000 1.32645800 0.35211900
v 0.30186000 1.32645800 0.35211900
v 0.49814100 1.30408600 0.32393700
v 0.49814100 1.32645800 0.35211900
v 0.49814100 1.32645800 0.35211900
v 0.49814100 1.30408600 0.35211900
v 0.49814100 1.30408600 0.35211900
v 0.48201900 1.31476400 0.34194800
v 0.48201900 1.31476400 0.34194800
v 0.31798100 1.31476400 0.34194800
v 0.31798100 1.31476400 0.34194800
v -0.88201900 0.30150000 0.54194800
v -0.88201900 0.59923300 0.54194800
v -0.71798100 0.59923300 0.54194800
v -0.71798100 0.30150000 0.54194800
v -0.92692400 0.63624500 0.50616700
v -0.92692400 0.63624500 0.50616700
v -0.92692400 0.59721000 0.62487000
v -0.92692400 0.59721000 0.62487000
v -0.92692400 0.59721000 0.62487000
v -0.92692400 0.59721000 0.50616700
v -0.92692400 0.59721000 0.50616700
v -0.67307500 0.63624500 0.50616700
v -0.67307500 0.63624500 0.50616700
v -0.92692400 0.63624500 0.62487000
v -0.92692400 0.63624500 0.62487000
v -0.92692400 0.63624500 0.62487000
v -0.67307500 0.59721000 0.50616700
v -0.67307500 0.59721000 0.50616700
v -0.67307500 0.63624500 0.62487000
v -0.67307500 0.63624500 0.62487000
v -0.67307500 0.63624500 0.62487000
v -0.67307500 0.59721000 0.62487000
v -0.67307500 0.59721000 0.62487000
v -0.67307500 0.59721000 0.62487000
v -0.72851600 0.61917400 0.51597000
v -0.72851600 0.30048900 0.56306400
v -0.72851600 0.30048900 0.56306400
v -0.72851600 0.30048900 0.51597000
v -0.72851600 0.61917400 0.56306400
v -0.72851600 0.61917400 0.56306400
v -0.69353400 0.61917400 0.56306400
v -0.69353400 0.30048900 0.56306400
v -0.90646700 0.30048900 0.56306400
v -0.87148400 0.61917400 0.51597000
v -0.90646700 0.61917400 0.56306400
v -0.87148400 0.30048900 0.51597000
v -0.87148400 0.61917400 0.56306400
v -0.87148400 0.61917400 0.56306400
v -0.87148400 0.30048900 0.56306400
v -0.87148400 0.30048900 0.56306400
v -0.92692400 0.30783100 0.47549100
v -0.92692400 0.30783100 0.47549100
v -0.92692400 0.24363900 0.47549100
v -0.92692400 0.24363900 0.47549100
v -0.67307500 0.30783100 0.47549100
v -0.67307500 0.30783100 0.47549100
v -0.92692400 0.30783100 0.64257600
v -0.92692400 0.30783100 0.64257600
v -0.92692400 0.30783100 0.64257600
v -0.67307500 0.24363900 0.47549100
v -0.67307500 0.24363900 0.47549100
v -0.67307500 0.30783100 0.64257600
v -0.67307500 0.30783100 0.64257600
v -0.67307500 0.30783100 0.64257600
v -0.92692400 0.24363900 0.60599300
v -0.92692400 0.24363900 0.60599300
v -0.92692400 0.24363900 0.60599300
v -0.92692400 0.28022100 0.64257600
v -0.92692400 0.28022100 0.64257600
v -0.92692400 0.28022100 0.64257600
v -0.67307500 0.28022100 0.64257600
v -0.67307500 0.28022100 0.64257600
v -0.67307500 0.28022100 0.64257600
v -0.67307500 0.24363900 0.60599300
v -0.67307500 0.24363900 0.60599300
v -0.67307500 0.24363900 0.60599300
v -0.89814000 0.43962800 0.52393700
v -0.89814000 0.41725600 0.55211900
v -0.89814000 0.41725600 0.55211900
v -0.89814000 0.41725600 0.52393700
v -0.70185900 0.43962800 0.52393700
v -0.89814000 0.43962800 0.55211900
v -0.89814000 0.43962800 0.55211900
v -0.70185900 0.41725600 0.52393700
v -0.70185900 0.43962800 0.55211900
v -0.70185900 0.43962800 0.55211900
v -0.70185900 0.41725600 0.55211900
v -0.70185900 0.41725600 0.55211900
v -0.71798100 0.42793400 0.54194800
v -0.71798100 0.42793400 0.54194800
v -0.88201900 0.42793400 0.54194800
v -0.88201900 0.42793400 0.54194800
v -0.08201900 0.30150000 0.54194800
v -0.08201900 0.59923300 0.54194800
v 0.08201900 0.59923300 0.54194800
v 0.08201900 0.30150000 0.54194800
v -0.12692400 0.63624500 0.50616700
v -0.12692400 0.63624500 0.50616700
v -0.12692400 0.59721000 0.62487000
v -0.12692400 0.59721000 0.62487000
v -0.12692400 0.59721000 0.62487000
v -0.12692400 0.59721000 0.50616700
v -0.12692400 0.59721000 0.50616700
v 0.12692500 0.63624500 0.50616700
v 0.12692500 0.63624500 0.50616700
v -0.12692400 0.63624500 0.62487000
v -0.12692400 0.63624500 0.62487000
v -0.12692400 0.63624500 0.62487000
v 0.12692500 0.59721000 0.50616700
v 0.12692500 0.59721000 0.50616700
v 0.12692500 0.63624500 0.62487000
v 0.12692500 0.63624500 0.62487000
v 0.12692500 0.63624500 0.62487000
v 0.12692500 0.59721000 0.62487000
v 0.12692500 0.59721000 0.62487000
v 0.12692500 0.59721000 0.62487000
v 0.07148400 0.61917400 0.51597000
v 0.07148400 0.30048900 0.56306400
v 0.07148400 0.30048900 0.56306400
v 0.07148400 0.30048900 0.51597000
v 0.07148400 0.61917400 0.56306400
v 0.07148400 0.61917400 0.56306400
v 0.10646600 0.61917400 0.56306400
v 0.10646600 0.30048900 0.56306400
v -0.10646700 0.30048900 0.56306400
v -0.07148400 0.61917400 0.51597000
v -0.10646700 0.61917400 0.56306400
v -0.07148400 0.30048900 0.51597000
v -0.07148400 0.61917400 0.56306400
v -0.07148400 0.61917400 0.56306400
v -0.07148400 0.30048900 0.56306400
v -0.07148400 0.30048900 0.56306400
v -0.12692400 0.30783100 0.47549100
v -0.12692400 0.30783100 0.47549100
v -0.12692400 0.24363900 0.47549100
v -0.12692400 0.24363900 0.47549100
v 0.12692500 0.30783100 0.47549100
v 0.12692500 0.30783100 0.47549100
v -0.12692400 0.30783100 0.64257600
v -0.12692400 0.30783100 0.64257600
v -0.12692400 0.30783100 0.64257600
v 0.12692500 0.24363900 0.47549100
v 0.12692500 0.24363900 0.47549100
v 0.12692500 0.30783100 0.64257600
v 0.12692500 0.30783100 0.64257600
v 0.12692500 0.30783100 0.64257600
v -0.12692400 0.24363900 0.60599300
v -0.12692400 0.24363900 0.60599300
v -0.12692400 0.24363900 0.60599300
v -0.12692400 0.28022100 0.64257600
v -0.12692400 0.28022100 0.64257600
v -0.12692400 0.28022100 0.64257600
v 0.12692500 0.28022100 0.64257600
v 0.12692500 0.28022100 0.64257600
v 0.12692500 0.28022100 0.64257600
v 0.12692500 0.24363900 0.60599300
v 0.12692500 0.24363900 0.60599300
v 0.12692500 0.24363900 0.60599300
v -0.09814000 0.52645800 0.52393700
v -0.09814000 0.50408600 0.55211900
v -0.09814000 0.50408600 0.55211900
v -0.09814000 0.50408600 0.52393700
v 0.09814100 0.52645800 0.52393700
v -0.09814000 0.52645800 0.55211900
v -0.09814000 0.52645800 0.55211900
v 0.09814100 0.50408600 0.52393700
v 0.09814100 0.52645800 0.55211900
v 0.09814100 0.52645800 0.55211900
v 0.09814100 0.50408600 0.55211900
v 0.09814100 0.50408600 0.55211900
v 0.08201900 0.51476400 0.54194800
v 0.08201900 0.51476400 0.54194800
v -0.08201900 0.51476400 0.54194800
v -0.08201900 0.51476400 0.54194800
v 0.31798100 0.30150000 0.34194800
v 0.31798100 0.59923300 0.34194800
v 0.48201900 0.59923300 0.34194800
v 0.48201900 0.30150000 0.34194800
v 0.27307600 0.63624500 0.30616700
v 0.27307600 0.63624500 0.30616700
v 0.27307600 0.59721000 0.42487000
v 0.27307600 0.59721000 0.42487000
v 0.27307600 0.59721000 0.42487000
v 0.27307600 0.59721000 0.30616700
v 0.27307600 0.59721000 0.30616700
v 0.52692500 0.63624500 0.30616700
v 0.52692500 0.63624500 0.30616700
v 0.27307600 0.63624500 0.42487000
v 0.27307600 0.63624500 0.42487000
v 0.27307600 0.63624500 0.42487000
v 0.52692500 0.59721000 0.30616700
v 0.52692500 0.59721000 0.30616700
v 0.52692500 0.63624500 0.42487000
v 0.52692500 0.63624500 0.42487000
v 0.52692500 0.63624500 0.42487000
v 0.52692500 0.59721000 0.42487000
v 0.52692500 0.59721000 0.42487000
v 0.52692500 0.59721000 0.42487000
v 0.47148400 0.61917400 0.31597000
v 0.47148400 0.30048900 0.36306400
v 0.47148400 0.30048900 0.36306400
v 0.47148400 0.30048900 0.31597000
v 0.47148400 0.61917400 0.36306400
v 0.47148400 0.61917400 0.36306400
v 0.50646600 0.61917400 0.36306400
v 0.50646600 0.30048900 0.36306400
v 0.29353300 0.30048900 0.36306400
v 0.32851600 0.61917400 0.31597000
v 0.29353300 0.61917400 0.36306400
v 0.32851600 0.30048900 0.31597000
v 0.32851600 0.61917400 0.36306400
v 0.32851600 0.61917400 0.36306400
v 0.32851600 0.30048900 0.36306400
v 0.32851600 0.30048900 0.36306400
v 0.27307600 0.30783100 0.27549100
v 0.27307600 0.30783100 0.27549100
v 0.27307600 0.24363900 0.27549100
v 0.27307600 0.24363900 0.27549100
v 0.52692500 0.30783100 0.27549100
v 0.52692500 0.30783100 0.27549100
v 0.27307600 0.30783100 0.44257600
v 0.27307600 0.30783100 0.44257600
v 0.27307600 0.30783100 0.44257600
v 0.52692500 0.24363900 0.27549100
v 0.52692500 0.24363900 0.27549100
v 0.52692500 0.30783100 0.44257600
v 0.52692500 0.30783100 0.44257600
v 0.52692500 0.30783100 0.44257600
v 0.27307600 0.24363900 0.40599300
v 0.27307600 0.24363900 0.40599300
v 0.27307600 0.24363900 0.40599300
v 0.27307600 0.28022100 0.44257600
v 0.27307600 0.28022100 0.44257600
v 0.27307600 0.28022100 0.44257600
v 0.52692500 0.28022100 0.44257600
v 0.52692500 0.28022100 0.44257600
v 0.52692500 0.28022100 0.44257600
v 0.52692500 0.24363900 0.40599300
v 0.52692500 0.24363900 0.40599300
v 0.52692500 0.24363900 0.40599300
v 0.30186000 0.43962800 0.32393700
v 0.30186000 0.41725600 0.35211900
v 0.30186000 0.41725600 0.35211900
v 0.30186000 0.41725600 0.32393700
v 0.49814100 0.43962800 0.32393700
v 0.30186000 0.43962800 0.35211900
v 0.30186000 0.43962800 0.35211900
v 0.49814100 0.41725600 0.32393700
v 0.49814100 0.43962800 0.35211900
v 0.49814100 0.43962800 0.35211900
v 0.49814100 0.41725600 0.35211900
v 0.49814100 0.41725600 0.35211900
v 0.48201900 0.42793400 0.34194800
v 0.48201900 0.42793400 0.34194800
v 0.31798100 0.42793400 0.34194800
v 0.31798100 0.42793400 0.34194800
v -0.88201900 1.80150000 0.54194800
v -0.88201900 2.09923300 0.54194800
v -0.71798100 2.09923300 0.54194800
v -0.71798100 1.80150000 0.54194800
v -0.92692400 2.13624500 0.50616700
v -0.92692400 2.13624500 0.50616700
v -0.92692400 2.09721000 0.62487000
v -0.92692400 2.09721000 0.62487000
v -0.92692400 2.09721000 0.62487000
v -0.92692400 2.09721000 0.50616700
v -0.92692400 2.09721000 0.50616700
v -0.67307500 2.13624500 0.50616700
v -0.67307500 2.13624500 0.50616700
v -0.92692400 2.13624500 0.62487000
v -0.92692400 2.13624500 0.62487000
v -0.92692400 2.13624500 0.62487000
v -0.67307500 2.09721000 0.50616700
v -0.67307500 2.09721000 0.50616700
v -0.67307500 2.13624500 0.62487000
v -0.67307500 2.13624500 0.62487000
v -0.67307500 2.13624500 0.62487000
v -0.67307500 2.09721000 0.62487000
v -0.67307500 2.09721000 0.62487000
v -0.67307500 2.09721000 0.62487000
v -0.72851600 2.11917400 0.51597000
v -0.72851600 1.80048900 0.56306400
v -0.72851600 1.80048900 0.56306400
v -0.72851600 1.80048900 0.51597000
v -0.72851600 2.11917400 0.56306400
v -0.72851600 2.11917400 0.56306400
v -0.69353400 2.11917400 0.56306400
v -0.69353400 1.80048900 0.56306400
v -0.90646700 1.80048900 0.56306400
v -0.87148400 2.11917400 0.51597000
v -0.90646700 2.11917400 0.56306400
v -0.87148400 1.80048900 0.51597000
v -0.87148400 2.11917400 0.56306400
v -0.87148400 2.11917400 0.56306400
v -0.87148400 1.80048900 0.56306400
v -0.87148400 1.80048900 0.56306400
v -0.92692400 1.80783100 0.47549100
v -0.92692400 1.80783100 0.47549100
v -0.92692400 1.74363900 0.47549100
v -0.92692400 1.74363900 0.47549100
v -0.67307500 1.80783100 0.47549100
v -0.67307500 1.80783100 0.47549100
v -0.92692400 1.80783100 0.64257600
v -0.92692400 1.80783100 0.64257600
v -0.92692400 1.80783100 0.64257600
v -0.67307500 1.74363900 0.47549100
v -0.67307500 1.74363900 0.47549100
v -0.67307500 1.80783100 0.64257600
v -0.67307500 1.80783100 0.64257600
v -0.67307500 1.80783100 0.64257600
v -0.92692400 1.74363900 0.60599300
v -0.92692400 1.74363900 0.60599300
v -0.92692400 1.74363900 0.60599300
v -0.92692400 1.78022100 0.64257600
v -0.92692400 1.78022100 0.64257600
v -0.92692400 1.78022100 0.64257600
v -0.67307500 1.78022100 0.64257600
v -0.67307500 1.78022100 0.64257600
v -0.67307500 1.78022100 0.64257600
v -0.67307500 1.74363900 0.60599300
v -0.67307500 1.74363900 0.60599300
v -0.67307500 1.74363900 0.60599300
v -0.89814000 2.05159300 0.52393700
v -0.89814000 2.02922100 0.55211900
v -0.89814000 2.02922100 0.55211900
v -0.89814000 2.02922100 0.52393700
v -0.70185900 2.05159300 0.52393700
v -0.89814000 2.05159300 0.55211900
v -0.89814000 2.05159300 0.55211900
v -0.70185900 2.02922100 0.52393700
v -0.70185900 2.05159300 0.55211900
v -0.70185900 2.05159300 0.55211900
v -0.70185900 2.02922100 0.55211900
v -0.70185900 2.02922100 0.55211900
v -0.71798100 2.03989900 0.54194800
v -0.71798100 2.03989900 0.54194800
v -0.88201900 2.03989900 0.54194800
v -0.88201900 2.03989900 0.54194800
v -0.48201900 1.80150000 0.54194800
v -0.48201900 2.09923300 0.54194800
v -0.31798100 2.09923300 0.54194800
v -0.31798100 1.80150000 0.54194800
v -0.52692400 2.13624500 0.50616700
v -0.52692400 2.13624500 0.50616700
v -0.52692400 2.09721000 0.62487000
v -0.52692400 2.09721000 0.62487000
v -0.52692400 2.09721000 0.62487000
v -0.52692400 2.09721000 0.50616700
v -0.52692400 2.09721000 0.50616700
v -0.27307500 2.13624500 0.50616700
v -0.27307500 2.13624500 0.50616700
v -0.52692400 2.13624500 0.62487000
v -0.52692400 2.13624500 0.62487000
v -0.52692400 2.13624500 0.62487000
v -0.27307500 2.09721000 0.50616700
v -0.27307500 2.09721000 0.50616700
v -0.27307500 2.13624500 0.62487000
v -0.27307500 2.13624500 0.62487000
v -0.27307500 2.13624500 0.62487000
v -0.27307500 2.09721000 0.62487000
v -0.27307500 2.09721000 0.62487000
v -0.27307500 2.09721000 0.62487000
v -0.32851600 2.11917400 0.51597000
v -0.32851600 1.80048900 0.56306400
v -0.32851600 1.80048900 0.56306400
v -0.32851600 1.80048900 0.51597000
v -0.32851600 2.11917400 0.56306400
v -0.32851600 2.11917400 0.56306400
v -0.29353400 2.11917400 0.56306400
v -0.29353400 1.80048900 0.56306400
v -0.50646700 1.80048900 0.56306400
v -0.47148400 2.11917400 0.51597000
v -0.50646700 2.11917400 0.56306400
v -0.47148400 1.80048900 0.51597000
v -0.47148400 2.11917400 0.56306400
v -0.47148400 2.11917400 0.56306400
v -0.47148400 1.80048900 0.56306400
v -0.47148400 1.80048900 0.56306400
v -0.52692400 1.80783100 0.47549100
v -0.52692400 1.80783100 0.47549100
v -0.52692400 1.74363900 0.47549100
v -0.52692400 1.74363900 0.47549100
v -0.27307500 1.80783100 0.47549100
v -0.27307500 1.80783100 0.47549100
v -0.52692400 1.80783100 0.64257600
v -0.52692400 1.80783100 0.64257600
v -0.52692400 1.80783100 0.64257600
v -0.27307500 1.74363900 0.47549100
v -0.27307500 1.74363900 0.47549100
v -0.27307500 1.80783100 0.64257600
v -0.27307500 1.80783100 0.64257600
v -0.27307500 1.80783100 0.64257600
v -0.52692400 1.74363900 0.60599300
v -0.52692400 1.74363900 0.60599300
v -0.52692400 1.74363900 0.60599300
v -0.52692400 1.78022100 0.64257600
v -0.52692400 1.78022100 0.64257600
v -0.52692400 1.78022100 0.64257600
v -0.27307500 1.78022100 0.64257600
v -0.27307500 1.78022100 0.64257600
v -0.27307500 1.78022100 0.64257600
v -0.27307500 1.74363900 0.60599300
v -0.27307500 1.74363900 0.60599300
v -0.27307500 1.74363900 0.60599300
v -0.49814000 1.93962800 0.52393700
v -0.49814000 1.91725600 0.55211900
v -0.49814000 1.91725600 0.55211900
v -0.49814000 1.91725600 0.52393700
v -0.30185900 1.93962800 0.52393700
v -0.49814000 1.93962800 0.55211900
v -0.49814000 1.93962800 0.55211900
v -0.30185900 1.91725600 0.52393700
v -0.30185900 1.93962800 0.55211900
v -0.30185900 1.93962800 0.55211900
v -0.30185900 1.91725600 0.55211900
v -0.30185900 1.91725600 0.55211900
v -0.31798100 1.92793400 0.54194800
v -0.31798100 1.92793400 0.54194800
v -0.48201900 1.92793400 0.54194800
v -0.48201900 1.92793400 0.54194800
v -0.08201900 1.80150000 0.54194800
v -0.08201900 2.09923300 0.54194800
v 0.08201900 2.09923300 0.54194800
v 0.08201900 1.80150000 0.54194800
v -0.12692400 2.13624500 0.50616700
v -0.12692400 2.13624500 0.50616700
v -0.12692400 2.09721000 0.62487000
v -0.12692400 2.09721000 0.62487000
v -0.12692400 2.09721000 0.62487000
v -0.12692400 2.09721000 0.50616700
v -0.12692400 2.09721000 0.50616700
v 0.12692500 2.13624500 0.50616700
v 0.12692500 2.13624500 0.50616700
v -0.12692400 2.13624500 0.62487000
v -0.12692400 2.13624500 0.62487000
v -0.12692400 2.13624500 0.62487000
v 0.12692500 2.09721000 0.50616700
v 0.12692500 2.09721000 0.50616700
v 0.12692500 2.13624500 0.62487000
v 0.12692500 2.13624500 0.62487000
v 0.12692500 2.13624500 0.62487000
v 0.12692500 2.09721000 0.62487000
v 0.12692500 2.09721000 0.62487000
v 0.12692500 2.09721000 0.62487000
v 0.07148400 2.11917400 0.51597000
v 0.07148400 1.80048900 0.56306400
v 0.07148400 1.80048900 0.56306400
v 0.07148400 1.80048900 0.51597000
v 0.07148400 2.11917400 0.56306400
v 0.07148400 2.11917400 0.56306400
v 0.10646600 2.11917400 0.56306400
v 0.10646600 1.80048900 0.56306400
v -0.10646700 1.80048900 0.56306400
v -0.07148400 2.11917400 0.51597000
v -0.10646700 2.11917400 0.56306400
v -0.07148400 1.80048900 0.51597000
v -0.07148400 2.11917400 0.56306400
v -0.07148400 2.11917400 0.56306400
v -0.07148400 1.80048900 0.56306400
v -0.07148400 1.80048900 0.56306400
v -0.12692400 1.80783100 0.47549100
v -0.12692400 1.80783100 0.47549100
v -0.12692400 1.74363900 0.47549100
v -0.12692400 1.74363900 0.47549100
v 0.12692500 1.80783100 0.47549100
v 0.12692500 1.80783100 0.47549100
v -0.12692400 1.80783100 0.64257600
v -0.12692400 1.80783100 0.64257600
v -0.12692400 1.80783100 0.64257600
v 0.12692500 1.74363900 0.47549100
v 0.12692500 1.74363900 0.47549100
v 0.12692500 1.80783100 0.64257600
v 0.12692500 1.80783100 0.64257600
v 0.12692500 1.80783100 0.64257600
v -0.12692400 1.74363900 0.60599300
v -0.12692400 1.74363900 0.60599300
v -0.12692400 1.74363900 0.60599300
v -0.12692400 1.78022100 0.64257600
v -0.12692400 1.78022100 0.64257600
v -0.12692400 1.78022100 0.64257600
v 0.12692500 1.78022100 0.64257600
v 0.12692500 1.78022100 0.64257600
v 0.12692500 1.78022100 0.64257600
v 0.12692500 1.74363900 0.60599300
v 0.12692500 1.74363900 0.60599300
v 0.12692500 1.74363900 0.60599300
v -0.09814000 2.02645800 0.52393700
v -0.09814000 2.00408600 0.55211900
v -0.09814000 2.00408600 0.55211900
v -0.09814000 2.00408600 0.52393700
v 0.09814100 2.02645800 0.52393700
v -0.09814000 2.02645800 0.55211900
v -0.09814000 2.02645800 0.55211900
v 0.09814100 2.00408600 0.52393700
v 0.09814100 2.02645800 0.55211900
v 0.09814100 2.02645800 0.55211900
v 0.09814100 2.00408600 0.55211900
v 0.09814100 2.00408600 0.55211900
v 0.08201900 2.01476400 0.54194800
v 0.08201900 2.01476400 0.54194800
v -0.08201900 2.01476400 0.54194800
v -0.08201900 2.01476400 0.54194800
v 0.31798100 1.80150000 0.34194800
v 0.31798100 2.09923300 0.34194800
v 0.48201900 2.09923300 0.34194800
v 0.48201900 1.80150000 0.34194800
v 0.27307600 2.13624500 0.30616700
v 0.27307600 2.13624500 0.30616700
v 0.27307600 2.09721000 0.42487000
v 0.27307600 2.09721000 0.42487000
v 0.27307600 2.09721000 0.42487000
v 0.27307600 2.09721000 0.30616700
v 0.27307600 2.09721000 0.30616700
v 0.52692500 2.13624500 0.30616700
v 0.52692500 2.13624500 0.30616700
v 0.27307600 2.13624500 0.42487000
v 0.27307600 2.13624500 0.42487000
v 0.27307600 2.13624500 0.42487000
v 0.52692500 2.09721000 0.30616700
v 0.52692500 2.09721000 0.30616700
v 0.52692500 2.13624500 0.42487000
v 0.52692500 2.13624500 0.42487000
v 0.52692500 2.13624500 0.42487000
v 0.52692500 2.09721000 0.42487000
v 0.52692500 2.09721000 0.42487000
v 0.52692500 2.09721000 0.42487000
v 0.47148400 2.11917400 0.31597000
v 0.47148400 1.80048900 0.36306400
v 0.47148400 1.80048900 0.36306400
v 0.47148400 1.80048900 0.31597000
v 0.47148400 2.11917400 0.36306400
v 0.47148400 2.11917400 0.36306400
v 0.50646600 2.11917400 0.36306400
v 0.50646600 1.80048900 0.36306400
v 0.29353300 1.80048900 0.36306400
v 0.32851600 2.11917400 0.31597000
v 0.29353300 2.11917400 0.36306400
v 0.32851600 1.80048900 0.31597000
v 0.32851600 2.11917400 0.36306400
v 0.32851600 2.11917400 0.36306400
v 0.32851600 1.80048900 0.36306400
v 0.32851600 1.80048900 0.36306400
v 0.27307600 1.80783100 0.27549100
v 0.27307600 1.80783100 0.27549100
v 0.27307600 1.74363900 0.27549100
v 0.27307600 1.74363900 0.27549100
v 0.52692500 1.80783100 0.27549100
v 0.52692500 1.80783100 0.27549100
v 0.27307600 1.80783100 0.44257600
v 0.27307600 1.80783100 0.44257600
v 0.27307600 1.80783100 0.44257600
v 0.52692500 1.74363900 0.27549100
v 0.52692500 1.74363900 0.27549100
v 0.52692500 1.80783100 0.44257600
v 0.52692500 1.80783100 0.44257600
v 0.52692500 1.80783100 0.44257600
v 0.27307600 1.74363900 0.40599300
v 0.27307600 1.74363900 0.40599300
v 0.27307600 1.74363900 0.40599300
v 0.27307600 1.78022100 0.44257600
v 0.27307600 1.78022100 0.44257600
v 0.27307600 1.78022100 0.44257600
v 0.52692500 1.78022100 0.44257600
v 0.52692500 1.78022100 0.44257600
v 0.52692500 1.78022100 0.44257600
v 0.52692500 1.74363900 0.40599300
v 0.52692500 1.74363900 0.40599300
v 0.52692500 1.74363900 0.40599300
v 0.30186000 2.02645800 0.32393700
v 0.30186000 2.00408600 0.35211900
v 0.30186000 2.00408600 0.35211900
v 0.30186000 2.00408600 0.32393700
v 0.49814100 2.02645800 0.32393700
v 0.30186000 2.02645800 0.35211900
v 0.30186000 2.02645800 0.35211900
v 0.49814100 2.00408600 0.32393700
v 0.49814100 2.02645800 0.35211900
v 0.49814100 2.02645800 0.35211900
v 0.49814100 2.00408600 0.35211900
v 0.49814100 2.00408600 0.35211900
v 0.48201900 2.01476400 0.34194800
v 0.48201900 2.01476400 0.34194800
v 0.31798100 2.01476400 0.34194800
v 0.31798100 2.01476400 0.34194800
v 0.71798100 1.10150000 0.34194800
v 0.71798100 1.39923300 0.34194800
v 0.88201900 1.39923300 0.34194800
v 0.88201900 1.10150000 0.34194800
v 0.67307600 1.43624500 0.30616700
v 0.67307600 1.43624500 0.30616700
v 0.67307600 1.39721000 0.42487000
v 0.67307600 1.39721000 0.42487000
v 0.67307600 1.39721000 0.42487000
v 0.67307600 1.39721000 0.30616700
v 0.67307600 1.39721000 0.30616700
v 0.92692500 1.43624500 0.30616700
v 0.92692500 1.43624500 0.30616700
v 0.67307600 1.43624500 0.42487000
v 0.67307600 1.43624500 0.42487000
v 0.67307600 1.43624500 0.42487000
v 0.92692500 1.39721000 0.30616700
v 0.92692500 1.39721000 0.30616700
v 0.92692500 1.43624500 0.42487000
v 0.92692500 1.43624500 0.42487000
v 0.92692500 1.43624500 0.42487000
v 0.92692500 1.39721000 0.42487000
v 0.92692500 1.39721000 0.42487000
v 0.92692500 1.39721000 0.42487000
v 0.87148400 1.41917400 0.31597000
v 0.87148400 1.10048900 0.36306400
v 0.87148400 1.10048900 0.36306400
v 0.87148400 1.10048900 0.31597000
v 0.87148400 1.41917400 0.36306400
v 0.87148400 1.41917400 0.36306400
v 0.90646600 1.41917400 0.36306400
v 0.90646600 1.10048900 0.36306400
v 0.69353300 1.10048900 0.36306400
v 0.72851600 1.41917400 0.31597000
v 0.69353300 1.41917400 0.36306400
v 0.72851600 1.10048900 0.31597000
v 0.72851600 1.41917400 0.36306400
v 0.72851600 1.41917400 0.36306400
v 0.72851600 1.10048900 0.36306400
v 0.72851600 1.10048900 0.36306400
v 0.67307600 1.10783100 0.27549100
v 0.67307600 1.10783100 0.27549100
v 0.67307600 1.04363900 0.27549100
v 0.67307600 1.04363900 0.27549100
v 0.92692500 1.10783100 0.27549100
v 0.92692500 1.10783100 0.27549100
v 0.67307600 1.10783100 0.44257600
v 0.67307600 1.10783100 0.44257600
v 0.67307600 1.10783100 0.44257600
v 0.92692500 1.04363900 0.27549100
v 0.92692500 1.04363900 0.27549100
v 0.92692500 1.10783100 0.44257600
v 0.92692500 1.10783100 0.44257600
v 0.92692500 1.10783100 0.44257600
v 0.67307600 1.04363900 0.40599300
v 0.67307600 1.04363900 0.40599300
v 0.67307600 1.04363900 0.40599300
v 0.67307600 1.08022100 0.44257600
v 0.67307600 1.08022100 0.44257600
v 0.67307600 1.08022100 0.44257600
v 0.92692500 1.08022100 0.44257600
v 0.92692500 1.08022100 0.44257600
v 0.92692500 1.08022100 0.44257600
v 0.92692500 1.04363900 0.40599300
v 0.92692500 1.04363900 0.40599300
v 0.92692500 1.04363900 0.40599300
v 0.70186000 1.23962800 0.32393700
v 0.70186000 1.21725600 0.35211900
v 0.70186000 1.21725600 0.35211900
v 0.70186000 1.21725600 0.32393700
v 0.89814100 1.23962800 0.32393700
v 0.70186000 1.23962800 0.35211900
v 0.70186000 1.23962800 0.35211900
v 0.89814100 1.21725600 0.32393700
v 0.89814100 1.23962800 0.35211900
v 0.89814100 1.23962800 0.35211900
v 0.89814100 1.21725600 0.35211900
v 0.89814100 1.21725600 0.35211900
v 0.88201900 1.22793400 0.34194800
v 0.88201900 1.22793400 0.34194800
v 0.71798100 1.22793400 0.34194800
v 0.71798100 1.22793400 0.34194800
v 0.71798100 0.30150000 0.34194800
v 0.71798100 0.59923300 0.34194800
v 0.88201900 0.59923300 0.34194800
v 0.88201900 0.30150000 0.34194800
v 0.67307600 0.63624500 0.30616700
v 0.67307600 0.63624500 0.30616700
v 0.67307600 0.59721000 0.42487000
v 0.67307600 0.59721000 0.42487000
v 0.67307600 0.59721000 0.42487000
v 0.67307600 0.59721000 0.30616700
v 0.67307600 0.59721000 0.30616700
v 0.92692500 0.63624500 0.30616700
v 0.92692500 0.63624500 0.30616700
v 0.67307600 0.63624500 0.42487000
v 0.67307600 0.63624500 0.42487000
v 0.67307600 0.63624500 0.42487000
v 0.92692500 0.59721000 0.30616700
v 0.92692500 0.59721000 0.30616700
v 0.92692500 0.63624500 0.42487000
v 0.92692500 0.63624500 0.42487000
v 0.92692500 0.63624500 0.42487000
v 0.92692500 0.59721000 0.42487000
v 0.92692500 0.59721000 0.42487000
v 0.92692500 0.59721000 0.42487000
v 0.87148400 0.61917400 0.31597000
v 0.87148400 0.30048900 0.36306400
v 0.87148400 0.30048900 0.36306400
v 0.87148400 0.30048900 0.31597000
v 0.87148400 0.61917400 0.36306400
v 0.87148400 0.61917400 0.36306400
v 0.90646600 0.61917400 0.36306400
v 0.90646600 0.30048900 0.36306400
v 0.69353300 0.30048900 0.36306400
v 0.72851600 0.61917400 0.31597000
v 0.69353300 0.61917400 0.36306400
v 0.72851600 0.30048900 0.31597000
v 0.72851600 0.61917400 0.36306400
v 0.72851600 0.61917400 0.36306400
v 0.72851600 0.30048900 0.36306400
v 0.72851600 0.30048900 0.36306400
v 0.67307600 0.30783100 0.27549100
v 0.67307600 0.30783100 0.27549100
v 0.67307600 0.24363900 0.27549100
v 0.67307600 0.24363900 0.27549100
v 0.92692500 0.30783100 0.27549100
v 0.92692500 0.30783100 0.27549100
v 0.67307600 0.30783100 0.44257600
v 0.67307600 0.30783100 0.44257600
v 0.67307600 0.30783100 0.44257600
v 0.92692500 0.24363900 0.27549100
v 0.92692500 0.24363900 0.27549100
v 0.92692500 0.30783100 0.44257600
v 0.92692500 0.30783100 0.44257600
v 0.92692500 0.30783100 0.44257600
v 0.67307600 0.24363900 0.40599300
v 0.67307600 0.24363900 0.40599300
v 0.67307600 0.24363900 0.40599300
v 0.67307600 0.28022100 0.44257600
v 0.67307600 0.28022100 0.44257600
v 0.67307600 0.28022100 0.44257600
v 0.92692500 0.28022100 0.44257600
v 0.92692500 0.28022100 0.44257600
v 0.92692500 0.28022100 0.44257600
v 0.92692500 0.24363900 0.40599300
v 0.92692500 0.24363900 0.40599300
v 0.92692500 0.24363900 0.40599300
v 0.70186000 0.52645800 0.32393700
v 0.70186000 0.50408600 0.35211900
v 0.70186000 0.50408600 0.35211900
v 0.70186000 0.50408600 0.32393700
v 0.89814100 0.52645800 0.32393700
v 0.70186000 0.52645800 0.35211900
v 0.70186000 0.52645800 0.35211900
v 0.89814100 0.50408600 0.32393700
v 0.89814100 0.52645800 0.35211900
v 0.89814100 0.52645800 0.35211900
v 0.89814100 0.50408600 0.35211900
v 0.89814100 0.50408600 0.35211900
v 0.88201900 0.51476400 0.34194800
v 0.88201900 0.51476400 0.34194800
v 0.71798100 0.51476400 0.34194800
v 0.71798100 0.51476400 0.34194800
v 0.71798100 1.80150000 0.34194800
v 0.71798100 2.09923300 0.34194800
v 0.88201900 2.09923300 0.34194800
v 0.88201900 1.80150000 0.34194800
v 0.67307600 2.13624500 0.30616700
v 0.67307600 2.13624500 0.30616700
v 0.67307600 2.09721000 0.42487000
v 0.67307600 2.09721000 0.42487000
v 0.67307600 2.09721000 0.42487000
v 0.67307600 2.09721000 0.30616700
v 0.67307600 2.09721000 0.30616700
v 0.92692500 2.13624500 0.30616700
v 0.92692500 2.13624500 0.30616700
v 0.67307600 2.13624500 0.42487000
v 0.67307600 2.13624500 0.42487000
v 0.67307600 2.13624500 0.42487000
v 0.92692500 2.09721000 0.30616700
v 0.92692500 2.09721000 0.30616700
v 0.92692500 2.13624500 0.42487000
v 0.92692500 2.13624500 0.42487000
v 0.92692500 2.13624500 0.42487000
v 0.92692500 2.09721000 0.42487000
v 0.92692500 2.09721000 0.42487000
v 0.92692500 2.09721000 0.42487000
v 0.87148400 2.11917400 0.31597000
v 0.87148400 1.80048900 0.36306400
v 0.87148400 1.80048900 0.36306400
v 0.87148400 1.80048900 0.31597000
v 0.87148400 2.11917400 0.36306400
v 0.87148400 2.11917400 0.36306400
v 0.90646600 2.11917400 0.36306400
v 0.90646600 1.80048900 0.36306400
v 0.69353300 1.80048900 0.36306400
v 0.72851600 2.11917400 0.31597000
v 0.69353300 2.11917400 0.36306400
v 0.72851600 1.80048900 0.31597000
v 0.72851600 2.11917400 0.36306400
v 0.72851600 2.11917400 0.36306400
v 0.72851600 1.80048900 0.36306400
v 0.72851600 1.80048900 0.36306400
v 0.67307600 1.80783100 0.27549100
v 0.67307600 1.80783100 0.27549100
v 0.67307600 1.74363900 0.27549100
v 0.67307600 1.74363900 0.27549100
v 0.92692500 1.80783100 0.27549100
v 0.92692500 1.80783100 0.27549100
v 0.67307600 1.80783100 0.44257600
v 0.67307600 1.80783100 0.44257600
v 0.67307600 1.80783100 0.44257600
v 0.92692500 1.74363900 0.27549100
v 0.92692500 1.74363900 0.27549100
v 0.92692500 1.80783100 0.44257600
v 0.92692500 1.80783100 0.44257600
v 0.92692500 1.80783100 0.44257600
v 0.67307600 1.74363900 0.40599300
v 0.67307600 1.74363900 0.40599300
v 0.67307600 1.74363900 0.40599300
v 0.67307600 1.78022100 0.44257600
v 0.67307600 1.78022100 0.44257600
v 0.67307600 1.78022100 0.44257600
v 0.92692500 1.78022100 0.44257600
v 0.92692500 1.78022100 0.44257600
v 0.92692500 1.78022100 0.44257600
v 0.92692500 1.74363900 0.40599300
v 0.92692500 1.74363900 0.40599300
v 0.92692500 1.74363900 0.40599300
v 0.70186000 2.05159300 0.32393700
v 0.70186000 2.02922100 0.35211900
v 0.70186000 2.02922100 0.35211900
v 0.70186000 2.02922100 0.32393700
v 0.89814100 2.05159300 0.32393700
v 0.70186000 2.05159300 0.35211900
v 0.70186000 2.05159300 0.35211900
v 0.89814100 2.02922100 0.32393700
v 0.89814100 2.05159300 0.35211900
v 0.89814100 2.05159300 0.35211900
v 0.89814100 2.02922100 0.35211900
v 0.89814100 2.02922100 0.35211900
v 0.88201900 2.03989900 0.34194800
v 0.88201900 2.03989900 0.34194800
v 0.71798100 2.03989900 0.34194800
v 0.71798100 2.03989900 0.34194800
v -0.88201900 2.50150000 0.54194800
v -0.88201900 2.79923300 0.54194800
v -0.71798100 2.79923300 0.54194800
v -0.71798100 2.50150000 0.54194800
v -0.92692400 2.83624500 0.50616700
v -0.92692400 2.83624500 0.50616700
v -0.92692400 2.79721000 0.62487000
v -0.92692400 2.79721000 0.62487000
v -0.92692400 2.79721000 0.62487000
v -0.92692400 2.79721000 0.50616700
v -0.92692400 2.79721000 0.50616700
v -0.67307500 2.83624500 0.50616700
v -0.67307500 2.83624500 0.50616700
v -0.92692400 2.83624500 0.62487000
v -0.92692400 2.83624500 0.62487000
v -0.92692400 2.83624500 0.62487000
v -0.67307500 2.79721000 0.50616700
v -0.67307500 2.79721000 0.50616700
v -0.67307500 2.83624500 0.62487000
v -0.67307500 2.83624500 0.62487000
v -0.67307500 2.83624500 0.62487000
v -0.67307500 2.79721000 0.62487000
v -0.67307500 2.79721000 0.62487000
v -0.67307500 2.79721000 0.62487000
v -0.72851600 2.81917500 0.51597000
v -0.72851600 2.50048900 0.56306400
v -0.72851600 2.50048900 0.56306400
v -0.72851600 2.50048900 0.51597000
v -0.72851600 2.81917500 0.56306400
v -0.72851600 2.81917500 0.56306400
v -0.69353400 2.81917500 0.56306400
v -0.69353400 2.50048900 0.56306400
v -0.90646700 2.50048900 0.56306400
v -0.87148400 2.81917500 0.51597000
v -0.90646700 2.81917500 0.56306400
v -0.87148400 2.50048900 0.51597000
v -0.87148400 2.81917500 0.56306400
v -0.87148400 2.81917500 0.56306400
v -0.87148400 2.50048900 0.56306400
v -0.87148400 2.50048900 0.56306400
v -0.92692400 2.50783100 0.47549100
v -0.92692400 2.50783100 0.47549100
v -0.92692400 2.44363900 0.47549100
v -0.92692400 2.44363900 0.47549100
v -0.67307500 2.50783100 0.47549100
v -0.67307500 2.50783100 0.47549100
v -0.92692400 2.50783100 0.64257600
v -0.92692400 2.50783100 0.64257600
v -0.92692400 2.50783100 0.64257600
v -0.67307500 2.44363900 0.47549100
v -0.67307500 2.44363900 0.47549100
v -0.67307500 2.50783100 0.64257600
v -0.67307500 2.50783100 0.64257600
v -0.67307500 2.50783100 0.64257600
v -0.92692400 2.44363900 0.60599300
v -0.92692400 2.44363900 0.60599300
v -0.92692400 2.44363900 0.60599300
v -0.92692400 2.48022200 0.64257600
v -0.92692400 2.48022200 0.64257600
v -0.92692400 2.48022200 0.64257600
v -0.67307500 2.48022200 0.64257600
v -0.67307500 2.48022200 0.64257600
v -0.67307500 2.48022200 0.64257600
v -0.67307500 2.44363900 0.60599300
v -0.67307500 2.44363900 0.60599300
v -0.67307500 2.44363900 0.60599300
v -0.89814000 2.72645800 0.52393700
v -0.89814000 2.70408600 0.55211900
v -0.89814000 2.70408600 0.55211900
v -0.89814000 2.70408600 0.52393700
v -0.70185900 2.72645800 0.52393700
v -0.89814000 2.72645800 0.55211900
v -0.89814000 2.72645800 0.55211900
v -0.70185900 2.70408600 0.52393700
v -0.70185900 2.72645800 0.55211900
v -0.70185900 2.72645800 0.55211900
v -0.70185900 2.70408600 0.55211900
v -0.70185900 2.70408600 0.55211900
v -0.71798100 2.71476400 0.54194800
v -0.71798100 2.71476400 0.54194800
v -0.88201900 2.71476400 0.54194800
v -0.88201900 2.71476400 0.54194800
v -0.48201900 2.50150000 0.54194800
v -0.48201900 2.79923300 0.54194800
v -0.31798100 2.79923300 0.54194800
v -0.31798100 2.50150000 0.54194800
v -0.52692400 2.83624500 0.50616700
v -0.52692400 2.83624500 0.50616700
v -0.52692400 2.79721000 0.62487000
v -0.52692400 2.79721000 0.62487000
v -0.52692400 2.79721000 0.62487000
v -0.52692400 2.79721000 0.50616700
v -0.52692400 2.79721000 0.50616700
v -0.27307500 2.83624500 0.50616700
v -0.27307500 2.83624500 0.50616700
v -0.52692400 2.83624500 0.62487000
v -0.52692400 2.83624500 0.62487000
v -0.52692400 2.83624500 0.62487000
v -0.27307500 2.79721000 0.50616700
v -0.27307500 2.79721000 0.50616700
v -0.27307500 2.83624500 0.62487000
v -0.27307500 2.83624500 0.62487000
v -0.27307500 2.83624500 0.62487000
v -0.27307500 2.79721000 0.62487000
v -0.27307500 2.79721000 0.62487000
v -0.27307500 2.79721000 0.62487000
v -0.32851600 2.81917500 0.51597000
v -0.32851600 2.50048900 0.56306400
v -0.32851600 2.50048900 0.56306400
v -0.32851600 2.50048900 0.51597000
v -0.32851600 2.81917500 0.56306400
v -0.32851600 2.81917500 0.56306400
v -0.29353400 2.81917500 0.56306400
v -0.29353400 2.50048900 0.56306400
v -0.50646700 2.50048900 0.56306400
v -0.47148400 2.81917500 0.51597000
v -0.50646700 2.81917500 0.56306400
v -0.47148400 2.50048900 0.51597000
v -0.47148400 2.81917500 0.56306400
v -0.47148400 2.81917500 0.56306400
v -0.47148400 2.50048900 0.56306400
v -0.47148400 2.50048900 0.56306400
v -0.52692400 2.50783100 0.47549100
v -0.52692400 2.50783100 0.47549100
v -0.52692400 2.44363900 0.47549100
v -0.52692400 2.44363900 0.47549100
v -0.27307500 2.50783100 0.47549100
v -0.27307500 2.50783100 0.47549100
v -0.52692400 2.50783100 0.64257600
v -0.52692400 2.50783100 0.64257600
v -0.52692400 2.50783100 0.64257600
v -0.27307500 2.44363900 0.47549100
v -0.27307500 2.44363900 0.47549100
v -0.27307500 2.50783100 0.64257600
v -0.27307500 2.50783100 0.64257600
v -0.27307500 2.50783100 0.64257600
v -0.52692400 2.44363900 0.60599300
v -0.52692400 2.44363900 0.60599300
v -0.52692400 2.44363900 0.60599300
v -0.52692400 2.48022200 0.64257600
v -0.52692400 2.48022200 0.64257600
v -0.52692400 2.48022200 0.64257600
v -0.27307500 2.48022200 0.64257600
v -0.27307500 2.48022200 0.64257600
v -0.27307500 2.48022200 0.64257600
v -0.27307500 2.44363900 0.60599300
v -0.27307500 2.44363900 0.60599300
v -0.27307500 2.44363900 0.60599300
v -0.49814000 2.72645800 0.52393700
v -0.49814000 2.70408600 0.55211900
v -0.49814000 2.70408600 0.55211900
v -0.49814000 2.70408600 0.52393700
v -0.30185900 2.72645800 0.52393700
v -0.49814000 2.72645800 0.55211900
v -0.49814000 2.72645800 0.55211900
v -0.30185900 2.70408600 0.52393700
v -0.30185900 2.72645800 0.55211900
v -0.30185900 2.72645800 0.55211900
v -0.30185900 2.70408600 0.55211900
v -0.30185900 2.70408600 0.55211900
v -0.31798100 2.71476400 0.54194800
v -0.31798100 2.71476400 0.54194800
v -0.48201900 2.71476400 0.54194800
v -0.48201900 2.71476400 0.54194800
v -0.08201900 2.50150000 0.54194800
v -0.08201900 2.79923300 0.54194800
v 0.08201900 2.79923300 0.54194800
v 0.08201900 2.50150000 0.54194800
v -0.12692400 2.83624500 0.50616700
v -0.12692400 2.83624500 0.50616700
v -0.12692400 2.79721000 0.62487000
v -0.12692400 2.79721000 0.62487000
v -0.12692400 2.79721000 0.62487000
v -0.12692400 2.79721000 0.50616700
v -0.12692400 2.79721000 0.50616700
v 0.12692500 2.83624500 0.50616700
v 0.12692500 2.83624500 0.50616700
v -0.12692400 2.83624500 0.62487000
v -0.12692400 2.83624500 0.62487000
v -0.12692400 2.83624500 0.62487000
v 0.12692500 2.79721000 0.50616700
v 0.12692500 2.79721000 0.50616700
v 0.12692500 2.83624500 0.62487000
v 0.12692500 2.83624500 0.62487000
v 0.12692500 2.83624500 0.62487000
v 0.12692500 2.79721000 0.62487000
v 0.12692500 2.79721000 0.62487000
v 0.12692500 2.79721000 0.62487000
v 0.07148400 2.81917500 0.51597000
v 0.07148400 2.50048900 0.56306400
v 0.07148400 2.50048900 0.56306400
v 0.07148400 2.50048900 0.51597000
v 0.07148400 2.81917500 0.56306400
v 0.07148400 2.81917500 0.56306400
v 0.10646600 2.81917500 0.56306400
v 0.10646600 2.50048900 0.56306400
v -0.10646700 2.50048900 0.56306400
v -0.07148400 2.81917500 0.51597000
v -0.10646700 2.81917500 0.56306400
v -0.07148400 2.50048900 0.51597000
v -0.07148400 2.81917500 0.56306400
v -0.07148400 2.81917500 0.56306400
v -0.07148400 2.50048900 0.56306400
v -0.07148400 2.50048900 0.56306400
v -0.12692400 2.50783100 0.47549100
v -0.12692400 2.50783100 0.47549100
v -0.12692400 2.44363900 0.47549100
v -0.12692400 2.44363900 0.47549100
v 0.12692500 2.50783100 0.47549100
v 0.12692500 2.50783100 0.47549100
v -0.12692400 2.50783100 0.64257600
v -0.12692400 2.50783100 0.64257600
v -0.12692400 2.50783100 0.64257600
v 0.12692500 2.44363900 0.47549100
v 0.12692500 2.44363900 0.47549100
v 0.12692500 2.50783100 0.64257600
v 0.12692500 2.50783100 0.64257600
v 0.12692500 2.50783100 0.64257600
v -0.12692400 2.44363900 0.60599300
v -0.12692400 2.44363900 0.60599300
v -0.12692400 2.44363900 0.60599300
v -0.12692400 2.48022200 0.64257600
v -0.12692400 2.48022200 0.64257600
v -0.12692400 2.48022200 0.64257600
v 0.12692500 2.48022200 0.64257600
v 0.12692500 2.48022200 0.64257600
v 0.12692500 2.48022200 0.64257600
v 0.12692500 2.44363900 0.60599300
v 0.12692500 2.44363900 0.60599300
v 0.12692500 2.44363900 0.60599300
v -0.09814000 2.69446800 0.52393700
v -0.09814000 2.67209600 0.55211900
v -0.09814000 2.67209600 0.55211900
v -0.09814000 2.67209600 0.52393700
v 0.09814100 2.69446800 0.52393700
v -0.09814000 2.69446800 0.55211900
v -0.09814000 2.69446800 0.55211900
v 0.09814100 2.67209600 0.52393700
v 0.09814100 2.69446800 0.55211900
v 0.09814100 2.69446800 0.55211900
v 0.09814100 2.67209600 0.55211900
v 0.09814100 2.67209600 0.55211900
v 0.08201900 2.68277400 0.54194800
v 0.08201900 2.68277400 0.54194800
v -0.08201900 2.68277400 0.54194800
v -0.08201900 2.68277400 0.54194800
v -1.00000000 2.95000000 0.65000000
v -1.00000000 2.95000000 0.65000000
v -1.00000000 2.95000000 0.65000000
v -1.00000000 3.05000000 0.65000000
v -1.00000000 3.05000000 0.65000000
v -1.00000000 3.05000000 0.65000000
v -1.00000000 2.95000000 -0.65000000
v -1.00000000 2.95000000 -0.65000000
v -1.00000000 2.95000000 -0.65000000
v -1.00000000 3.05000000 -0.65000000
v -1.00000000 3.05000000 -0.65000000
v -1.00000000 3.05000000 -0.65000000
v 0.20000000 2.95000000 0.65000000
v 0.20000000 2.95000000 0.65000000
v 0.20000000 2.95000000 0.65000000
v 0.20000000 3.05000000 0.65000000
v 0.20000000 3.05000000 0.65000000
v 0.20000000 3.05000000 0.65000000
v 0.20000000 2.95000000 -0.65000000
v 0.20000000 2.95000000 -0.65000000
v 0.20000000 2.95000000 -0.65000000
v 0.20000000 3.05000000 -0.65000000
v 0.20000000 3.05000000 -0.65000000
v 0.20000000 3.05000000 -0.65000000
v 0.09849800 3.05000000 -0.54849700
v 0.09849800 3.05000000 -0.54849700
v 0.09849800 3.05000000 -0.54849700
v -0.89849600 3.05000000 -0.54849700
v -0.89849600 3.05000000 -0.54849700
v -0.89849600 3.05000000 -0.54849700
v -0.89849600 3.05000000 0.54849700
v -0.89849600 3.05000000 0.54849700
v -0.89849600 3.05000000 0.54849700
v 0.09849800 3.05000000 0.54849700
v 0.09849800 3.05000000 0.54849700
v 0.09849800 3.05000000 0.54849700
v -0.87300700 3.00662100 -0.52300700
v -0.87300700 3.00662100 -0.52300700
v -0.87300700 3.00662100 -0.52300700
v 0.07300800 3.00662100 -0.52300700
v 0.07300800 3.00662100 -0.52300700
v 0.07300800 3.00662100 -0.52300700
v 0.07300800 3.00662100 0.52300700
v 0.07300800 3.00662100 0.52300700
v 0.07300800 3.00662100 0.52300700
v -0.87300700 3.00662100 0.52300700
v -0.87300700 3.00662100 0.52300700
v -0.87300700 3.00662100 0.52300700
v -1.00000100 0.85000000 0.65000000
v -1.00000100 0.85000000 0.65000000
v -1.00000100 0.85000000 0.65000000
v -1.00000100 0.95000000 0.65000000
v -1.00000100 0.95000000 0.65000000
v -1.00000100 0.95000000 0.65000000
v -1.00000100 0.85000000 -0.65000000
v -1.00000100 0.85000000 -0.65000000
v -1.00000100 0.85000000 -0.65000000
v -1.00000100 0.95000000 -0.65000000
v -1.00000100 0.95000000 -0.65000000
v -1.00000100 0.95000000 -0.65000000
v 0.19999900 0.85000000 0.65000000
v 0.19999900 0.85000000 0.65000000
v 0.19999900 0.85000000 0.65000000
v 0.19999900 0.95000000 0.65000000
v 0.19999900 0.95000000 0.65000000
v 0.19999900 0.95000000 0.65000000
v 0.19999900 0.85000000 -0.65000000
v 0.19999900 0.85000000 -0.65000000
v 0.19999900 0.85000000 -0.65000000
v 0.19999900 0.95000000 -0.65000000
v 0.19999900 0.95000000 -0.65000000
v 0.19999900 0.95000000 -0.65000000
v -1.00000100 0.85000000 -0.60000000
v -1.00000100 0.85000000 -0.60000000
v -1.00000100 0.85000000 0.60000000
v -1.00000100 0.85000000 0.60000000
v -1.00000100 0.95000000 0.60000000
v -1.00000100 0.95000000 0.60000000
v -1.00000100 0.95000000 -0.60000000
v -1.00000100 0.95000000 -0.60000000
v 0.19999900 0.85000000 0.60000000
v 0.19999900 0.85000000 0.60000000
v 0.19999900 0.85000000 -0.60000000
v 0.19999900 0.85000000 -0.60000000
v 0.19999900 0.95000000 -0.60000000
v 0.19999900 0.95000000 -0.60000000
v 0.19999900 0.95000000 0.60000000
v 0.19999900 0.95000000 0.60000000
v -1.00000100 1.55000000 0.65000000
v -1.00000100 1.55000000 0.65000000
v -1.00000100 1.55000000 0.65000000
v -1.00000100 1.65000000 0.65000000
v -1.00000100 1.65000000 0.65000000
v -1.00000100 1.65000000 0.65000000
v -1.00000100 1.55000000 -0.65000000
v -1.00000100 1.55000000 -0.65000000
v -1.00000100 1.55000000 -0.65000000
v -1.00000100 1.65000000 -0.65000000
v -1.00000100 1.65000000 -0.65000000
v -1.00000100 1.65000000 -0.65000000
v 0.19999900 1.55000000 0.65000000
v 0.19999900 1.55000000 0.65000000
v 0.19999900 1.55000000 0.65000000
v 0.19999900 1.65000000 0.65000000
v 0.19999900 1.65000000 0.65000000
v 0.19999900 1.65000000 0.65000000
v 0.19999900 1.55000000 -0.65000000
v 0.19999900 1.55000000 -0.65000000
v 0.19999900 1.55000000 -0.65000000
v 0.19999900 1.65000000 -0.65000000
v 0.19999900 1.65000000 -0.65000000
v 0.19999900 1.65000000 -0.65000000
v 0.19999900 2.35000000 0.60000000
v 0.19999900 2.35000000 0.60000000
v 0.19999900 2.35000000 -0.60000000
v 0.19999900 2.35000000 -0.60000000
v 0.19999900 2.25000000 -0.60000000
v 0.19999900 2.25000000 -0.60000000
v 0.19999900 2.25000000 0.60000000
v 0.19999900 2.25000000 0.60000000
v -1.00000100 2.35000000 -0.60000000
v -1.00000100 2.35000000 -0.60000000
v -1.00000100 2.35000000 0.60000000
v -1.00000100 2.35000000 0.60000000
v -1.00000100 2.25000000 0.60000000
v -1.00000100 2.25000000 0.60000000
v -1.00000100 2.25000000 -0.60000000
v -1.00000100 2.25000000 -0.60000000
v 0.19999900 2.35000000 -0.65000000
v 0.19999900 2.35000000 -0.65000000
v 0.19999900 2.35000000 -0.65000000
v 0.19999900 2.25000000 -0.65000000
v 0.19999900 2.25000000 -0.65000000
v 0.19999900 2.25000000 -0.65000000
v 0.19999900 2.35000000 0.65000000
v 0.19999900 2.35000000 0.65000000
v 0.19999900 2.35000000 0.65000000
v 0.19999900 2.25000000 0.65000000
v 0.19999900 2.25000000 0.65000000
v 0.19999900 2.25000000 0.65000000
v -1.00000100 2.35000000 -0.65000000
v -1.00000100 2.35000000 -0.65000000
v -1.00000100 2.35000000 -0.65000000
v -1.00000100 2.25000000 -0.65000000
v -1.00000100 2.25000000 -0.65000000
v -1.00000100 2.25000000 -0.65000000
v -1.00000100 2.35000000 0.65000000
v -1.00000100 2.35000000 0.65000000
v -1.00000100 2.35000000 0.65000000
v -1.00000100 2.25000000 0.65000000
v -1.00000100 2.25000000 0.65000000
v -1.00000100 2.25000000 0.65000000
v -1.00000100 1.55000000 -0.60000000
v -1.00000100 1.55000000 -0.60000000
v -1.00000100 1.55000000 0.60000000
v -1.00000100 1.55000000 0.60000000
v -1.00000100 1.65000000 0.60000000
v -1.00000100 1.65000000 0.60000000
v -1.00000100 1.65000000 -0.60000000
v -1.00000100 1.65000000 -0.60000000
v 0.19999900 1.55000000 0.60000000
v 0.19999900 1.55000000 0.60000000
v 0.19999900 1.55000000 -0.60000000
v 0.19999900 1.55000000 -0.60000000
v 0.19999900 1.65000000 -0.60000000
v 0.19999900 1.65000000 -0.60000000
v 0.19999900 1.65000000 0.60000000
v 0.19999900 1.65000000 0.60000000
v 0.20000000 0.85000000 0.45000000
v 0.20000000 0.85000000 0.45000000
v 0.20000000 0.85000000 0.45000000
v 0.20000000 0.95000000 0.45000000
v 0.20000000 0.95000000 0.45000000
v 0.20000000 0.95000000 0.45000000
v 0.20000000 0.85000000 -0.65000000
v 0.20000000 0.85000000 -0.65000000
v 0.20000000 0.85000000 -0.65000000
v 0.20000000 0.95000000 -0.65000000
v 0.20000000 0.95000000 -0.65000000
v 0.20000000 0.95000000 -0.65000000
v 1.00000000 0.85000000 0.45000000
v 1.00000000 0.85000000 0.45000000
v 1.00000000 0.85000000 0.45000000
v 1.00000000 0.95000000 0.45000000
v 1.00000000 0.95000000 0.45000000
v 1.00000000 0.95000000 0.45000000
v 1.00000000 0.85000000 -0.65000000
v 1.00000000 0.85000000 -0.65000000
v 1.00000000 0.85000000 -0.65000000
v 1.00000000 0.95000000 -0.65000000
v 1.00000000 0.95000000 -0.65000000
v 1.00000000 0.95000000 -0.65000000
v 0.20000000 0.85000000 -0.60000000
v 0.20000000 0.85000000 -0.60000000
v 0.20000000 0.85000000 0.40000000
v 0.20000000 0.85000000 0.40000000
v 0.20000000 0.95000000 0.40000000
v 0.20000000 0.95000000 0.40000000
v 0.20000000 0.95000000 -0.60000000
v 0.20000000 0.95000000 -0.60000000
v 1.00000000 0.85000000 0.40000000
v 1.00000000 0.85000000 0.40000000
v 1.00000000 0.85000000 -0.60000000
v 1.00000000 0.85000000 -0.60000000
v 1.00000000 0.95000000 -0.60000000
v 1.00000000 0.95000000 -0.60000000
v 1.00000000 0.95000000 0.40000000
v 1.00000000 0.95000000 0.40000000
v 0.20000000 1.55000000 0.45000000
v 0.20000000 1.55000000 0.45000000
v 0.20000000 1.55000000 0.45000000
v 0.20000000 1.65000000 0.45000000
v 0.20000000 1.65000000 0.45000000
v 0.20000000 1.65000000 0.45000000
v 0.20000000 1.55000000 -0.65000000
v 0.20000000 1.55000000 -0.65000000
v 0.20000000 1.55000000 -0.65000000
v 0.20000000 1.65000000 -0.65000000
v 0.20000000 1.65000000 -0.65000000
v 0.20000000 1.65000000 -0.65000000
v 1.00000000 1.55000000 0.45000000
v 1.00000000 1.55000000 0.45000000
v 1.00000000 1.55000000 0.45000000
v 1.00000000 1.65000000 0.45000000
v 1.00000000 1.65000000 0.45000000
v 1.00000000 1.65000000 0.45000000
v 1.00000000 1.55000000 -0.65000000
v 1.00000000 1.55000000 -0.65000000
v 1.00000000 1.55000000 -0.65000000
v 1.00000000 1.65000000 -0.65000000
v 1.00000000 1.65000000 -0.65000000
v 1.00000000 1.65000000 -0.65000000
v 0.20000000 1.55000000 -0.60000000
v 0.20000000 1.55000000 -0.60000000
v 0.20000000 1.55000000 0.40000000
v 0.20000000 1.55000000 0.40000000
v 0.20000000 1.65000000 0.40000000
v 0.20000000 1.65000000 0.40000000
v 0.20000000 1.65000000 -0.60000000
v 0.20000000 1.65000000 -0.60000000
v 1.00000000 1.55000000 0.40000000
v 1.00000000 1.55000000 0.40000000
v 1.00000000 1.55000000 -0.60000000
v 1.00000000 1.55000000 -0.60000000
v 1.00000000 1.65000000 -0.60000000
v 1.00000000 1.65000000 -0.60000000
v 1.00000000 1.65000000 0.40000000
v 1.00000000 1.65000000 0.40000000
v 0.20000000 2.25000000 0.45000000
v 0.20000000 2.25000000 0.45000000
v 0.20000000 2.25000000 0.45000000
v 0.20000000 2.35000000 0.45000000
v 0.20000000 2.35000000 0.45000000
v 0.20000000 2.35000000 0.45000000
v 0.20000000 2.25000000 -0.65000000
v 0.20000000 2.25000000 -0.65000000
v 0.20000000 2.25000000 -0.65000000
v 0.20000000 2.35000000 -0.65000000
v 0.20000000 2.35000000 -0.65000000
v 0.20000000 2.35000000 -0.65000000
v 1.00000000 2.25000000 0.45000000
v 1.00000000 2.25000000 0.45000000
v 1.00000000 2.25000000 0.45000000
v 1.00000000 2.35000000 0.45000000
v 1.00000000 2.35000000 0.45000000
v 1.00000000 2.35000000 0.45000000
v 1.00000000 2.25000000 -0.65000000
v 1.00000000 2.25000000 -0.65000000
v 1.00000000 2.25000000 -0.65000000
v 1.00000000 2.35000000 -0.65000000
v 1.00000000 2.35000000 -0.65000000
v 1.00000000 2.35000000 -0.65000000
v 0.89849800 2.35000000 -0.54849700
v 0.89849800 2.35000000 -0.54849700
v 0.89849800 2.35000000 -0.54849700
v 0.30150400 2.35000000 -0.54849700
v 0.30150400 2.35000000 -0.54849700
v 0.30150400 2.35000000 -0.54849700
v 0.30150400 2.35000000 0.34849700
v 0.30150400 2.35000000 0.34849700
v 0.30150400 2.35000000 0.34849700
v 0.89849800 2.35000000 0.34849700
v 0.89849800 2.35000000 0.34849700
v 0.89849800 2.35000000 0.34849700
v 0.32699300 2.30662100 -0.52300700
v 0.32699300 2.30662100 -0.52300700
v 0.32699300 2.30662100 -0.52300700
v 0.87300800 2.30662100 -0.52300700
v 0.87300800 2.30662100 -0.52300700
v 0.87300800 2.30662100 -0.52300700
v 0.87300800 2.30662100 0.32300700
v 0.87300800 2.30662100 0.32300700
v 0.87300800 2.30662100 0.32300700
v 0.32699300 2.30662100 0.32300700
v 0.32699300 2.30662100 0.32300700
v 0.32699300 2.30662100 0.32300700
v 1.00337000 0.29856700 -0.33697300
v 1.00337000 0.34212300 -0.33697300
v 1.00337000 0.34212300 -0.24973200
v 1.00337000 0.29856700 -0.24973200
v 1.00337000 0.36973900 -0.27173200
v 1.00337000 0.41329500 -0.27173200
v 1.00337000 0.41329500 -0.18449000
v 1.00337000 0.36973900 -0.18449000
v 1.00337000 1.69856700 0.11551000
v 1.00337000 1.74212300 0.11551000
v 1.00337000 1.74212300 0.02826800
v 1.00337000 1.69856700 0.02826800
v 1.00337000 1.76973900 0.05026900
v 1.00337000 1.81329500 0.05026900
v 1.00337000 1.81329500 -0.03697300
v 1.00337000 1.76973900 -0.03697300
v -0.61638300 0.28856700 -0.60672600
v -0.61638300 0.33212300 -0.60672600
v -0.70362500 0.33212300 -0.60672600
v -0.70362500 0.28856700 -0.60672600
v -0.68162500 0.35973900 -0.60672600
v -0.68162500 0.40329500 -0.60672600
v -0.76886600 0.40329500 -0.60672600
v -0.76886600 0.35973900 -0.60672600
v 0.51811600 1.18856700 -0.60672600
v 0.51811600 1.23212300 -0.60672600
v 0.43087400 1.23212300 -0.60672600
v 0.43087400 1.18856700 -0.60672600
v 0.45287400 1.25973900 -0.60672600
v 0.45287400 1.30329500 -0.60672600
v 0.36563300 1.30329500 -0.60672600
v 0.36563300 1.25973900 -0.60672600
v -0.66887300 2.48856700 -0.60672600
v -0.66887300 2.53212400 -0.60672600
v -0.58163200 2.53212400 -0.60672600
v -0.58163200 2.48856700 -0.60672600
v -0.60363200 2.55973900 -0.60672600
v -0.60363200 2.60329500 -0.60672600
v -0.51639100 2.60329500 -0.60672600
v -0.51639100 2.55973900 -0.60672600
v -1.00337000 1.26973900 -0.03697300
v -1.00337000 1.31329500 -0.03697300
v -1.00337000 1.31329500 0.05026900
v -1.00337000 1.26973900 0.05026900
v -1.00337000 1.19856700 0.02826800
v -1.00337000 1.24212300 0.02826800
v -1.00337000 1.24212300 0.11551000
v -1.00337000 1.19856700 0.11551000
v -0.34426900 0.26735300 -0.62360100
v -0.34426900 0.26735300 -0.62360100
v -0.34426900 0.26735300 -0.62360100
v -0.34426900 0.31264900 -0.62360100
v -0.34426900 0.31264900 -0.62360100
v -0.34426900 0.31264900 -0.62360100
v -0.34427000 0.31264900 -0.97639900
v -0.34427000 0.31264900 -0.97639900
v -0.34427000 0.31264900 -0.97639900
v -0.34427000 0.26735300 -0.97639900
v -0.34427000 0.26735300 -0.97639900
v -0.34427000 0.26735300 -0.97639900
v -0.52515600 0.37534200 -0.96725800
v -0.52515600 0.37534200 -0.96725800
v -0.52515600 0.37534200 -0.96725800
v -0.52515600 0.37534200 -0.96725800
v -0.48134000 0.37534200 -0.96725800
v -0.48134000 0.37534200 -0.96725800
v -0.48134000 0.37534200 -0.96725800
v -0.48134000 0.37534200 -0.96725800
v -0.48134000 0.41728000 -0.63590700
v -0.48134000 0.41728000 -0.63590700
v -0.48134000 0.41728000 -0.63590700
v -0.48134000 0.41728000 -0.63590700
v -0.52515600 0.41728000 -0.63590700
v -0.52515600 0.41728000 -0.63590700
v -0.52515600 0.41728000 -0.63590700
v -0.52515600 0.41728000 -0.63590700
v -0.37724300 0.25841300 -0.95000000
v -0.37724300 0.25841300 -0.95000000
v -0.37724300 0.25841300 -0.95000000
v -0.37724300 0.31897300 -0.95000000
v -0.37724300 0.31897300 -0.65000000
v -0.37724300 0.25841300 -0.65000000
v -0.37724300 0.25841300 -0.65000000
v -0.37724300 0.25841300 -0.65000000
v -0.87724300 0.31897300 -0.95000000
v -0.87724300 0.25841300 -0.95000000
v -0.87724300 0.25841300 -0.95000000
v -0.87724300 0.25841300 -0.95000000
v -0.87724300 0.31897300 -0.65000000
v -0.87724300 0.25841300 -0.65000000
v -0.87724300 0.25841300 -0.65000000
v -0.87724300 0.25841300 -0.65000000
v -0.91021700 0.31264900 -0.62360100
v -0.91021700 0.31264900 -0.62360100
v -0.91021700 0.31264900 -0.62360100
v -0.91021700 0.26735300 -0.62360100
v -0.91021700 0.26735300 -0.62360100
v -0.91021700 0.26735300 -0.62360100
v -0.91021700 0.31264900 -0.97639900
v -0.91021700 0.31264900 -0.97639900
v -0.91021700 0.31264900 -0.97639900
v -0.91021700 0.26735300 -0.97639900
v -0.91021700 0.26735300 -0.97639900
v -0.91021700 0.26735300 -0.97639900
v -0.39882600 0.10000100 -0.92051600
v -0.39882600 0.10000100 -0.92051600
v -0.37724300 0.11831000 -0.95000000
v -0.37724300 0.11831000 -0.95000000
v -0.37724300 0.11831000 -0.95000000
v -0.37724300 0.11831000 -0.95000000
v -0.37724300 0.11831000 -0.65000000
v -0.37724300 0.11831000 -0.65000000
v -0.37724300 0.11831000 -0.65000000
v -0.37724300 0.11831000 -0.65000000
v -0.39882600 0.10000100 -0.67948400
v -0.39882600 0.10000100 -0.67948400
v -0.87724300 0.11831000 -0.95000000
v -0.87724300 0.11831000 -0.95000000
v -0.87724300 0.11831000 -0.95000000
v -0.87724300 0.11831000 -0.95000000
v -0.85566000 0.10000100 -0.92051600
v -0.85566000 0.10000100 -0.92051600
v -0.87724300 0.11831000 -0.65000000
v -0.87724300 0.11831000 -0.65000000
v -0.87724300 0.11831000 -0.65000000
v -0.87724300 0.11831000 -0.65000000
v -0.85566000 0.10000100 -0.67948400
v -0.85566000 0.10000100 -0.67948400
v -0.38782000 0.36000100 -0.95000000
v -0.38782000 0.36000100 -0.95000000
v -0.38782000 0.36000100 -0.95000000
v -0.38782000 0.39877500 -0.65000000
v -0.38782000 0.39877500 -0.65000000
v -0.38782000 0.39877500 -0.65000000
v -0.86666600 0.39877500 -0.65000000
v -0.86666600 0.39877500 -0.65000000
v -0.86666600 0.39877500 -0.65000000
v -0.86666600 0.36000100 -0.95000000
v -0.86666600 0.36000100 -0.95000000
v -0.86666600 0.36000100 -0.95000000
v -0.37724300 0.30644600 -0.95000000
v -0.37724300 0.30644600 -0.95000000
v -0.37724300 0.30644600 -0.65000000
v -0.37724300 0.30644600 -0.65000000
v -0.87724300 0.30644600 -0.95000000
v -0.87724300 0.30644600 -0.95000000
v -0.87724300 0.30644600 -0.65000000
v -0.87724300 0.30644600 -0.65000000
v -0.77314400 0.37534200 -0.96725800
v -0.77314400 0.37534200 -0.96725800
v -0.77314400 0.37534200 -0.96725800
v -0.77314400 0.37534200 -0.96725800
v -0.72932900 0.37534200 -0.96725800
v -0.72932900 0.37534200 -0.96725800
v -0.72932900 0.37534200 -0.96725800
v -0.72932900 0.37534200 -0.96725800
v -0.72932900 0.41728000 -0.63590700
v -0.72932900 0.41728000 -0.63590700
v -0.72932900 0.41728000 -0.63590700
v -0.72932900 0.41728000 -0.63590700
v -0.77314400 0.41728000 -0.63590700
v -0.77314400 0.41728000 -0.63590700
v -0.77314400 0.41728000 -0.63590700
v -0.77314400 0.41728000 -0.63590700
v -0.47417300 0.36000100 -0.95000000
v -0.47417300 0.36000100 -0.95000000
v -0.47417300 0.36000100 -0.95000000
v -0.47417300 0.36000100 -0.95000000
v -0.53232300 0.36000100 -0.95000000
v -0.53232300 0.36000100 -0.95000000
v -0.53232300 0.36000100 -0.95000000
v -0.53232300 0.36000100 -0.95000000
v -0.72216100 0.36000100 -0.95000000
v -0.72216100 0.36000100 -0.95000000
v -0.72216100 0.36000100 -0.95000000
v -0.72216100 0.36000100 -0.95000000
v -0.78031200 0.36000100 -0.95000000
v -0.78031200 0.36000100 -0.95000000
v -0.78031200 0.36000100 -0.95000000
v -0.78031200 0.36000100 -0.95000000
v -0.78031200 0.39877500 -0.65000000
v -0.78031200 0.39877500 -0.65000000
v -0.78031200 0.39877500 -0.65000000
v -0.78031200 0.39877500 -0.65000000
v -0.72216100 0.39877500 -0.65000000
v -0.72216100 0.39877500 -0.65000000
v -0.72216100 0.39877500 -0.65000000
v -0.72216100 0.39877500 -0.65000000
v -0.53232300 0.39877500 -0.65000000
v -0.53232300 0.39877500 -0.65000000
v -0.53232300 0.39877500 -0.65000000
v -0.53232300 0.39877500 -0.65000000
v -0.47417200 0.39877500 -0.65000000
v -0.47417200 0.39877500 -0.65000000
v -0.47417200 0.39877500 -0.65000000
v -0.47417200 0.39877500 -0.65000000
v -0.47417200 0.30644900 -0.65000000
v -0.47417200 0.30644900 -0.65000000
v -0.53232300 0.30644900 -0.65000000
v -0.53232300 0.30644900 -0.65000000
v -0.72216100 0.30644900 -0.65000000
v -0.72216100 0.30644900 -0.65000000
v -0.78031200 0.30644900 -0.65000000
v -0.78031200 0.30644900 -0.65000000
v -0.78031200 0.30644900 -0.95000000
v -0.78031200 0.30644900 -0.95000000
v -0.72216100 0.30644900 -0.95000000
v -0.72216100 0.30644900 -0.95000000
v -0.53232300 0.30644900 -0.95000000
v -0.53232300 0.30644900 -0.95000000
v -0.47417300 0.30644900 -0.95000000
v -0.47417300 0.30644900 -0.95000000
v -0.77314400 0.30644900 -0.62962800
v -0.77314400 0.30644900 -0.62962800
v -0.72932900 0.30644900 -0.62962800
v -0.72932900 0.30644900 -0.62962800
v -0.52515600 0.30644900 -0.62962800
v -0.52515600 0.30644900 -0.62962800
v -0.48134000 0.30644900 -0.62962800
v -0.48134000 0.30644900 -0.62962800
v -0.48134000 0.30644900 -0.97037200
v -0.48134000 0.30644900 -0.97037200
v -0.52515600 0.30644900 -0.97037200
v -0.52515600 0.30644900 -0.97037200
v -0.72932900 0.30644900 -0.97037200
v -0.72932900 0.30644900 -0.97037200
v -0.77314400 0.30644900 -0.97037200
v -0.77314400 0.30644900 -0.97037200
v -0.87724300 0.19912300 -0.95000000
v -0.87724300 0.19912300 -0.95000000
v -0.87724300 0.19912300 -0.95000000
v -0.87724300 0.19912300 -0.95000000
v -0.87724300 0.17609000 -0.95000000
v -0.87724300 0.17609000 -0.95000000
v -0.87724300 0.17609000 -0.95000000
v -0.87724300 0.17609000 -0.95000000
v -0.87050200 0.18760700 -0.94325900
v -0.87050200 0.18760700 -0.94325900
v -0.87050200 0.18760700 -0.94325900
v -0.87050200 0.18760700 -0.94325900
v -0.37724300 0.17609000 -0.95000000
v -0.37724300 0.17609000 -0.95000000
v -0.37724300 0.17609000 -0.95000000
v -0.37724300 0.17609000 -0.95000000
v -0.37724300 0.19912300 -0.95000000
v -0.37724300 0.19912300 -0.95000000
v -0.37724300 0.19912300 -0.95000000
v -0.37724300 0.19912300 -0.95000000
v -0.38398400 0.18760700 -0.94325900
v -0.38398400 0.18760700 -0.94325900
v -0.38398400 0.18760700 -0.94325900
v -0.38398400 0.18760700 -0.94325900
v -0.37724300 0.19912300 -0.65000000
v -0.37724300 0.19912300 -0.65000000
v -0.37724300 0.19912300 -0.65000000
v -0.37724300 0.19912300 -0.65000000
v -0.37724300 0.17609000 -0.65000000
v -0.37724300 0.17609000 -0.65000000
v -0.37724300 0.17609000 -0.65000000
v -0.37724300 0.17609000 -0.65000000
v -0.38398400 0.18760700 -0.65674100
v -0.38398400 0.18760700 -0.65674100
v -0.38398400 0.18760700 -0.65674100
v -0.38398400 0.18760700 -0.65674100
v -0.87724300 0.17609000 -0.65000000
v -0.87724300 0.17609000 -0.65000000
v -0.87724300 0.17609000 -0.65000000
v -0.87724300 0.17609000 -0.65000000
v -0.87724300 0.19912300 -0.65000000
v -0.87724300 0.19912300 -0.65000000
v -0.87724300 0.19912300 -0.65000000
v -0.87724300 0.19912300 -0.65000000
v -0.87050200 0.18760700 -0.65674100
v -0.87050200 0.18760700 -0.65674100
v -0.87050200 0.18760700 -0.65674100
v -0.87050200 0.18760700 -0.65674100
v -0.75380100 0.24621000 -0.95360800
v -0.84368500 0.24621000 -0.95360800
v -0.84368500 0.21132600 -0.95360800
v -0.75380100 0.21132600 -0.95360800
v -0.10489700 0.10000100 -0.87136700
v -0.10489700 0.10000100 -0.87136700
v -0.10489700 0.10000100 -0.87136700
v -0.10489700 0.27576900 -0.87136700
v -0.10489700 0.27576900 -0.87136700
v -0.10489700 0.27576900 -0.87136700
v -0.12327900 0.10000100 -0.67221300
v -0.12327900 0.10000100 -0.67221300
v -0.12327900 0.10000100 -0.67221300
v -0.12327900 0.27576900 -0.67221300
v -0.12327900 0.27576900 -0.67221300
v -0.12327900 0.27576900 -0.67221300
v -0.30405100 0.10000100 -0.88974900
v -0.30405100 0.10000100 -0.88974900
v -0.30405100 0.10000100 -0.88974900
v -0.30405100 0.27576900 -0.88974900
v -0.30405100 0.27576900 -0.88974900
v -0.30405100 0.27576900 -0.88974900
v -0.32243300 0.10000100 -0.69059500
v -0.32243300 0.10000100 -0.69059500
v -0.32243300 0.10000100 -0.69059500
v -0.32243300 0.27576900 -0.69059500
v -0.32243300 0.27576900 -0.69059500
v -0.32243300 0.27576900 -0.69059500
v -0.23012600 0.17767300 -0.88601500
v -0.23012600 0.13330000 -0.88601500
v -0.29435000 0.17767300 -0.89194300
v -0.29435000 0.13330000 -0.89194300
v -0.20633900 0.10000100 -0.67988000
v -0.20633900 0.10000100 -0.67988000
v -0.20633900 0.10000100 -0.67988000
v -0.20633900 0.10000100 -0.67988000
v -0.23937200 0.10000100 -0.68292900
v -0.23937200 0.10000100 -0.68292900
v -0.23937200 0.10000100 -0.68292900
v -0.23937200 0.10000100 -0.68292900
v -0.23937200 0.27576900 -0.68292900
v -0.23937200 0.27576900 -0.68292900
v -0.23937200 0.27576900 -0.68292900
v -0.23937200 0.27576900 -0.68292900
v -0.20633900 0.27576900 -0.67988000
v -0.20633900 0.27576900 -0.67988000
v -0.20633900 0.27576900 -0.67988000
v -0.20633900 0.27576900 -0.67988000
v -0.22099100 0.10000100 -0.88208200
v -0.22099100 0.10000100 -0.88208200
v -0.22099100 0.10000100 -0.88208200
v -0.22099100 0.10000100 -0.88208200
v -0.18795800 0.10000100 -0.87903300
v -0.18795800 0.10000100 -0.87903300
v -0.18795800 0.10000100 -0.87903300
v -0.18795800 0.10000100 -0.87903300
v -0.18795800 0.27576900 -0.87903300
v -0.18795800 0.27576900 -0.87903300
v -0.18795800 0.27576900 -0.87903300
v -0.18795800 0.27576900 -0.87903300
v -0.22099100 0.27576900 -0.88208200
v -0.22099100 0.27576900 -0.88208200
v -0.22099100 0.27576900 -0.88208200
v -0.22099100 0.27576900 -0.88208200
v -0.17820000 0.27640200 -0.74160900
v -0.17405300 0.27640200 -0.68912600
v -0.12983400 0.27640200 -0.69261900
v -0.13398100 0.27640200 -0.74510300
v 0.79708800 0.10000100 -0.86167200
v 0.79708800 0.10000100 -0.86167200
v 0.79708800 0.10000100 -0.86167200
v 0.85656600 0.10000100 -0.72172800
v 0.85656600 0.10000100 -0.72172800
v 0.85656600 0.10000100 -0.72172800
v 0.65714400 0.10000100 -0.80219500
v 0.65714400 0.10000100 -0.80219500
v 0.65714400 0.10000100 -0.80219500
v 0.65714400 0.23363700 -0.80219500
v 0.65714400 0.23363700 -0.80219500
v 0.65714400 0.23363700 -0.80219500
v 0.71662200 0.10000100 -0.66225100
v 0.71662200 0.10000100 -0.66225100
v 0.71662200 0.10000100 -0.66225100
v 0.71662200 0.23363700 -0.66225100
v 0.71662200 0.23363700 -0.66225100
v 0.71662200 0.23363700 -0.66225100
v 0.78424200 0.20961200 -0.85875500
v 0.77939400 0.18118800 -0.85669400
v 0.74621900 0.21727000 -0.84259500
v 0.74137100 0.18884600 -0.84053400
v 0.72711600 0.26963400 -0.83193400
v 0.78659400 0.26963400 -0.69199000
v 0.85656600 0.23363700 -0.72172800
v 0.85656600 0.23363700 -0.72172800
v 0.85656600 0.23363700 -0.72172800
v 0.85656600 0.23363700 -0.72172800
v 0.79708800 0.23363700 -0.86167200
v 0.79708800 0.23363700 -0.86167200
v 0.79708800 0.23363700 -0.86167200
v 0.79708800 0.23363700 -0.86167200
v 0.78659400 0.23363700 -0.69199000
v 0.78659400 0.23363700 -0.69199000
v 0.78659400 0.23363700 -0.69199000
v 0.72711600 0.23363700 -0.83193400
v 0.72711600 0.23363700 -0.83193400
v 0.72711600 0.23363700 -0.83193400
v 0.17172300 0.10000100 -0.73204700
v 0.17172300 0.10000100 -0.73204700
v 0.17172300 0.10000100 -0.73204700
v 0.17172300 0.27576900 -0.73204700
v 0.17172300 0.27576900 -0.73204700
v 0.17172300 0.27576900 -0.73204700
v -0.00205100 0.10000100 -0.63303900
v -0.00205100 0.10000100 -0.63303900
v -0.00205100 0.10000100 -0.63303900
v -0.00205100 0.27576900 -0.63303900
v -0.00205100 0.27576900 -0.63303900
v -0.00205100 0.27576900 -0.63303900
v 0.07271500 0.10000100 -0.90582100
v 0.07271500 0.10000100 -0.90582100
v 0.07271500 0.10000100 -0.90582100
v 0.07271500 0.27576900 -0.90582100
v 0.07271500 0.27576900 -0.90582100
v 0.07271500 0.27576900 -0.90582100
v -0.10105900 0.10000100 -0.80681400
v -0.10105900 0.10000100 -0.80681400
v -0.10105900 0.10000100 -0.80681400
v -0.10105900 0.27576900 -0.80681400
v -0.10105900 0.27576900 -0.80681400
v -0.10105900 0.27576900 -0.80681400
v 0.11199900 0.17767300 -0.84308700
v 0.11199900 0.13330000 -0.84308700
v 0.08007000 0.17767300 -0.89912700
v 0.08007000 0.13330000 -0.89912700
v -0.04334400 0.10000100 -0.70551500
v -0.04334400 0.10000100 -0.70551500
v -0.04334400 0.10000100 -0.70551500
v -0.04334400 0.10000100 -0.70551500
v -0.05976600 0.10000100 -0.73433800
v -0.05976600 0.10000100 -0.73433800
v -0.05976600 0.10000100 -0.73433800
v -0.05976600 0.10000100 -0.73433800
v -0.05976600 0.27576900 -0.73433800
v -0.05976600 0.27576900 -0.73433800
v -0.05976600 0.27576900 -0.73433800
v -0.05976600 0.27576900 -0.73433800
v -0.04334400 0.27576900 -0.70551500
v -0.04334400 0.27576900 -0.70551500
v -0.04334400 0.27576900 -0.70551500
v -0.04334400 0.27576900 -0.70551500
v 0.11400800 0.10000100 -0.83334600
v 0.11400800 0.10000100 -0.83334600
v 0.11400800 0.10000100 -0.83334600
v 0.11400800 0.10000100 -0.83334600
v 0.13043000 0.10000100 -0.80452300
v 0.13043000 0.10000100 -0.80452300
v 0.13043000 0.10000100 -0.80452300
v 0.13043000 0.10000100 -0.80452300
v 0.13043000 0.27576900 -0.80452300
v 0.13043000 0.27576900 -0.80452300
v 0.13043000 0.27576900 -0.80452300
v 0.13043000 0.27576900 -0.80452300
v 0.11400800 0.27576900 -0.83334600
v 0.11400800 0.27576900 -0.83334600
v 0.11400800 0.27576900 -0.83334600
v 0.11400800 0.27576900 -0.83334600
v 0.02337300 0.27640200 -0.71780700
v -0.01727200 0.27640200 -0.68434600
v 0.01092100 0.27640200 -0.65010100
v 0.05156600 0.27640200 -0.68356300
v -0.00262900 0.27363200 -0.80260500
v -0.00262900 0.27363200 -0.80260500
v -0.00262900 0.27363200 -0.80260500
v -0.06153000 0.27363200 -0.66241700
v -0.06153000 0.27363200 -0.66241700
v -0.06153000 0.27363200 -0.66241700
v -0.14281600 0.27363200 -0.86150600
v -0.14281600 0.27363200 -0.86150600
v -0.14281600 0.27363200 -0.86150600
v -0.14281600 0.40726700 -0.86150600
v -0.14281600 0.40726700 -0.86150600
v -0.14281600 0.40726700 -0.86150600
v -0.20171700 0.27363200 -0.72131900
v -0.20171700 0.27363200 -0.72131900
v -0.20171700 0.27363200 -0.72131900
v -0.20171700 0.40726700 -0.72131900
v -0.20171700 0.40726700 -0.72131900
v -0.20171700 0.40726700 -0.72131900
v -0.01367400 0.38324200 -0.80978300
v -0.01853100 0.35481900 -0.81182400
v -0.05176300 0.39090000 -0.82578700
v -0.05662000 0.36247600 -0.82782800
v -0.07272200 0.44326400 -0.83205600
v -0.13162400 0.44326400 -0.69186800
v -0.06153000 0.40726700 -0.66241700
v -0.06153000 0.40726700 -0.66241700
v -0.06153000 0.40726700 -0.66241700
v -0.06153000 0.40726700 -0.66241700
v -0.00262900 0.40726700 -0.80260500
v -0.00262900 0.40726700 -0.80260500
v -0.00262900 0.40726700 -0.80260500
v -0.00262900 0.40726700 -0.80260500
v -0.13162400 0.40726700 -0.69186800
v -0.13162400 0.40726700 -0.69186800
v -0.13162400 0.40726700 -0.69186800
v -0.07272200 0.40726700 -0.83205600
v -0.07272200 0.40726700 -0.83205600
v -0.07272200 0.40726700 -0.83205600
v 1.00000000 0.73000000 0.60000000
v 1.00000000 0.73000000 0.60000000
v 1.00000000 0.73000000 0.60000000
v 0.20000000 0.73000000 0.60000000
v 0.20000000 0.73000000 0.60000000
v 0.20000000 0.84977400 0.40000000
v 1.00000000 0.84977400 0.40000000
v 1.00000000 0.84977400 0.40000000
v 0.80000000 0.73000000 0.60000000
v 0.80000000 0.73000000 0.60000000
v 0.80000000 0.73000000 0.60000000
v 0.80000000 0.73000000 0.60000000
v 0.60000000 0.73000000 0.60000000
v 0.60000000 0.73000000 0.60000000
v 0.60000000 0.73000000 0.60000000
v 0.60000000 0.73000000 0.60000000
v 0.40000000 0.73000000 0.60000000
v 0.40000000 0.73000000 0.60000000
v 0.40000000 0.73000000 0.60000000
v 0.40000000 0.73000000 0.60000000
v 0.40000000 0.84977400 0.40000000
v 0.40000000 0.84977400 0.40000000
v 0.60000000 0.84977400 0.40000000
v 0.60000000 0.84977400 0.40000000
v 0.80000000 0.84977400 0.40000000
v 0.80000000 0.84977400 0.40000000
v 1.00000000 0.72977400 0.40000000
v 1.00000000 0.68000000 0.60000000
v 1.00000000 0.68000000 0.60000000
v 0.20000000 0.68000000 0.60000000
v 0.80000000 0.68000000 0.60000000
v 0.80000000 0.68000000 0.60000000
v 0.60000000 0.68000000 0.60000000
v 0.60000000 0.68000000 0.60000000
v 0.40000000 0.68000000 0.60000000
v 0.40000000 0.68000000 0.60000000
v 1.00000000 0.67977400 0.40000000
v 0.71109500 0.10000000 0.94691100
v 0.71109500 0.10000000 0.94691100
v 0.71109500 0.17000000 0.94691100
v 0.71109500 0.17000000 0.94691100
v 0.71109500 0.10000000 0.85308900
v 0.71109500 0.10000000 0.85308900
v 0.71109500 0.17000000 0.85308900
v 0.71109500 0.17000000 0.85308900
v 0.74890500 0.10000000 0.94691100
v 0.74890500 0.10000000 0.94691100
v 0.74890500 0.17000000 0.94691100
v 0.74890500 0.17000000 0.94691100
v 0.74890500 0.10000000 0.85308900
v 0.74890500 0.10000000 0.85308900
v 0.74890500 0.17000000 0.85308900
v 0.74890500 0.17000000 0.85308900
v 0.45109500 0.10000000 0.94691100
v 0.45109500 0.10000000 0.94691100
v 0.45109500 0.17000000 0.94691100
v 0.45109500 0.17000000 0.94691100
v 0.45109500 0.10000000 0.85308900
v 0.45109500 0.10000000 0.85308900
v 0.45109500 0.17000000 0.85308900
v 0.45109500 0.17000000 0.85308900
v 0.48890500 0.10000000 0.94691100
v 0.48890500 0.10000000 0.94691100
v 0.48890500 0.17000000 0.94691100
v 0.48890500 0.17000000 0.94691100
v 0.48890500 0.10000000 0.85308900
v 0.48890500 0.10000000 0.85308900
v 0.48890500 0.17000000 0.85308900
v 0.48890500 0.17000000 0.85308900
v 0.42713300 0.16000000 0.97500000
v 0.42713300 0.16000000 0.97500000
v 0.42713300 0.16000000 0.97500000
v 0.40000000 0.16000000 0.94786700
v 0.40000000 0.16000000 0.94786700
v 0.40000000 0.20000000 0.94786700
v 0.40000000 0.20000000 0.94786700
v 0.42713300 0.20000000 0.97500000
v 0.42713300 0.20000000 0.97500000
v 0.42713300 0.20000000 0.97500000
v 0.40000000 0.16000000 0.85213300
v 0.40000000 0.16000000 0.85213300
v 0.42713300 0.16000000 0.82500000
v 0.42713300 0.16000000 0.82500000
v 0.42713300 0.16000000 0.82500000
v 0.42713300 0.20000000 0.82500000
v 0.42713300 0.20000000 0.82500000
v 0.42713300 0.20000000 0.82500000
v 0.40000000 0.20000000 0.85213300
v 0.40000000 0.20000000 0.85213300
v 0.80000000 0.16000000 0.94786700
v 0.80000000 0.16000000 0.94786700
v 0.77286700 0.16000000 0.97500000
v 0.77286700 0.16000000 0.97500000
v 0.77286700 0.16000000 0.97500000
v 0.77286700 0.20000000 0.97500000
v 0.77286700 0.20000000 0.97500000
v 0.77286700 0.20000000 0.97500000
v 0.80000000 0.20000000 0.94786700
v 0.80000000 0.20000000 0.94786700
v 0.77286700 0.16000000 0.82500000
v 0.77286700 0.16000000 0.82500000
v 0.80000000 0.16000000 0.85213300
v 0.80000000 0.16000000 0.85213300
v 0.80000000 0.16000000 0.85213300
v 0.80000000 0.20000000 0.85213300
v 0.80000000 0.20000000 0.85213300
v 0.80000000 0.20000000 0.85213300
v 0.77286700 0.20000000 0.82500000
v 0.77286700 0.20000000 0.82500000
v 0.35065000 0.10000100 0.62383100
v 0.35065000 0.10000100 0.62383100
v 0.35065000 0.10000100 0.62383100
v 0.36946000 0.19945000 0.66074300
v 0.36946000 0.19945000 0.66074300
v 0.36946000 0.19945000 0.66074300
v 0.36946000 0.19945000 0.66074300
v 0.25717200 0.10000100 0.59346200
v 0.25717200 0.10000100 0.59346200
v 0.25717200 0.10000100 0.59346200
v 0.22026000 0.19945000 0.61227100
v 0.22026000 0.19945000 0.61227100
v 0.22026000 0.19945000 0.61227100
v 0.22026000 0.19945000 0.61227100
v 0.38101900 0.10000100 0.53035300
v 0.38101900 0.10000100 0.53035300
v 0.38101900 0.10000100 0.53035300
v 0.41793100 0.19945000 0.51154400
v 0.41793100 0.19945000 0.51154400
v 0.41793100 0.19945000 0.51154400
v 0.41793100 0.19945000 0.51154400
v 0.28754100 0.10000100 0.49998400
v 0.28754100 0.10000100 0.49998400
v 0.28754100 0.10000100 0.49998400
v 0.26873200 0.19945000 0.46307200
v 0.26873200 0.19945000 0.46307200
v 0.26873200 0.19945000 0.46307200
v 0.26873200 0.19945000 0.46307200
v 0.36946000 0.22968800 0.66074300
v 0.36946000 0.22968800 0.66074300
v 0.36946000 0.22968800 0.66074300
v 0.22026000 0.22968800 0.61227100
v 0.22026000 0.22968800 0.61227100
v 0.22026000 0.22968800 0.61227100
v 0.26873200 0.22968800 0.46307200
v 0.26873200 0.22968800 0.46307200
v 0.26873200 0.22968800 0.46307200
v 0.41793100 0.22968800 0.51154400
v 0.41793100 0.22968800 0.51154400
v 0.41793100 0.22968800 0.51154400
v 0.28578700 0.22968800 0.49654200
v 0.28578700 0.22968800 0.49654200
v 0.28578700 0.22968800 0.49654200
v 0.25373000 0.22968800 0.59521600
v 0.25373000 0.22968800 0.59521600
v 0.25373000 0.22968800 0.59521600
v 0.35240400 0.22968800 0.62727400
v 0.35240400 0.22968800 0.62727400
v 0.35240400 0.22968800 0.62727400
v 0.38446200 0.22968800 0.52859900
v 0.38446200 0.22968800 0.52859900
v 0.38446200 0.22968800 0.52859900
v 0.31909600 0.19512800 0.56190800
v 0.31909600 0.19512800 0.56190800
v 0.31909600 0.19512800 0.56190800
v 0.31909600 0.19512800 0.56190800
v 0.39084100 0.40608700 0.56190500
v 0.26717800 0.25559600 0.48984100
v 0.40978700 0.32655700 0.51761100
v 0.37159100 0.25559600 0.49026100
v 0.31433400 0.21871300 0.53469400
v 0.32356000 0.21522000 0.58883000
v 0.31873800 0.25559600 0.65072600
v 0.40345700 0.25559600 0.58969300
v 0.27410200 0.25559600 0.62107500
v 0.38924800 0.32655700 0.63447200
v 0.24692900 0.32655700 0.63253000
v 0.33596900 0.32655700 0.46235400
v 0.41376500 0.32655700 0.59266300
v 0.22962800 0.32655700 0.51509600
v 0.33442900 0.43516000 0.51470800
v 0.29293200 0.36644700 0.64243800
v 0.27894700 0.43516000 0.59107900
v 0.27894400 0.43516000 0.53273900
v 0.21968900 0.32655700 0.57938600
v 0.27175400 0.32655700 0.47276700
v 0.33597500 0.32655700 0.66145900
v 0.24331800 0.25559600 0.56191000
v 0.32188600 0.48053100 0.56956800
v 0.32188600 0.48053100 0.56956800
v 0.32188600 0.48053100 0.56956800
v 0.32188600 0.48053100 0.56956800
v 0.44007000 2.50662200 -0.52682100
v 0.44007000 2.50662200 -0.52682100
v 0.44007000 2.50662200 -0.52682100
v 0.44007000 2.50662200 -0.52682100
v 0.44007000 2.50662200 -0.52682100
v 0.54150400 2.50662200 -0.54753200
v 0.54150400 2.50662200 -0.54753200
v 0.54150400 2.50662200 -0.54753200
v 0.63970500 2.50662200 -0.51475100
v 0.63970500 2.50662200 -0.51475100
v 0.63970500 2.50662200 -0.51475100
v 0.70835900 2.50662200 -0.43726100
v 0.70835900 2.50662200 -0.43726100
v 0.70835900 2.50662200 -0.43726100
v 0.70835900 2.50662200 -0.43726100
v 0.70835900 2.50662200 -0.43726100
v 0.72907000 2.50662200 -0.33582600
v 0.72907000 2.50662200 -0.33582600
v 0.72907000 2.50662200 -0.33582600
v 0.69628800 2.50662200 -0.23762600
v 0.69628800 2.50662200 -0.23762600
v 0.69628800 2.50662200 -0.23762600
v 0.61879900 2.50662200 -0.16897200
v 0.61879900 2.50662200 -0.16897200
v 0.61879900 2.50662200 -0.16897200
v 0.61879900 2.50662200 -0.16897200
v 0.61879900 2.50662200 -0.16897200
v 0.51736400 2.50662200 -0.14826100
v 0.51736400 2.50662200 -0.14826100
v 0.51736400 2.50662200 -0.14826100
v 0.41916300 2.50662200 -0.18104200
v 0.41916300 2.50662200 -0.18104200
v 0.41916300 2.50662200 -0.18104200
v 0.35051000 2.50662200 -0.25853200
v 0.35051000 2.50662200 -0.25853200
v 0.35051000 2.50662200 -0.25853200
v 0.35051000 2.50662200 -0.25853200
v 0.35051000 2.50662200 -0.25853200
v 0.32979900 2.50662200 -0.35996700
v 0.32979900 2.50662200 -0.35996700
v 0.32979900 2.50662200 -0.35996700
v 0.36258000 2.50662200 -0.45816700
v 0.36258000 2.50662200 -0.45816700
v 0.36258000 2.50662200 -0.45816700
v 0.41404600 2.84871400 -0.57892600
v 0.41404600 2.84871400 -0.57892600
v 0.41404600 2.84871400 -0.57892600
v 0.52943400 2.97662200 -0.34789700
v 0.54501900 2.84871400 -0.60566800
v 0.54501900 2.84871400 -0.60566800
v 0.54501900 2.84871400 -0.60566800
v 0.67181700 2.84871400 -0.56334100
v 0.67181700 2.84871400 -0.56334100
v 0.67181700 2.84871400 -0.56334100
v 0.76046400 2.84871400 -0.46328500
v 0.76046400 2.84871400 -0.46328500
v 0.76046400 2.84871400 -0.46328500
v 0.78720600 2.84871400 -0.33231100
v 0.78720600 2.84871400 -0.33231100
v 0.78720600 2.84871400 -0.33231100
v 0.74487900 2.84871400 -0.20551400
v 0.74487900 2.84871400 -0.20551400
v 0.74487900 2.84871400 -0.20551400
v 0.64482300 2.84871400 -0.11686700
v 0.64482300 2.84871400 -0.11686700
v 0.64482300 2.84871400 -0.11686700
v 0.51384900 2.84871400 -0.09012500
v 0.51384900 2.84871400 -0.09012500
v 0.51384900 2.84871400 -0.09012500
v 0.38705100 2.84871400 -0.13245200
v 0.38705100 2.84871400 -0.13245200
v 0.38705100 2.84871400 -0.13245200
v 0.29840500 2.84871400 -0.23250800
v 0.29840500 2.84871400 -0.23250800
v 0.29840500 2.84871400 -0.23250800
v 0.27166200 2.84871400 -0.36348200
v 0.27166200 2.84871400 -0.36348200
v 0.27166200 2.84871400 -0.36348200
v 0.31399000 2.84871400 -0.49028000
v 0.31399000 2.84871400 -0.49028000
v 0.31399000 2.84871400 -0.49028000
v 0.54150400 2.80110400 -0.54753200
v 0.54150400 2.80110400 -0.54753200
v 0.44007000 2.80110400 -0.52682100
v 0.44007000 2.80110400 -0.52682100
v 0.63970500 2.80110400 -0.51475100
v 0.63970500 2.80110400 -0.51475100
v 0.70835900 2.80110400 -0.43726100
v 0.70835900 2.80110400 -0.43726100
v 0.72907000 2.80110400 -0.33582600
v 0.72907000 2.80110400 -0.33582600
v 0.69628800 2.80110400 -0.23762600
v 0.69628800 2.80110400 -0.23762600
v 0.61879900 2.80110400 -0.16897200
v 0.61879900 2.80110400 -0.16897200
v 0.51736400 2.80110400 -0.14826100
v 0.51736400 2.80110400 -0.14826100
v 0.41916300 2.80110400 -0.18104200
v 0.41916300 2.80110400 -0.18104200
v 0.35051000 2.80110400 -0.25853200
v 0.35051000 2.80110400 -0.25853200
v 0.32979900 2.80110400 -0.35996700
v 0.32979900 2.80110400 -0.35996700
v 0.36258000 2.80110400 -0.45816700
v 0.36258000 2.80110400 -0.45816700
v 0.41404600 2.80968100 -0.57892600
v 0.41404600 2.80968100 -0.57892600
v 0.54501900 2.80968100 -0.60566800
v 0.54501900 2.80968100 -0.60566800
v 0.67181700 2.80968100 -0.56334100
v 0.67181700 2.80968100 -0.56334100
v 0.76046400 2.80968100 -0.46328500
v 0.76046400 2.80968100 -0.46328500
v 0.78720600 2.80968100 -0.33231100
v 0.78720600 2.80968100 -0.33231100
v 0.74487900 2.80968100 -0.20551400
v 0.74487900 2.80968100 -0.20551400
v 0.64482300 2.80968100 -0.11686700
v 0.64482300 2.80968100 -0.11686700
v 0.51384900 2.80968100 -0.09012500
v 0.51384900 2.80968100 -0.09012500
v 0.38705100 2.80968100 -0.13245200
v 0.38705100 2.80968100 -0.13245200
v 0.29840500 2.80968100 -0.23250800
v 0.29840500 2.80968100 -0.23250800
v 0.27166200 2.80968100 -0.36348200
v 0.27166200 2.80968100 -0.36348200
v 0.31399000 2.80968100 -0.49028000
v 0.31399000 2.80968100 -0.49028000
v 0.35582800 2.46262200 -0.26118800
v 0.35582800 2.46262200 -0.26118800
v 0.35582800 2.46262200 -0.26118800
v 0.44272600 2.46262200 -0.52150200
v 0.44272600 2.46262200 -0.52150200
v 0.44272600 2.46262200 -0.52150200
v 0.70304000 2.46262200 -0.43460500
v 0.70304000 2.46262200 -0.43460500
v 0.70304000 2.46262200 -0.43460500
v 0.61614200 2.46262200 -0.17429100
v 0.61614200 2.46262200 -0.17429100
v 0.61614200 2.46262200 -0.17429100
v 0.66389600 2.30662100 -0.41505300
v 0.66389600 2.30662100 -0.41505300
v 0.67888100 2.30662100 -0.45994300
v 0.67888100 2.30662100 -0.45994300
v 0.72377100 2.30662100 -0.44495700
v 0.72377100 2.30662100 -0.44495700
v 0.70878600 2.30662100 -0.40006800
v 0.70878600 2.30662100 -0.40006800
v 0.58281600 2.50572400 -0.37455800
v 0.58281600 2.50572400 -0.37455800
v 0.59866100 2.50572400 -0.42202300
v 0.59866100 2.50572400 -0.42202300
v 0.64612600 2.50572400 -0.40617800
v 0.64612600 2.50572400 -0.40617800
v 0.63028100 2.50572400 -0.35871300
v 0.63028100 2.50572400 -0.35871300
v 0.41738900 2.30662100 -0.49734100
v 0.41738900 2.30662100 -0.49734100
v 0.43237400 2.30662100 -0.54223100
v 0.43237400 2.30662100 -0.54223100
v 0.47726400 2.30662100 -0.52724600
v 0.47726400 2.30662100 -0.52724600
v 0.46227900 2.30662100 -0.48235600
v 0.46227900 2.30662100 -0.48235600
v 0.45530800 2.50572400 -0.41712300
v 0.45530800 2.50572400 -0.41712300
v 0.47115300 2.50572400 -0.46458700
v 0.47115300 2.50572400 -0.46458700
v 0.51861800 2.50572400 -0.44874300
v 0.51861800 2.50572400 -0.44874300
v 0.50277300 2.50572400 -0.40127800
v 0.50277300 2.50572400 -0.40127800
v 0.58160700 2.30662100 -0.16854600
v 0.58160700 2.30662100 -0.16854600
v 0.59659300 2.30662100 -0.21343600
v 0.59659300 2.30662100 -0.21343600
v 0.64148200 2.30662100 -0.19845100
v 0.64148200 2.30662100 -0.19845100
v 0.62649700 2.30662100 -0.15356100
v 0.62649700 2.30662100 -0.15356100
v 0.54025200 2.50572400 -0.24705000
v 0.54025200 2.50572400 -0.24705000
v 0.55609600 2.50572400 -0.29451500
v 0.55609600 2.50572400 -0.29451500
v 0.60356100 2.50572400 -0.27867000
v 0.60356100 2.50572400 -0.27867000
v 0.58771700 2.50572400 -0.23120600
v 0.58771700 2.50572400 -0.23120600
v 0.33510100 2.30662100 -0.25083500
v 0.33510100 2.30662100 -0.25083500
v 0.35008600 2.30662100 -0.29572400
v 0.35008600 2.30662100 -0.29572400
v 0.39497600 2.30662100 -0.28073900
v 0.39497600 2.30662100 -0.28073900
v 0.37999100 2.30662100 -0.23584900
v 0.37999100 2.30662100 -0.23584900
v 0.41274400 2.50572400 -0.28961500
v 0.41274400 2.50572400 -0.28961500
v 0.42858900 2.50572400 -0.33707900
v 0.42858900 2.50572400 -0.33707900
v 0.47605300 2.50572400 -0.32123500
v 0.47605300 2.50572400 -0.32123500
v 0.46020900 2.50572400 -0.27377000
v 0.46020900 2.50572400 -0.27377000
v 0.59827900 2.30662200 -0.36464600
v 0.59827900 2.30662200 -0.36464600
v 0.59827900 2.49128700 -0.36464600
v 0.59827900 2.49128700 -0.36464600
v 0.62327100 2.30662200 -0.33643800
v 0.62327100 2.30662200 -0.33643800
v 0.62327100 2.49128700 -0.33643800
v 0.62327100 2.49128700 -0.33643800
v 0.61133700 2.30662200 -0.30069000
v 0.61133700 2.30662200 -0.30069000
v 0.61133700 2.49128700 -0.30069000
v 0.61133700 2.49128700 -0.30069000
v 0.57441200 2.30662200 -0.29315100
v 0.57441200 2.30662200 -0.29315100
v 0.57441200 2.49128700 -0.29315100
v 0.57441200 2.49128700 -0.29315100
v 0.54942100 2.30662200 -0.32135900
v 0.54942100 2.30662200 -0.32135900
v 0.54942100 2.49128700 -0.32135900
v 0.54942100 2.49128700 -0.32135900
v 0.56135400 2.30662200 -0.35710700
v 0.56135400 2.30662200 -0.35710700
v 0.56135400 2.49128700 -0.35710700
v 0.56135400 2.49128700 -0.35710700
vn -1.00000000 0.00000000 0.00000000
vn 0.00000000 -1.00000000 0.00000000
vn 0.00000000 0.00000000 1.00000000
vn -1.00000000 0.00000000 0.00000000
vn 0.00000000 0.00000000 1.00000000
vn 0.00000000 1.00000000 0.00000000
vn -1.00000000 0.00000000 0.00000000
vn 0.00000000 0.00000000 -1.00000000
vn 0.00000000 -1.00000000 0.00000000
vn 0.00000000 0.00000000 -1.00000000
vn 0.00000000 1.00000000 0.00000000
vn -1.00000000 0.00000000 0.00000000
vn 1.00000000 0.00000000 0.00000000
vn 0.00000000 0.00000000 1.00000000
vn 0.00000000 -1.00000000 0.00000000
vn 0.00000000 0.00000000 1.00000000
vn 1.00000000 0.00000000 0.00000000
vn 0.00000000 1.00000000 0.00000000
vn 1.00000000 0.00000000 0.00000000
vn 0.00000000 0.00000000 -1.00000000
vn 0.00000000 -1.00000000 0.00000000
vn 1.00000000 0.00000000 0.00000000
vn 0.00000000 1.00000000 0.00000000
vn 0.00000000 0.00000000 -1.00000000
vn 0.00000000 0.00000000 -1.00000000
vn 0.00000000 -1.00000000 0.00000000
vn 0.00000000 0.00000000 -1.00000000
vn 0.00000000 -1.00000000 0.00000000
vn 0.00000000 0.00000000 -1.00000000
vn 0.00000000 0.00000000 -1.00000000
vn 0.00000000 0.00000000 -1.00000000
vn 0.00000000 1.00000000 0.00000000
vn 0.00000000 0.00000000 -1.00000000
vn 0.00000000 1.00000000 0.00000000
vn 0.00000000 1.00000000 0.00000000
vn 0.00000000 0.00000000 -1.00000000
vn 0.00000000 1.00000000 0.00000000
vn 0.00000000 0.00000000 -1.00000000
vn 0.00000000 0.00000000 1.00000000
vn 0.00000000 0.00000000 1.00000000
vn 0.00000000 -1.00000000 0.00000000
vn 0.00000000 0.00000000 1.00000000
vn 0.00000000 0.00000000 1.00000000
vn 0.00000000 -1.00000000 0.00000000
vn 0.00000000 1.00000000 0.00000000
vn 0.00000000 0.00000000 1.00000000
vn 0.00000000 1.00000000 0.00000000
vn 0.00000000 0.00000000 1.00000000
vn 0.00000000 0.00000000 1.00000000
vn 0.00000000 0.00000000 1.00000000
vn 0.00000000 1.00000000 0.00000000
vn 0.00000000 1.00000000 0.00000000
vn -1.00000000 0.00000000 0.00000000
vn 0.00000000 -1.00000000 0.00000000
vn -1.00000000 0.00000000 0.00000000
vn 0.00000000 -1.00000000 0.00000000
vn -1.00000000 0.00000000 0.00000000
vn -1.00000000 0.00000000 0.00000000
vn 0.00000000 1.00000000 0.00000000
vn -1.00000000 0.00000000 0.00000000
vn -1.00000000 0.00000000 0.00000000
vn 0.00000000 1.00000000 0.00000000
vn -1.00000000 0.00000000 0.00000000
vn -1.00000000 0.00000000 0.00000000
vn 0.00000000 1.00000000 0.00000000
vn 0.00000000 1.00000000 0.00000000
vn 1.00000000 0.00000000 0.00000000
vn 1.00000000 0.00000000 0.00000000
vn 0.00000000 -1.00000000 0.00000000
vn 0.00000000 -1.00000000 0.00000000
vn 1.00000000 0.00000000 0.00000000
vn 1.00000000 0.00000000 0.00000000
vn 1.00000000 0.00000000 0.00000000
vn 0.00000000 1.00000000 0.00000000
vn 0.00000000 1.00000000 0.00000000
vn 1.00000000 0.00000000 0.00000000
vn 0.00000000 1.00000000 0.00000000
vn 1.00000000 0.00000000 0.00000000
vn 0.00000000 1.00000000 0.00000000
vn 1.00000000 0.00000000 0.00000000
vn 0.00000000 1.00000000 0.00000000
vn 0.00000000 1.00000000 0.00000000
vn 0.00000000 1.00000000 0.00000000
vn 0.00000000 1.00000000 0.00000000
vn 0.00000000 1.00000000 0.00000000
vn 0.00000000 1.00000000 0.00000000
vn 0.00000000 1.00000000 0.00000000
vn 0.00000000 1.00000000 0.00000000
vn 0.00000000 1.00000000 0.00000000
vn 0.00000000 1.00000000 0.00000000
vn 0.00000000 1.00000000 0.00000000
vn 0.00000000 1.00000000 0.00000000
vn 0.00000000 -1.00000000 0.00000000
vn 0.00000000 -1.00000000 0.00000000
vn 0.00000000 -1.00000000 0.00000000
vn 0.00000000 -1.00000000 0.00000000
vn 0.00000000 0.00000000 -1.00000000
vn 1.00000000 0.00000000 0.00000000
vn 0.00000000 0.00000000 1.00000000
vn 1.00000000 0.00000000 0.00000000
vn 0.00000000 0.00000000 1.00000000
vn 1.00000000 0.00000000 0.00000000
vn 0.00000000 0.00000000 -1.00000000
vn -1.00000000 0.00000000 0.00000000
vn 0.00000000 0.00000000 -1.00000000
vn 1.00000000 0.00000000 0.00000000
vn 0.00000000 0.00000000 1.00000000
vn 0.00000000 0.00000000 1.00000000
vn 0.00000000 0.00000000 1.00000000
vn 1.00000000 0.00000000 0.00000000
vn 0.00000000 0.00000000 1.00000000
vn 0.00000000 0.00000000 1.00000000
vn -1.00000000 0.00000000 0.00000000
vn 0.00000000 1.00000000 0.00000000
vn -1.00000000 0.00000000 0.00000000
vn 0.00000000 -1.00000000 0.00000000
vn 0.00000000 0.00000000 1.00000000
vn 1.00000000 0.00000000 0.00000000
vn 0.00000000 -1.00000000 0.00000000
vn 0.00000000 0.00000000 1.00000000
vn 0.00000000 1.00000000 0.00000000
vn 1.00000000 0.00000000 0.00000000
vn 0.00000000 0.00000000 1.00000000
vn 0.00000000 1.00000000 0.00000000
vn -1.00000000 0.00000000 0.00000000
vn 0.00000000 0.00000000 1.00000000
vn 0.00000000 0.00000000 1.00000000
vn 0.00000000 -1.00000000 0.00000000
vn -1.00000000 0.00000000 0.00000000
vn 0.00000000 -1.00000000 0.00000000
vn 0.00000000 0.00000000 1.00000000
vn 1.00000000 0.00000000 0.00000000
vn 0.00000000 1.00000000 0.00000000
vn 1.00000000 0.00000000 0.00000000
vn 0.00000000 0.00000000 1.00000000
vn -1.00000000 0.00000000 0.00000000
vn 0.00000000 0.00000000 1.00000000
vn 0.00000000 1.00000000 0.00000000
vn 0.00000000 -1.00000000 0.00000000
vn 0.00000000 0.00000000 1.00000000
vn -1.00000000 0.00000000 0.00000000
vn 0.00000000 0.00000000 1.00000000
vn 1.00000000 0.00000000 0.00000000
vn 0.00000000 -1.00000000 0.00000000
vn 0.00000000 0.00000000 1.00000000
vn 1.00000000 0.00000000 0.00000000
vn 0.00000000 1.00000000 0.00000000
vn 0.00000000 1.00000000 0.00000000
vn 0.00000000 0.00000000 1.00000000
vn -1.00000000 0.00000000 0.00000000
vn -1.00000000 0.00000000 0.00000000
vn 0.00000000 -1.00000000 0.00000000
vn 0.00000000 0.00000000 1.00000000
vn 0.00000000 -1.00000000 0.00000000
vn 0.00000000 0.00000000 1.00000000
vn 1.00000000 0.00000000 0.00000000
vn 0.00000000 1.00000000 0.00000000
vn 0.00000000 0.00000000 1.00000000
vn 1.00000000 0.00000000 0.00000000
vn 0.00000000 1.00000000 0.00000000
vn -1.00000000 0.00000000 0.00000000
vn 1.00000000 0.00000000 0.00000000
vn 0.00000000 1.00000000 0.00000000
vn -1.00000000 0.00000000 0.00000000
vn 0.00000000 1.00000000 0.00000000
vn 1.00000000 0.00000000 0.00000000
vn 0.00000000 1.00000000 0.00000000
vn -1.00000000 0.00000000 0.00000000
vn 0.00000000 -1.00000000 0.00000000
vn 0.00000000 1.00000000 0.00000000
vn -1.00000000 0.00000000 0.00000000
vn 1.00000000 0.00000000 0.00000000
vn 0.00000000 1.00000000 0.00000000
vn 0.00000000 -1.00000000 0.00000000
vn 1.00000000 0.00000000 0.00000000
vn -1.00000000 0.00000000 0.00000000
vn 0.00000000 -1.00000000 0.00000000
vn 1.00000000 0.00000000 0.00000000
vn 0.00000000 -1.00000000 0.00000000
vn -1.00000000 0.00000000 0.00000000
vn 0.00000000 -1.00000000 0.00000000
vn 0.00000000 -1.00000000 0.00000000
vn 1.00000000 0.00000000 0.00000000
vn 0.00000000 -1.00000000 0.00000000
vn -1.00000000 0.00000000 0.00000000
vn -1.00000000 0.00000000 0.00000000
vn 0.00000000 1.00000000 0.00000000
vn 1.00000000 0.00000000 0.00000000
vn 0.00000000 1.00000000 0.00000000
vn 0.00000000 -1.00000000 0.00000000
vn 1.00000000 0.00000000 0.00000000
vn 0.00000000 0.00000000 -1.00000000
vn 1.00000000 0.00000000 0.00000000
vn -1.00000000 0.00000000 0.00000000
vn 0.00000000 0.00000000 -1.00000000
vn 0.00000000 0.00000000 1.00000000
vn -1.00000000 0.00000000 0.00000000
vn -1.00000000 0.00000000 0.00000000
vn 0.00000000 0.00000000 -1.00000000
vn 0.00000000 0.00000000 1.00000000
vn -1.00000000 0.00000000 0.00000000
vn -1.00000000 0.00000000 0.00000000
vn 0.00000000 1.00000000 0.00000000
vn -1.00000000 0.00000000 0.00000000
vn 0.00000000 -1.00000000 0.00000000
vn 1.00000000 0.00000000 0.00000000
vn 0.00000000 1.00000000 0.00000000
vn 1.00000000 0.00000000 0.00000000
vn 0.00000000 -1.00000000 0.00000000
vn -1.00000000 0.00000000 0.00000000
vn 0.00000000 -1.00000000 0.00000000
vn 0.00000000 -1.00000000 0.00000000
vn 1.00000000 0.00000000 0.00000000
vn 0.00000000 1.00000000 0.00000000
vn 1.00000000 0.00000000 0.00000000
vn 0.00000000 1.00000000 0.00000000
vn -1.00000000 0.00000000 0.00000000
vn -1.00000000 0.00000000 0.00000000
vn 0.00000000 -1.00000000 0.00000000
vn 0.00000000 0.00000000 1.00000000
vn 0.00000000 1.00000000 0.00000000
vn -1.00000000 0.00000000 0.00000000
vn 0.00000000 0.00000000 1.00000000
vn 1.00000000 0.00000000 0.00000000
vn 0.00000000 1.00000000 0.00000000
vn 0.00000000 0.00000000 1.00000000
vn 0.00000000 -1.00000000 0.00000000
vn 1.00000000 0.00000000 0.00000000
vn 0.00000000 0.00000000 1.00000000
vn 0.00000000 0.00000000 1.00000000
vn 0.00000000 -1.00000000 0.00000000
vn 1.00000000 0.00000000 0.00000000
vn 0.00000000 -1.00000000 0.00000000
vn 0.00000000 0.00000000 1.00000000
vn -1.00000000 0.00000000 0.00000000
vn -1.00000000 0.00000000 0.00000000
vn 0.00000000 1.00000000 0.00000000
vn 0.00000000 0.00000000 1.00000000
vn 0.00000000 1.00000000 0.00000000
vn 0.00000000 0.00000000 1.00000000
vn 1.00000000 0.00000000 0.00000000
vn 0.00000000 0.00000000 1.00000000
vn -1.00000000 0.00000000 0.00000000
vn 0.00000000 0.00000000 1.00000000
vn 0.00000000 0.00000000 1.00000000
vn 0.00000000 0.00000000 1.00000000
vn 1.00000000 0.00000000 0.00000000
vn 0.00000000 0.00000000 -1.00000000
vn 1.00000000 0.00000000 0.00000000
vn 0.00000000 0.00000000 1.00000000
vn 0.00000000 1.00000000 0.00000000
vn -1.00000000 0.00000000 0.00000000
vn 0.00000000 0.00000000 1.00000000
vn 0.00000000 0.00000000 1.00000000
vn 0.00000000 -1.00000000 0.00000000
vn -1.00000000 0.00000000 0.00000000
vn 0.00000000 0.00000000 1.00000000
vn 0.00000000 -1.00000000 0.00000000
vn 1.00000000 0.00000000 0.00000000
vn 1.00000000 0.00000000 0.00000000
vn 0.00000000 0.00000000 1.00000000
vn 0.00000000 1.00000000 0.00000000
vn 0.00000000 0.00000000 1.00000000
vn 0.00000000 1.00000000 0.00000000
vn -1.00000000 0.00000000 0.00000000
vn -1.00000000 0.00000000 0.00000000
vn 0.00000000 0.00000000 1.00000000
vn 0.00000000 -1.00000000 0.00000000
vn 0.00000000 -1.00000000 0.00000000
vn 0.00000000 0.00000000 1.00000000
vn 1.00000000 0.00000000 0.00000000
vn 0.00000000 1.00000000 0.00000000
vn 0.00000000 0.00000000 1.00000000
vn 1.00000000 0.00000000 0.00000000
vn 0.00000000 -1.00000000 0.00000000
vn -1.00000000 0.00000000 0.00000000
vn 0.00000000 1.00000000 0.00000000
vn -1.00000000 0.00000000 0.00000000
vn 0.00000000 1.00000000 0.00000000
vn 1.00000000 0.00000000 0.00000000
vn 0.00000000 -1.00000000 0.00000000
vn 1.00000000 0.00000000 0.00000000
vn 0.00000000 -1.00000000 0.00000000
vn -1.00000000 0.00000000 0.00000000
vn 0.00000000 1.00000000 0.00000000
vn -1.00000000 0.00000000 0.00000000
vn 1.00000000 0.00000000 0.00000000
vn 0.00000000 1.00000000 0.00000000
vn 1.00000000 0.00000000 0.00000000
vn 0.00000000 -1.00000000 0.00000000
vn 0.00000000 1.00000000 0.00000000
vn -1.00000000 0.00000000 0.00000000
vn 0.00000000 -1.00000000 0.00000000
vn -1.00000000 0.00000000 0.00000000
vn 1.00000000 0.00000000 0.00000000
vn 0.00000000 1.00000000 0.00000000
vn 0.00000000 -1.00000000 0.00000000
vn 1.00000000 0.00000000 0.00000000
vn -1.00000000 0.00000000 0.00000000
vn 0.00000000 -1.00000000 0.00000000
vn 0.00000000 0.00000000 1.00000000
vn 0.00000000 1.00000000 0.00000000
vn -1.00000000 0.00000000 0.00000000
vn 0.00000000 0.00000000 1.00000000
vn 0.00000000 1.00000000 0.00000000
vn 1.00000000 0.00000000 0.00000000
vn 0.00000000 0.00000000 1.00000000
vn 0.00000000 0.00000000 1.00000000
vn 0.00000000 -1.00000000 0.00000000
vn 1.00000000 0.00000000 0.00000000
vn 0.00000000 0.00000000 1.00000000
vn 1.00000000 0.00000000 0.00000000
vn 0.00000000 0.00000000 -1.00000000
vn 0.00000000 0.00000000 1.00000000
vn 0.00000000 0.00000000 -1.00000000
vn -1.00000000 0.00000000 0.00000000
vn -1.00000000 0.00000000 0.00000000
vn 0.00000000 0.00000000 1.00000000
vn 1.00000000 0.00000000 0.00000000
vn 0.00000000 0.00000000 1.00000000
vn 0.00000000 0.00000000 1.00000000
vn 0.00000000 0.00000000 1.00000000
vn -1.00000000 0.00000000 0.00000000
vn 0.00000000 1.00000000 0.00000000
vn -1.00000000 0.00000000 0.00000000
vn 0.00000000 -1.00000000 0.00000000
vn 0.00000000 0.00000000 1.00000000
vn 0.00000000 -1.00000000 0.00000000
vn 0.00000000 0.00000000 1.00000000
vn 1.00000000 0.00000000 0.00000000
vn 0.00000000 0.00000000 1.00000000
vn 1.00000000 0.00000000 0.00000000
vn 0.00000000 1.00000000 0.00000000
vn 0.00000000 1.00000000 0.00000000
vn -1.00000000 0.00000000 0.00000000
vn 0.00000000 0.00000000 1.00000000
vn 0.00000000 0.00000000 1.00000000
vn 0.00000000 -1.00000000 0.00000000
vn -1.00000000 0.00000000 0.00000000
vn 1.00000000 0.00000000 0.00000000
vn 0.00000000 -1.00000000 0.00000000
vn 0.00000000 0.00000000 1.00000000
vn 0.00000000 0.00000000 1.00000000
vn 0.00000000 1.00000000 0.00000000
vn 1.00000000 0.00000000 0.00000000
vn 0.00000000 -1.00000000 0.00000000
vn -1.00000000 0.00000000 0.00000000
vn 0.00000000 1.00000000 0.00000000
vn -1.00000000 0.00000000 0.00000000
vn 1.00000000 0.00000000 0.00000000
vn 0.00000000 1.00000000 0.00000000
vn 0.00000000 -1.00000000 0.00000000
vn 1.00000000 0.00000000 0.00000000
vn -1.00000000 0.00000000 0.00000000
vn 0.00000000 -1.00000000 0.00000000
vn 0.00000000 1.00000000 0.00000000
vn -1.00000000 0.00000000 0.00000000
vn 1.00000000 0.00000000 0.00000000
vn 0.00000000 1.00000000 0.00000000
vn 0.00000000 -1.00000000 0.00000000
vn 1.00000000 0.00000000 0.00000000
vn 0.00000000 0.00000000 -1.00000000
vn -1.00000000 0.00000000 0.00000000
vn 0.00000000 0.00000000 1.00000000
vn -1.00000000 0.00000000 0.00000000
vn -1.00000000 0.00000000 0.00000000
vn 0.00000000 1.00000000 0.00000000
vn -1.00000000 0.00000000 0.00000000
vn 0.00000000 -1.00000000 0.00000000
vn 1.00000000 0.00000000 0.00000000
vn 0.00000000 1.00000000 0.00000000
vn 0.00000000 -1.00000000 0.00000000
vn 1.00000000 0.00000000 0.00000000
vn -1.00000000 0.00000000 0.00000000
vn 0.00000000 -1.00000000 0.00000000
vn 0.00000000 0.00000000 1.00000000
vn 0.00000000 1.00000000 0.00000000
vn 0.00000000 0.00000000 1.00000000
vn -1.00000000 0.00000000 0.00000000
vn 0.00000000 1.00000000 0.00000000
vn 1.00000000 0.00000000 0.00000000
vn 0.00000000 0.00000000 1.00000000
vn 1.00000000 0.00000000 0.00000000
vn 0.00000000 -1.00000000 0.00000000
vn 0.00000000 0.00000000 1.00000000
vn 0.00000000 0.00000000 1.00000000
vn 0.00000000 0.00000000 -1.00000000
vn 1.00000000 0.00000000 0.00000000
vn 0.00000000 0.00000000 1.00000000
vn 0.00000000 0.00000000 1.00000000
vn 0.00000000 0.00000000 -1.00000000
vn 1.00000000 0.00000000 0.00000000
vn 0.00000000 0.00000000 1.00000000
vn 0.00000000 0.00000000 1.00000000
vn 1.00000000 0.00000000 0.00000000
vn 0.00000000 0.00000000 -1.00000000
vn 0.00000000 0.00000000 1.00000000
vn 1.00000000 0.00000000 0.00000000
vn 0.00000000 1.00000000 0.00000000
vn 0.00000000 0.00000000 1.00000000
vn 0.00000000 0.00000000 1.00000000
vn -1.00000000 0.00000000 0.00000000
vn 0.00000000 1.00000000 0.00000000
vn 0.00000000 -1.00000000 0.00000000
vn -1.00000000 0.00000000 0.00000000
vn 0.00000000 0.00000000 1.00000000
vn 0.00000000 0.00000000 1.00000000
vn 1.00000000 0.00000000 0.00000000
vn 0.00000000 -1.00000000 0.00000000
vn 0.00000000 -1.00000000 0.00000000
vn 1.00000000 0.00000000 0.00000000
vn 0.00000000 0.00000000 1.00000000
vn 0.00000000 0.00000000 1.00000000
vn 0.00000000 1.00000000 0.00000000
vn 1.00000000 0.00000000 0.00000000
vn 0.00000000 1.00000000 0.00000000
vn 0.00000000 0.00000000 1.00000000
vn -1.00000000 0.00000000 0.00000000
vn 0.00000000 -1.00000000 0.00000000
vn -1.00000000 0.00000000 0.00000000
vn 0.00000000 0.00000000 1.00000000
vn -1.00000000 0.00000000 0.00000000
vn 0.00000000 1.00000000 0.00000000
vn 1.00000000 0.00000000 0.00000000
vn 0.00000000 1.00000000 0.00000000
vn 1.00000000 0.00000000 0.00000000
vn 0.00000000 -1.00000000 0.00000000
vn 0.00000000 -1.00000000 0.00000000
vn -1.00000000 0.00000000 0.00000000
vn 1.00000000 0.00000000 0.00000000
vn 0.00000000 -1.00000000 0.00000000
vn 0.00000000 1.00000000 0.00000000
vn 1.00000000 0.00000000 0.00000000
vn 0.00000000 -1.00000000 0.00000000
vn -1.00000000 0.00000000 0.00000000
vn -1.00000000 0.00000000 0.00000000
vn 0.00000000 1.00000000 0.00000000
vn 0.00000000 1.00000000 0.00000000
vn -1.00000000 0.00000000 0.00000000
vn -1.00000000 0.00000000 0.00000000
vn 0.00000000 -1.00000000 0.00000000
vn 1.00000000 0.00000000 0.00000000
vn 0.00000000 1.00000000 0.00000000
vn 0.00000000 -1.00000000 0.00000000
vn 1.00000000 0.00000000 0.00000000
vn -1.00000000 0.00000000 0.00000000
vn 0.00000000 -1.00000000 0.00000000
vn 0.00000000 -1.00000000 0.00000000
vn 1.00000000 0.00000000 0.00000000
vn 0.00000000 1.00000000 0.00000000
vn 1.00000000 0.00000000 0.00000000
vn -1.00000000 0.00000000 0.00000000
vn 0.00000000 1.00000000 0.00000000
vn 0.00000000 0.00000000 1.00000000
vn 0.00000000 -1.00000000 0.00000000
vn -1.00000000 0.00000000 0.00000000
vn 0.00000000 0.00000000 1.00000000
vn 0.00000000 1.00000000 0.00000000
vn -1.00000000 0.00000000 0.00000000
vn 1.00000000 0.00000000 0.00000000
vn 0.00000000 1.00000000 0.00000000
vn 0.00000000 0.00000000 1.00000000
vn 0.00000000 -1.00000000 0.00000000
vn 1.00000000 0.00000000 0.00000000
vn 0.00000000 0.00000000 1.00000000
vn 0.00000000 -1.00000000 0.00000000
vn 1.00000000 0.00000000 0.00000000
vn 0.00000000 0.00000000 1.00000000
vn 0.00000000 0.00000000 1.00000000
vn 0.00000000 -1.00000000 0.00000000
vn -1.00000000 0.00000000 0.00000000
vn 0.00000000 0.00000000 1.00000000
vn -1.00000000 0.00000000 0.00000000
vn 0.00000000 1.00000000 0.00000000
vn 0.00000000 1.00000000 0.00000000
vn 0.00000000 0.00000000 1.00000000
vn 1.00000000 0.00000000 0.00000000
vn 0.00000000 0.00000000 1.00000000
vn 1.00000000 0.00000000 0.00000000
vn 0.00000000 0.00000000 1.00000000
vn 0.00000000 0.00000000 1.00000000
vn 1.00000000 0.00000000 0.00000000
vn 0.00000000 0.00000000 1.00000000
vn 1.00000000 0.00000000 0.00000000
vn 1.00000000 0.00000000 0.00000000
vn 0.00000000 0.00000000 -1.00000000
vn 0.00000000 0.00000000 1.00000000
vn 0.00000000 0.00000000 1.00000000
vn 0.00000000 -1.00000000 0.00000000
vn 0.00000000 0.00000000 1.00000000
vn 1.00000000 0.00000000 0.00000000
vn 0.00000000 0.00000000 1.00000000
vn 1.00000000 0.00000000 0.00000000
vn 0.00000000 1.00000000 0.00000000
vn 0.00000000 1.00000000 0.00000000
vn -1.00000000 0.00000000 0.00000000
vn 0.00000000 0.00000000 1.00000000
vn 0.00000000 0.00000000 1.00000000
vn -1.00000000 0.00000000 0.00000000
vn 0.00000000 -1.00000000 0.00000000
vn 1.00000000 0.00000000 0.00000000
vn 0.00000000 -1.00000000 0.00000000
vn 0.00000000 1.00000000 0.00000000
vn 1.00000000 0.00000000 0.00000000
vn 0.00000000 -1.00000000 0.00000000
vn -1.00000000 0.00000000 0.00000000
vn -1.00000000 0.00000000 0.00000000
vn 0.00000000 1.00000000 0.00000000
vn 0.00000000 1.00000000 0.00000000
vn -1.00000000 0.00000000 0.00000000
vn -1.00000000 0.00000000 0.00000000
vn 0.00000000 -1.00000000 0.00000000
vn 1.00000000 0.00000000 0.00000000
vn 0.00000000 1.00000000 0.00000000
vn 0.00000000 -1.00000000 0.00000000
vn 1.00000000 0.00000000 0.00000000
vn 0.00000000 0.00000000 1.00000000
vn -1.00000000 0.00000000 0.00000000
vn 0.00000000 -1.00000000 0.00000000
vn 0.00000000 0.00000000 1.00000000
vn -1.00000000 0.00000000 0.00000000
vn 0.00000000 1.00000000 0.00000000
vn 1.00000000 0.00000000 0.00000000
vn 0.00000000 1.00000000 0.00000000
vn 0.00000000 0.00000000 1.00000000
vn 1.00000000 0.00000000 0.00000000
vn 0.00000000 -1.00000000 0.00000000
vn 0.00000000 0.00000000 1.00000000
vn 0.00000000 0.00000000 1.00000000
vn 1.00000000 0.00000000 0.00000000
vn 0.00000000 0.00000000 -1.00000000
vn 0.00000000 0.00000000 -1.00000000
vn 0.00000000 0.00000000 -1.00000000
vn 0.00000000 0.00000000 -1.00000000
vn 0.00000000 0.00000000 1.00000000
vn 0.00000000 0.00000000 1.00000000
vn 0.00000000 0.00000000 1.00000000
vn 0.00000000 0.00000000 1.00000000
vn 0.00000000 1.00000000 0.00000000
vn -1.00000000 0.00000000 0.00000000
vn 0.00000000 -1.00000000 0.00000000
vn 0.00000000 0.00000000 1.00000000
vn -1.00000000 0.00000000 0.00000000
vn 0.00000000 -1.00000000 0.00000000
vn -1.00000000 0.00000000 0.00000000
vn 0.00000000 1.00000000 0.00000000
vn 1.00000000 0.00000000 0.00000000
vn 0.00000000 0.00000000 1.00000000
vn -1.00000000 0.00000000 0.00000000
vn 0.00000000 1.00000000 0.00000000
vn 0.00000000 -1.00000000 0.00000000
vn 1.00000000 0.00000000 0.00000000
vn 0.00000000 0.00000000 1.00000000
vn 1.00000000 0.00000000 0.00000000
vn 0.00000000 1.00000000 0.00000000
vn 0.00000000 -1.00000000 0.00000000
vn 0.00000000 0.00000000 1.00000000
vn 1.00000000 0.00000000 0.00000000
vn -1.00000000 0.00000000 0.00000000
vn 0.00000000 0.00000000 1.00000000
vn -1.00000000 0.00000000 0.00000000
vn -1.00000000 0.00000000 0.00000000
vn -1.00000000 0.00000000 0.00000000
vn 0.00000000 0.00000000 1.00000000
vn 0.00000000 0.00000000 1.00000000
vn 0.00000000 0.00000000 1.00000000
vn 0.00000000 0.00000000 1.00000000
vn 1.00000000 0.00000000 0.00000000
vn 0.00000000 0.00000000 1.00000000
vn 1.00000000 0.00000000 0.00000000
vn 1.00000000 0.00000000 0.00000000
vn 0.00000000 0.00000000 1.00000000
vn 0.00000000 0.00000000 1.00000000
vn 1.00000000 0.00000000 0.00000000
vn 0.00000000 1.00000000 0.00000000
vn -1.00000000 0.00000000 0.00000000
vn -1.00000000 0.00000000 0.00000000
vn 1.00000000 0.00000000 0.00000000
vn 0.00000000 1.00000000 0.00000000
vn -1.00000000 0.00000000 0.00000000
vn 0.00000000 0.00000000 1.00000000
vn 0.00000000 1.00000000 0.00000000
vn 1.00000000 0.00000000 0.00000000
vn 0.00000000 0.00000000 1.00000000
vn 0.00000000 1.00000000 0.00000000
vn 1.00000000 0.00000000 0.00000000
vn -1.00000000 0.00000000 0.00000000
vn 0.00000000 0.00000000 1.00000000
vn 0.00000000 0.00000000 1.00000000
vn 1.00000000 0.00000000 0.00000000
vn 0.00000000 1.00000000 0.00000000
vn 0.00000000 0.00000000 1.00000000
vn 0.00000000 -1.00000000 0.00000000
vn 0.00000000 -1.00000000 0.00000000
vn 0.00000000 1.00000000 0.00000000
vn 0.00000000 1.00000000 0.00000000
vn 0.00000000 0.00000000 1.00000000
vn 0.00000000 -1.00000000 0.00000000
vn 0.00000000 0.00000000 1.00000000
vn 0.00000000 1.00000000 0.00000000
vn 0.00000000 -1.00000000 0.00000000
vn 0.00000000 0.00000000 1.00000000
vn 0.00000000 0.00000000 1.00000000
vn 0.00000000 0.00000000 1.00000000
vn 0.00000000 0.00000000 1.00000000
vn 0.00000000 0.00000000 1.00000000
vn 0.00000000 0.00000000 1.00000000
vn 0.00000000 0.00000000 1.00000000
vn 0.00000000 0.00000000 1.00000000
vn 0.00000000 0.00000000 1.00000000
vn 0.00000000 0.00000000 1.00000000
vn 0.00000000 0.00000000 1.00000000
vn 0.00000000 0.00000000 1.00000000
vn 0.00000000 0.00000000 1.00000000
vn 0.00000000 0.00000000 1.00000000
vn 0.00000000 0.00000000 1.00000000
vn 0.00000000 0.00000000 1.00000000
vn 0.00000000 0.00000000 1.00000000
vn 0.00000000 0.00000000 1.00000000
vn 0.00000000 0.00000000 1.00000000
vn 0.00000000 0.00000000 1.00000000
vn 0.00000000 0.00000000 1.00000000
vn 0.00000000 0.00000000 1.00000000
vn 0.00000000 0.00000000 1.00000000
vn 0.00000000 0.00000000 1.00000000
vn 0.00000000 0.00000000 1.00000000
vn 0.00000000 0.00000000 1.00000000
vn 0.00000000 0.00000000 1.00000000
vn 0.00000000 0.00000000 1.00000000
vn 0.00000000 0.00000000 1.00000000
vn 0.00000000 0.00000000 1.00000000
vn 0.00000000 0.00000000 1.00000000
vn 0.00000000 0.00000000 1.00000000
vn 0.00000000 0.00000000 1.00000000
vn 0.00000000 0.00000000 1.00000000
vn 0.00000000 0.00000000 1.00000000
vn 0.00000000 0.00000000 1.00000000
vn 0.00000000 0.00000000 1.00000000
vn 0.00000000 0.00000000 1.00000000
vn 0.00000000 0.00000000 1.00000000
vn -0.34160000 -0.87560000 0.34160000
vn -0.46060000 -0.46060000 0.75880000
vn -0.46060000 -0.46060000 0.75880000
vn 0.00000000 0.00000000 1.00000000
vn -0.87560000 -0.34160000 0.34160000
vn -0.87560000 -0.34160000 0.34160000
vn -0.46060000 0.46060000 0.75880000
vn -0.46060000 0.46060000 0.75880000
vn 0.00000000 0.00000000 1.00000000
vn -0.34160000 0.87560000 0.34160000
vn -0.87560000 0.34160000 0.34160000
vn -0.87560000 0.34160000 0.34160000
vn -0.34160000 -0.87560000 -0.34160000
vn -0.87560000 -0.34160000 -0.34160000
vn -0.87560000 -0.34160000 -0.34160000
vn -0.46060000 -0.46060000 -0.75880000
vn -0.46060000 -0.46060000 -0.75880000
vn -0.34160000 0.87560000 -0.34160000
vn -0.46060000 0.46060000 -0.75880000
vn -0.46060000 0.46060000 -0.75880000
vn -0.87560000 0.34160000 -0.34160000
vn -0.87560000 0.34160000 -0.34160000
vn 0.34160000 -0.87560000 0.34160000
vn 0.87560000 -0.34160000 0.34160000
vn 0.87560000 -0.34160000 0.34160000
vn 0.00000000 0.00000000 1.00000000
vn 0.46060000 -0.46060000 0.75880000
vn 0.46060000 -0.46060000 0.75880000
vn 0.34160000 0.87560000 0.34160000
vn 0.46060000 0.46060000 0.75880000
vn 0.00000000 0.00000000 1.00000000
vn 0.46060000 0.46060000 0.75880000
vn 0.87560000 0.34160000 0.34160000
vn 0.87560000 0.34160000 0.34160000
vn 0.34160000 -0.87560000 -0.34160000
vn 0.46060000 -0.46060000 -0.75880000
vn 0.46060000 -0.46060000 -0.75880000
vn 0.87560000 -0.34160000 -0.34160000
vn 0.87560000 -0.34160000 -0.34160000
vn 0.34160000 0.87560000 -0.34160000
vn 0.87560000 0.34160000 -0.34160000
vn 0.87560000 0.34160000 -0.34160000
vn 0.46060000 0.46060000 -0.75880000
vn 0.46060000 0.46060000 -0.75880000
vn 0.00000000 0.00000000 1.00000000
vn 0.00000000 0.00000000 1.00000000
vn 0.00000000 0.00000000 1.00000000
vn 0.00000000 0.00000000 1.00000000
vn -1.00000000 0.00000000 0.00000000
vn 0.00000000 1.00000000 0.00000000
vn 0.00000000 -1.00000000 0.00000000
vn 0.00000000 0.00000000 1.00000000
vn -1.00000000 0.00000000 0.00000000
vn 0.00000000 -1.00000000 0.00000000
vn -1.00000000 0.00000000 0.00000000
vn 1.00000000 0.00000000 0.00000000
vn 0.00000000 1.00000000 0.00000000
vn 0.00000000 0.00000000 1.00000000
vn 0.00000000 1.00000000 0.00000000
vn -1.00000000 0.00000000 0.00000000
vn 1.00000000 0.00000000 0.00000000
vn 0.00000000 -1.00000000 0.00000000
vn 0.00000000 0.00000000 1.00000000
vn 0.00000000 1.00000000 0.00000000
vn 1.00000000 0.00000000 0.00000000
vn 0.00000000 -1.00000000 0.00000000
vn 1.00000000 0.00000000 0.00000000
vn 0.00000000 0.00000000 1.00000000
vn -1.00000000 0.00000000 0.00000000
vn 0.00000000 0.00000000 1.00000000
vn -1.00000000 0.00000000 0.00000000
vn -1.00000000 0.00000000 0.00000000
vn -1.00000000 0.00000000 0.00000000
vn 0.00000000 0.00000000 1.00000000
vn 0.00000000 0.00000000 1.00000000
vn 0.00000000 0.00000000 1.00000000
vn 0.00000000 0.00000000 1.00000000
vn 1.00000000 0.00000000 0.00000000
vn 0.00000000 0.00000000 1.00000000
vn 1.00000000 0.00000000 0.00000000
vn 0.00000000 0.00000000 1.00000000
vn 1.00000000 0.00000000 0.00000000
vn 1.00000000 0.00000000 0.00000000
vn 0.00000000 0.00000000 1.00000000
vn -1.00000000 0.00000000 0.00000000
vn 0.00000000 1.00000000 0.00000000
vn -1.00000000 0.00000000 0.00000000
vn 0.00000000 -1.00000000 0.00000000
vn 0.00000000 1.00000000 0.00000000
vn 1.00000000 0.00000000 0.00000000
vn 0.00000000 1.00000000 0.00000000
vn -1.00000000 0.00000000 0.00000000
vn 0.00000000 0.00000000 1.00000000
vn 0.00000000 -1.00000000 0.00000000
vn 1.00000000 0.00000000 0.00000000
vn 1.00000000 0.00000000 0.00000000
vn 0.00000000 0.00000000 1.00000000
vn 0.00000000 1.00000000 0.00000000
vn -1.00000000 0.00000000 0.00000000
vn 0.00000000 -0.70710000 0.70710000
vn 0.00000000 -1.00000000 0.00000000
vn 0.00000000 0.00000000 1.00000000
vn 0.00000000 -0.70710000 0.70710000
vn -1.00000000 0.00000000 0.00000000
vn 1.00000000 0.00000000 0.00000000
vn 0.00000000 -0.70710000 0.70710000
vn 0.00000000 0.00000000 1.00000000
vn 0.00000000 -1.00000000 0.00000000
vn 0.00000000 -0.70710000 0.70710000
vn 1.00000000 0.00000000 0.00000000
vn 0.00000000 1.00000000 0.00000000
vn 0.00000000 0.00000000 1.00000000
vn 0.00000000 -1.00000000 0.00000000
vn 0.00000000 -1.00000000 0.00000000
vn 0.00000000 1.00000000 0.00000000
vn 0.00000000 1.00000000 0.00000000
vn 0.00000000 0.00000000 1.00000000
vn 0.00000000 -1.00000000 0.00000000
vn 0.00000000 0.00000000 1.00000000
vn 0.00000000 1.00000000 0.00000000
vn 0.00000000 0.00000000 1.00000000
vn 0.00000000 -1.00000000 0.00000000
vn 0.00000000 0.00000000 1.00000000
vn 0.00000000 0.00000000 1.00000000
vn 0.00000000 0.00000000 1.00000000
vn 0.00000000 0.00000000 1.00000000
vn 0.00000000 0.00000000 1.00000000
vn 0.00000000 0.00000000 1.00000000
vn 0.00000000 0.00000000 1.00000000
vn 0.00000000 0.00000000 1.00000000
vn -1.00000000 0.00000000 0.00000000
vn 0.00000000 1.00000000 0.00000000
vn 0.00000000 -1.00000000 0.00000000
vn 0.00000000 0.00000000 1.00000000
vn -1.00000000 0.00000000 0.00000000
vn -1.00000000 0.00000000 0.00000000
vn 0.00000000 -1.00000000 0.00000000
vn 1.00000000 0.00000000 0.00000000
vn 0.00000000 1.00000000 0.00000000
vn 0.00000000 1.00000000 0.00000000
vn -1.00000000 0.00000000 0.00000000
vn 0.00000000 0.00000000 1.00000000
vn 1.00000000 0.00000000 0.00000000
vn 0.00000000 -1.00000000 0.00000000
vn 0.00000000 1.00000000 0.00000000
vn 0.00000000 0.00000000 1.00000000
vn 1.00000000 0.00000000 0.00000000
vn 0.00000000 -1.00000000 0.00000000
vn 0.00000000 0.00000000 1.00000000
vn 1.00000000 0.00000000 0.00000000
vn -1.00000000 0.00000000 0.00000000
vn 0.00000000 0.00000000 1.00000000
vn -1.00000000 0.00000000 0.00000000
vn -1.00000000 0.00000000 0.00000000
vn 0.00000000 0.00000000 1.00000000
vn -1.00000000 0.00000000 0.00000000
vn 0.00000000 0.00000000 1.00000000
vn 0.00000000 0.00000000 1.00000000
vn 0.00000000 0.00000000 1.00000000
vn 1.00000000 0.00000000 0.00000000
vn 0.00000000 0.00000000 1.00000000
vn 1.00000000 0.00000000 0.00000000
vn 0.00000000 0.00000000 1.00000000
vn 1.00000000 0.00000000 0.00000000
vn 0.00000000 0.00000000 1.00000000
vn 1.00000000 0.00000000 0.00000000
vn 0.00000000 1.00000000 0.00000000
vn -1.00000000 0.00000000 0.00000000
vn -1.00000000 0.00000000 0.00000000
vn 0.00000000 -1.00000000 0.00000000
vn 0.00000000 1.00000000 0.00000000
vn 1.00000000 0.00000000 0.00000000
vn 0.00000000 0.00000000 1.00000000
vn 0.00000000 1.00000000 0.00000000
vn -1.00000000 0.00000000 0.00000000
vn 0.00000000 -1.00000000 0.00000000
vn 1.00000000 0.00000000 0.00000000
vn 0.00000000 0.00000000 1.00000000
vn 1.00000000 0.00000000 0.00000000
vn 0.00000000 1.00000000 0.00000000
vn 0.00000000 -1.00000000 0.00000000
vn -1.00000000 0.00000000 0.00000000
vn 0.00000000 -0.70710000 0.70710000
vn 0.00000000 0.00000000 1.00000000
vn -1.00000000 0.00000000 0.00000000
vn 0.00000000 -0.70710000 0.70710000
vn 1.00000000 0.00000000 0.00000000
vn 0.00000000 -0.70710000 0.70710000
vn 0.00000000 0.00000000 1.00000000
vn 0.00000000 -0.70710000 0.70710000
vn 1.00000000 0.00000000 0.00000000
vn 0.00000000 -1.00000000 0.00000000
vn 0.00000000 1.00000000 0.00000000
vn 0.00000000 -1.00000000 0.00000000
vn 0.00000000 0.00000000 1.00000000
vn 0.00000000 -1.00000000 0.00000000
vn 0.00000000 1.00000000 0.00000000
vn 0.00000000 1.00000000 0.00000000
vn 0.00000000 0.00000000 1.00000000
vn 0.00000000 -1.00000000 0.00000000
vn 0.00000000 1.00000000 0.00000000
vn 0.00000000 0.00000000 1.00000000
vn 0.00000000 0.00000000 1.00000000
vn 0.00000000 -1.00000000 0.00000000
vn 0.00000000 0.00000000 1.00000000
vn 0.00000000 0.00000000 1.00000000
vn 0.00000000 0.00000000 1.00000000
vn 0.00000000 0.00000000 1.00000000
vn 0.00000000 0.00000000 1.00000000
vn 0.00000000 0.00000000 1.00000000
vn 0.00000000 0.00000000 1.00000000
vn 0.00000000 0.00000000 1.00000000
vn 0.00000000 1.00000000 0.00000000
vn -1.00000000 0.00000000 0.00000000
vn 0.00000000 -1.00000000 0.00000000
vn -1.00000000 0.00000000 0.00000000
vn 0.00000000 0.00000000 1.00000000
vn 0.00000000 -1.00000000 0.00000000
vn -1.00000000 0.00000000 0.00000000
vn 1.00000000 0.00000000 0.00000000
vn 0.00000000 1.00000000 0.00000000
vn 0.00000000 0.00000000 1.00000000
vn 0.00000000 1.00000000 0.00000000
vn -1.00000000 0.00000000 0.00000000
vn 0.00000000 -1.00000000 0.00000000
vn 1.00000000 0.00000000 0.00000000
vn 0.00000000 0.00000000 1.00000000
vn 0.00000000 1.00000000 0.00000000
vn 1.00000000 0.00000000 0.00000000
vn 1.00000000 0.00000000 0.00000000
vn 0.00000000 -1.00000000 0.00000000
vn 0.00000000 0.00000000 1.00000000
vn -1.00000000 0.00000000 0.00000000
vn -1.00000000 0.00000000 0.00000000
vn 0.00000000 0.00000000 1.00000000
vn -1.00000000 0.00000000 0.00000000
vn -1.00000000 0.00000000 0.00000000
vn 0.00000000 0.00000000 1.00000000
vn 0.00000000 0.00000000 1.00000000
vn 0.00000000 0.00000000 1.00000000
vn 0.00000000 0.00000000 1.00000000
vn 1.00000000 0.00000000 0.00000000
vn 0.00000000 0.00000000 1.00000000
vn 1.00000000 0.00000000 0.00000000
vn 1.00000000 0.00000000 0.00000000
vn 0.00000000 0.00000000 1.00000000
vn 1.00000000 0.00000000 0.00000000
vn 0.00000000 0.00000000 1.00000000
vn 0.00000000 1.00000000 0.00000000
vn -1.00000000 0.00000000 0.00000000
vn -1.00000000 0.00000000 0.00000000
vn 0.00000000 -1.00000000 0.00000000
vn 1.00000000 0.00000000 0.00000000
vn 0.00000000 1.00000000 0.00000000
vn -1.00000000 0.00000000 0.00000000
vn 0.00000000 1.00000000 0.00000000
vn 0.00000000 0.00000000 1.00000000
vn 1.00000000 0.00000000 0.00000000
vn 0.00000000 -1.00000000 0.00000000
vn 0.00000000 0.00000000 1.00000000
vn 1.00000000 0.00000000 0.00000000
vn 0.00000000 1.00000000 0.00000000
vn 0.00000000 -1.00000000 0.00000000
vn 0.00000000 -0.70710000 0.70710000
vn -1.00000000 0.00000000 0.00000000
vn -1.00000000 0.00000000 0.00000000
vn 0.00000000 0.00000000 1.00000000
vn 0.00000000 -0.70710000 0.70710000
vn 0.00000000 -0.70710000 0.70710000
vn 0.00000000 0.00000000 1.00000000
vn 1.00000000 0.00000000 0.00000000
vn 1.00000000 0.00000000 0.00000000
vn 0.00000000 -1.00000000 0.00000000
vn 0.00000000 -0.70710000 0.70710000
vn 0.00000000 1.00000000 0.00000000
vn 0.00000000 0.00000000 1.00000000
vn 0.00000000 -1.00000000 0.00000000
vn 0.00000000 -1.00000000 0.00000000
vn 0.00000000 1.00000000 0.00000000
vn 0.00000000 1.00000000 0.00000000
vn 0.00000000 0.00000000 1.00000000
vn 0.00000000 -1.00000000 0.00000000
vn 0.00000000 1.00000000 0.00000000
vn 0.00000000 0.00000000 1.00000000
vn 0.00000000 -1.00000000 0.00000000
vn 0.00000000 0.00000000 1.00000000
vn 0.00000000 0.00000000 1.00000000
vn 0.00000000 0.00000000 1.00000000
vn 0.00000000 0.00000000 1.00000000
vn 0.00000000 0.00000000 1.00000000
vn 0.00000000 0.00000000 1.00000000
vn 0.00000000 0.00000000 1.00000000
vn 0.00000000 0.00000000 1.00000000
vn 0.00000000 0.00000000 1.00000000
vn -1.00000000 0.00000000 0.00000000
vn 0.00000000 1.00000000 0.00000000
vn 0.00000000 0.00000000 1.00000000
vn 0.00000000 -1.00000000 0.00000000
vn -1.00000000 0.00000000 0.00000000
vn 0.00000000 -1.00000000 0.00000000
vn -1.00000000 0.00000000 0.00000000
vn 1.00000000 0.00000000 0.00000000
vn 0.00000000 1.00000000 0.00000000
vn 0.00000000 1.00000000 0.00000000
vn 0.00000000 0.00000000 1.00000000
vn -1.00000000 0.00000000 0.00000000
vn 0.00000000 -1.00000000 0.00000000
vn 1.00000000 0.00000000 0.00000000
vn 1.00000000 0.00000000 0.00000000
vn 0.00000000 1.00000000 0.00000000
vn 0.00000000 0.00000000 1.00000000
vn 1.00000000 0.00000000 0.00000000
vn 0.00000000 -1.00000000 0.00000000
vn 0.00000000 0.00000000 1.00000000
vn -1.00000000 0.00000000 0.00000000
vn -1.00000000 0.00000000 0.00000000
vn 0.00000000 0.00000000 1.00000000
vn -1.00000000 0.00000000 0.00000000
vn -1.00000000 0.00000000 0.00000000
vn 0.00000000 0.00000000 1.00000000
vn 0.00000000 0.00000000 1.00000000
vn 0.00000000 0.00000000 1.00000000
vn 0.00000000 0.00000000 1.00000000
vn 1.00000000 0.00000000 0.00000000
vn 0.00000000 0.00000000 1.00000000
vn 1.00000000 0.00000000 0.00000000
vn 1.00000000 0.00000000 0.00000000
vn 0.00000000 0.00000000 1.00000000
vn 1.00000000 0.00000000 0.00000000
vn 0.00000000 0.00000000 1.00000000
vn -1.00000000 0.00000000 0.00000000
vn 0.00000000 1.00000000 0.00000000
vn 0.00000000 -1.00000000 0.00000000
vn -1.00000000 0.00000000 0.00000000
vn 1.00000000 0.00000000 0.00000000
vn 0.00000000 1.00000000 0.00000000
vn -1.00000000 0.00000000 0.00000000
vn 0.00000000 1.00000000 0.00000000
vn 0.00000000 0.00000000 1.00000000
vn 0.00000000 -1.00000000 0.00000000
vn 1.00000000 0.00000000 0.00000000
vn 0.00000000 1.00000000 0.00000000
vn 1.00000000 0.00000000 0.00000000
vn 0.00000000 0.00000000 1.00000000
vn 0.00000000 -1.00000000 0.00000000
vn 0.00000000 -0.70710000 0.70710000
vn -1.00000000 0.00000000 0.00000000
vn 0.00000000 0.00000000 1.00000000
vn 0.00000000 -0.70710000 0.70710000
vn -1.00000000 0.00000000 0.00000000
vn 1.00000000 0.00000000 0.00000000
vn 0.00000000 -0.70710000 0.70710000
vn 0.00000000 0.00000000 1.00000000
vn 0.00000000 -1.00000000 0.00000000
vn 1.00000000 0.00000000 0.00000000
vn 0.00000000 -0.70710000 0.70710000
vn 0.00000000 1.00000000 0.00000000
vn 0.00000000 0.00000000 1.00000000
vn 0.00000000 -1.00000000 0.00000000
vn 0.00000000 -1.00000000 0.00000000
vn 0.00000000 1.00000000 0.00000000
vn 0.00000000 1.00000000 0.00000000
vn 0.00000000 0.00000000 1.00000000
vn 0.00000000 -1.00000000 0.00000000
vn 0.00000000 1.00000000 0.00000000
vn 0.00000000 0.00000000 1.00000000
vn 0.00000000 -1.00000000 0.00000000
vn 0.00000000 0.00000000 1.00000000
vn 0.00000000 0.00000000 1.00000000
vn 0.00000000 0.00000000 1.00000000
vn 0.00000000 0.00000000 1.00000000
vn 0.00000000 0.00000000 1.00000000
vn 0.00000000 0.00000000 1.00000000
vn 0.00000000 0.00000000 1.00000000
vn 0.00000000 0.00000000 1.00000000
vn 0.00000000 0.00000000 1.00000000
vn 0.00000000 1.00000000 0.00000000
vn -1.00000000 0.00000000 0.00000000
vn 0.00000000 -1.00000000 0.00000000
vn -1.00000000 0.00000000 0.00000000
vn 0.00000000 0.00000000 1.00000000
vn 0.00000000 -1.00000000 0.00000000
vn -1.00000000 0.00000000 0.00000000
vn 1.00000000 0.00000000 0.00000000
vn 0.00000000 1.00000000 0.00000000
vn 0.00000000 1.00000000 0.00000000
vn 0.00000000 0.00000000 1.00000000
vn -1.00000000 0.00000000 0.00000000
vn 0.00000000 -1.00000000 0.00000000
vn 1.00000000 0.00000000 0.00000000
vn 0.00000000 0.00000000 1.00000000
vn 1.00000000 0.00000000 0.00000000
vn 0.00000000 1.00000000 0.00000000
vn 0.00000000 0.00000000 1.00000000
vn 0.00000000 -1.00000000 0.00000000
vn 1.00000000 0.00000000 0.00000000
vn -1.00000000 0.00000000 0.00000000
vn -1.00000000 0.00000000 0.00000000
vn 0.00000000 0.00000000 1.00000000
vn -1.00000000 0.00000000 0.00000000
vn -1.00000000 0.00000000 0.00000000
vn 0.00000000 0.00000000 1.00000000
vn 0.00000000 0.00000000 1.00000000
vn 0.00000000 0.00000000 1.00000000
vn 0.00000000 0.00000000 1.00000000
vn 1.00000000 0.00000000 0.00000000
vn 0.00000000 0.00000000 1.00000000
vn 1.00000000 0.00000000 0.00000000
vn 0.00000000 0.00000000 1.00000000
vn 1.00000000 0.00000000 0.00000000
vn 0.00000000 0.00000000 1.00000000
vn 1.00000000 0.00000000 0.00000000
vn -1.00000000 0.00000000 0.00000000
vn 0.00000000 1.00000000 0.00000000
vn -1.00000000 0.00000000 0.00000000
vn 0.00000000 -1.00000000 0.00000000
vn 1.00000000 0.00000000 0.00000000
vn 0.00000000 1.00000000 0.00000000
vn 0.00000000 1.00000000 0.00000000
vn 0.00000000 0.00000000 1.00000000
vn -1.00000000 0.00000000 0.00000000
vn 0.00000000 -1.00000000 0.00000000
vn 1.00000000 0.00000000 0.00000000
vn 0.00000000 1.00000000 0.00000000
vn 1.00000000 0.00000000 0.00000000
vn 0.00000000 0.00000000 1.00000000
vn 0.00000000 -1.00000000 0.00000000
vn 0.00000000 -0.70710000 0.70710000
vn -1.00000000 0.00000000 0.00000000
vn 0.00000000 0.00000000 1.00000000
vn 0.00000000 -0.70710000 0.70710000
vn -1.00000000 0.00000000 0.00000000
vn 0.00000000 0.00000000 1.00000000
vn 1.00000000 0.00000000 0.00000000
vn 0.00000000 -0.70710000 0.70710000
vn 0.00000000 -0.70710000 0.70710000
vn 1.00000000 0.00000000 0.00000000
vn 0.00000000 -1.00000000 0.00000000
vn 0.00000000 1.00000000 0.00000000
vn 0.00000000 0.00000000 1.00000000
vn 0.00000000 -1.00000000 0.00000000
vn 0.00000000 -1.00000000 0.00000000
vn 0.00000000 1.00000000 0.00000000
vn 0.00000000 0.00000000 1.00000000
vn 0.00000000 1.00000000 0.00000000
vn 0.00000000 -1.00000000 0.00000000
vn 0.00000000 1.00000000 0.00000000
vn 0.00000000 0.00000000 1.00000000
vn 0.00000000 0.00000000 1.00000000
vn 0.00000000 -1.00000000 0.00000000
vn 0.00000000 0.00000000 1.00000000
vn 0.00000000 0.00000000 1.00000000
vn 0.00000000 0.00000000 1.00000000
vn 0.00000000 0.00000000 1.00000000
vn 0.00000000 0.00000000 1.00000000
vn 0.00000000 0.00000000 1.00000000
vn 0.00000000 0.00000000 1.00000000
vn 0.00000000 0.00000000 1.00000000
vn 0.00000000 1.00000000 0.00000000
vn -1.00000000 0.00000000 0.00000000
vn 0.00000000 0.00000000 1.00000000
vn -1.00000000 0.00000000 0.00000000
vn 0.00000000 -1.00000000 0.00000000
vn 0.00000000 -1.00000000 0.00000000
vn -1.00000000 0.00000000 0.00000000
vn 1.00000000 0.00000000 0.00000000
vn 0.00000000 1.00000000 0.00000000
vn 0.00000000 0.00000000 1.00000000
vn 0.00000000 1.00000000 0.00000000
vn -1.00000000 0.00000000 0.00000000
vn 1.00000000 0.00000000 0.00000000
vn 0.00000000 -1.00000000 0.00000000
vn 0.00000000 1.00000000 0.00000000
vn 0.00000000 0.00000000 1.00000000
vn 1.00000000 0.00000000 0.00000000
vn 0.00000000 -1.00000000 0.00000000
vn 0.00000000 0.00000000 1.00000000
vn 1.00000000 0.00000000 0.00000000
vn -1.00000000 0.00000000 0.00000000
vn 0.00000000 0.00000000 1.00000000
vn -1.00000000 0.00000000 0.00000000
vn -1.00000000 0.00000000 0.00000000
vn 0.00000000 0.00000000 1.00000000
vn -1.00000000 0.00000000 0.00000000
vn 0.00000000 0.00000000 1.00000000
vn 0.00000000 0.00000000 1.00000000
vn 0.00000000 0.00000000 1.00000000
vn 1.00000000 0.00000000 0.00000000
vn 0.00000000 0.00000000 1.00000000
vn 1.00000000 0.00000000 0.00000000
vn 1.00000000 0.00000000 0.00000000
vn 0.00000000 0.00000000 1.00000000
vn 1.00000000 0.00000000 0.00000000
vn 0.00000000 0.00000000 1.00000000
vn -1.00000000 0.00000000 0.00000000
vn 0.00000000 1.00000000 0.00000000
vn -1.00000000 0.00000000 0.00000000
vn 0.00000000 -1.00000000 0.00000000
vn 1.00000000 0.00000000 0.00000000
vn 0.00000000 1.00000000 0.00000000
vn -1.00000000 0.00000000 0.00000000
vn 0.00000000 1.00000000 0.00000000
vn 0.00000000 0.00000000 1.00000000
vn 0.00000000 -1.00000000 0.00000000
vn 1.00000000 0.00000000 0.00000000
vn 0.00000000 0.00000000 1.00000000
vn 1.00000000 0.00000000 0.00000000
vn 0.00000000 1.00000000 0.00000000
vn 0.00000000 -0.70710000 0.70710000
vn 0.00000000 -1.00000000 0.00000000
vn -1.00000000 0.00000000 0.00000000
vn 0.00000000 -0.70710000 0.70710000
vn 0.00000000 0.00000000 1.00000000
vn -1.00000000 0.00000000 0.00000000
vn 1.00000000 0.00000000 0.00000000
vn 0.00000000 0.00000000 1.00000000
vn 0.00000000 -0.70710000 0.70710000
vn 0.00000000 -0.70710000 0.70710000
vn 0.00000000 -1.00000000 0.00000000
vn 1.00000000 0.00000000 0.00000000
vn 0.00000000 1.00000000 0.00000000
vn 0.00000000 -1.00000000 0.00000000
vn 0.00000000 0.00000000 1.00000000
vn 0.00000000 -1.00000000 0.00000000
vn 0.00000000 1.00000000 0.00000000
vn 0.00000000 1.00000000 0.00000000
vn 0.00000000 0.00000000 1.00000000
vn 0.00000000 -1.00000000 0.00000000
vn 0.00000000 1.00000000 0.00000000
vn 0.00000000 0.00000000 1.00000000
vn 0.00000000 0.00000000 1.00000000
vn 0.00000000 -1.00000000 0.00000000
vn 0.00000000 0.00000000 1.00000000
vn 0.00000000 0.00000000 1.00000000
vn 0.00000000 0.00000000 1.00000000
vn 0.00000000 0.00000000 1.00000000
vn 0.00000000 0.00000000 1.00000000
vn 0.00000000 0.00000000 1.00000000
vn 0.00000000 0.00000000 1.00000000
vn 0.00000000 0.00000000 1.00000000
vn -1.00000000 0.00000000 0.00000000
vn 0.00000000 1.00000000 0.00000000
vn 0.00000000 -1.00000000 0.00000000
vn 0.00000000 0.00000000 1.00000000
vn -1.00000000 0.00000000 0.00000000
vn -1.00000000 0.00000000 0.00000000
vn 0.00000000 -1.00000000 0.00000000
vn 0.00000000 1.00000000 0.00000000
vn 1.00000000 0.00000000 0.00000000
vn 0.00000000 1.00000000 0.00000000
vn -1.00000000 0.00000000 0.00000000
vn 0.00000000 0.00000000 1.00000000
vn 1.00000000 0.00000000 0.00000000
vn 0.00000000 -1.00000000 0.00000000
vn 1.00000000 0.00000000 0.00000000
vn 0.00000000 1.00000000 0.00000000
vn 0.00000000 0.00000000 1.00000000
vn 0.00000000 0.00000000 1.00000000
vn 0.00000000 -1.00000000 0.00000000
vn 1.00000000 0.00000000 0.00000000
vn -1.00000000 0.00000000 0.00000000
vn 0.00000000 0.00000000 1.00000000
vn -1.00000000 0.00000000 0.00000000
vn -1.00000000 0.00000000 0.00000000
vn -1.00000000 0.00000000 0.00000000
vn 0.00000000 0.00000000 1.00000000
vn 0.00000000 0.00000000 1.00000000
vn 0.00000000 0.00000000 1.00000000
vn 0.00000000 0.00000000 1.00000000
vn 1.00000000 0.00000000 0.00000000
vn 0.00000000 0.00000000 1.00000000
vn 1.00000000 0.00000000 0.00000000
vn 1.00000000 0.00000000 0.00000000
vn 0.00000000 0.00000000 1.00000000
vn 0.00000000 0.00000000 1.00000000
vn 1.00000000 0.00000000 0.00000000
vn 0.00000000 1.00000000 0.00000000
vn -1.00000000 0.00000000 0.00000000
vn -1.00000000 0.00000000 0.00000000
vn 0.00000000 -1.00000000 0.00000000
vn 0.00000000 1.00000000 0.00000000
vn 1.00000000 0.00000000 0.00000000
vn -1.00000000 0.00000000 0.00000000
vn 0.00000000 0.00000000 1.00000000
vn 0.00000000 1.00000000 0.00000000
vn 1.00000000 0.00000000 0.00000000
vn 0.00000000 -1.00000000 0.00000000
vn 0.00000000 1.00000000 0.00000000
vn 0.00000000 0.00000000 1.00000000
vn 1.00000000 0.00000000 0.00000000
vn 0.00000000 -1.00000000 0.00000000
vn -1.00000000 0.00000000 0.00000000
vn 0.00000000 -0.70710000 0.70710000
vn 0.00000000 0.00000000 1.00000000
vn -1.00000000 0.00000000 0.00000000
vn 0.00000000 -0.70710000 0.70710000
vn 0.00000000 0.00000000 1.00000000
vn 0.00000000 -0.70710000 0.70710000
vn 1.00000000 0.00000000 0.00000000
vn 1.00000000 0.00000000 0.00000000
vn 0.00000000 -0.70710000 0.70710000
vn 0.00000000 -1.00000000 0.00000000
vn 0.00000000 1.00000000 0.00000000
vn 0.00000000 -1.00000000 0.00000000
vn 0.00000000 0.00000000 1.00000000
vn 0.00000000 -1.00000000 0.00000000
vn 0.00000000 1.00000000 0.00000000
vn 0.00000000 1.00000000 0.00000000
vn 0.00000000 0.00000000 1.00000000
vn 0.00000000 -1.00000000 0.00000000
vn 0.00000000 1.00000000 0.00000000
vn 0.00000000 0.00000000 1.00000000
vn 0.00000000 0.00000000 1.00000000
vn 0.00000000 -1.00000000 0.00000000
vn 0.00000000 0.00000000 1.00000000
vn 0.00000000 0.00000000 1.00000000
vn 0.00000000 0.00000000 1.00000000
vn 0.00000000 0.00000000 1.00000000
vn 0.00000000 0.00000000 1.00000000
vn 0.00000000 0.00000000 1.00000000
vn 0.00000000 0.00000000 1.00000000
vn 0.00000000 0.00000000 1.00000000
vn -1.00000000 0.00000000 0.00000000
vn 0.00000000 1.00000000 0.00000000
vn 0.00000000 0.00000000 1.00000000
vn 0.00000000 -1.00000000 0.00000000
vn -1.00000000 0.00000000 0.00000000
vn 0.00000000 -1.00000000 0.00000000
vn -1.00000000 0.00000000 0.00000000
vn 1.00000000 0.00000000 0.00000000
vn 0.00000000 1.00000000 0.00000000
vn 0.00000000 1.00000000 0.00000000
vn -1.00000000 0.00000000 0.00000000
vn 0.00000000 0.00000000 1.00000000
vn 0.00000000 -1.00000000 0.00000000
vn 1.00000000 0.00000000 0.00000000
vn 1.00000000 0.00000000 0.00000000
vn 0.00000000 1.00000000 0.00000000
vn 0.00000000 0.00000000 1.00000000
vn 0.00000000 -1.00000000 0.00000000
vn 0.00000000 0.00000000 1.00000000
vn 1.00000000 0.00000000 0.00000000
vn -1.00000000 0.00000000 0.00000000
vn 0.00000000 0.00000000 1.00000000
vn -1.00000000 0.00000000 0.00000000
vn -1.00000000 0.00000000 0.00000000
vn -1.00000000 0.00000000 0.00000000
vn 0.00000000 0.00000000 1.00000000
vn 0.00000000 0.00000000 1.00000000
vn 0.00000000 0.00000000 1.00000000
vn 0.00000000 0.00000000 1.00000000
vn 1.00000000 0.00000000 0.00000000
vn 0.00000000 0.00000000 1.00000000
vn 1.00000000 0.00000000 0.00000000
vn 0.00000000 0.00000000 1.00000000
vn 1.00000000 0.00000000 0.00000000
vn 1.00000000 0.00000000 0.00000000
vn 0.00000000 0.00000000 1.00000000
vn 0.00000000 1.00000000 0.00000000
vn -1.00000000 0.00000000 0.00000000
vn 0.00000000 -1.00000000 0.00000000
vn -1.00000000 0.00000000 0.00000000
vn 1.00000000 0.00000000 0.00000000
vn 0.00000000 1.00000000 0.00000000
vn -1.00000000 0.00000000 0.00000000
vn 0.00000000 0.00000000 1.00000000
vn 0.00000000 1.00000000 0.00000000
vn 0.00000000 -1.00000000 0.00000000
vn 1.00000000 0.00000000 0.00000000
vn 0.00000000 1.00000000 0.00000000
vn 0.00000000 0.00000000 1.00000000
vn 1.00000000 0.00000000 0.00000000
vn 0.00000000 -0.70710000 0.70710000
vn -1.00000000 0.00000000 0.00000000
vn 0.00000000 -1.00000000 0.00000000
vn 0.00000000 0.00000000 1.00000000
vn -1.00000000 0.00000000 0.00000000
vn 0.00000000 -0.70710000 0.70710000
vn 0.00000000 0.00000000 1.00000000
vn 1.00000000 0.00000000 0.00000000
vn 0.00000000 -0.70710000 0.70710000
vn 1.00000000 0.00000000 0.00000000
vn 0.00000000 -1.00000000 0.00000000
vn 0.00000000 -0.70710000 0.70710000
vn 0.00000000 1.00000000 0.00000000
vn 0.00000000 0.00000000 1.00000000
vn 0.00000000 -1.00000000 0.00000000
vn 0.00000000 -1.00000000 0.00000000
vn 0.00000000 1.00000000 0.00000000
vn 0.00000000 1.00000000 0.00000000
vn 0.00000000 0.00000000 1.00000000
vn 0.00000000 -1.00000000 0.00000000
vn 0.00000000 1.00000000 0.00000000
vn 0.00000000 0.00000000 1.00000000
vn 0.00000000 -1.00000000 0.00000000
vn 0.00000000 0.00000000 1.00000000
vn 0.00000000 0.00000000 1.00000000
vn 0.00000000 0.00000000 1.00000000
vn 0.00000000 0.00000000 1.00000000
vn 0.00000000 0.00000000 1.00000000
vn 0.00000000 0.00000000 1.00000000
vn 0.00000000 0.00000000 1.00000000
vn 0.00000000 0.00000000 1.00000000
vn 0.00000000 0.00000000 1.00000000
vn 0.00000000 1.00000000 0.00000000
vn -1.00000000 0.00000000 0.00000000
vn -1.00000000 0.00000000 0.00000000
vn 0.00000000 0.00000000 1.00000000
vn 0.00000000 -1.00000000 0.00000000
vn 0.00000000 -1.00000000 0.00000000
vn -1.00000000 0.00000000 0.00000000
vn 1.00000000 0.00000000 0.00000000
vn 0.00000000 1.00000000 0.00000000
vn -1.00000000 0.00000000 0.00000000
vn 0.00000000 0.00000000 1.00000000
vn 0.00000000 1.00000000 0.00000000
vn 0.00000000 -1.00000000 0.00000000
vn 1.00000000 0.00000000 0.00000000
vn 1.00000000 0.00000000 0.00000000
vn 0.00000000 0.00000000 1.00000000
vn 0.00000000 1.00000000 0.00000000
vn 0.00000000 -1.00000000 0.00000000
vn 1.00000000 0.00000000 0.00000000
vn 0.00000000 0.00000000 1.00000000
vn -1.00000000 0.00000000 0.00000000
vn 0.00000000 0.00000000 1.00000000
vn -1.00000000 0.00000000 0.00000000
vn -1.00000000 0.00000000 0.00000000
vn 0.00000000 0.00000000 1.00000000
vn -1.00000000 0.00000000 0.00000000
vn 0.00000000 0.00000000 1.00000000
vn 0.00000000 0.00000000 1.00000000
vn 0.00000000 0.00000000 1.00000000
vn 1.00000000 0.00000000 0.00000000
vn 0.00000000 0.00000000 1.00000000
vn 1.00000000 0.00000000 0.00000000
vn 0.00000000 0.00000000 1.00000000
vn 1.00000000 0.00000000 0.00000000
vn 1.00000000 0.00000000 0.00000000
vn 0.00000000 0.00000000 1.00000000
vn -1.00000000 0.00000000 0.00000000
vn 0.00000000 1.00000000 0.00000000
vn -1.00000000 0.00000000 0.00000000
vn 0.00000000 -1.00000000 0.00000000
vn 1.00000000 0.00000000 0.00000000
vn 0.00000000 1.00000000 0.00000000
vn 0.00000000 0.00000000 1.00000000
vn 0.00000000 1.00000000 0.00000000
vn -1.00000000 0.00000000 0.00000000
vn 1.00000000 0.00000000 0.00000000
vn 0.00000000 -1.00000000 0.00000000
vn 0.00000000 1.00000000 0.00000000
vn 0.00000000 0.00000000 1.00000000
vn 1.00000000 0.00000000 0.00000000
vn 0.00000000 -0.70710000 0.70710000
vn -1.00000000 0.00000000 0.00000000
vn 0.00000000 -1.00000000 0.00000000
vn 0.00000000 0.00000000 1.00000000
vn 0.00000000 -0.70710000 0.70710000
vn -1.00000000 0.00000000 0.00000000
vn 0.00000000 0.00000000 1.00000000
vn 1.00000000 0.00000000 0.00000000
vn 0.00000000 -0.70710000 0.70710000
vn 1.00000000 0.00000000 0.00000000
vn 0.00000000 -1.00000000 0.00000000
vn 0.00000000 -0.70710000 0.70710000
vn 0.00000000 1.00000000 0.00000000
vn 0.00000000 -1.00000000 0.00000000
vn 0.00000000 0.00000000 1.00000000
vn 0.00000000 -1.00000000 0.00000000
vn 0.00000000 1.00000000 0.00000000
vn 0.00000000 0.00000000 1.00000000
vn 0.00000000 1.00000000 0.00000000
vn 0.00000000 -1.00000000 0.00000000
vn 0.00000000 0.00000000 1.00000000
vn 0.00000000 1.00000000 0.00000000
vn 0.00000000 0.00000000 1.00000000
vn 0.00000000 -1.00000000 0.00000000
vn 0.00000000 0.00000000 1.00000000
vn 0.00000000 0.00000000 1.00000000
vn 0.00000000 0.00000000 1.00000000
vn 0.00000000 0.00000000 1.00000000
vn 0.00000000 0.00000000 1.00000000
vn 0.00000000 0.00000000 1.00000000
vn 0.00000000 0.00000000 1.00000000
vn 0.00000000 0.00000000 1.00000000
vn -1.00000000 0.00000000 0.00000000
vn 0.00000000 1.00000000 0.00000000
vn 0.00000000 0.00000000 1.00000000
vn 0.00000000 -1.00000000 0.00000000
vn -1.00000000 0.00000000 0.00000000
vn -1.00000000 0.00000000 0.00000000
vn 0.00000000 -1.00000000 0.00000000
vn 0.00000000 1.00000000 0.00000000
vn 1.00000000 0.00000000 0.00000000
vn 0.00000000 0.00000000 1.00000000
vn 0.00000000 1.00000000 0.00000000
vn -1.00000000 0.00000000 0.00000000
vn 1.00000000 0.00000000 0.00000000
vn 0.00000000 -1.00000000 0.00000000
vn 0.00000000 0.00000000 1.00000000
vn 0.00000000 1.00000000 0.00000000
vn 1.00000000 0.00000000 0.00000000
vn 0.00000000 -1.00000000 0.00000000
vn 0.00000000 0.00000000 1.00000000
vn 1.00000000 0.00000000 0.00000000
vn -1.00000000 0.00000000 0.00000000
vn -1.00000000 0.00000000 0.00000000
vn 0.00000000 0.00000000 1.00000000
vn -1.00000000 0.00000000 0.00000000
vn -1.00000000 0.00000000 0.00000000
vn 0.00000000 0.00000000 1.00000000
vn 0.00000000 0.00000000 1.00000000
vn 0.00000000 0.00000000 1.00000000
vn 0.00000000 0.00000000 1.00000000
vn 1.00000000 0.00000000 0.00000000
vn 0.00000000 0.00000000 1.00000000
vn 1.00000000 0.00000000 0.00000000
vn 1.00000000 0.00000000 0.00000000
vn 0.00000000 0.00000000 1.00000000
vn 1.00000000 0.00000000 0.00000000
vn 0.00000000 0.00000000 1.00000000
vn -1.00000000 0.00000000 0.00000000
vn 0.00000000 1.00000000 0.00000000
vn 0.00000000 -1.00000000 0.00000000
vn -1.00000000 0.00000000 0.00000000
vn 1.00000000 0.00000000 0.00000000
vn 0.00000000 1.00000000 0.00000000
vn -1.00000000 0.00000000 0.00000000
vn 0.00000000 0.00000000 1.00000000
vn 0.00000000 1.00000000 0.00000000
vn 1.00000000 0.00000000 0.00000000
vn 0.00000000 -1.00000000 0.00000000
vn 0.00000000 1.00000000 0.00000000
vn 1.00000000 0.00000000 0.00000000
vn 0.00000000 0.00000000 1.00000000
vn 0.00000000 -1.00000000 0.00000000
vn 0.00000000 -0.70710000 0.70710000
vn -1.00000000 0.00000000 0.00000000
vn 0.00000000 -0.70710000 0.70710000
vn 0.00000000 0.00000000 1.00000000
vn -1.00000000 0.00000000 0.00000000
vn 0.00000000 0.00000000 1.00000000
vn 1.00000000 0.00000000 0.00000000
vn 0.00000000 -0.70710000 0.70710000
vn 0.00000000 -0.70710000 0.70710000
vn 1.00000000 0.00000000 0.00000000
vn 0.00000000 -1.00000000 0.00000000
vn 0.00000000 1.00000000 0.00000000
vn 0.00000000 -1.00000000 0.00000000
vn 0.00000000 0.00000000 1.00000000
vn 0.00000000 -1.00000000 0.00000000
vn 0.00000000 1.00000000 0.00000000
vn 0.00000000 0.00000000 1.00000000
vn 0.00000000 1.00000000 0.00000000
vn 0.00000000 -1.00000000 0.00000000
vn 0.00000000 1.00000000 0.00000000
vn 0.00000000 0.00000000 1.00000000
vn 0.00000000 0.00000000 1.00000000
vn 0.00000000 -1.00000000 0.00000000
vn 0.00000000 0.00000000 1.00000000
vn 0.00000000 0.00000000 1.00000000
vn 0.00000000 0.00000000 1.00000000
vn 0.00000000 0.00000000 1.00000000
vn 0.00000000 0.00000000 1.00000000
vn 0.00000000 0.00000000 1.00000000
vn 0.00000000 0.00000000 1.00000000
vn 0.00000000 0.00000000 1.00000000
vn -1.00000000 0.00000000 0.00000000
vn 0.00000000 1.00000000 0.00000000
vn 0.00000000 0.00000000 1.00000000
vn 0.00000000 -1.00000000 0.00000000
vn -1.00000000 0.00000000 0.00000000
vn -1.00000000 0.00000000 0.00000000
vn 0.00000000 -1.00000000 0.00000000
vn 1.00000000 0.00000000 0.00000000
vn 0.00000000 1.00000000 0.00000000
vn 0.00000000 1.00000000 0.00000000
vn -1.00000000 0.00000000 0.00000000
vn 0.00000000 0.00000000 1.00000000
vn 1.00000000 0.00000000 0.00000000
vn 0.00000000 -1.00000000 0.00000000
vn 1.00000000 0.00000000 0.00000000
vn 0.00000000 0.00000000 1.00000000
vn 0.00000000 1.00000000 0.00000000
vn 1.00000000 0.00000000 0.00000000
vn 0.00000000 0.00000000 1.00000000
vn 0.00000000 -1.00000000 0.00000000
vn -1.00000000 0.00000000 0.00000000
vn -1.00000000 0.00000000 0.00000000
vn 0.00000000 0.00000000 1.00000000
vn -1.00000000 0.00000000 0.00000000
vn 0.00000000 0.00000000 1.00000000
vn -1.00000000 0.00000000 0.00000000
vn 0.00000000 0.00000000 1.00000000
vn 0.00000000 0.00000000 1.00000000
vn 0.00000000 0.00000000 1.00000000
vn 1.00000000 0.00000000 0.00000000
vn 0.00000000 0.00000000 1.00000000
vn 1.00000000 0.00000000 0.00000000
vn 0.00000000 0.00000000 1.00000000
vn 1.00000000 0.00000000 0.00000000
vn 0.00000000 0.00000000 1.00000000
vn 1.00000000 0.00000000 0.00000000
vn -1.00000000 0.00000000 0.00000000
vn 0.00000000 1.00000000 0.00000000
vn -1.00000000 0.00000000 0.00000000
vn 0.00000000 -1.00000000 0.00000000
vn 0.00000000 1.00000000 0.00000000
vn 1.00000000 0.00000000 0.00000000
vn 0.00000000 1.00000000 0.00000000
vn -1.00000000 0.00000000 0.00000000
vn 0.00000000 0.00000000 1.00000000
vn 1.00000000 0.00000000 0.00000000
vn 0.00000000 -1.00000000 0.00000000
vn 0.00000000 1.00000000 0.00000000
vn 1.00000000 0.00000000 0.00000000
vn 0.00000000 0.00000000 1.00000000
vn 0.00000000 -0.70710000 0.70710000
vn -1.00000000 0.00000000 0.00000000
vn 0.00000000 -1.00000000 0.00000000
vn -1.00000000 0.00000000 0.00000000
vn 0.00000000 0.00000000 1.00000000
vn 0.00000000 -0.70710000 0.70710000
vn 1.00000000 0.00000000 0.00000000
vn 0.00000000 0.00000000 1.00000000
vn 0.00000000 -0.70710000 0.70710000
vn 1.00000000 0.00000000 0.00000000
vn 0.00000000 -1.00000000 0.00000000
vn 0.00000000 -0.70710000 0.70710000
vn 0.00000000 1.00000000 0.00000000
vn 0.00000000 -1.00000000 0.00000000
vn 0.00000000 0.00000000 1.00000000
vn 0.00000000 -1.00000000 0.00000000
vn 0.00000000 1.00000000 0.00000000
vn 0.00000000 1.00000000 0.00000000
vn 0.00000000 0.00000000 1.00000000
vn 0.00000000 -1.00000000 0.00000000
vn 0.00000000 1.00000000 0.00000000
vn 0.00000000 0.00000000 1.00000000
vn 0.00000000 0.00000000 1.00000000
vn 0.00000000 -1.00000000 0.00000000
vn 0.00000000 0.00000000 1.00000000
vn 0.00000000 0.00000000 1.00000000
vn 0.00000000 0.00000000 1.00000000
vn 0.00000000 0.00000000 1.00000000
vn 0.00000000 0.00000000 1.00000000
vn 0.00000000 0.00000000 1.00000000
vn 0.00000000 0.00000000 1.00000000
vn 0.00000000 0.00000000 1.00000000
vn 0.00000000 1.00000000 0.00000000
vn -1.00000000 0.00000000 0.00000000
vn -1.00000000 0.00000000 0.00000000
vn 0.00000000 -1.00000000 0.00000000
vn 0.00000000 0.00000000 1.00000000
vn 0.00000000 -1.00000000 0.00000000
vn -1.00000000 0.00000000 0.00000000
vn 0.00000000 1.00000000 0.00000000
vn 1.00000000 0.00000000 0.00000000
vn 0.00000000 0.00000000 1.00000000
vn 0.00000000 1.00000000 0.00000000
vn -1.00000000 0.00000000 0.00000000
vn 1.00000000 0.00000000 0.00000000
vn 0.00000000 -1.00000000 0.00000000
vn 0.00000000 0.00000000 1.00000000
vn 0.00000000 1.00000000 0.00000000
vn 1.00000000 0.00000000 0.00000000
vn 0.00000000 0.00000000 1.00000000
vn 1.00000000 0.00000000 0.00000000
vn 0.00000000 -1.00000000 0.00000000
vn -1.00000000 0.00000000 0.00000000
vn -1.00000000 0.00000000 0.00000000
vn 0.00000000 0.00000000 1.00000000
vn -1.00000000 0.00000000 0.00000000
vn 0.00000000 0.00000000 1.00000000
vn -1.00000000 0.00000000 0.00000000
vn 0.00000000 0.00000000 1.00000000
vn 0.00000000 0.00000000 1.00000000
vn 0.00000000 0.00000000 1.00000000
vn 1.00000000 0.00000000 0.00000000
vn 0.00000000 0.00000000 1.00000000
vn 1.00000000 0.00000000 0.00000000
vn 0.00000000 0.00000000 1.00000000
vn 1.00000000 0.00000000 0.00000000
vn 0.00000000 0.00000000 1.00000000
vn 1.00000000 0.00000000 0.00000000
vn 0.00000000 1.00000000 0.00000000
vn -1.00000000 0.00000000 0.00000000
vn -1.00000000 0.00000000 0.00000000
vn 0.00000000 -1.00000000 0.00000000
vn 1.00000000 0.00000000 0.00000000
vn 0.00000000 1.00000000 0.00000000
vn -1.00000000 0.00000000 0.00000000
vn 0.00000000 0.00000000 1.00000000
vn 0.00000000 1.00000000 0.00000000
vn 0.00000000 -1.00000000 0.00000000
vn 1.00000000 0.00000000 0.00000000
vn 0.00000000 0.00000000 1.00000000
vn 1.00000000 0.00000000 0.00000000
vn 0.00000000 1.00000000 0.00000000
vn 0.00000000 -1.00000000 0.00000000
vn 0.00000000 -0.70710000 0.70710000
vn -1.00000000 0.00000000 0.00000000
vn 0.00000000 -0.70710000 0.70710000
vn -1.00000000 0.00000000 0.00000000
vn 0.00000000 0.00000000 1.00000000
vn 1.00000000 0.00000000 0.00000000
vn 0.00000000 -0.70710000 0.70710000
vn 0.00000000 0.00000000 1.00000000
vn 1.00000000 0.00000000 0.00000000
vn 0.00000000 -1.00000000 0.00000000
vn 0.00000000 -0.70710000 0.70710000
vn 0.00000000 1.00000000 0.00000000
vn 0.00000000 -1.00000000 0.00000000
vn 0.00000000 0.00000000 1.00000000
vn 0.00000000 -1.00000000 0.00000000
vn 0.00000000 1.00000000 0.00000000
vn 0.00000000 1.00000000 0.00000000
vn 0.00000000 0.00000000 1.00000000
vn 0.00000000 -1.00000000 0.00000000
vn 0.00000000 1.00000000 0.00000000
vn 0.00000000 0.00000000 1.00000000
vn 0.00000000 0.00000000 1.00000000
vn 0.00000000 -1.00000000 0.00000000
vn 0.00000000 0.00000000 1.00000000
vn 0.00000000 0.00000000 1.00000000
vn 0.00000000 0.00000000 1.00000000
vn 0.00000000 0.00000000 1.00000000
vn 0.00000000 0.00000000 1.00000000
vn 0.00000000 0.00000000 1.00000000
vn 0.00000000 0.00000000 1.00000000
vn 0.00000000 0.00000000 1.00000000
vn -1.00000000 0.00000000 0.00000000
vn 0.00000000 1.00000000 0.00000000
vn 0.00000000 -1.00000000 0.00000000
vn -1.00000000 0.00000000 0.00000000
vn 0.00000000 0.00000000 1.00000000
vn -1.00000000 0.00000000 0.00000000
vn 0.00000000 -1.00000000 0.00000000
vn 0.00000000 1.00000000 0.00000000
vn 1.00000000 0.00000000 0.00000000
vn 0.00000000 0.00000000 1.00000000
vn 0.00000000 1.00000000 0.00000000
vn -1.00000000 0.00000000 0.00000000
vn 0.00000000 -1.00000000 0.00000000
vn 1.00000000 0.00000000 0.00000000
vn 1.00000000 0.00000000 0.00000000
vn 0.00000000 0.00000000 1.00000000
vn 0.00000000 1.00000000 0.00000000
vn 1.00000000 0.00000000 0.00000000
vn 0.00000000 0.00000000 1.00000000
vn 0.00000000 -1.00000000 0.00000000
vn -1.00000000 0.00000000 0.00000000
vn -1.00000000 0.00000000 0.00000000
vn 0.00000000 0.00000000 1.00000000
vn -1.00000000 0.00000000 0.00000000
vn 0.00000000 0.00000000 1.00000000
vn -1.00000000 0.00000000 0.00000000
vn 0.00000000 0.00000000 1.00000000
vn 0.00000000 0.00000000 1.00000000
vn 0.00000000 0.00000000 1.00000000
vn 1.00000000 0.00000000 0.00000000
vn 0.00000000 0.00000000 1.00000000
vn 1.00000000 0.00000000 0.00000000
vn 1.00000000 0.00000000 0.00000000
vn 0.00000000 0.00000000 1.00000000
vn 0.00000000 0.00000000 1.00000000
vn 1.00000000 0.00000000 0.00000000
vn -1.00000000 0.00000000 0.00000000
vn 0.00000000 1.00000000 0.00000000
vn -1.00000000 0.00000000 0.00000000
vn 0.00000000 -1.00000000 0.00000000
vn 0.00000000 1.00000000 0.00000000
vn 1.00000000 0.00000000 0.00000000
vn 0.00000000 1.00000000 0.00000000
vn 0.00000000 0.00000000 1.00000000
vn -1.00000000 0.00000000 0.00000000
vn 0.00000000 -1.00000000 0.00000000
vn 1.00000000 0.00000000 0.00000000
vn 1.00000000 0.00000000 0.00000000
vn 0.00000000 1.00000000 0.00000000
vn 0.00000000 0.00000000 1.00000000
vn 0.00000000 -0.70710000 0.70710000
vn 0.00000000 -1.00000000 0.00000000
vn -1.00000000 0.00000000 0.00000000
vn 0.00000000 0.00000000 1.00000000
vn -1.00000000 0.00000000 0.00000000
vn 0.00000000 -0.70710000 0.70710000
vn 0.00000000 -0.70710000 0.70710000
vn 1.00000000 0.00000000 0.00000000
vn 0.00000000 0.00000000 1.00000000
vn 0.00000000 -0.70710000 0.70710000
vn 0.00000000 -1.00000000 0.00000000
vn 1.00000000 0.00000000 0.00000000
vn 0.00000000 1.00000000 0.00000000
vn 0.00000000 0.00000000 1.00000000
vn 0.00000000 -1.00000000 0.00000000
vn 0.00000000 -1.00000000 0.00000000
vn 0.00000000 1.00000000 0.00000000
vn 0.00000000 1.00000000 0.00000000
vn 0.00000000 0.00000000 1.00000000
vn 0.00000000 -1.00000000 0.00000000
vn 0.00000000 0.00000000 1.00000000
vn 0.00000000 1.00000000 0.00000000
vn 0.00000000 0.00000000 1.00000000
vn 0.00000000 -1.00000000 0.00000000
vn 0.00000000 0.00000000 1.00000000
vn 0.00000000 0.00000000 1.00000000
vn 0.00000000 0.00000000 1.00000000
vn 0.00000000 0.00000000 1.00000000
vn 0.00000000 0.00000000 1.00000000
vn 0.00000000 0.00000000 1.00000000
vn 0.00000000 0.00000000 1.00000000
vn 0.00000000 0.00000000 1.00000000
vn -1.00000000 0.00000000 0.00000000
vn 0.00000000 1.00000000 0.00000000
vn 0.00000000 0.00000000 1.00000000
vn 0.00000000 -1.00000000 0.00000000
vn -1.00000000 0.00000000 0.00000000
vn 0.00000000 -1.00000000 0.00000000
vn -1.00000000 0.00000000 0.00000000
vn 1.00000000 0.00000000 0.00000000
vn 0.00000000 1.00000000 0.00000000
vn 0.00000000 0.00000000 1.00000000
vn -1.00000000 0.00000000 0.00000000
vn 0.00000000 1.00000000 0.00000000
vn 0.00000000 -1.00000000 0.00000000
vn 1.00000000 0.00000000 0.00000000
vn 0.00000000 1.00000000 0.00000000
vn 1.00000000 0.00000000 0.00000000
vn 0.00000000 0.00000000 1.00000000
vn 0.00000000 0.00000000 1.00000000
vn 0.00000000 -1.00000000 0.00000000
vn 1.00000000 0.00000000 0.00000000
vn -1.00000000 0.00000000 0.00000000
vn 0.00000000 0.00000000 1.00000000
vn -1.00000000 0.00000000 0.00000000
vn -1.00000000 0.00000000 0.00000000
vn 0.00000000 0.00000000 1.00000000
vn -1.00000000 0.00000000 0.00000000
vn 0.00000000 0.00000000 1.00000000
vn 0.00000000 0.00000000 1.00000000
vn 0.00000000 0.00000000 1.00000000
vn 1.00000000 0.00000000 0.00000000
vn 0.00000000 0.00000000 1.00000000
vn 1.00000000 0.00000000 0.00000000
vn 1.00000000 0.00000000 0.00000000
vn 0.00000000 0.00000000 1.00000000
vn 1.00000000 0.00000000 0.00000000
vn 0.00000000 0.00000000 1.00000000
vn 0.00000000 1.00000000 0.00000000
vn -1.00000000 0.00000000 0.00000000
vn 0.00000000 -1.00000000 0.00000000
vn -1.00000000 0.00000000 0.00000000
vn 1.00000000 0.00000000 0.00000000
vn 0.00000000 1.00000000 0.00000000
vn 0.00000000 1.00000000 0.00000000
vn 0.00000000 0.00000000 1.00000000
vn -1.00000000 0.00000000 0.00000000
vn 1.00000000 0.00000000 0.00000000
vn 0.00000000 -1.00000000 0.00000000
vn 1.00000000 0.00000000 0.00000000
vn 0.00000000 0.00000000 1.00000000
vn 0.00000000 1.00000000 0.00000000
vn 0.00000000 -0.70710000 0.70710000
vn 0.00000000 -1.00000000 0.00000000
vn -1.00000000 0.00000000 0.00000000
vn -1.00000000 0.00000000 0.00000000
vn 0.00000000 0.00000000 1.00000000
vn 0.00000000 -0.70710000 0.70710000
vn 0.00000000 -0.70710000 0.70710000
vn 1.00000000 0.00000000 0.00000000
vn 0.00000000 0.00000000 1.00000000
vn 0.00000000 -0.70710000 0.70710000
vn 1.00000000 0.00000000 0.00000000
vn 0.00000000 -1.00000000 0.00000000
vn 0.00000000 1.00000000 0.00000000
vn 0.00000000 -1.00000000 0.00000000
vn 0.00000000 0.00000000 1.00000000
vn 0.00000000 -1.00000000 0.00000000
vn 0.00000000 1.00000000 0.00000000
vn 0.00000000 1.00000000 0.00000000
vn 0.00000000 0.00000000 1.00000000
vn 0.00000000 -1.00000000 0.00000000
vn 0.00000000 0.00000000 1.00000000
vn 0.00000000 1.00000000 0.00000000
vn 0.00000000 -1.00000000 0.00000000
vn 0.00000000 0.00000000 1.00000000
vn 0.00000000 0.00000000 1.00000000
vn 0.00000000 0.00000000 1.00000000
vn 0.00000000 0.00000000 1.00000000
vn 0.00000000 0.00000000 1.00000000
vn 0.00000000 0.00000000 1.00000000
vn 0.00000000 0.00000000 1.00000000
vn 0.00000000 0.00000000 1.00000000
vn 0.00000000 0.00000000 1.00000000
vn 0.00000000 1.00000000 0.00000000
vn -1.00000000 0.00000000 0.00000000
vn -1.00000000 0.00000000 0.00000000
vn 0.00000000 -1.00000000 0.00000000
vn 0.00000000 0.00000000 1.00000000
vn -1.00000000 0.00000000 0.00000000
vn 0.00000000 -1.00000000 0.00000000
vn 1.00000000 0.00000000 0.00000000
vn 0.00000000 1.00000000 0.00000000
vn 0.00000000 0.00000000 1.00000000
vn -1.00000000 0.00000000 0.00000000
vn 0.00000000 1.00000000 0.00000000
vn 0.00000000 -1.00000000 0.00000000
vn 1.00000000 0.00000000 0.00000000
vn 0.00000000 0.00000000 1.00000000
vn 1.00000000 0.00000000 0.00000000
vn 0.00000000 1.00000000 0.00000000
vn 0.00000000 0.00000000 1.00000000
vn 0.00000000 -1.00000000 0.00000000
vn 1.00000000 0.00000000 0.00000000
vn -1.00000000 0.00000000 0.00000000
vn -1.00000000 0.00000000 0.00000000
vn 0.00000000 0.00000000 1.00000000
vn -1.00000000 0.00000000 0.00000000
vn -1.00000000 0.00000000 0.00000000
vn 0.00000000 0.00000000 1.00000000
vn 0.00000000 0.00000000 1.00000000
vn 0.00000000 0.00000000 1.00000000
vn 0.00000000 0.00000000 1.00000000
vn 1.00000000 0.00000000 0.00000000
vn 0.00000000 0.00000000 1.00000000
vn 1.00000000 0.00000000 0.00000000
vn 0.00000000 0.00000000 1.00000000
vn 1.00000000 0.00000000 0.00000000
vn 1.00000000 0.00000000 0.00000000
vn 0.00000000 0.00000000 1.00000000
vn -1.00000000 0.00000000 0.00000000
vn 0.00000000 1.00000000 0.00000000
vn 0.00000000 -1.00000000 0.00000000
vn -1.00000000 0.00000000 0.00000000
vn 0.00000000 1.00000000 0.00000000
vn 1.00000000 0.00000000 0.00000000
vn 0.00000000 0.00000000 1.00000000
vn 0.00000000 1.00000000 0.00000000
vn -1.00000000 0.00000000 0.00000000
vn 1.00000000 0.00000000 0.00000000
vn 0.00000000 -1.00000000 0.00000000
vn 0.00000000 0.00000000 1.00000000
vn 0.00000000 1.00000000 0.00000000
vn 1.00000000 0.00000000 0.00000000
vn 0.00000000 -1.00000000 0.00000000
vn -1.00000000 0.00000000 0.00000000
vn 0.00000000 -0.70710000 0.70710000
vn 0.00000000 0.00000000 1.00000000
vn -1.00000000 0.00000000 0.00000000
vn 0.00000000 -0.70710000 0.70710000
vn 0.00000000 0.00000000 1.00000000
vn 0.00000000 -0.70710000 0.70710000
vn 1.00000000 0.00000000 0.00000000
vn 1.00000000 0.00000000 0.00000000
vn 0.00000000 -1.00000000 0.00000000
vn 0.00000000 -0.70710000 0.70710000
vn 0.00000000 1.00000000 0.00000000
vn 0.00000000 0.00000000 1.00000000
vn 0.00000000 -1.00000000 0.00000000
vn 0.00000000 -1.00000000 0.00000000
vn 0.00000000 1.00000000 0.00000000
vn 0.00000000 0.00000000 1.00000000
vn 0.00000000 1.00000000 0.00000000
vn 0.00000000 -1.00000000 0.00000000
vn 0.00000000 1.00000000 0.00000000
vn 0.00000000 0.00000000 1.00000000
vn 0.00000000 -1.00000000 0.00000000
vn 0.00000000 0.00000000 1.00000000
vn 0.00000000 0.00000000 1.00000000
vn 0.00000000 0.00000000 1.00000000
vn 0.00000000 0.00000000 1.00000000
vn 0.00000000 0.00000000 1.00000000
vn 0.00000000 0.00000000 1.00000000
vn 0.00000000 0.00000000 1.00000000
vn 0.00000000 0.00000000 1.00000000
vn 0.00000000 0.00000000 1.00000000
vn 0.00000000 1.00000000 0.00000000
vn -1.00000000 0.00000000 0.00000000
vn 0.00000000 0.00000000 1.00000000
vn -1.00000000 0.00000000 0.00000000
vn 0.00000000 -1.00000000 0.00000000
vn 0.00000000 -1.00000000 0.00000000
vn -1.00000000 0.00000000 0.00000000
vn 1.00000000 0.00000000 0.00000000
vn 0.00000000 1.00000000 0.00000000
vn 0.00000000 1.00000000 0.00000000
vn 0.00000000 0.00000000 1.00000000
vn -1.00000000 0.00000000 0.00000000
vn 1.00000000 0.00000000 0.00000000
vn 0.00000000 -1.00000000 0.00000000
vn 0.00000000 1.00000000 0.00000000
vn 1.00000000 0.00000000 0.00000000
vn 0.00000000 0.00000000 1.00000000
vn 0.00000000 -1.00000000 0.00000000
vn 0.00000000 0.00000000 1.00000000
vn 1.00000000 0.00000000 0.00000000
vn -1.00000000 0.00000000 0.00000000
vn -1.00000000 0.00000000 0.00000000
vn 0.00000000 0.00000000 1.00000000
vn -1.00000000 0.00000000 0.00000000
vn 0.00000000 0.00000000 1.00000000
vn -1.00000000 0.00000000 0.00000000
vn 0.00000000 0.00000000 1.00000000
vn 0.00000000 0.00000000 1.00000000
vn 0.00000000 0.00000000 1.00000000
vn 1.00000000 0.00000000 0.00000000
vn 0.00000000 0.00000000 1.00000000
vn 1.00000000 0.00000000 0.00000000
vn 0.00000000 0.00000000 1.00000000
vn 1.00000000 0.00000000 0.00000000
vn 1.00000000 0.00000000 0.00000000
vn 0.00000000 0.00000000 1.00000000
vn -1.00000000 0.00000000 0.00000000
vn 0.00000000 1.00000000 0.00000000
vn 0.00000000 -1.00000000 0.00000000
vn -1.00000000 0.00000000 0.00000000
vn 1.00000000 0.00000000 0.00000000
vn 0.00000000 1.00000000 0.00000000
vn -1.00000000 0.00000000 0.00000000
vn 0.00000000 1.00000000 0.00000000
vn 0.00000000 0.00000000 1.00000000
vn 0.00000000 -1.00000000 0.00000000
vn 1.00000000 0.00000000 0.00000000
vn 0.00000000 1.00000000 0.00000000
vn 0.00000000 0.00000000 1.00000000
vn 1.00000000 0.00000000 0.00000000
vn -1.00000000 0.00000000 0.00000000
vn 0.00000000 -0.70710000 0.70710000
vn 0.00000000 -1.00000000 0.00000000
vn 0.00000000 -0.70710000 0.70710000
vn -1.00000000 0.00000000 0.00000000
vn 0.00000000 0.00000000 1.00000000
vn 0.00000000 -0.70710000 0.70710000
vn 0.00000000 0.00000000 1.00000000
vn 1.00000000 0.00000000 0.00000000
vn 1.00000000 0.00000000 0.00000000
vn 0.00000000 -0.70710000 0.70710000
vn 0.00000000 -1.00000000 0.00000000
vn 0.00000000 1.00000000 0.00000000
vn 0.00000000 -1.00000000 0.00000000
vn 0.00000000 0.00000000 1.00000000
vn 0.00000000 -1.00000000 0.00000000
vn 0.00000000 1.00000000 0.00000000
vn 0.00000000 1.00000000 0.00000000
vn 0.00000000 0.00000000 1.00000000
vn 0.00000000 -1.00000000 0.00000000
vn 0.00000000 1.00000000 0.00000000
vn 0.00000000 0.00000000 1.00000000
vn 0.00000000 0.00000000 1.00000000
vn 0.00000000 -1.00000000 0.00000000
vn 0.00000000 0.00000000 1.00000000
vn 0.00000000 0.00000000 1.00000000
vn 0.00000000 0.00000000 1.00000000
vn 0.00000000 0.00000000 1.00000000
vn 0.00000000 0.00000000 1.00000000
vn 0.00000000 0.00000000 1.00000000
vn 0.00000000 0.00000000 1.00000000
vn 0.00000000 0.00000000 1.00000000
vn -1.00000000 0.00000000 0.00000000
vn 0.00000000 1.00000000 0.00000000
vn 0.00000000 0.00000000 1.00000000
vn 0.00000000 -1.00000000 0.00000000
vn -1.00000000 0.00000000 0.00000000
vn 0.00000000 -1.00000000 0.00000000
vn -1.00000000 0.00000000 0.00000000
vn 0.00000000 1.00000000 0.00000000
vn 1.00000000 0.00000000 0.00000000
vn -1.00000000 0.00000000 0.00000000
vn 0.00000000 0.00000000 1.00000000
vn 0.00000000 1.00000000 0.00000000
vn 0.00000000 -1.00000000 0.00000000
vn 1.00000000 0.00000000 0.00000000
vn 0.00000000 1.00000000 0.00000000
vn 1.00000000 0.00000000 0.00000000
vn 0.00000000 0.00000000 1.00000000
vn 1.00000000 0.00000000 0.00000000
vn 0.00000000 -1.00000000 0.00000000
vn 0.00000000 0.00000000 1.00000000
vn -1.00000000 0.00000000 0.00000000
vn -1.00000000 0.00000000 0.00000000
vn 0.00000000 0.00000000 1.00000000
vn -1.00000000 0.00000000 0.00000000
vn -1.00000000 0.00000000 0.00000000
vn 0.00000000 0.00000000 1.00000000
vn 0.00000000 0.00000000 1.00000000
vn 0.00000000 0.00000000 1.00000000
vn 0.00000000 0.00000000 1.00000000
vn 1.00000000 0.00000000 0.00000000
vn 0.00000000 0.00000000 1.00000000
vn 1.00000000 0.00000000 0.00000000
vn 0.00000000 0.00000000 1.00000000
vn 1.00000000 0.00000000 0.00000000
vn 1.00000000 0.00000000 0.00000000
vn 0.00000000 0.00000000 1.00000000
vn -1.00000000 0.00000000 0.00000000
vn 0.00000000 1.00000000 0.00000000
vn 0.00000000 -1.00000000 0.00000000
vn -1.00000000 0.00000000 0.00000000
vn 0.00000000 1.00000000 0.00000000
vn 1.00000000 0.00000000 0.00000000
vn -1.00000000 0.00000000 0.00000000
vn 0.00000000 0.00000000 1.00000000
vn 0.00000000 1.00000000 0.00000000
vn 1.00000000 0.00000000 0.00000000
vn 0.00000000 -1.00000000 0.00000000
vn 0.00000000 0.00000000 1.00000000
vn 1.00000000 0.00000000 0.00000000
vn 0.00000000 1.00000000 0.00000000
vn 0.00000000 -1.00000000 0.00000000
vn -1.00000000 0.00000000 0.00000000
vn 0.00000000 -0.70710000 0.70710000
vn 0.00000000 -0.70710000 0.70710000
vn 0.00000000 0.00000000 1.00000000
vn -1.00000000 0.00000000 0.00000000
vn 0.00000000 0.00000000 1.00000000
vn 0.00000000 -0.70710000 0.70710000
vn 1.00000000 0.00000000 0.00000000
vn 1.00000000 0.00000000 0.00000000
vn 0.00000000 -0.70710000 0.70710000
vn 0.00000000 -1.00000000 0.00000000
vn 0.00000000 1.00000000 0.00000000
vn 0.00000000 -1.00000000 0.00000000
vn 0.00000000 0.00000000 1.00000000
vn 0.00000000 -1.00000000 0.00000000
vn 0.00000000 1.00000000 0.00000000
vn 0.00000000 1.00000000 0.00000000
vn 0.00000000 0.00000000 1.00000000
vn 0.00000000 -1.00000000 0.00000000
vn 0.00000000 0.00000000 1.00000000
vn 0.00000000 1.00000000 0.00000000
vn 0.00000000 -1.00000000 0.00000000
vn 0.00000000 0.00000000 1.00000000
vn 0.00000000 0.00000000 1.00000000
vn 0.00000000 0.00000000 1.00000000
vn 0.00000000 0.00000000 1.00000000
vn 0.00000000 0.00000000 1.00000000
vn 0.00000000 0.00000000 1.00000000
vn -1.00000000 0.00000000 0.00000000
vn 0.00000000 -1.00000000 0.00000000
vn 0.00000000 0.00000000 1.00000000
vn 0.00000000 1.00000000 0.00000000
vn -1.00000000 0.00000000 0.00000000
vn -1.00000000 0.00000000 0.00000000
vn 0.00000000 -1.00000000 0.00000000
vn 0.00000000 0.00000000 -1.00000000
vn 0.00000000 0.00000000 -1.00000000
vn -1.00000000 0.00000000 0.00000000
vn 0.00000000 1.00000000 0.00000000
vn 0.00000000 -1.00000000 0.00000000
vn 1.00000000 0.00000000 0.00000000
vn 0.00000000 0.00000000 1.00000000
vn 0.00000000 0.00000000 1.00000000
vn 1.00000000 0.00000000 0.00000000
vn 0.00000000 1.00000000 0.00000000
vn 0.00000000 0.00000000 -1.00000000
vn 1.00000000 0.00000000 0.00000000
vn 0.00000000 -1.00000000 0.00000000
vn 1.00000000 0.00000000 0.00000000
vn 0.00000000 1.00000000 0.00000000
vn 0.00000000 0.00000000 -1.00000000
vn -0.86220000 0.50660000 0.00000000
vn 0.00000000 0.50660000 0.86220000
vn 0.00000000 1.00000000 0.00000000
vn 0.00000000 1.00000000 0.00000000
vn 0.00000000 0.50660000 0.86220000
vn 0.86220000 0.50660000 0.00000000
vn 0.00000000 1.00000000 0.00000000
vn 0.86220000 0.50660000 0.00000000
vn 0.00000000 0.50660000 -0.86220000
vn 0.00000000 0.50660000 -0.86220000
vn 0.00000000 1.00000000 0.00000000
vn -0.86220000 0.50660000 0.00000000
vn 0.86220000 0.50660000 0.00000000
vn 0.00000000 0.50660000 0.86220000
vn 0.00000000 1.00000000 0.00000000
vn -0.86220000 0.50660000 0.00000000
vn 0.00000000 0.50660000 0.86220000
vn 0.00000000 1.00000000 0.00000000
vn -0.86220000 0.50660000 0.00000000
vn 0.00000000 0.50660000 -0.86220000
vn 0.00000000 1.00000000 0.00000000
vn 0.00000000 1.00000000 0.00000000
vn 0.86220000 0.50660000 0.00000000
vn 0.00000000 0.50660000 -0.86220000
vn -1.00000000 0.00000000 0.00000000
vn 0.00000000 -1.00000000 0.00000000
vn 0.00000000 0.00000000 1.00000000
vn -1.00000000 0.00000000 0.00000000
vn 0.00000000 1.00000000 0.00000000
vn 0.00000000 0.00000000 1.00000000
vn 0.00000000 -1.00000000 0.00000000
vn -1.00000000 0.00000000 0.00000000
vn 0.00000000 0.00000000 -1.00000000
vn -1.00000000 0.00000000 0.00000000
vn 0.00000000 0.00000000 -1.00000000
vn 0.00000000 1.00000000 0.00000000
vn 0.00000000 -1.00000000 0.00000000
vn 0.00000000 0.00000000 1.00000000
vn 1.00000000 0.00000000 0.00000000
vn 1.00000000 0.00000000 0.00000000
vn 0.00000000 0.00000000 1.00000000
vn 0.00000000 1.00000000 0.00000000
vn 0.00000000 0.00000000 -1.00000000
vn 1.00000000 0.00000000 0.00000000
vn 0.00000000 -1.00000000 0.00000000
vn 0.00000000 0.00000000 -1.00000000
vn 1.00000000 0.00000000 0.00000000
vn 0.00000000 1.00000000 0.00000000
vn 0.00000000 -1.00000000 0.00000000
vn -1.00000000 0.00000000 0.00000000
vn -1.00000000 0.00000000 0.00000000
vn 0.00000000 -1.00000000 0.00000000
vn -1.00000000 0.00000000 0.00000000
vn 0.00000000 1.00000000 0.00000000
vn 0.00000000 1.00000000 0.00000000
vn -1.00000000 0.00000000 0.00000000
vn 1.00000000 0.00000000 0.00000000
vn 0.00000000 -1.00000000 0.00000000
vn 1.00000000 0.00000000 0.00000000
vn 0.00000000 -1.00000000 0.00000000
vn 0.00000000 1.00000000 0.00000000
vn 1.00000000 0.00000000 0.00000000
vn 0.00000000 1.00000000 0.00000000
vn 1.00000000 0.00000000 0.00000000
vn -1.00000000 0.00000000 0.00000000
vn 0.00000000 -1.00000000 0.00000000
vn 0.00000000 0.00000000 1.00000000
vn -1.00000000 0.00000000 0.00000000
vn 0.00000000 0.00000000 1.00000000
vn 0.00000000 1.00000000 0.00000000
vn 0.00000000 0.00000000 -1.00000000
vn -1.00000000 0.00000000 0.00000000
vn 0.00000000 -1.00000000 0.00000000
vn 0.00000000 1.00000000 0.00000000
vn -1.00000000 0.00000000 0.00000000
vn 0.00000000 0.00000000 -1.00000000
vn 1.00000000 0.00000000 0.00000000
vn 0.00000000 0.00000000 1.00000000
vn 0.00000000 -1.00000000 0.00000000
vn 0.00000000 1.00000000 0.00000000
vn 1.00000000 0.00000000 0.00000000
vn 0.00000000 0.00000000 1.00000000
vn 1.00000000 0.00000000 0.00000000
vn 0.00000000 0.00000000 -1.00000000
vn 0.00000000 -1.00000000 0.00000000
vn 0.00000000 1.00000000 0.00000000
vn 0.00000000 0.00000000 -1.00000000
vn 1.00000000 0.00000000 0.00000000
vn 0.00000000 1.00000000 0.00000000
vn 1.00000000 0.00000000 0.00000000
vn 0.00000000 1.00000000 0.00000000
vn 1.00000000 0.00000000 0.00000000
vn 0.00000000 -1.00000000 0.00000000
vn 1.00000000 0.00000000 0.00000000
vn 1.00000000 0.00000000 0.00000000
vn 0.00000000 -1.00000000 0.00000000
vn 0.00000000 1.00000000 0.00000000
vn -1.00000000 0.00000000 0.00000000
vn 0.00000000 1.00000000 0.00000000
vn -1.00000000 0.00000000 0.00000000
vn 0.00000000 -1.00000000 0.00000000
vn -1.00000000 0.00000000 0.00000000
vn 0.00000000 -1.00000000 0.00000000
vn -1.00000000 0.00000000 0.00000000
vn 0.00000000 0.00000000 -1.00000000
vn 0.00000000 1.00000000 0.00000000
vn 1.00000000 0.00000000 0.00000000
vn 1.00000000 0.00000000 0.00000000
vn 0.00000000 -1.00000000 0.00000000
vn 0.00000000 0.00000000 -1.00000000
vn 0.00000000 1.00000000 0.00000000
vn 0.00000000 0.00000000 1.00000000
vn 1.00000000 0.00000000 0.00000000
vn 0.00000000 -1.00000000 0.00000000
vn 1.00000000 0.00000000 0.00000000
vn 0.00000000 0.00000000 1.00000000
vn 0.00000000 1.00000000 0.00000000
vn -1.00000000 0.00000000 0.00000000
vn 0.00000000 0.00000000 -1.00000000
vn 0.00000000 0.00000000 -1.00000000
vn -1.00000000 0.00000000 0.00000000
vn 0.00000000 -1.00000000 0.00000000
vn -1.00000000 0.00000000 0.00000000
vn 0.00000000 0.00000000 1.00000000
vn 0.00000000 1.00000000 0.00000000
vn 0.00000000 -1.00000000 0.00000000
vn 0.00000000 0.00000000 1.00000000
vn -1.00000000 0.00000000 0.00000000
vn 0.00000000 -1.00000000 0.00000000
vn -1.00000000 0.00000000 0.00000000
vn 0.00000000 -1.00000000 0.00000000
vn -1.00000000 0.00000000 0.00000000
vn 0.00000000 1.00000000 0.00000000
vn -1.00000000 0.00000000 0.00000000
vn 0.00000000 1.00000000 0.00000000
vn -1.00000000 0.00000000 0.00000000
vn 1.00000000 0.00000000 0.00000000
vn 0.00000000 -1.00000000 0.00000000
vn 0.00000000 -1.00000000 0.00000000
vn 1.00000000 0.00000000 0.00000000
vn 1.00000000 0.00000000 0.00000000
vn 0.00000000 1.00000000 0.00000000
vn 0.00000000 1.00000000 0.00000000
vn 1.00000000 0.00000000 0.00000000
vn 0.00000000 -1.00000000 0.00000000
vn -1.00000000 0.00000000 0.00000000
vn 0.00000000 0.00000000 1.00000000
vn 0.00000000 1.00000000 0.00000000
vn -1.00000000 0.00000000 0.00000000
vn 0.00000000 0.00000000 1.00000000
vn -1.00000000 0.00000000 0.00000000
vn 0.00000000 -1.00000000 0.00000000
vn 0.00000000 0.00000000 -1.00000000
vn -1.00000000 0.00000000 0.00000000
vn 0.00000000 1.00000000 0.00000000
vn 0.00000000 0.00000000 -1.00000000
vn 0.00000000 0.00000000 1.00000000
vn 1.00000000 0.00000000 0.00000000
vn 0.00000000 -1.00000000 0.00000000
vn 0.00000000 1.00000000 0.00000000
vn 0.00000000 0.00000000 1.00000000
vn 1.00000000 0.00000000 0.00000000
vn 1.00000000 0.00000000 0.00000000
vn 0.00000000 -1.00000000 0.00000000
vn 0.00000000 0.00000000 -1.00000000
vn 0.00000000 1.00000000 0.00000000
vn 0.00000000 0.00000000 -1.00000000
vn 1.00000000 0.00000000 0.00000000
vn 0.00000000 -1.00000000 0.00000000
vn -1.00000000 0.00000000 0.00000000
vn 0.00000000 -1.00000000 0.00000000
vn -1.00000000 0.00000000 0.00000000
vn -1.00000000 0.00000000 0.00000000
vn 0.00000000 1.00000000 0.00000000
vn -1.00000000 0.00000000 0.00000000
vn 0.00000000 1.00000000 0.00000000
vn 0.00000000 -1.00000000 0.00000000
vn 1.00000000 0.00000000 0.00000000
vn 1.00000000 0.00000000 0.00000000
vn 0.00000000 -1.00000000 0.00000000
vn 0.00000000 1.00000000 0.00000000
vn 1.00000000 0.00000000 0.00000000
vn 1.00000000 0.00000000 0.00000000
vn 0.00000000 1.00000000 0.00000000
vn 0.00000000 0.00000000 1.00000000
vn 0.00000000 -1.00000000 0.00000000
vn -1.00000000 0.00000000 0.00000000
vn 0.00000000 0.00000000 1.00000000
vn 0.00000000 1.00000000 0.00000000
vn -1.00000000 0.00000000 0.00000000
vn -1.00000000 0.00000000 0.00000000
vn 0.00000000 -1.00000000 0.00000000
vn 0.00000000 0.00000000 -1.00000000
vn -1.00000000 0.00000000 0.00000000
vn 0.00000000 0.00000000 -1.00000000
vn 0.00000000 1.00000000 0.00000000
vn 1.00000000 0.00000000 0.00000000
vn 0.00000000 0.00000000 1.00000000
vn 0.00000000 -1.00000000 0.00000000
vn 0.00000000 1.00000000 0.00000000
vn 0.00000000 0.00000000 1.00000000
vn 1.00000000 0.00000000 0.00000000
vn 0.00000000 0.00000000 -1.00000000
vn 0.00000000 -1.00000000 0.00000000
vn 1.00000000 0.00000000 0.00000000
vn 0.00000000 1.00000000 0.00000000
vn 1.00000000 0.00000000 0.00000000
vn 0.00000000 0.00000000 -1.00000000
vn 0.00000000 -1.00000000 0.00000000
vn -1.00000000 0.00000000 0.00000000
vn -1.00000000 0.00000000 0.00000000
vn 0.00000000 -1.00000000 0.00000000
vn -1.00000000 0.00000000 0.00000000
vn 0.00000000 1.00000000 0.00000000
vn -1.00000000 0.00000000 0.00000000
vn 0.00000000 1.00000000 0.00000000
vn 0.00000000 -1.00000000 0.00000000
vn 1.00000000 0.00000000 0.00000000
vn 1.00000000 0.00000000 0.00000000
vn 0.00000000 -1.00000000 0.00000000
vn 1.00000000 0.00000000 0.00000000
vn 0.00000000 1.00000000 0.00000000
vn 1.00000000 0.00000000 0.00000000
vn 0.00000000 1.00000000 0.00000000
vn -1.00000000 0.00000000 0.00000000
vn 0.00000000 0.00000000 1.00000000
vn 0.00000000 -1.00000000 0.00000000
vn -1.00000000 0.00000000 0.00000000
vn 0.00000000 1.00000000 0.00000000
vn 0.00000000 0.00000000 1.00000000
vn -1.00000000 0.00000000 0.00000000
vn 0.00000000 0.00000000 -1.00000000
vn 0.00000000 -1.00000000 0.00000000
vn 0.00000000 0.00000000 -1.00000000
vn -1.00000000 0.00000000 0.00000000
vn 0.00000000 1.00000000 0.00000000
vn 0.00000000 -1.00000000 0.00000000
vn 1.00000000 0.00000000 0.00000000
vn 0.00000000 0.00000000 1.00000000
vn 0.00000000 0.00000000 1.00000000
vn 0.00000000 1.00000000 0.00000000
vn 1.00000000 0.00000000 0.00000000
vn 1.00000000 0.00000000 0.00000000
vn 0.00000000 0.00000000 -1.00000000
vn 0.00000000 -1.00000000 0.00000000
vn 0.00000000 1.00000000 0.00000000
vn 1.00000000 0.00000000 0.00000000
vn 0.00000000 0.00000000 -1.00000000
vn 0.00000000 0.50660000 0.86220000
vn 0.00000000 1.00000000 0.00000000
vn -0.86220000 0.50660000 0.00000000
vn 0.00000000 1.00000000 0.00000000
vn 0.86220000 0.50660000 0.00000000
vn 0.00000000 0.50660000 0.86220000
vn 0.86220000 0.50660000 0.00000000
vn 0.00000000 0.50660000 -0.86220000
vn 0.00000000 1.00000000 0.00000000
vn 0.00000000 1.00000000 0.00000000
vn -0.86220000 0.50660000 0.00000000
vn 0.00000000 0.50660000 -0.86220000
vn 0.86220000 0.50660000 0.00000000
vn 0.00000000 0.50660000 0.86220000
vn 0.00000000 1.00000000 0.00000000
vn -0.86220000 0.50660000 0.00000000
vn 0.00000000 1.00000000 0.00000000
vn 0.00000000 0.50660000 0.86220000
vn 0.00000000 0.50660000 -0.86220000
vn 0.00000000 1.00000000 0.00000000
vn -0.86220000 0.50660000 0.00000000
vn 0.00000000 0.50660000 -0.86220000
vn 0.00000000 1.00000000 0.00000000
vn 0.86220000 0.50660000 0.00000000
vn 1.00000000 0.00000000 0.00000000
vn 1.00000000 0.00000000 0.00000000
vn 1.00000000 0.00000000 0.00000000
vn 1.00000000 0.00000000 0.00000000
vn 1.00000000 0.00000000 0.00000000
vn 1.00000000 0.00000000 0.00000000
vn 1.00000000 0.00000000 0.00000000
vn 1.00000000 0.00000000 0.00000000
vn -1.00000000 0.00000000 0.00000000
vn -1.00000000 0.00000000 0.00000000
vn -1.00000000 0.00000000 0.00000000
vn -1.00000000 0.00000000 0.00000000
vn -1.00000000 0.00000000 0.00000000
vn -1.00000000 0.00000000 0.00000000
vn -1.00000000 0.00000000 0.00000000
vn -1.00000000 0.00000000 0.00000000
vn 0.00000000 0.00000000 -1.00000000
vn 0.00000000 0.00000000 -1.00000000
vn 0.00000000 0.00000000 -1.00000000
vn 0.00000000 0.00000000 -1.00000000
vn 0.00000000 0.00000000 -1.00000000
vn 0.00000000 0.00000000 -1.00000000
vn 0.00000000 0.00000000 -1.00000000
vn 0.00000000 0.00000000 -1.00000000
vn 0.00000000 0.00000000 -1.00000000
vn 0.00000000 0.00000000 -1.00000000
vn 0.00000000 0.00000000 -1.00000000
vn 0.00000000 0.00000000 -1.00000000
vn 0.00000000 0.00000000 -1.00000000
vn 0.00000000 0.00000000 -1.00000000
vn 0.00000000 0.00000000 -1.00000000
vn 0.00000000 0.00000000 -1.00000000
vn 0.00000000 0.00000000 1.00000000
vn 0.00000000 0.00000000 1.00000000
vn 0.00000000 0.00000000 1.00000000
vn 0.00000000 0.00000000 1.00000000
vn 0.00000000 0.00000000 -1.00000000
vn 0.00000000 0.00000000 -1.00000000
vn 0.00000000 0.00000000 -1.00000000
vn 0.00000000 0.00000000 -1.00000000
vn -1.00000000 0.00000000 0.00000000
vn -1.00000000 0.00000000 0.00000000
vn -1.00000000 0.00000000 0.00000000
vn -1.00000000 0.00000000 0.00000000
vn 1.00000000 0.00000000 0.00000000
vn 1.00000000 0.00000000 0.00000000
vn 1.00000000 0.00000000 0.00000000
vn 1.00000000 0.00000000 0.00000000
vn 0.00000000 0.00000000 1.00000000
vn 0.15120000 -0.97820000 0.14240000
vn 1.00000000 0.00000000 0.00000000
vn 1.00000000 0.00000000 0.00000000
vn 0.10810000 0.98890000 0.10180000
vn 0.00000000 0.00000000 1.00000000
vn 0.00000000 0.00000000 -1.00000000
vn 1.00000000 0.00000000 0.00000000
vn 0.10810000 0.98890000 -0.10180000
vn 0.00000000 0.00000000 -1.00000000
vn 0.15120000 -0.97820000 -0.14240000
vn 1.00000000 0.00000000 0.00000000
vn 0.00000000 0.04520000 -0.99900000
vn -0.95710000 0.19970000 -0.21010000
vn 0.00000000 0.99210000 -0.12560000
vn -0.95710000 0.19970000 -0.21010000
vn 0.00000000 0.04520000 -0.99900000
vn 0.95710000 0.19970000 -0.21010000
vn 0.00000000 0.99210000 -0.12560000
vn 0.95710000 0.19970000 -0.21010000
vn 0.00000000 0.05660000 0.99840000
vn 0.96290000 0.21680000 0.16070000
vn 0.96290000 0.21680000 0.16070000
vn 0.00000000 0.99210000 -0.12560000
vn -0.96290000 0.21680000 0.16070000
vn 0.00000000 0.05660000 0.99840000
vn -0.96290000 0.21680000 0.16070000
vn 0.00000000 0.99210000 -0.12560000
vn 0.00000000 0.00000000 -1.00000000
vn 1.00000000 0.00000000 0.00000000
vn 0.12770000 -0.97690000 -0.17130000
vn 0.09090000 0.98820000 -0.12320000
vn 0.09090000 0.98820000 0.12320000
vn 0.00000000 0.00000000 1.00000000
vn 1.00000000 0.00000000 0.00000000
vn 0.12770000 -0.97690000 0.17130000
vn -0.09090000 0.98820000 -0.12320000
vn 0.00000000 0.00000000 -1.00000000
vn -1.00000000 0.00000000 0.00000000
vn -0.12770000 -0.97690000 -0.17130000
vn -0.09090000 0.98820000 0.12320000
vn -1.00000000 0.00000000 0.00000000
vn 0.00000000 0.00000000 1.00000000
vn -0.12770000 -0.97690000 0.17130000
vn -1.00000000 0.00000000 0.00000000
vn 0.00000000 0.00000000 1.00000000
vn -0.10810000 0.98890000 0.10180000
vn 0.00000000 0.00000000 1.00000000
vn -1.00000000 0.00000000 0.00000000
vn -0.15120000 -0.97820000 0.14240000
vn -1.00000000 0.00000000 0.00000000
vn -0.10810000 0.98890000 -0.10180000
vn 0.00000000 0.00000000 -1.00000000
vn 0.00000000 0.00000000 -1.00000000
vn -0.15120000 -0.97820000 -0.14240000
vn -1.00000000 0.00000000 0.00000000
vn 0.27810000 -0.93890000 -0.20300000
vn 0.27810000 -0.93890000 -0.20300000
vn 0.64690000 -0.76260000 -0.00000000
vn -0.00000000 -0.84950000 -0.52750000
vn 1.00000000 0.00000000 0.00000000
vn 0.00000000 0.00000000 -1.00000000
vn 1.00000000 0.00000000 0.00000000
vn 0.00000000 0.00000000 1.00000000
vn 0.00000000 -0.84950000 0.52750000
vn 0.64690000 -0.76260000 -0.00000000
vn 0.27810000 -0.93890000 0.20300000
vn 0.27810000 -0.93890000 0.20300000
vn 0.00000000 0.00000000 -1.00000000
vn -0.00000000 -0.84950000 -0.52750000
vn -1.00000000 0.00000000 0.00000000
vn -0.64690000 -0.76260000 0.00000000
vn -0.27810000 -0.93890000 -0.20300000
vn -0.27810000 -0.93890000 -0.20300000
vn -1.00000000 0.00000000 0.00000000
vn 0.00000000 0.00000000 1.00000000
vn -0.64690000 -0.76260000 0.00000000
vn 0.00000000 -0.84950000 0.52750000
vn -0.27810000 -0.93890000 0.20300000
vn -0.27810000 -0.93890000 0.20300000
vn 0.00000000 0.99180000 -0.12820000
vn 0.98960000 0.14350000 -0.00930000
vn 0.00000000 0.00000000 -1.00000000
vn 0.00000000 0.00000000 1.00000000
vn 0.98960000 0.14350000 -0.00930000
vn 0.00000000 0.99180000 -0.12820000
vn 0.00000000 0.00000000 1.00000000
vn -0.98960000 0.14350000 -0.00930000
vn 0.00000000 0.99180000 -0.12820000
vn 0.00000000 0.00000000 -1.00000000
vn -0.98960000 0.14350000 -0.00930000
vn 0.00000000 0.99180000 -0.12820000
vn 0.98960000 0.14350000 -0.00930000
vn 0.00000000 0.00000000 -1.00000000
vn 0.00000000 0.00000000 1.00000000
vn 0.98960000 0.14350000 -0.00930000
vn 0.00000000 0.00000000 -1.00000000
vn -0.98960000 0.14350000 -0.00930000
vn 0.00000000 0.00000000 1.00000000
vn -0.98960000 0.14350000 -0.00930000
vn -0.95710000 0.19970000 -0.21010000
vn 0.00000000 0.04520000 -0.99900000
vn 0.00000000 0.99210000 -0.12560000
vn -0.95710000 0.19970000 -0.21010000
vn 0.00000000 0.99210000 -0.12560000
vn 0.95710000 0.19970000 -0.21010000
vn 0.00000000 0.04520000 -0.99900000
vn 0.95710000 0.19970000 -0.21010000
vn 0.00000000 0.99210000 -0.12560000
vn 0.96290000 0.21680000 0.16070000
vn 0.96290000 0.21680000 0.16070000
vn 0.00000000 0.05660000 0.99840000
vn -0.96290000 0.21680000 0.16070000
vn 0.00000000 0.99210000 -0.12560000
vn 0.00000000 0.05660000 0.99840000
vn -0.96290000 0.21680000 0.16070000
vn 0.95690000 0.20290000 -0.20760000
vn 0.95690000 0.20290000 -0.20760000
vn 0.00000000 0.00000000 -1.00000000
vn 0.00000000 0.99180000 -0.12820000
vn 0.00000000 0.00000000 -1.00000000
vn 0.00000000 0.99180000 -0.12820000
vn -0.95690000 0.20290000 -0.20760000
vn -0.95690000 0.20290000 -0.20760000
vn 0.00000000 0.99180000 -0.12820000
vn 0.95690000 0.20290000 -0.20760000
vn 0.95690000 0.20290000 -0.20760000
vn 0.00000000 0.00000000 -1.00000000
vn 0.00000000 0.00000000 -1.00000000
vn 0.00000000 0.99180000 -0.12820000
vn -0.95690000 0.20290000 -0.20760000
vn -0.95690000 0.20290000 -0.20760000
vn -0.96310000 0.20200000 0.17770000
vn -0.96310000 0.20200000 0.17770000
vn 0.00000000 0.00000000 1.00000000
vn 0.00000000 0.99180000 -0.12820000
vn 0.00000000 0.99180000 -0.12820000
vn 0.96310000 0.20200000 0.17770000
vn 0.96310000 0.20200000 0.17770000
vn 0.00000000 0.00000000 1.00000000
vn -0.96310000 0.20200000 0.17770000
vn 0.00000000 0.99180000 -0.12820000
vn 0.00000000 0.00000000 1.00000000
vn -0.96310000 0.20200000 0.17770000
vn 0.96310000 0.20200000 0.17770000
vn 0.96310000 0.20200000 0.17770000
vn 0.00000000 0.99180000 -0.12820000
vn 0.00000000 0.00000000 1.00000000
vn 0.00000000 0.00000000 1.00000000
vn 0.92550000 0.01170000 0.37870000
vn -0.92550000 0.01170000 0.37870000
vn 0.00000000 0.00000000 1.00000000
vn 0.92550000 0.01170000 0.37870000
vn 0.00000000 0.00000000 1.00000000
vn -0.92550000 0.01170000 0.37870000
vn 0.00000000 0.00000000 1.00000000
vn 0.00000000 0.00000000 -1.00000000
vn -0.93570000 0.00900000 -0.35280000
vn 0.93570000 0.00900000 -0.35280000
vn 0.00000000 0.00000000 -1.00000000
vn 0.00000000 0.00000000 -1.00000000
vn -0.93570000 0.00900000 -0.35280000
vn 0.00000000 0.00000000 -1.00000000
vn 0.93570000 0.00900000 -0.35280000
vn 0.00000000 0.05660000 0.99840000
vn -0.92550000 0.01170000 0.37870000
vn 0.92550000 0.01170000 0.37870000
vn 0.00000000 0.05660000 0.99840000
vn -0.92550000 0.01170000 0.37870000
vn 0.00000000 0.05660000 0.99840000
vn 0.00000000 0.05660000 0.99840000
vn 0.92550000 0.01170000 0.37870000
vn 0.00000000 0.04520000 -0.99900000
vn 0.93570000 0.00900000 -0.35280000
vn -0.93570000 0.00900000 -0.35280000
vn 0.00000000 0.04520000 -0.99900000
vn 0.93570000 0.00900000 -0.35280000
vn 0.00000000 0.04520000 -0.99900000
vn 0.00000000 0.04520000 -0.99900000
vn -0.93570000 0.00900000 -0.35280000
vn -0.97650000 -0.21570000 0.00000000
vn -0.00000000 -0.21570000 -0.97650000
vn -0.00000000 -0.21570000 -0.97650000
vn -0.97650000 -0.21570000 0.00000000
vn -0.00000000 0.21570000 -0.97650000
vn -0.97650000 0.21570000 0.00000000
vn -0.97650000 0.21570000 0.00000000
vn -0.00000000 0.21570000 -0.97650000
vn -0.86300000 -0.50520000 0.00000000
vn -0.86300000 0.50520000 0.00000000
vn -0.00000000 0.50520000 -0.86300000
vn -0.00000000 -0.50520000 -0.86300000
vn -0.00000000 0.21570000 -0.97650000
vn 0.97650000 0.21570000 -0.00000000
vn 0.97650000 0.21570000 -0.00000000
vn -0.00000000 0.21570000 -0.97650000
vn 0.97650000 -0.21570000 -0.00000000
vn -0.00000000 -0.21570000 -0.97650000
vn 0.97650000 -0.21570000 -0.00000000
vn -0.00000000 -0.21570000 -0.97650000
vn 0.86300000 0.50520000 -0.00000000
vn -0.00000000 -0.50520000 -0.86300000
vn -0.00000000 0.50520000 -0.86300000
vn 0.86300000 -0.50520000 -0.00000000
vn 0.97650000 -0.21570000 -0.00000000
vn 0.00000000 -0.21570000 0.97650000
vn 0.00000000 -0.21570000 0.97650000
vn 0.97650000 -0.21570000 -0.00000000
vn 0.00000000 0.21570000 0.97650000
vn 0.00000000 0.21570000 0.97650000
vn 0.97650000 0.21570000 -0.00000000
vn 0.97650000 0.21570000 -0.00000000
vn 0.00000000 -0.50520000 0.86300000
vn 0.86300000 0.50520000 -0.00000000
vn 0.00000000 0.50520000 0.86300000
vn 0.86300000 -0.50520000 -0.00000000
vn -0.97650000 0.21570000 0.00000000
vn 0.00000000 0.21570000 0.97650000
vn 0.00000000 0.21570000 0.97650000
vn -0.97650000 0.21570000 0.00000000
vn 0.00000000 -0.21570000 0.97650000
vn 0.00000000 -0.21570000 0.97650000
vn -0.97650000 -0.21570000 0.00000000
vn -0.97650000 -0.21570000 0.00000000
vn -0.86300000 -0.50520000 0.00000000
vn -0.86300000 0.50520000 0.00000000
vn 0.00000000 0.50520000 0.86300000
vn 0.00000000 -0.50520000 0.86300000
vn 0.00000000 0.00000000 1.00000000
vn 0.00000000 0.00000000 1.00000000
vn 0.00000000 0.00000000 1.00000000
vn 0.00000000 0.00000000 1.00000000
vn 0.00000000 -1.00000000 0.00000000
vn 0.99580000 0.00000000 0.09190000
vn 0.09190000 0.00000000 -0.99580000
vn 0.00000000 1.00000000 0.00000000
vn 0.99580000 0.00000000 0.09190000
vn 0.09190000 0.00000000 -0.99580000
vn 0.99580000 0.00000000 0.09190000
vn -0.09190000 0.00000000 0.99580000
vn 0.00000000 -1.00000000 0.00000000
vn -0.09190000 0.00000000 0.99580000
vn 0.00000000 1.00000000 0.00000000
vn 0.99580000 0.00000000 0.09190000
vn 0.09190000 0.00000000 -0.99580000
vn 0.00000000 -1.00000000 0.00000000
vn -0.99580000 0.00000000 -0.09190000
vn 0.09190000 0.00000000 -0.99580000
vn 0.00000000 1.00000000 0.00000000
vn -0.99580000 0.00000000 -0.09190000
vn 0.00000000 -1.00000000 0.00000000
vn -0.99580000 0.00000000 -0.09190000
vn -0.09190000 0.00000000 0.99580000
vn -0.99580000 0.00000000 -0.09190000
vn -0.09190000 0.00000000 0.99580000
vn 0.00000000 1.00000000 0.00000000
vn 0.09190000 0.00000000 -0.99580000
vn 0.09190000 0.00000000 -0.99580000
vn 0.09190000 0.00000000 -0.99580000
vn 0.09190000 0.00000000 -0.99580000
vn 0.00000000 -1.00000000 0.00000000
vn 0.00000000 -1.00000000 0.00000000
vn -0.09190000 0.00000000 0.99580000
vn -0.09190000 0.00000000 0.99580000
vn 0.00000000 -1.00000000 0.00000000
vn -0.09190000 0.00000000 0.99580000
vn -0.09190000 0.00000000 0.99580000
vn 0.00000000 -1.00000000 0.00000000
vn -0.09190000 0.00000000 0.99580000
vn -0.09190000 0.00000000 0.99580000
vn 0.00000000 1.00000000 0.00000000
vn 0.00000000 1.00000000 0.00000000
vn 0.00000000 1.00000000 0.00000000
vn -0.09190000 0.00000000 0.99580000
vn -0.09190000 0.00000000 0.99580000
vn 0.00000000 1.00000000 0.00000000
vn 0.09190000 0.00000000 -0.99580000
vn 0.00000000 -1.00000000 0.00000000
vn 0.00000000 -1.00000000 0.00000000
vn 0.09190000 0.00000000 -0.99580000
vn 0.00000000 -1.00000000 0.00000000
vn 0.09190000 0.00000000 -0.99580000
vn 0.09190000 0.00000000 -0.99580000
vn 0.00000000 -1.00000000 0.00000000
vn 0.09190000 0.00000000 -0.99580000
vn 0.09190000 0.00000000 -0.99580000
vn 0.00000000 1.00000000 0.00000000
vn 0.00000000 1.00000000 0.00000000
vn 0.00000000 1.00000000 0.00000000
vn 0.09190000 0.00000000 -0.99580000
vn 0.09190000 0.00000000 -0.99580000
vn 0.00000000 1.00000000 0.00000000
vn 0.00000000 1.00000000 0.00000000
vn 0.00000000 1.00000000 0.00000000
vn 0.00000000 1.00000000 0.00000000
vn 0.00000000 1.00000000 0.00000000
vn 0.00000000 -1.00000000 0.00000000
vn 0.92030000 0.00000000 -0.39110000
vn -0.39110000 0.00000000 -0.92030000
vn 0.92030000 0.00000000 -0.39110000
vn 0.00000000 -1.00000000 0.00000000
vn 0.39110000 -0.00000000 0.92030000
vn -0.39110000 0.00000000 -0.92030000
vn -0.92030000 0.00000000 0.39110000
vn 0.00000000 -1.00000000 0.00000000
vn -0.92030000 0.00000000 0.39110000
vn 0.00000000 1.00000000 0.00000000
vn -0.39110000 0.00000000 -0.92030000
vn 0.00000000 -1.00000000 0.00000000
vn 0.39110000 -0.00000000 0.92030000
vn -0.92030000 0.00000000 0.39110000
vn -0.92030000 0.00000000 0.39110000
vn 0.39110000 -0.00000000 0.92030000
vn 0.00000000 1.00000000 0.00000000
vn 0.39110000 -0.00000000 0.92030000
vn 0.39110000 -0.00000000 0.92030000
vn 0.39110000 -0.00000000 0.92030000
vn 0.39110000 -0.00000000 0.92030000
vn 0.39380000 0.90380000 -0.16740000
vn 0.39380000 0.90380000 -0.16740000
vn 0.92030000 0.00000000 -0.39110000
vn 0.39380000 0.90380000 -0.16740000
vn 0.00000000 1.00000000 0.00000000
vn 0.39110000 -0.00000000 0.92030000
vn -0.39110000 0.00000000 -0.92030000
vn 0.39380000 0.90380000 -0.16740000
vn 0.92030000 0.00000000 -0.39110000
vn 0.00000000 1.00000000 0.00000000
vn 0.00000000 1.00000000 0.00000000
vn 0.00000000 1.00000000 0.00000000
vn 0.39110000 -0.00000000 0.92030000
vn 0.00000000 1.00000000 0.00000000
vn -0.39110000 0.00000000 -0.92030000
vn 0.00000000 1.00000000 0.00000000
vn 0.00000000 -1.00000000 0.00000000
vn 0.86890000 0.00000000 -0.49500000
vn 0.49500000 0.00000000 0.86890000
vn 0.49500000 0.00000000 0.86890000
vn 0.00000000 1.00000000 0.00000000
vn 0.86890000 0.00000000 -0.49500000
vn 0.00000000 -1.00000000 0.00000000
vn -0.86890000 0.00000000 0.49500000
vn 0.49500000 0.00000000 0.86890000
vn -0.86890000 0.00000000 0.49500000
vn 0.49500000 0.00000000 0.86890000
vn 0.00000000 1.00000000 0.00000000
vn 0.00000000 -1.00000000 0.00000000
vn -0.49500000 0.00000000 -0.86890000
vn 0.86890000 0.00000000 -0.49500000
vn 0.86890000 0.00000000 -0.49500000
vn 0.00000000 1.00000000 0.00000000
vn -0.49500000 0.00000000 -0.86890000
vn -0.86890000 0.00000000 0.49500000
vn 0.00000000 -1.00000000 0.00000000
vn -0.49500000 0.00000000 -0.86890000
vn 0.00000000 1.00000000 0.00000000
vn -0.86890000 0.00000000 0.49500000
vn -0.49500000 0.00000000 -0.86890000
vn -0.86890000 0.00000000 0.49500000
vn -0.86890000 0.00000000 0.49500000
vn -0.86890000 0.00000000 0.49500000
vn -0.86890000 0.00000000 0.49500000
vn -0.86890000 0.00000000 0.49500000
vn -0.86890000 0.00000000 0.49500000
vn 0.00000000 -1.00000000 0.00000000
vn 0.00000000 -1.00000000 0.00000000
vn 0.00000000 -1.00000000 0.00000000
vn 0.00000000 -1.00000000 0.00000000
vn -0.86890000 0.00000000 0.49500000
vn -0.86890000 0.00000000 0.49500000
vn 0.00000000 1.00000000 0.00000000
vn -0.86890000 0.00000000 0.49500000
vn 0.00000000 1.00000000 0.00000000
vn -0.86890000 0.00000000 0.49500000
vn 0.00000000 1.00000000 0.00000000
vn 0.00000000 1.00000000 0.00000000
vn -0.86890000 0.00000000 0.49500000
vn -0.86890000 0.00000000 0.49500000
vn 0.00000000 -1.00000000 0.00000000
vn 0.00000000 -1.00000000 0.00000000
vn 0.86890000 0.00000000 -0.49500000
vn 0.86890000 0.00000000 -0.49500000
vn 0.00000000 -1.00000000 0.00000000
vn 0.00000000 -1.00000000 0.00000000
vn 0.86890000 0.00000000 -0.49500000
vn 0.86890000 0.00000000 -0.49500000
vn 0.86890000 0.00000000 -0.49500000
vn 0.86890000 0.00000000 -0.49500000
vn 0.00000000 1.00000000 0.00000000
vn 0.00000000 1.00000000 0.00000000
vn 0.00000000 1.00000000 0.00000000
vn 0.00000000 1.00000000 0.00000000
vn 0.86890000 0.00000000 -0.49500000
vn 0.86890000 0.00000000 -0.49500000
vn 0.00000000 1.00000000 0.00000000
vn 0.00000000 1.00000000 0.00000000
vn 0.00000000 1.00000000 0.00000000
vn 0.00000000 1.00000000 0.00000000
vn 0.38740000 0.00000000 -0.92190000
vn 0.92190000 0.00000000 0.38740000
vn 0.00000000 -1.00000000 0.00000000
vn 0.00000000 -1.00000000 0.00000000
vn 0.92190000 0.00000000 0.38740000
vn -0.38740000 0.00000000 0.92190000
vn 0.38740000 0.00000000 -0.92190000
vn -0.92190000 0.00000000 -0.38740000
vn 0.00000000 -1.00000000 0.00000000
vn 0.00000000 1.00000000 0.00000000
vn -0.92190000 0.00000000 -0.38740000
vn 0.38740000 0.00000000 -0.92190000
vn -0.38740000 0.00000000 0.92190000
vn -0.92190000 0.00000000 -0.38740000
vn 0.00000000 -1.00000000 0.00000000
vn 0.00000000 1.00000000 0.00000000
vn -0.92190000 0.00000000 -0.38740000
vn -0.38740000 0.00000000 0.92190000
vn -0.38740000 0.00000000 0.92190000
vn -0.38740000 0.00000000 0.92190000
vn -0.38740000 0.00000000 0.92190000
vn -0.38740000 0.00000000 0.92190000
vn 0.39450000 0.90380000 0.16580000
vn 0.39450000 0.90380000 0.16580000
vn 0.39450000 0.90380000 0.16580000
vn 0.92190000 0.00000000 0.38740000
vn -0.38740000 0.00000000 0.92190000
vn 0.00000000 1.00000000 0.00000000
vn 0.38740000 0.00000000 -0.92190000
vn 0.92190000 0.00000000 0.38740000
vn 0.00000000 1.00000000 0.00000000
vn 0.39450000 0.90380000 0.16580000
vn 0.00000000 1.00000000 0.00000000
vn 0.00000000 1.00000000 0.00000000
vn -0.38740000 0.00000000 0.92190000
vn 0.38740000 0.00000000 -0.92190000
vn 0.00000000 1.00000000 0.00000000
vn 0.00000000 1.00000000 0.00000000
vn 0.00000000 0.85790000 0.51380000
vn 1.00000000 0.00000000 0.00000000
vn 0.00000000 0.00000000 1.00000000
vn 0.00000000 0.00000000 1.00000000
vn 0.00000000 0.85790000 0.51380000
vn 0.00000000 0.85790000 0.51380000
vn 1.00000000 0.00000000 0.00000000
vn 0.00000000 0.85790000 0.51380000
vn 0.00000000 0.00000000 1.00000000
vn 0.00000000 0.00000000 1.00000000
vn 0.00000000 0.85790000 0.51380000
vn 0.00000000 0.85790000 0.51380000
vn 0.00000000 0.00000000 1.00000000
vn 0.00000000 0.00000000 1.00000000
vn 0.00000000 0.85790000 0.51380000
vn 0.00000000 0.85790000 0.51380000
vn 0.00000000 0.00000000 1.00000000
vn 0.00000000 0.85790000 0.51380000
vn 0.00000000 0.85790000 0.51380000
vn 0.00000000 0.00000000 1.00000000
vn 0.00000000 0.85790000 0.51380000
vn 0.00000000 0.85790000 0.51380000
vn 0.00000000 0.85790000 0.51380000
vn 0.00000000 0.85790000 0.51380000
vn 0.00000000 0.85790000 0.51380000
vn 0.00000000 0.85790000 0.51380000
vn 1.00000000 0.00000000 0.00000000
vn 0.00000000 0.00000000 1.00000000
vn 1.00000000 0.00000000 0.00000000
vn 0.00000000 0.00000000 1.00000000
vn 0.00000000 0.00000000 1.00000000
vn 0.00000000 0.00000000 1.00000000
vn 0.00000000 0.00000000 1.00000000
vn 0.00000000 0.00000000 1.00000000
vn 0.00000000 0.00000000 1.00000000
vn 0.00000000 0.00000000 1.00000000
vn 1.00000000 0.00000000 0.00000000
vn 0.00000000 0.00000000 1.00000000
vn -1.00000000 0.00000000 0.00000000
vn 0.00000000 0.00000000 1.00000000
vn -1.00000000 0.00000000 0.00000000
vn -1.00000000 0.00000000 0.00000000
vn 0.00000000 0.00000000 -1.00000000
vn -1.00000000 0.00000000 0.00000000
vn 0.00000000 0.00000000 -1.00000000
vn 0.00000000 0.00000000 1.00000000
vn 1.00000000 0.00000000 0.00000000
vn 1.00000000 0.00000000 0.00000000
vn 0.00000000 0.00000000 1.00000000
vn 1.00000000 0.00000000 0.00000000
vn 0.00000000 0.00000000 -1.00000000
vn 0.00000000 0.00000000 -1.00000000
vn 1.00000000 0.00000000 0.00000000
vn 0.00000000 0.00000000 1.00000000
vn -1.00000000 0.00000000 0.00000000
vn -1.00000000 0.00000000 0.00000000
vn 0.00000000 0.00000000 1.00000000
vn -1.00000000 0.00000000 0.00000000
vn 0.00000000 0.00000000 -1.00000000
vn -1.00000000 0.00000000 0.00000000
vn 0.00000000 0.00000000 -1.00000000
vn 1.00000000 0.00000000 0.00000000
vn 0.00000000 0.00000000 1.00000000
vn 0.00000000 0.00000000 1.00000000
vn 1.00000000 0.00000000 0.00000000
vn 1.00000000 0.00000000 0.00000000
vn 0.00000000 0.00000000 -1.00000000
vn 0.00000000 0.00000000 -1.00000000
vn 1.00000000 0.00000000 0.00000000
vn 0.00000000 0.00000000 1.00000000
vn 0.00000000 -1.00000000 0.00000000
vn -0.70710000 0.00000000 0.70710000
vn -0.92390000 0.00000000 0.38270000
vn 0.00000000 -1.00000000 0.00000000
vn -0.92390000 0.00000000 0.38270000
vn 0.00000000 1.00000000 0.00000000
vn -0.70710000 0.00000000 0.70710000
vn 0.00000000 1.00000000 0.00000000
vn 0.00000000 0.00000000 1.00000000
vn -0.92390000 0.00000000 -0.38270000
vn 0.00000000 -1.00000000 0.00000000
vn 0.00000000 0.00000000 -1.00000000
vn 0.00000000 -1.00000000 0.00000000
vn -0.70710000 0.00000000 -0.70710000
vn 0.00000000 1.00000000 0.00000000
vn 0.00000000 0.00000000 -1.00000000
vn -0.70710000 0.00000000 -0.70710000
vn 0.00000000 1.00000000 0.00000000
vn -0.92390000 0.00000000 -0.38270000
vn 0.00000000 -1.00000000 0.00000000
vn 0.92390000 0.00000000 0.38270000
vn 0.70710000 0.00000000 0.70710000
vn 0.00000000 -1.00000000 0.00000000
vn 0.00000000 0.00000000 1.00000000
vn 0.00000000 1.00000000 0.00000000
vn 0.70710000 0.00000000 0.70710000
vn 0.00000000 0.00000000 1.00000000
vn 0.00000000 1.00000000 0.00000000
vn 0.92390000 0.00000000 0.38270000
vn 0.38270000 0.00000000 -0.92390000
vn 0.00000000 -1.00000000 0.00000000
vn 0.00000000 -1.00000000 0.00000000
vn 0.70710000 0.00000000 -0.70710000
vn 1.00000000 0.00000000 0.00000000
vn 0.00000000 1.00000000 0.00000000
vn 0.70710000 0.00000000 -0.70710000
vn 1.00000000 0.00000000 0.00000000
vn 0.00000000 1.00000000 0.00000000
vn 0.38270000 0.00000000 -0.92390000
vn 0.91230000 -0.28260000 0.29640000
vn 0.00000000 -1.00000000 0.00000000
vn -0.29640000 -0.28260000 0.91230000
vn 0.95110000 0.00000000 0.30900000
vn -0.29640000 -0.28260000 0.91230000
vn -0.30900000 0.00000000 0.95110000
vn 0.91230000 -0.28260000 0.29640000
vn -0.29640000 -0.28260000 0.91230000
vn -0.91230000 -0.28260000 -0.29640000
vn 0.00000000 -1.00000000 0.00000000
vn -0.91230000 -0.28260000 -0.29640000
vn -0.95110000 0.00000000 -0.30900000
vn -0.30900000 0.00000000 0.95110000
vn -0.29640000 -0.28260000 0.91230000
vn 0.29640000 -0.28260000 -0.91230000
vn 0.91230000 -0.28260000 0.29640000
vn 0.00000000 -1.00000000 0.00000000
vn 0.91230000 -0.28260000 0.29640000
vn 0.95110000 0.00000000 0.30900000
vn 0.29640000 -0.28260000 -0.91230000
vn 0.30900000 0.00000000 -0.95110000
vn 0.29640000 -0.28260000 -0.91230000
vn -0.91230000 -0.28260000 -0.29640000
vn 0.00000000 -1.00000000 0.00000000
vn -0.95110000 0.00000000 -0.30900000
vn 0.29640000 -0.28260000 -0.91230000
vn 0.30900000 0.00000000 -0.95110000
vn -0.91230000 -0.28260000 -0.29640000
vn 0.95110000 0.00000000 0.30900000
vn -0.30900000 0.00000000 0.95110000
vn 0.00000000 1.00000000 0.00000000
vn 0.00000000 1.00000000 0.00000000
vn -0.30900000 0.00000000 0.95110000
vn -0.95110000 0.00000000 -0.30900000
vn -0.95110000 0.00000000 -0.30900000
vn 0.30900000 0.00000000 -0.95110000
vn 0.00000000 1.00000000 0.00000000
vn 0.00000000 1.00000000 0.00000000
vn 0.95110000 0.00000000 0.30900000
vn 0.30900000 0.00000000 -0.95110000
vn -0.17130000 0.83220000 0.52730000
vn 0.52730000 0.83220000 0.17130000
vn 0.00000000 1.00000000 0.00000000
vn 0.52730000 0.83220000 0.17130000
vn 0.17130000 0.83220000 -0.52730000
vn 0.00000000 1.00000000 0.00000000
vn 0.00000000 1.00000000 0.00000000
vn -0.52730000 0.83220000 -0.17130000
vn 0.17130000 0.83220000 -0.52730000
vn 0.00000000 1.00000000 0.00000000
vn -0.52730000 0.83220000 -0.17130000
vn -0.17130000 0.83220000 0.52730000
vn -0.52730000 0.83220000 -0.17130000
vn 0.17130000 0.83220000 -0.52730000
vn -0.17130000 0.83220000 0.52730000
vn 0.52730000 0.83220000 0.17130000
vn 0.83170000 0.55470000 0.02430000
vn -0.48360000 -0.57270000 -0.66190000
vn 0.88200000 0.08140000 -0.46410000
vn 0.49770000 -0.56470000 -0.65830000
vn -0.04260000 -0.96470000 -0.25970000
vn 0.02810000 -0.97420000 0.22370000
vn -0.00550000 -0.53300000 0.84610000
vn 0.78090000 -0.57830000 0.23620000
vn -0.59190000 -0.59810000 0.54040000
vn 0.65930000 0.11010000 0.74380000
vn -0.70300000 0.02510000 0.71080000
vn 0.19690000 0.09920000 -0.97540000
vn 0.96070000 0.10420000 0.25730000
vn -0.90140000 0.08390000 -0.42480000
vn 0.24730000 0.63140000 -0.73500000
vn -0.23740000 0.40430000 0.88330000
vn -0.63360000 0.62300000 0.45870000
vn -0.62650000 0.63000000 -0.45890000
vn -0.98420000 0.04460000 0.17130000
vn -0.43470000 0.12600000 -0.89170000
vn 0.14670000 0.12580000 0.98120000
vn -0.78560000 -0.61640000 0.05370000
vn -0.72630000 0.68740000 0.00000000
vn 0.65670000 0.64800000 -0.38580000
vn -0.21160000 0.72880000 -0.65120000
vn 0.25920000 0.56390000 0.78410000
vn -0.94420000 -0.09510000 -0.31520000
vn 0.00000000 -1.00000000 0.00000000
vn -0.44680000 0.00000000 -0.89460000
vn -0.44680000 0.00000000 -0.89460000
vn 0.31520000 -0.09510000 -0.94420000
vn 0.06040000 0.00000000 -0.99820000
vn 0.00000000 -1.00000000 0.00000000
vn 0.06040000 0.00000000 -0.99820000
vn 0.55140000 0.00000000 -0.83430000
vn 0.00000000 -1.00000000 0.00000000
vn 0.55140000 0.00000000 -0.83430000
vn 0.94420000 -0.09510000 0.31520000
vn 0.89460000 0.00000000 -0.44680000
vn 0.89460000 0.00000000 -0.44680000
vn 0.00000000 -1.00000000 0.00000000
vn 0.31520000 -0.09510000 -0.94420000
vn 0.00000000 -1.00000000 0.00000000
vn 0.99820000 0.00000000 0.06040000
vn 0.99820000 0.00000000 0.06040000
vn 0.00000000 -1.00000000 0.00000000
vn 0.83430000 0.00000000 0.55140000
vn 0.83430000 0.00000000 0.55140000
vn 0.94420000 -0.09510000 0.31520000
vn 0.00000000 -1.00000000 0.00000000
vn 0.44680000 0.00000000 0.89460000
vn -0.31520000 -0.09510000 0.94420000
vn 0.44680000 0.00000000 0.89460000
vn 0.00000000 -1.00000000 0.00000000
vn -0.06040000 0.00000000 0.99820000
vn -0.06040000 0.00000000 0.99820000
vn 0.00000000 -1.00000000 0.00000000
vn -0.55140000 0.00000000 0.83430000
vn -0.55140000 0.00000000 0.83430000
vn -0.94420000 -0.09510000 -0.31520000
vn -0.31520000 -0.09510000 0.94420000
vn 0.00000000 -1.00000000 0.00000000
vn -0.89460000 0.00000000 0.44680000
vn -0.89460000 0.00000000 0.44680000
vn 0.00000000 -1.00000000 0.00000000
vn -0.99820000 0.00000000 -0.06040000
vn -0.99820000 0.00000000 -0.06040000
vn -0.83430000 0.00000000 -0.55140000
vn 0.00000000 -1.00000000 0.00000000
vn -0.83430000 0.00000000 -0.55140000
vn -0.19830000 0.89610000 -0.39710000
vn -0.44680000 0.00000000 -0.89460000
vn -0.19830000 0.89610000 -0.39710000
vn 0.00000000 1.00000000 0.00000000
vn 0.06040000 0.00000000 -0.99820000
vn 0.02680000 0.89610000 -0.44300000
vn 0.02680000 0.89610000 -0.44300000
vn 0.55140000 0.00000000 -0.83430000
vn 0.24470000 0.89610000 -0.37030000
vn 0.24470000 0.89610000 -0.37030000
vn 0.39710000 0.89610000 -0.19830000
vn 0.39710000 0.89610000 -0.19830000
vn 0.89460000 0.00000000 -0.44680000
vn 0.99820000 0.00000000 0.06040000
vn 0.44300000 0.89610000 0.02680000
vn 0.44300000 0.89610000 0.02680000
vn 0.83430000 0.00000000 0.55140000
vn 0.37030000 0.89610000 0.24470000
vn 0.37030000 0.89610000 0.24470000
vn 0.44680000 0.00000000 0.89460000
vn 0.19830000 0.89610000 0.39710000
vn 0.19830000 0.89610000 0.39710000
vn -0.02680000 0.89610000 0.44300000
vn -0.06040000 0.00000000 0.99820000
vn -0.02680000 0.89610000 0.44300000
vn -0.24470000 0.89610000 0.37030000
vn -0.55140000 0.00000000 0.83430000
vn -0.24470000 0.89610000 0.37030000
vn -0.39710000 0.89610000 0.19830000
vn -0.39710000 0.89610000 0.19830000
vn -0.89460000 0.00000000 0.44680000
vn -0.99820000 0.00000000 -0.06040000
vn -0.44300000 0.89610000 -0.02680000
vn -0.44300000 0.89610000 -0.02680000
vn -0.37030000 0.89610000 -0.24470000
vn -0.37030000 0.89610000 -0.24470000
vn -0.83430000 0.00000000 -0.55140000
vn 0.00880000 -0.98930000 -0.14540000
vn 0.06040000 0.00000000 -0.99820000
vn -0.44680000 0.00000000 -0.89460000
vn -0.06510000 -0.98930000 -0.13030000
vn 0.55140000 0.00000000 -0.83430000
vn 0.08030000 -0.98930000 -0.12150000
vn 0.89460000 0.00000000 -0.44680000
vn 0.13030000 -0.98930000 -0.06510000
vn 0.14540000 -0.98930000 0.00880000
vn 0.99820000 0.00000000 0.06040000
vn 0.12160000 -0.98930000 0.08030000
vn 0.83430000 0.00000000 0.55140000
vn 0.44680000 0.00000000 0.89460000
vn 0.06510000 -0.98930000 0.13030000
vn -0.00880000 -0.98930000 0.14540000
vn -0.06040000 0.00000000 0.99820000
vn -0.08030000 -0.98930000 0.12160000
vn -0.55140000 0.00000000 0.83430000
vn -0.13030000 -0.98930000 0.06510000
vn -0.89460000 0.00000000 0.44680000
vn -0.99820000 0.00000000 -0.06040000
vn -0.14540000 -0.98930000 -0.00880000
vn -0.83430000 0.00000000 -0.55140000
vn -0.12160000 -0.98930000 -0.08030000
vn -0.06510000 -0.98930000 -0.13030000
vn -0.44680000 0.00000000 -0.89460000
vn 0.00880000 -0.98930000 -0.14540000
vn 0.06040000 0.00000000 -0.99820000
vn 0.55140000 0.00000000 -0.83430000
vn 0.08030000 -0.98930000 -0.12150000
vn 0.13030000 -0.98930000 -0.06510000
vn 0.89460000 0.00000000 -0.44680000
vn 0.14540000 -0.98930000 0.00880000
vn 0.99820000 0.00000000 0.06040000
vn 0.12160000 -0.98930000 0.08030000
vn 0.83430000 0.00000000 0.55140000
vn 0.06510000 -0.98930000 0.13030000
vn 0.44680000 0.00000000 0.89460000
vn -0.06040000 0.00000000 0.99820000
vn -0.00880000 -0.98930000 0.14540000
vn -0.55140000 0.00000000 0.83430000
vn -0.08030000 -0.98930000 0.12160000
vn -0.89460000 0.00000000 0.44680000
vn -0.13030000 -0.98930000 0.06510000
vn -0.14540000 -0.98930000 -0.00880000
vn -0.99820000 0.00000000 -0.06040000
vn -0.12160000 -0.98930000 -0.08030000
vn -0.83430000 0.00000000 -0.55140000
vn -0.31520000 -0.09510000 0.94420000
vn 0.00000000 -1.00000000 0.00000000
vn -0.94420000 -0.09510000 -0.31520000
vn 0.00000000 -1.00000000 0.00000000
vn 0.31520000 -0.09510000 -0.94420000
vn -0.94420000 -0.09510000 -0.31520000
vn 0.31520000 -0.09510000 -0.94420000
vn 0.94420000 -0.09510000 0.31520000
vn 0.00000000 -1.00000000 0.00000000
vn 0.94420000 -0.09510000 0.31520000
vn -0.31520000 -0.09510000 0.94420000
vn 0.00000000 -1.00000000 0.00000000
vn -0.30140000 -0.30640000 0.90290000
vn -0.90290000 -0.30640000 -0.30140000
vn -0.90290000 -0.30640000 -0.30140000
vn 0.30260000 0.29460000 -0.90650000
vn 0.30260000 0.29460000 -0.90650000
vn 0.90650000 0.29460000 0.30260000
vn -0.30140000 -0.30640000 0.90290000
vn 0.90650000 0.29460000 0.30260000
vn -0.90290000 -0.30640000 -0.30140000
vn -0.30140000 -0.30640000 0.90290000
vn -0.90290000 -0.30640000 -0.30140000
vn 0.30260000 0.29460000 -0.90650000
vn 0.90650000 0.29460000 0.30260000
vn 0.30260000 0.29460000 -0.90650000
vn 0.90650000 0.29460000 0.30260000
vn -0.30140000 -0.30640000 0.90290000
vn -0.90650000 0.29450000 -0.30260000
vn -0.30140000 -0.30640000 0.90290000
vn 0.30260000 0.29460000 -0.90650000
vn -0.90650000 0.29450000 -0.30260000
vn 0.90290000 -0.30640000 0.30140000
vn 0.30260000 0.29460000 -0.90650000
vn -0.30140000 -0.30640000 0.90290000
vn 0.90290000 -0.30640000 0.30140000
vn -0.30140000 -0.30640000 0.90290000
vn -0.90650000 0.29450000 -0.30260000
vn 0.30260000 0.29460000 -0.90650000
vn -0.90650000 0.29450000 -0.30260000
vn 0.30260000 0.29460000 -0.90650000
vn 0.90290000 -0.30640000 0.30140000
vn 0.90290000 -0.30640000 0.30140000
vn -0.30140000 -0.30640000 0.90290000
vn -0.90290000 -0.30640000 -0.30140000
vn -0.30260000 0.29460000 0.90650000
vn 0.30140000 -0.30640000 -0.90290000
vn -0.90290000 -0.30640000 -0.30140000
vn 0.30140000 -0.30640000 -0.90290000
vn 0.90650000 0.29460000 0.30260000
vn 0.90650000 0.29460000 0.30260000
vn -0.30260000 0.29460000 0.90650000
vn -0.90290000 -0.30640000 -0.30140000
vn -0.30260000 0.29460000 0.90650000
vn 0.30140000 -0.30640000 -0.90290000
vn -0.90290000 -0.30640000 -0.30140000
vn 0.90650000 0.29460000 0.30260000
vn 0.30140000 -0.30640000 -0.90290000
vn -0.30260000 0.29460000 0.90650000
vn 0.90650000 0.29460000 0.30260000
vn -0.30260000 0.29460000 0.90650000
vn -0.90650000 0.29460000 -0.30260000
vn -0.90650000 0.29460000 -0.30260000
vn 0.30140000 -0.30640000 -0.90290000
vn 0.90290000 -0.30640000 0.30140000
vn 0.30140000 -0.30640000 -0.90290000
vn -0.30260000 0.29460000 0.90650000
vn 0.90290000 -0.30640000 0.30140000
vn -0.90650000 0.29460000 -0.30260000
vn -0.30260000 0.29460000 0.90650000
vn -0.90650000 0.29460000 -0.30260000
vn 0.30140000 -0.30640000 -0.90290000
vn 0.90290000 -0.30640000 0.30140000
vn 0.30140000 -0.30640000 -0.90290000
vn -0.30260000 0.29460000 0.90650000
vn 0.90290000 -0.30640000 0.30140000
vn 0.74850000 0.00000000 -0.66310000
vn -0.20010000 0.00000000 -0.97980000
vn -0.20010000 0.00000000 -0.97980000
vn 0.74850000 0.00000000 -0.66310000
vn 0.94850000 0.00000000 0.31660000
vn 0.74850000 0.00000000 -0.66310000
vn 0.94850000 0.00000000 0.31660000
vn 0.74850000 0.00000000 -0.66310000
vn 0.94850000 0.00000000 0.31660000
vn 0.20010000 0.00000000 0.97980000
vn 0.94850000 0.00000000 0.31660000
vn 0.20010000 0.00000000 0.97980000
vn 0.20010000 0.00000000 0.97980000
vn -0.74850000 0.00000000 0.66310000
vn 0.20010000 0.00000000 0.97980000
vn -0.74850000 0.00000000 0.66310000
vn -0.94850000 0.00000000 -0.31660000
vn -0.74850000 0.00000000 0.66310000
vn -0.74850000 0.00000000 0.66310000
vn -0.94850000 0.00000000 -0.31660000
vn -0.20010000 0.00000000 -0.97980000
vn -0.94850000 0.00000000 -0.31660000
vn -0.20010000 0.00000000 -0.97980000
vn -0.94850000 0.00000000 -0.31660000
vt 0.27891000 0.82734200
vt 0.27891000 0.78046700
vt 0.27891000 0.82734200
vt 0.27891000 0.84765600
vt 0.27891000 0.84765600
vt 0.27891000 0.87890600
vt 0.27891000 0.82734200
vt 0.27891000 0.82734200
vt 0.27891000 0.78046700
vt 0.27891000 0.84765600
vt 0.27891000 0.87890600
vt 0.27891000 0.84765600
vt 0.33437100 0.82734200
vt 0.33437100 0.82734200
vt 0.33437100 0.78046700
vt 0.33437100 0.84765600
vt 0.33437100 0.84765600
vt 0.33437100 0.87890600
vt 0.33437100 0.82734200
vt 0.33437100 0.82734200
vt 0.33437100 0.78046700
vt 0.33437100 0.84765600
vt 0.33437100 0.87890600
vt 0.33437100 0.84765600
vt 0.33159800 0.82734200
vt 0.33159800 0.78046700
vt 0.33159800 0.81171700
vt 0.28168300 0.78046700
vt 0.28168300 0.81171700
vt 0.28168300 0.82734200
vt 0.28168300 0.83203100
vt 0.28168300 0.86328100
vt 0.28168300 0.84765600
vt 0.28168300 0.87890600
vt 0.33159800 0.87890600
vt 0.33159800 0.84765600
vt 0.33159800 0.86328100
vt 0.33159800 0.83203100
vt 0.28168300 0.81171700
vt 0.28168300 0.82734200
vt 0.28168300 0.78046700
vt 0.33159800 0.81171700
vt 0.33159800 0.82734200
vt 0.33159800 0.78046700
vt 0.33159800 0.87890600
vt 0.33159800 0.84765600
vt 0.33159800 0.86328100
vt 0.33159800 0.83203100
vt 0.28168300 0.83203100
vt 0.28168300 0.84765600
vt 0.28168300 0.86328100
vt 0.28168300 0.87890600
vt 0.27891000 0.82734200
vt 0.27891000 0.78046700
vt 0.27891000 0.81171700
vt 0.27891000 0.78046700
vt 0.27891000 0.81171700
vt 0.27891000 0.82734200
vt 0.27891000 0.87890600
vt 0.27891000 0.83203100
vt 0.27891000 0.84765600
vt 0.27891000 0.86328100
vt 0.27891000 0.83203100
vt 0.27891000 0.84765600
vt 0.27891000 0.86328100
vt 0.27891000 0.87890600
vt 0.33437100 0.81171700
vt 0.33437100 0.82734200
vt 0.33437100 0.78046700
vt 0.33437100 0.78046700
vt 0.33437100 0.82734200
vt 0.33437100 0.81171700
vt 0.33437100 0.84765600
vt 0.33437100 0.86328100
vt 0.33437100 0.87890600
vt 0.33437100 0.83203100
vt 0.33437100 0.86328100
vt 0.33437100 0.83203100
vt 0.33437100 0.87890600
vt 0.33437100 0.84765600
vt 0.33159800 0.86328100
vt 0.33159800 0.87890600
vt 0.33159800 0.84765600
vt 0.33159800 0.86328100
vt 0.33159800 0.87890600
vt 0.33159800 0.84765600
vt 0.28168300 0.84765600
vt 0.28168300 0.87890600
vt 0.28168300 0.86328100
vt 0.28168300 0.87890600
vt 0.28168300 0.86328100
vt 0.28168300 0.84765600
vt 0.28168300 0.78046700
vt 0.28168300 0.78046700
vt 0.33159800 0.78046700
vt 0.33159800 0.78046700
vt 0.31250000 0.67866700
vt 0.28125000 0.63179200
vt 0.31250000 0.56587400
vt 0.28125000 0.51899900
vt 0.31250000 0.56587400
vt 0.28125000 0.59769200
vt 0.31250000 0.64456700
vt 0.28125000 0.56096900
vt 0.31250000 0.60784400
vt 0.28125000 0.59769200
vt 0.31250000 0.64456700
vt 0.31250000 0.64456700
vt 0.31250000 0.60784400
vt 0.28125000 0.56096900
vt 0.31250000 0.60784400
vt 0.31250000 0.61702400
vt 0.34375000 0.57014900
vt 0.34375000 0.57014900
vt 0.34375000 0.58851100
vt 0.34375000 0.58851100
vt 0.31250000 0.63538600
vt 0.34375000 0.58851100
vt 0.34375000 0.58851100
vt 0.31250000 0.63538600
vt 0.34375000 0.57014900
vt 0.34375000 0.57014900
vt 0.31250000 0.61702400
vt 0.34375000 0.51926200
vt 0.34375000 0.51926200
vt 0.31250000 0.56613700
vt 0.31250000 0.59341700
vt 0.34375000 0.54654200
vt 0.34375000 0.54654200
vt 0.34375000 0.54654200
vt 0.31250000 0.59341700
vt 0.34375000 0.54654200
vt 0.34375000 0.51926200
vt 0.34375000 0.51926200
vt 0.31250000 0.56613700
vt 0.34375000 0.52818000
vt 0.31250000 0.57505500
vt 0.34375000 0.52818000
vt 0.34375000 0.54654200
vt 0.31250000 0.59341700
vt 0.34375000 0.54654200
vt 0.31250000 0.59341700
vt 0.34375000 0.54654200
vt 0.34375000 0.54654200
vt 0.31250000 0.57505500
vt 0.34375000 0.52818000
vt 0.34375000 0.52818000
vt 0.34375000 0.57014900
vt 0.31250000 0.61702400
vt 0.34375000 0.57014900
vt 0.34375000 0.58851100
vt 0.34375000 0.58851100
vt 0.31250000 0.63538600
vt 0.34375000 0.58851100
vt 0.31250000 0.63538600
vt 0.34375000 0.58851100
vt 0.34375000 0.57014900
vt 0.31250000 0.61702400
vt 0.34375000 0.57014900
vt 0.34375000 0.52818000
vt 0.34375000 0.52818000
vt 0.34375000 0.52818000
vt 0.34375000 0.52818000
vt 0.34375000 0.51926200
vt 0.34375000 0.51926200
vt 0.34375000 0.51926200
vt 0.34375000 0.51926200
vt 0.34375000 0.58851100
vt 0.34375000 0.58851100
vt 0.34375000 0.57014900
vt 0.34375000 0.57014900
vt 0.34375000 0.57014900
vt 0.34375000 0.57014900
vt 0.34375000 0.58851100
vt 0.34375000 0.58851100
vt 0.34375000 0.54654200
vt 0.34375000 0.54654200
vt 0.34375000 0.54654200
vt 0.34375000 0.54654200
vt 0.34375000 0.54654200
vt 0.34375000 0.54654200
vt 0.34375000 0.54654200
vt 0.34375000 0.54654200
vt 0.34375000 0.58851100
vt 0.34375000 0.58851100
vt 0.34375000 0.57014900
vt 0.34375000 0.57014900
vt 0.34375000 0.57014900
vt 0.34375000 0.57014900
vt 0.34375000 0.58851100
vt 0.34375000 0.58851100
vt 0.31250000 0.56587400
vt 0.28125000 0.51899900
vt 0.28125000 0.51899900
vt 0.31250000 0.56587400
vt 0.31250000 0.56587400
vt 0.28125000 0.51899900
vt 0.28125000 0.59769200
vt 0.31250000 0.64456700
vt 0.31250000 0.64456700
vt 0.28125000 0.59769200
vt 0.34375000 0.57014900
vt 0.34375000 0.57014900
vt 0.34375000 0.58851100
vt 0.34375000 0.58851100
vt 0.34375000 0.57014900
vt 0.34375000 0.57014900
vt 0.34375000 0.58851100
vt 0.34375000 0.58851100
vt 0.34375000 0.54654200
vt 0.34375000 0.54654200
vt 0.34375000 0.54654200
vt 0.34375000 0.54654200
vt 0.34375000 0.52818000
vt 0.34375000 0.52818000
vt 0.34375000 0.52818000
vt 0.34375000 0.52818000
vt 0.34375000 0.58851100
vt 0.34375000 0.58851100
vt 0.31250000 0.63538600
vt 0.34375000 0.57014900
vt 0.34375000 0.57014900
vt 0.31250000 0.61702400
vt 0.34375000 0.57014900
vt 0.34375000 0.57014900
vt 0.31250000 0.61702400
vt 0.34375000 0.58851100
vt 0.34375000 0.58851100
vt 0.31250000 0.63538600
vt 0.31250000 0.59341700
vt 0.34375000 0.54654200
vt 0.34375000 0.54654200
vt 0.34375000 0.54654200
vt 0.31250000 0.59341700
vt 0.34375000 0.54654200
vt 0.34375000 0.52818000
vt 0.34375000 0.52818000
vt 0.31250000 0.57505500
vt 0.34375000 0.52818000
vt 0.31250000 0.57505500
vt 0.34375000 0.52818000
vt 0.31250000 0.60784400
vt 0.28125000 0.56096900
vt 0.31250000 0.60784400
vt 0.31250000 0.64456700
vt 0.31250000 0.56587400
vt 0.28125000 0.56096900
vt 0.31250000 0.60784400
vt 0.28125000 0.63179200
vt 0.31250000 0.67866700
vt 0.34375000 0.60687300
vt 0.34375000 0.60687300
vt 0.31250000 0.65374800
vt 0.31250000 0.67210900
vt 0.34375000 0.62523400
vt 0.34375000 0.62523400
vt 0.31250000 0.67210900
vt 0.34375000 0.62523400
vt 0.34375000 0.62523400
vt 0.34375000 0.60687200
vt 0.31250000 0.65374700
vt 0.34375000 0.60687200
vt 0.31250000 0.65374800
vt 0.34375000 0.60687300
vt 0.34375000 0.60687300
vt 0.34375000 0.62523400
vt 0.31250000 0.67210900
vt 0.34375000 0.62523400
vt 0.34375000 0.62523400
vt 0.31250000 0.67210900
vt 0.34375000 0.62523400
vt 0.34375000 0.60687300
vt 0.31250000 0.65374800
vt 0.34375000 0.60687300
vt 0.34375000 0.62523400
vt 0.34375000 0.62523400
vt 0.34375000 0.60687300
vt 0.34375000 0.60687300
vt 0.34375000 0.60687200
vt 0.34375000 0.60687200
vt 0.34375000 0.62523400
vt 0.34375000 0.62523400
vt 0.34375000 0.62523400
vt 0.34375000 0.62523400
vt 0.34375000 0.60687300
vt 0.34375000 0.60687300
vt 0.34375000 0.60687300
vt 0.34375000 0.60687300
vt 0.34375000 0.62523400
vt 0.34375000 0.62523400
vt 0.34375000 0.60687300
vt 0.34375000 0.60687300
vt 0.34375000 0.62523400
vt 0.34375000 0.62523400
vt 0.34375000 0.60687300
vt 0.34375000 0.60687300
vt 0.34375000 0.62523400
vt 0.34375000 0.62523400
vt 0.34375000 0.62523400
vt 0.34375000 0.62523400
vt 0.31250000 0.67210900
vt 0.34375000 0.60687300
vt 0.34375000 0.60687300
vt 0.31250000 0.65374800
vt 0.34375000 0.60687300
vt 0.34375000 0.60687300
vt 0.31250000 0.65374800
vt 0.31250000 0.67210900
vt 0.34375000 0.62523400
vt 0.34375000 0.62523400
vt 0.31250000 0.67866700
vt 0.28125000 0.66851500
vt 0.31250000 0.71539000
vt 0.31250000 0.67866700
vt 0.31250000 0.67866700
vt 0.28125000 0.63179200
vt 0.28125000 0.63179200
vt 0.31250000 0.67866700
vt 0.28125000 0.66851500
vt 0.31250000 0.71539000
vt 0.31250000 0.71539000
vt 0.31250000 0.69047100
vt 0.34375000 0.64359600
vt 0.34375000 0.64359600
vt 0.34375000 0.66195700
vt 0.34375000 0.66195700
vt 0.31250000 0.70883200
vt 0.34375000 0.66195700
vt 0.31250000 0.70883200
vt 0.34375000 0.66195700
vt 0.31250000 0.69047100
vt 0.34375000 0.64359600
vt 0.34375000 0.64359600
vt 0.34375000 0.64359600
vt 0.34375000 0.64359600
vt 0.31250000 0.69047100
vt 0.31250000 0.70883200
vt 0.34375000 0.66195700
vt 0.34375000 0.66195700
vt 0.34375000 0.66195700
vt 0.34375000 0.66195700
vt 0.31250000 0.70883200
vt 0.31250000 0.69047100
vt 0.34375000 0.64359600
vt 0.34375000 0.64359600
vt 0.34375000 0.66195700
vt 0.34375000 0.66195700
vt 0.34375000 0.64359600
vt 0.34375000 0.64359600
vt 0.34375000 0.64359600
vt 0.34375000 0.64359600
vt 0.34375000 0.66195700
vt 0.34375000 0.66195700
vt 0.34375000 0.66195700
vt 0.34375000 0.66195700
vt 0.34375000 0.64359600
vt 0.34375000 0.64359600
vt 0.34375000 0.64359600
vt 0.34375000 0.64359600
vt 0.34375000 0.66195700
vt 0.34375000 0.66195700
vt 0.31250000 0.71539000
vt 0.28125000 0.66851500
vt 0.31250000 0.71539000
vt 0.28125000 0.66851500
vt 0.34375000 0.64359600
vt 0.34375000 0.64359600
vt 0.34375000 0.66195700
vt 0.34375000 0.66195700
vt 0.34375000 0.64359600
vt 0.34375000 0.64359600
vt 0.34375000 0.66195700
vt 0.34375000 0.66195700
vt 0.34375000 0.66195700
vt 0.34375000 0.66195700
vt 0.31250000 0.70883200
vt 0.34375000 0.64359600
vt 0.31250000 0.69047100
vt 0.34375000 0.64359600
vt 0.34375000 0.64359600
vt 0.34375000 0.64359600
vt 0.31250000 0.69047100
vt 0.34375000 0.66195700
vt 0.34375000 0.66195700
vt 0.31250000 0.70883200
vt 0.31250000 0.71539000
vt 0.43750000 0.56587400
vt 0.40625000 0.51899900
vt 0.43750000 0.56587400
vt 0.43750000 0.56587400
vt 0.43750000 0.64456700
vt 0.40625000 0.59769200
vt 0.43750000 0.64456700
vt 0.43750000 0.64456700
vt 0.40625000 0.56096900
vt 0.43750000 0.60784400
vt 0.43750000 0.60784400
vt 0.46875000 0.52818000
vt 0.46875000 0.52818000
vt 0.43750000 0.57505500
vt 0.43750000 0.57505500
vt 0.46875000 0.52818000
vt 0.46875000 0.52818000
vt 0.46875000 0.54654200
vt 0.46875000 0.54654200
vt 0.43750000 0.59341700
vt 0.43750000 0.59341700
vt 0.46875000 0.54654200
vt 0.46875000 0.54654200
vt 0.46875000 0.58851100
vt 0.46875000 0.58851100
vt 0.43750000 0.63538600
vt 0.43750000 0.61702400
vt 0.46875000 0.57014900
vt 0.46875000 0.57014900
vt 0.46875000 0.57014900
vt 0.43750000 0.61702400
vt 0.46875000 0.57014900
vt 0.46875000 0.58851100
vt 0.46875000 0.58851100
vt 0.43750000 0.63538600
vt 0.46875000 0.52818000
vt 0.46875000 0.52818000
vt 0.46875000 0.52818000
vt 0.46875000 0.52818000
vt 0.46875000 0.54654200
vt 0.46875000 0.54654200
vt 0.46875000 0.54654200
vt 0.46875000 0.54654200
vt 0.46875000 0.58851100
vt 0.46875000 0.58851100
vt 0.46875000 0.57014900
vt 0.46875000 0.57014900
vt 0.46875000 0.58851100
vt 0.46875000 0.58851100
vt 0.46875000 0.57014900
vt 0.46875000 0.57014900
vt 0.46875000 0.57014900
vt 0.46875000 0.57014900
vt 0.46875000 0.58851100
vt 0.46875000 0.58851100
vt 0.46875000 0.57014900
vt 0.46875000 0.57014900
vt 0.46875000 0.58851100
vt 0.46875000 0.58851100
vt 0.46875000 0.54654200
vt 0.46875000 0.54654200
vt 0.46875000 0.54654200
vt 0.46875000 0.54654200
vt 0.46875000 0.52818000
vt 0.46875000 0.52818000
vt 0.46875000 0.52818000
vt 0.46875000 0.52818000
vt 0.43750000 0.63538600
vt 0.46875000 0.58851100
vt 0.46875000 0.58851100
vt 0.43750000 0.61702400
vt 0.46875000 0.57014900
vt 0.46875000 0.57014900
vt 0.46875000 0.57014900
vt 0.46875000 0.57014900
vt 0.43750000 0.61702400
vt 0.46875000 0.58851100
vt 0.46875000 0.58851100
vt 0.43750000 0.63538600
vt 0.46875000 0.54654200
vt 0.46875000 0.54654200
vt 0.43750000 0.59341700
vt 0.43750000 0.59341700
vt 0.46875000 0.54654200
vt 0.46875000 0.54654200
vt 0.43750000 0.57505500
vt 0.46875000 0.52818000
vt 0.46875000 0.52818000
vt 0.46875000 0.52818000
vt 0.43750000 0.57505500
vt 0.46875000 0.52818000
vt 0.43750000 0.60784400
vt 0.40625000 0.56096900
vt 0.43750000 0.60784400
vt 0.43750000 0.64456700
vt 0.40625000 0.59769200
vt 0.43750000 0.56587400
vt 0.40625000 0.51899900
vt 0.40625000 0.63179200
vt 0.43750000 0.67866700
vt 0.43750000 0.67866700
vt 0.43750000 0.67866700
vt 0.46875000 0.62523400
vt 0.43750000 0.67210900
vt 0.46875000 0.62523400
vt 0.43750000 0.65374800
vt 0.46875000 0.60687300
vt 0.46875000 0.60687300
vt 0.46875000 0.60687300
vt 0.46875000 0.60687300
vt 0.43750000 0.65374800
vt 0.43750000 0.67210900
vt 0.46875000 0.62523400
vt 0.46875000 0.62523400
vt 0.46875000 0.62523400
vt 0.46875000 0.62523400
vt 0.46875000 0.60687300
vt 0.46875000 0.60687300
vt 0.46875000 0.62523400
vt 0.46875000 0.62523400
vt 0.46875000 0.60687300
vt 0.46875000 0.60687300
vt 0.46875000 0.60687300
vt 0.46875000 0.60687300
vt 0.46875000 0.62523400
vt 0.46875000 0.62523400
vt 0.46875000 0.60687300
vt 0.46875000 0.60687300
vt 0.46875000 0.62523400
vt 0.46875000 0.62523400
vt 0.43750000 0.67210900
vt 0.46875000 0.62523400
vt 0.46875000 0.62523400
vt 0.43750000 0.65374800
vt 0.46875000 0.60687300
vt 0.46875000 0.60687300
vt 0.46875000 0.60687300
vt 0.46875000 0.60687300
vt 0.43750000 0.65374800
vt 0.46875000 0.62523400
vt 0.46875000 0.62523400
vt 0.43750000 0.67210900
vt 0.43750000 0.67866700
vt 0.40625000 0.63179200
vt 0.43750000 0.60784400
vt 0.43750000 0.56587400
vt 0.43750000 0.64456700
vt 0.43750000 0.67866700
vt 0.76764300 0.83230900
vt 0.76764300 0.81668400
vt 0.85735700 0.83230900
vt 0.85735700 0.81668400
vt 0.14663700 0.95910000
vt 0.14663700 0.92785000
vt 0.14663700 0.88609100
vt 0.14663700 0.91734100
vt 0.14663700 0.91734100
vt 0.14663700 0.88609100
vt 0.14663700 0.91734100
vt 0.21498300 0.95910000
vt 0.21498300 0.92785000
vt 0.14663700 0.92785000
vt 0.14663700 0.92785000
vt 0.14663700 0.95910000
vt 0.21498300 0.88609100
vt 0.21498300 0.91734100
vt 0.21498300 0.92785000
vt 0.21498300 0.92785000
vt 0.21498300 0.95910000
vt 0.21498300 0.88609100
vt 0.21498300 0.91734100
vt 0.21498300 0.91734100
vt 0.20005600 0.92325500
vt 0.20005600 0.83745400
vt 0.20005600 0.83745400
vt 0.20005600 0.83745400
vt 0.20005600 0.92325500
vt 0.20005600 0.92325500
vt 0.20947300 0.92325500
vt 0.20947300 0.83745400
vt 0.15214500 0.83745400
vt 0.16156400 0.92325500
vt 0.15214500 0.92325500
vt 0.16156400 0.83745400
vt 0.16156400 0.92325500
vt 0.16156400 0.92325500
vt 0.16156400 0.83745400
vt 0.16156400 0.83745400
vt 0.27163700 0.87068000
vt 0.27163700 0.83943000
vt 0.27163700 0.82214800
vt 0.33998300 0.83943000
vt 0.33998300 0.87068000
vt 0.27163700 0.83943000
vt 0.27163700 0.83943000
vt 0.27163700 0.87068000
vt 0.33998300 0.82214800
vt 0.33998300 0.83943000
vt 0.33998300 0.87068000
vt 0.33998300 0.83943000
vt 0.27163700 0.83199700
vt 0.27163700 0.83199700
vt 0.33998300 0.83199700
vt 0.33998300 0.83199700
vt 0.15438700 0.92954200
vt 0.15438700 0.89226900
vt 0.15438700 0.86101900
vt 0.15438700 0.86101900
vt 0.20723200 0.92954200
vt 0.15438700 0.92954200
vt 0.15438700 0.89829200
vt 0.20723200 0.86101900
vt 0.20723200 0.89829200
vt 0.20723200 0.92954200
vt 0.20723200 0.86101900
vt 0.20723200 0.89226900
vt 0.85735700 0.93332000
vt 0.85735700 0.91769500
vt 0.76764300 0.91769500
vt 0.76764300 0.93332000
vt 0.01661800 0.18080800
vt 0.23338200 0.18080800
vt 0.23338200 0.06919100
vt 0.01661800 0.06919100
vt 0.85735700 0.85937700
vt 0.85735700 0.89062700
vt 0.85735700 0.87500200
vt 0.76764300 0.85937700
vt 0.76764300 0.89062700
vt 0.76764300 0.87500200
vt 0.84030600 0.86551400
vt 0.84030600 0.84988900
vt 0.84030600 0.89676400
vt 0.78469400 0.86551400
vt 0.78469400 0.84988900
vt 0.78469400 0.89676400
vt 0.78469400 0.82617100
vt 0.78469400 0.84179600
vt 0.78469400 0.85742100
vt 0.84030600 0.84179600
vt 0.84030600 0.82617100
vt 0.84030600 0.85742100
vt 0.84030600 0.92383200
vt 0.84030600 0.90820700
vt 0.84030600 0.95508200
vt 0.78469400 0.92383200
vt 0.78469400 0.95508200
vt 0.78469400 0.90820700
vt 0.78469400 0.90011400
vt 0.78469400 0.88448900
vt 0.78469400 0.91573900
vt 0.84030600 0.91573900
vt 0.84030600 0.88448900
vt 0.84030600 0.90011400
vt 0.69715100 0.81886500
vt 0.69715100 0.87367600
vt 0.69715100 0.85805100
vt 0.69715100 0.87367600
vt 0.68921300 0.87367600
vt 0.68921300 0.85805100
vt 0.69715100 0.91296900
vt 0.69715100 0.89734400
vt 0.69715100 0.89734400
vt 0.69715100 0.95215500
vt 0.68921300 0.89734400
vt 0.68921300 0.91296900
vt 0.69715100 0.81886500
vt 0.68921300 0.87367600
vt 0.68921300 0.85805100
vt 0.69715100 0.85805100
vt 0.69715100 0.87367600
vt 0.69715100 0.95215500
vt 0.69715100 0.89734400
vt 0.69715100 0.91296900
vt 0.68921300 0.91296900
vt 0.68921300 0.89734400
vt 0.72081700 0.81886500
vt 0.72875400 0.87367600
vt 0.72875400 0.85805100
vt 0.72081700 0.87367600
vt 0.72081700 0.87367600
vt 0.72081700 0.85805100
vt 0.72081700 0.95215500
vt 0.72081700 0.91296900
vt 0.72081700 0.89734400
vt 0.72081700 0.89734400
vt 0.72875400 0.89734400
vt 0.72875400 0.91296900
vt 0.72081700 0.81886500
vt 0.72081700 0.85805100
vt 0.72081700 0.87367600
vt 0.72875400 0.85805100
vt 0.72875400 0.87367600
vt 0.72081700 0.95215500
vt 0.72875400 0.89734400
vt 0.72875400 0.91296900
vt 0.72081700 0.89734400
vt 0.72081700 0.91296900
vt 0.04100300 0.01579700
vt 0.27583000 0.66677600
vt 0.34918200 0.66677600
vt 0.20899700 0.01579700
vt 0.14663700 0.92785000
vt 0.14663700 0.95910000
vt 0.14663700 0.88609100
vt 0.14663700 0.91734100
vt 0.14663700 0.91734100
vt 0.14663700 0.88609100
vt 0.14663700 0.91734100
vt 0.21498300 0.92785000
vt 0.21498300 0.95910000
vt 0.14663700 0.92785000
vt 0.14663700 0.95910000
vt 0.14663700 0.92785000
vt 0.21498300 0.91734100
vt 0.21498300 0.88609100
vt 0.21498300 0.92785000
vt 0.21498300 0.95910000
vt 0.21498300 0.92785000
vt 0.21498300 0.88609100
vt 0.21498300 0.91734100
vt 0.21498300 0.91734100
vt 0.20005600 0.92325500
vt 0.20005600 0.83745400
vt 0.20005600 0.83745400
vt 0.20005600 0.83745400
vt 0.20005600 0.92325500
vt 0.20005600 0.92325500
vt 0.20947300 0.92325500
vt 0.20947300 0.83745400
vt 0.15214500 0.83745400
vt 0.16156400 0.92325500
vt 0.15214500 0.92325500
vt 0.16156400 0.83745400
vt 0.16156400 0.92325500
vt 0.16156400 0.92325500
vt 0.16156400 0.83745400
vt 0.16156400 0.83745400
vt 0.14663700 0.83943000
vt 0.14663700 0.87068000
vt 0.14663700 0.82214800
vt 0.14663700 0.79089800
vt 0.21498300 0.87068000
vt 0.21498300 0.83943000
vt 0.14663700 0.87068000
vt 0.14663700 0.83943000
vt 0.14663700 0.83943000
vt 0.21498300 0.79089800
vt 0.21498300 0.82214800
vt 0.21498300 0.83943000
vt 0.21498300 0.83943000
vt 0.21498300 0.87068000
vt 0.14663700 0.82214800
vt 0.14663700 0.79089800
vt 0.14663700 0.79089800
vt 0.14663700 0.83199700
vt 0.14663700 0.80074700
vt 0.14663700 0.83199700
vt 0.21498300 0.83199700
vt 0.21498300 0.80074700
vt 0.21498300 0.83199700
vt 0.21498300 0.79089800
vt 0.21498300 0.79089800
vt 0.21498300 0.82214800
vt 0.15438700 0.92954200
vt 0.15438700 0.89226900
vt 0.15438700 0.86101900
vt 0.15438700 0.86101900
vt 0.20723200 0.92954200
vt 0.15438700 0.92954200
vt 0.15438700 0.89829200
vt 0.20723200 0.86101900
vt 0.20723200 0.89829200
vt 0.20723200 0.92954200
vt 0.20723200 0.89226900
vt 0.20723200 0.86101900
vt 0.34918200 0.58322400
vt 0.20899700 0.23420600
vt 0.04100300 0.23420600
vt 0.27583000 0.58322400
vt 0.04100300 0.01579700
vt 0.27583000 0.66677600
vt 0.34918200 0.66677600
vt 0.20899700 0.01579700
vt 0.14663700 0.92785000
vt 0.14663700 0.95910000
vt 0.14663700 0.88609100
vt 0.14663700 0.91734100
vt 0.14663700 0.91734100
vt 0.14663700 0.91734100
vt 0.14663700 0.88609100
vt 0.21498300 0.92785000
vt 0.21498300 0.95910000
vt 0.14663700 0.95910000
vt 0.14663700 0.92785000
vt 0.14663700 0.92785000
vt 0.21498300 0.91734100
vt 0.21498300 0.88609100
vt 0.21498300 0.95910000
vt 0.21498300 0.92785000
vt 0.21498300 0.92785000
vt 0.21498300 0.88609100
vt 0.21498300 0.91734100
vt 0.21498300 0.91734100
vt 0.20005600 0.92325500
vt 0.20005600 0.83745400
vt 0.20005600 0.83745400
vt 0.20005600 0.83745400
vt 0.20005600 0.92325500
vt 0.20005600 0.92325500
vt 0.20947300 0.92325500
vt 0.20947300 0.83745400
vt 0.15214500 0.83745400
vt 0.16156400 0.92325500
vt 0.15214500 0.92325500
vt 0.16156400 0.83745400
vt 0.16156400 0.92325500
vt 0.16156400 0.92325500
vt 0.16156400 0.83745400
vt 0.16156400 0.83745400
vt 0.14663700 0.87068000
vt 0.14663700 0.83943000
vt 0.14663700 0.82214800
vt 0.14663700 0.79089800
vt 0.21498300 0.87068000
vt 0.21498300 0.83943000
vt 0.14663700 0.83943000
vt 0.14663700 0.87068000
vt 0.14663700 0.83943000
vt 0.21498300 0.79089800
vt 0.21498300 0.82214800
vt 0.21498300 0.83943000
vt 0.21498300 0.83943000
vt 0.21498300 0.87068000
vt 0.14663700 0.79089800
vt 0.14663700 0.82214800
vt 0.14663700 0.79089800
vt 0.14663700 0.83199700
vt 0.14663700 0.83199700
vt 0.14663700 0.80074700
vt 0.21498300 0.83199700
vt 0.21498300 0.80074700
vt 0.21498300 0.83199700
vt 0.21498300 0.79089800
vt 0.21498300 0.82214800
vt 0.21498300 0.79089800
vt 0.15438700 0.92954200
vt 0.15438700 0.86101900
vt 0.15438700 0.89226900
vt 0.15438700 0.86101900
vt 0.20723200 0.92954200
vt 0.15438700 0.92954200
vt 0.15438700 0.89829200
vt 0.20723200 0.86101900
vt 0.20723200 0.92954200
vt 0.20723200 0.89829200
vt 0.20723200 0.89226900
vt 0.20723200 0.86101900
vt 0.20899700 0.23420600
vt 0.34918200 0.58322400
vt 0.27583000 0.58322400
vt 0.04100300 0.23420600
vt 0.04100300 0.01579700
vt 0.27583000 0.66677600
vt 0.34918200 0.66677600
vt 0.20899700 0.01579700
vt 0.14663700 0.95910000
vt 0.14663700 0.92785000
vt 0.14663700 0.88609100
vt 0.14663700 0.91734100
vt 0.14663700 0.91734100
vt 0.14663700 0.88609100
vt 0.14663700 0.91734100
vt 0.21498300 0.92785000
vt 0.21498300 0.95910000
vt 0.14663700 0.92785000
vt 0.14663700 0.95910000
vt 0.14663700 0.92785000
vt 0.21498300 0.88609100
vt 0.21498300 0.91734100
vt 0.21498300 0.92785000
vt 0.21498300 0.95910000
vt 0.21498300 0.92785000
vt 0.21498300 0.91734100
vt 0.21498300 0.88609100
vt 0.21498300 0.91734100
vt 0.20005600 0.92325500
vt 0.20005600 0.83745400
vt 0.20005600 0.83745400
vt 0.20005600 0.83745400
vt 0.20005600 0.92325500
vt 0.20005600 0.92325500
vt 0.20947300 0.92325500
vt 0.20947300 0.83745400
vt 0.15214500 0.83745400
vt 0.16156400 0.92325500
vt 0.15214500 0.92325500
vt 0.16156400 0.83745400
vt 0.16156400 0.92325500
vt 0.16156400 0.92325500
vt 0.16156400 0.83745400
vt 0.16156400 0.83745400
vt 0.14663700 0.87068000
vt 0.14663700 0.83943000
vt 0.14663700 0.82214800
vt 0.14663700 0.79089800
vt 0.21498300 0.83943000
vt 0.21498300 0.87068000
vt 0.14663700 0.83943000
vt 0.14663700 0.87068000
vt 0.14663700 0.83943000
vt 0.21498300 0.82214800
vt 0.21498300 0.79089800
vt 0.21498300 0.83943000
vt 0.21498300 0.83943000
vt 0.21498300 0.87068000
vt 0.14663700 0.79089800
vt 0.14663700 0.79089800
vt 0.14663700 0.82214800
vt 0.14663700 0.83199700
vt 0.14663700 0.83199700
vt 0.14663700 0.80074700
vt 0.21498300 0.80074700
vt 0.21498300 0.83199700
vt 0.21498300 0.83199700
vt 0.21498300 0.82214800
vt 0.21498300 0.79089800
vt 0.21498300 0.79089800
vt 0.15438700 0.92954200
vt 0.15438700 0.89226900
vt 0.15438700 0.86101900
vt 0.15438700 0.86101900
vt 0.20723200 0.92954200
vt 0.15438700 0.92954200
vt 0.15438700 0.89829200
vt 0.20723200 0.86101900
vt 0.20723200 0.92954200
vt 0.20723200 0.89829200
vt 0.20723200 0.86101900
vt 0.20723200 0.89226900
vt 0.34918200 0.58322400
vt 0.20899700 0.23420600
vt 0.04100300 0.23420600
vt 0.27583000 0.58322400
vt 0.04100300 0.01579700
vt 0.27583000 0.66677600
vt 0.34918200 0.66677600
vt 0.20899700 0.01579700
vt 0.14663700 0.92785000
vt 0.14663700 0.95910000
vt 0.14663700 0.91734100
vt 0.14663700 0.88609100
vt 0.14663700 0.91734100
vt 0.14663700 0.88609100
vt 0.14663700 0.91734100
vt 0.21498300 0.92785000
vt 0.21498300 0.95910000
vt 0.14663700 0.95910000
vt 0.14663700 0.92785000
vt 0.14663700 0.92785000
vt 0.21498300 0.88609100
vt 0.21498300 0.91734100
vt 0.21498300 0.92785000
vt 0.21498300 0.95910000
vt 0.21498300 0.92785000
vt 0.21498300 0.91734100
vt 0.21498300 0.88609100
vt 0.21498300 0.91734100
vt 0.20005600 0.92325500
vt 0.20005600 0.83745400
vt 0.20005600 0.83745400
vt 0.20005600 0.83745400
vt 0.20005600 0.92325500
vt 0.20005600 0.92325500
vt 0.20947300 0.92325500
vt 0.20947300 0.83745400
vt 0.15214500 0.83745400
vt 0.16156400 0.92325500
vt 0.15214500 0.92325500
vt 0.16156400 0.83745400
vt 0.16156400 0.92325500
vt 0.16156400 0.92325500
vt 0.16156400 0.83745400
vt 0.16156400 0.83745400
vt 0.14663700 0.83943000
vt 0.14663700 0.87068000
vt 0.14663700 0.79089800
vt 0.14663700 0.82214800
vt 0.21498300 0.83943000
vt 0.21498300 0.87068000
vt 0.14663700 0.83943000
vt 0.14663700 0.87068000
vt 0.14663700 0.83943000
vt 0.21498300 0.79089800
vt 0.21498300 0.82214800
vt 0.21498300 0.87068000
vt 0.21498300 0.83943000
vt 0.21498300 0.83943000
vt 0.14663700 0.79089800
vt 0.14663700 0.79089800
vt 0.14663700 0.82214800
vt 0.14663700 0.83199700
vt 0.14663700 0.80074700
vt 0.14663700 0.83199700
vt 0.21498300 0.83199700
vt 0.21498300 0.80074700
vt 0.21498300 0.83199700
vt 0.21498300 0.79089800
vt 0.21498300 0.82214800
vt 0.21498300 0.79089800
vt 0.15438700 0.92954200
vt 0.15438700 0.89226900
vt 0.15438700 0.86101900
vt 0.15438700 0.86101900
vt 0.20723200 0.92954200
vt 0.15438700 0.92954200
vt 0.15438700 0.89829200
vt 0.20723200 0.86101900
vt 0.20723200 0.92954200
vt 0.20723200 0.89829200
vt 0.20723200 0.86101900
vt 0.20723200 0.89226900
vt 0.20899700 0.23420600
vt 0.34918200 0.58322400
vt 0.04100300 0.23420600
vt 0.27583000 0.58322400
vt 0.04100300 0.01579700
vt 0.27583000 0.66677600
vt 0.34918200 0.66677600
vt 0.20899700 0.01579700
vt 0.14663700 0.95910000
vt 0.14663700 0.92785000
vt 0.14663700 0.88609100
vt 0.14663700 0.91734100
vt 0.14663700 0.91734100
vt 0.14663700 0.88609100
vt 0.14663700 0.91734100
vt 0.21498300 0.92785000
vt 0.21498300 0.95910000
vt 0.14663700 0.95910000
vt 0.14663700 0.92785000
vt 0.14663700 0.92785000
vt 0.21498300 0.88609100
vt 0.21498300 0.91734100
vt 0.21498300 0.92785000
vt 0.21498300 0.92785000
vt 0.21498300 0.95910000
vt 0.21498300 0.91734100
vt 0.21498300 0.88609100
vt 0.21498300 0.91734100
vt 0.20005600 0.92325500
vt 0.20005600 0.83745400
vt 0.20005600 0.83745400
vt 0.20005600 0.83745400
vt 0.20005600 0.92325500
vt 0.20005600 0.92325500
vt 0.20947300 0.92325500
vt 0.20947300 0.83745400
vt 0.15214500 0.83745400
vt 0.16156400 0.92325500
vt 0.15214500 0.92325500
vt 0.16156400 0.83745400
vt 0.16156400 0.92325500
vt 0.16156400 0.92325500
vt 0.16156400 0.83745400
vt 0.16156400 0.83745400
vt 0.14663700 0.83943000
vt 0.14663700 0.87068000
vt 0.14663700 0.82214800
vt 0.14663700 0.79089800
vt 0.21498300 0.83943000
vt 0.21498300 0.87068000
vt 0.14663700 0.87068000
vt 0.14663700 0.83943000
vt 0.14663700 0.83943000
vt 0.21498300 0.79089800
vt 0.21498300 0.82214800
vt 0.21498300 0.87068000
vt 0.21498300 0.83943000
vt 0.21498300 0.83943000
vt 0.14663700 0.79089800
vt 0.14663700 0.79089800
vt 0.14663700 0.82214800
vt 0.14663700 0.83199700
vt 0.14663700 0.80074700
vt 0.14663700 0.83199700
vt 0.21498300 0.83199700
vt 0.21498300 0.83199700
vt 0.21498300 0.80074700
vt 0.21498300 0.79089800
vt 0.21498300 0.82214800
vt 0.21498300 0.79089800
vt 0.15438700 0.92954200
vt 0.15438700 0.89226900
vt 0.15438700 0.86101900
vt 0.15438700 0.86101900
vt 0.20723200 0.92954200
vt 0.15438700 0.89829200
vt 0.15438700 0.92954200
vt 0.20723200 0.86101900
vt 0.20723200 0.92954200
vt 0.20723200 0.89829200
vt 0.20723200 0.89226900
vt 0.20723200 0.86101900
vt 0.34918200 0.58322400
vt 0.20899700 0.23420600
vt 0.04100300 0.23420600
vt 0.27583000 0.58322400
vt 0.04100300 0.01579700
vt 0.27583000 0.66677600
vt 0.34918200 0.66677600
vt 0.20899700 0.01579700
vt 0.14663700 0.95910000
vt 0.14663700 0.92785000
vt 0.14663700 0.91734100
vt 0.14663700 0.91734100
vt 0.14663700 0.88609100
vt 0.14663700 0.88609100
vt 0.14663700 0.91734100
vt 0.21498300 0.92785000
vt 0.21498300 0.95910000
vt 0.14663700 0.92785000
vt 0.14663700 0.95910000
vt 0.14663700 0.92785000
vt 0.21498300 0.91734100
vt 0.21498300 0.88609100
vt 0.21498300 0.95910000
vt 0.21498300 0.92785000
vt 0.21498300 0.92785000
vt 0.21498300 0.88609100
vt 0.21498300 0.91734100
vt 0.21498300 0.91734100
vt 0.20005600 0.92325500
vt 0.20005600 0.83745400
vt 0.20005600 0.83745400
vt 0.20005600 0.83745400
vt 0.20005600 0.92325500
vt 0.20005600 0.92325500
vt 0.20947300 0.92325500
vt 0.20947300 0.83745400
vt 0.15214500 0.83745400
vt 0.16156400 0.92325500
vt 0.15214500 0.92325500
vt 0.16156400 0.83745400
vt 0.16156400 0.92325500
vt 0.16156400 0.92325500
vt 0.16156400 0.83745400
vt 0.16156400 0.83745400
vt 0.14663700 0.83943000
vt 0.14663700 0.87068000
vt 0.14663700 0.82214800
vt 0.14663700 0.79089800
vt 0.21498300 0.83943000
vt 0.21498300 0.87068000
vt 0.14663700 0.83943000
vt 0.14663700 0.87068000
vt 0.14663700 0.83943000
vt 0.21498300 0.79089800
vt 0.21498300 0.82214800
vt 0.21498300 0.83943000
vt 0.21498300 0.83943000
vt 0.21498300 0.87068000
vt 0.14663700 0.79089800
vt 0.14663700 0.79089800
vt 0.14663700 0.82214800
vt 0.14663700 0.80074700
vt 0.14663700 0.83199700
vt 0.14663700 0.83199700
vt 0.21498300 0.83199700
vt 0.21498300 0.83199700
vt 0.21498300 0.80074700
vt 0.21498300 0.79089800
vt 0.21498300 0.79089800
vt 0.21498300 0.82214800
vt 0.15438700 0.92954200
vt 0.15438700 0.86101900
vt 0.15438700 0.89226900
vt 0.15438700 0.86101900
vt 0.20723200 0.92954200
vt 0.15438700 0.92954200
vt 0.15438700 0.89829200
vt 0.20723200 0.86101900
vt 0.20723200 0.92954200
vt 0.20723200 0.89829200
vt 0.20723200 0.89226900
vt 0.20723200 0.86101900
vt 0.34918200 0.58322400
vt 0.20899700 0.23420600
vt 0.27583000 0.58322400
vt 0.04100300 0.23420600
vt 0.04100300 0.01579700
vt 0.27583000 0.66677600
vt 0.34918200 0.66677600
vt 0.20899700 0.01579700
vt 0.14663700 0.92785000
vt 0.14663700 0.95910000
vt 0.14663700 0.88609100
vt 0.14663700 0.91734100
vt 0.14663700 0.91734100
vt 0.14663700 0.91734100
vt 0.14663700 0.88609100
vt 0.21498300 0.95910000
vt 0.21498300 0.92785000
vt 0.14663700 0.95910000
vt 0.14663700 0.92785000
vt 0.14663700 0.92785000
vt 0.21498300 0.91734100
vt 0.21498300 0.88609100
vt 0.21498300 0.92785000
vt 0.21498300 0.95910000
vt 0.21498300 0.92785000
vt 0.21498300 0.91734100
vt 0.21498300 0.88609100
vt 0.21498300 0.91734100
vt 0.20005600 0.92325500
vt 0.20005600 0.83745400
vt 0.20005600 0.83745400
vt 0.20005600 0.83745400
vt 0.20005600 0.92325500
vt 0.20005600 0.92325500
vt 0.20947300 0.92325500
vt 0.20947300 0.83745400
vt 0.15214500 0.83745400
vt 0.16156400 0.92325500
vt 0.15214500 0.92325500
vt 0.16156400 0.83745400
vt 0.16156400 0.92325500
vt 0.16156400 0.92325500
vt 0.16156400 0.83745400
vt 0.16156400 0.83745400
vt 0.14663700 0.87068000
vt 0.14663700 0.83943000
vt 0.14663700 0.82214800
vt 0.14663700 0.79089800
vt 0.21498300 0.87068000
vt 0.21498300 0.83943000
vt 0.14663700 0.83943000
vt 0.14663700 0.83943000
vt 0.14663700 0.87068000
vt 0.21498300 0.82214800
vt 0.21498300 0.79089800
vt 0.21498300 0.87068000
vt 0.21498300 0.83943000
vt 0.21498300 0.83943000
vt 0.14663700 0.79089800
vt 0.14663700 0.82214800
vt 0.14663700 0.79089800
vt 0.14663700 0.83199700
vt 0.14663700 0.83199700
vt 0.14663700 0.80074700
vt 0.21498300 0.83199700
vt 0.21498300 0.80074700
vt 0.21498300 0.83199700
vt 0.21498300 0.82214800
vt 0.21498300 0.79089800
vt 0.21498300 0.79089800
vt 0.15438700 0.92954200
vt 0.15438700 0.86101900
vt 0.15438700 0.89226900
vt 0.15438700 0.86101900
vt 0.20723200 0.92954200
vt 0.15438700 0.92954200
vt 0.15438700 0.89829200
vt 0.20723200 0.86101900
vt 0.20723200 0.92954200
vt 0.20723200 0.89829200
vt 0.20723200 0.89226900
vt 0.20723200 0.86101900
vt 0.34918200 0.58322400
vt 0.20899700 0.23420600
vt 0.27583000 0.58322400
vt 0.04100300 0.23420600
vt 0.04100300 0.01579700
vt 0.27583000 0.66677600
vt 0.34918200 0.66677600
vt 0.20899700 0.01579700
vt 0.14663700 0.92785000
vt 0.14663700 0.95910000
vt 0.14663700 0.91734100
vt 0.14663700 0.88609100
vt 0.14663700 0.91734100
vt 0.14663700 0.88609100
vt 0.14663700 0.91734100
vt 0.21498300 0.92785000
vt 0.21498300 0.95910000
vt 0.14663700 0.95910000
vt 0.14663700 0.92785000
vt 0.14663700 0.92785000
vt 0.21498300 0.88609100
vt 0.21498300 0.91734100
vt 0.21498300 0.92785000
vt 0.21498300 0.95910000
vt 0.21498300 0.92785000
vt 0.21498300 0.88609100
vt 0.21498300 0.91734100
vt 0.21498300 0.91734100
vt 0.20005600 0.92325500
vt 0.20005600 0.83745400
vt 0.20005600 0.83745400
vt 0.20005600 0.83745400
vt 0.20005600 0.92325500
vt 0.20005600 0.92325500
vt 0.20947300 0.92325500
vt 0.20947300 0.83745400
vt 0.15214500 0.83745400
vt 0.16156400 0.92325500
vt 0.15214500 0.92325500
vt 0.16156400 0.83745400
vt 0.16156400 0.92325500
vt 0.16156400 0.92325500
vt 0.16156400 0.83745400
vt 0.16156400 0.83745400
vt 0.14663700 0.87068000
vt 0.14663700 0.83943000
vt 0.14663700 0.79089800
vt 0.14663700 0.82214800
vt 0.21498300 0.83943000
vt 0.21498300 0.87068000
vt 0.14663700 0.83943000
vt 0.14663700 0.83943000
vt 0.14663700 0.87068000
vt 0.21498300 0.79089800
vt 0.21498300 0.82214800
vt 0.21498300 0.87068000
vt 0.21498300 0.83943000
vt 0.21498300 0.83943000
vt 0.14663700 0.79089800
vt 0.14663700 0.82214800
vt 0.14663700 0.79089800
vt 0.14663700 0.83199700
vt 0.14663700 0.83199700
vt 0.14663700 0.80074700
vt 0.21498300 0.83199700
vt 0.21498300 0.83199700
vt 0.21498300 0.80074700
vt 0.21498300 0.82214800
vt 0.21498300 0.79089800
vt 0.21498300 0.79089800
vt 0.15438700 0.92954200
vt 0.15438700 0.89226900
vt 0.15438700 0.86101900
vt 0.15438700 0.86101900
vt 0.20723200 0.92954200
vt 0.15438700 0.92954200
vt 0.15438700 0.89829200
vt 0.20723200 0.86101900
vt 0.20723200 0.92954200
vt 0.20723200 0.89829200
vt 0.20723200 0.86101900
vt 0.20723200 0.89226900
vt 0.34918200 0.58322400
vt 0.20899700 0.23420600
vt 0.04100300 0.23420600
vt 0.27583000 0.58322400
vt 0.04100300 0.01579700
vt 0.27583000 0.66677600
vt 0.34918200 0.66677600
vt 0.20899700 0.01579700
vt 0.14663700 0.95910000
vt 0.14663700 0.92785000
vt 0.14663700 0.91734100
vt 0.14663700 0.91734100
vt 0.14663700 0.88609100
vt 0.14663700 0.88609100
vt 0.14663700 0.91734100
vt 0.21498300 0.92785000
vt 0.21498300 0.95910000
vt 0.14663700 0.92785000
vt 0.14663700 0.92785000
vt 0.14663700 0.95910000
vt 0.21498300 0.88609100
vt 0.21498300 0.91734100
vt 0.21498300 0.92785000
vt 0.21498300 0.92785000
vt 0.21498300 0.95910000
vt 0.21498300 0.88609100
vt 0.21498300 0.91734100
vt 0.21498300 0.91734100
vt 0.20005600 0.92325500
vt 0.20005600 0.83745400
vt 0.20005600 0.83745400
vt 0.20005600 0.83745400
vt 0.20005600 0.92325500
vt 0.20005600 0.92325500
vt 0.20947300 0.92325500
vt 0.20947300 0.83745400
vt 0.15214500 0.83745400
vt 0.16156400 0.92325500
vt 0.15214500 0.92325500
vt 0.16156400 0.83745400
vt 0.16156400 0.92325500
vt 0.16156400 0.92325500
vt 0.16156400 0.83745400
vt 0.16156400 0.83745400
vt 0.14663700 0.83943000
vt 0.14663700 0.87068000
vt 0.14663700 0.82214800
vt 0.14663700 0.79089800
vt 0.21498300 0.83943000
vt 0.21498300 0.87068000
vt 0.14663700 0.83943000
vt 0.14663700 0.87068000
vt 0.14663700 0.83943000
vt 0.21498300 0.82214800
vt 0.21498300 0.79089800
vt 0.21498300 0.87068000
vt 0.21498300 0.83943000
vt 0.21498300 0.83943000
vt 0.14663700 0.79089800
vt 0.14663700 0.82214800
vt 0.14663700 0.79089800
vt 0.14663700 0.83199700
vt 0.14663700 0.80074700
vt 0.14663700 0.83199700
vt 0.21498300 0.83199700
vt 0.21498300 0.83199700
vt 0.21498300 0.80074700
vt 0.21498300 0.82214800
vt 0.21498300 0.79089800
vt 0.21498300 0.79089800
vt 0.15438700 0.92954200
vt 0.15438700 0.86101900
vt 0.15438700 0.89226900
vt 0.15438700 0.86101900
vt 0.20723200 0.92954200
vt 0.15438700 0.89829200
vt 0.15438700 0.92954200
vt 0.20723200 0.86101900
vt 0.20723200 0.89829200
vt 0.20723200 0.92954200
vt 0.20723200 0.89226900
vt 0.20723200 0.86101900
vt 0.34918200 0.58322400
vt 0.20899700 0.23420600
vt 0.04100300 0.23420600
vt 0.27583000 0.58322400
vt 0.04100300 0.01579700
vt 0.27583000 0.66677600
vt 0.34918200 0.66677600
vt 0.20899700 0.01579700
vt 0.14663700 0.92785000
vt 0.14663700 0.95910000
vt 0.14663700 0.91734100
vt 0.14663700 0.88609100
vt 0.14663700 0.91734100
vt 0.14663700 0.91734100
vt 0.14663700 0.88609100
vt 0.21498300 0.95910000
vt 0.21498300 0.92785000
vt 0.14663700 0.92785000
vt 0.14663700 0.95910000
vt 0.14663700 0.92785000
vt 0.21498300 0.91734100
vt 0.21498300 0.88609100
vt 0.21498300 0.92785000
vt 0.21498300 0.95910000
vt 0.21498300 0.92785000
vt 0.21498300 0.88609100
vt 0.21498300 0.91734100
vt 0.21498300 0.91734100
vt 0.20005600 0.92325500
vt 0.20005600 0.83745400
vt 0.20005600 0.83745400
vt 0.20005600 0.83745400
vt 0.20005600 0.92325500
vt 0.20005600 0.92325500
vt 0.20947300 0.92325500
vt 0.20947300 0.83745400
vt 0.15214500 0.83745400
vt 0.16156400 0.92325500
vt 0.15214500 0.92325500
vt 0.16156400 0.83745400
vt 0.16156400 0.92325500
vt 0.16156400 0.92325500
vt 0.16156400 0.83745400
vt 0.16156400 0.83745400
vt 0.14663700 0.83943000
vt 0.14663700 0.87068000
vt 0.14663700 0.79089800
vt 0.14663700 0.82214800
vt 0.21498300 0.83943000
vt 0.21498300 0.87068000
vt 0.14663700 0.83943000
vt 0.14663700 0.83943000
vt 0.14663700 0.87068000
vt 0.21498300 0.82214800
vt 0.21498300 0.79089800
vt 0.21498300 0.87068000
vt 0.21498300 0.83943000
vt 0.21498300 0.83943000
vt 0.14663700 0.79089800
vt 0.14663700 0.79089800
vt 0.14663700 0.82214800
vt 0.14663700 0.80074700
vt 0.14663700 0.83199700
vt 0.14663700 0.83199700
vt 0.21498300 0.83199700
vt 0.21498300 0.83199700
vt 0.21498300 0.80074700
vt 0.21498300 0.79089800
vt 0.21498300 0.82214800
vt 0.21498300 0.79089800
vt 0.15438700 0.92954200
vt 0.15438700 0.86101900
vt 0.15438700 0.89226900
vt 0.15438700 0.86101900
vt 0.20723200 0.92954200
vt 0.15438700 0.89829200
vt 0.15438700 0.92954200
vt 0.20723200 0.86101900
vt 0.20723200 0.92954200
vt 0.20723200 0.89829200
vt 0.20723200 0.89226900
vt 0.20723200 0.86101900
vt 0.34918200 0.58322400
vt 0.20899700 0.23420600
vt 0.04100300 0.23420600
vt 0.27583000 0.58322400
vt 0.04100300 0.01579700
vt 0.27583000 0.66677600
vt 0.34918200 0.66677600
vt 0.20899700 0.01579700
vt 0.14663700 0.92785000
vt 0.14663700 0.95910000
vt 0.14663700 0.91734100
vt 0.14663700 0.88609100
vt 0.14663700 0.91734100
vt 0.14663700 0.91734100
vt 0.14663700 0.88609100
vt 0.21498300 0.92785000
vt 0.21498300 0.95910000
vt 0.14663700 0.95910000
vt 0.14663700 0.92785000
vt 0.14663700 0.92785000
vt 0.21498300 0.91734100
vt 0.21498300 0.88609100
vt 0.21498300 0.92785000
vt 0.21498300 0.92785000
vt 0.21498300 0.95910000
vt 0.21498300 0.91734100
vt 0.21498300 0.91734100
vt 0.21498300 0.88609100
vt 0.20005600 0.92325500
vt 0.20005600 0.83745400
vt 0.20005600 0.83745400
vt 0.20005600 0.83745400
vt 0.20005600 0.92325500
vt 0.20005600 0.92325500
vt 0.20947300 0.92325500
vt 0.20947300 0.83745400
vt 0.15214500 0.83745400
vt 0.16156400 0.92325500
vt 0.15214500 0.92325500
vt 0.16156400 0.83745400
vt 0.16156400 0.92325500
vt 0.16156400 0.92325500
vt 0.16156400 0.83745400
vt 0.16156400 0.83745400
vt 0.14663700 0.83943000
vt 0.14663700 0.87068000
vt 0.14663700 0.82214800
vt 0.14663700 0.79089800
vt 0.21498300 0.87068000
vt 0.21498300 0.83943000
vt 0.14663700 0.87068000
vt 0.14663700 0.83943000
vt 0.14663700 0.83943000
vt 0.21498300 0.82214800
vt 0.21498300 0.79089800
vt 0.21498300 0.87068000
vt 0.21498300 0.83943000
vt 0.21498300 0.83943000
vt 0.14663700 0.79089800
vt 0.14663700 0.82214800
vt 0.14663700 0.79089800
vt 0.14663700 0.83199700
vt 0.14663700 0.83199700
vt 0.14663700 0.80074700
vt 0.21498300 0.83199700
vt 0.21498300 0.83199700
vt 0.21498300 0.80074700
vt 0.21498300 0.82214800
vt 0.21498300 0.79089800
vt 0.21498300 0.79089800
vt 0.15438700 0.92954200
vt 0.15438700 0.86101900
vt 0.15438700 0.89226900
vt 0.15438700 0.86101900
vt 0.20723200 0.92954200
vt 0.15438700 0.92954200
vt 0.15438700 0.89829200
vt 0.20723200 0.86101900
vt 0.20723200 0.92954200
vt 0.20723200 0.89829200
vt 0.20723200 0.89226900
vt 0.20723200 0.86101900
vt 0.34918200 0.58322400
vt 0.20899700 0.23420600
vt 0.04100300 0.23420600
vt 0.27583000 0.58322400
vt 0.04100300 0.01579700
vt 0.27583000 0.66677600
vt 0.34918200 0.66677600
vt 0.20899700 0.01579700
vt 0.14663700 0.95910000
vt 0.14663700 0.92785000
vt 0.14663700 0.91734100
vt 0.14663700 0.88609100
vt 0.14663700 0.91734100
vt 0.14663700 0.88609100
vt 0.14663700 0.91734100
vt 0.21498300 0.95910000
vt 0.21498300 0.92785000
vt 0.14663700 0.92785000
vt 0.14663700 0.95910000
vt 0.14663700 0.92785000
vt 0.21498300 0.91734100
vt 0.21498300 0.88609100
vt 0.21498300 0.92785000
vt 0.21498300 0.95910000
vt 0.21498300 0.92785000
vt 0.21498300 0.91734100
vt 0.21498300 0.91734100
vt 0.21498300 0.88609100
vt 0.20005600 0.92325500
vt 0.20005600 0.83745400
vt 0.20005600 0.83745400
vt 0.20005600 0.83745400
vt 0.20005600 0.92325500
vt 0.20005600 0.92325500
vt 0.20947300 0.92325500
vt 0.20947300 0.83745400
vt 0.15214500 0.83745400
vt 0.16156400 0.92325500
vt 0.15214500 0.92325500
vt 0.16156400 0.83745400
vt 0.16156400 0.92325500
vt 0.16156400 0.92325500
vt 0.16156400 0.83745400
vt 0.16156400 0.83745400
vt 0.14663700 0.87068000
vt 0.14663700 0.83943000
vt 0.14663700 0.82214800
vt 0.14663700 0.79089800
vt 0.21498300 0.83943000
vt 0.21498300 0.87068000
vt 0.14663700 0.83943000
vt 0.14663700 0.83943000
vt 0.14663700 0.87068000
vt 0.21498300 0.79089800
vt 0.21498300 0.82214800
vt 0.21498300 0.83943000
vt 0.21498300 0.83943000
vt 0.21498300 0.87068000
vt 0.14663700 0.79089800
vt 0.14663700 0.79089800
vt 0.14663700 0.82214800
vt 0.14663700 0.80074700
vt 0.14663700 0.83199700
vt 0.14663700 0.83199700
vt 0.21498300 0.83199700
vt 0.21498300 0.80074700
vt 0.21498300 0.83199700
vt 0.21498300 0.82214800
vt 0.21498300 0.79089800
vt 0.21498300 0.79089800
vt 0.15438700 0.92954200
vt 0.15438700 0.86101900
vt 0.15438700 0.89226900
vt 0.15438700 0.86101900
vt 0.20723200 0.92954200
vt 0.15438700 0.92954200
vt 0.15438700 0.89829200
vt 0.20723200 0.86101900
vt 0.20723200 0.92954200
vt 0.20723200 0.89829200
vt 0.20723200 0.89226900
vt 0.20723200 0.86101900
vt 0.20899700 0.23420600
vt 0.34918200 0.58322400
vt 0.27583000 0.58322400
vt 0.04100300 0.23420600
vt 0.04100300 0.01579700
vt 0.27583000 0.66677600
vt 0.34918200 0.66677600
vt 0.20899700 0.01579700
vt 0.14663700 0.92785000
vt 0.14663700 0.95910000
vt 0.14663700 0.88609100
vt 0.14663700 0.91734100
vt 0.14663700 0.91734100
vt 0.14663700 0.91734100
vt 0.14663700 0.88609100
vt 0.21498300 0.95910000
vt 0.21498300 0.92785000
vt 0.14663700 0.92785000
vt 0.14663700 0.95910000
vt 0.14663700 0.92785000
vt 0.21498300 0.88609100
vt 0.21498300 0.91734100
vt 0.21498300 0.92785000
vt 0.21498300 0.92785000
vt 0.21498300 0.95910000
vt 0.21498300 0.91734100
vt 0.21498300 0.91734100
vt 0.21498300 0.88609100
vt 0.20005600 0.92325500
vt 0.20005600 0.83745400
vt 0.20005600 0.83745400
vt 0.20005600 0.83745400
vt 0.20005600 0.92325500
vt 0.20005600 0.92325500
vt 0.20947300 0.92325500
vt 0.20947300 0.83745400
vt 0.15214500 0.83745400
vt 0.16156400 0.92325500
vt 0.15214500 0.92325500
vt 0.16156400 0.83745400
vt 0.16156400 0.92325500
vt 0.16156400 0.92325500
vt 0.16156400 0.83745400
vt 0.16156400 0.83745400
vt 0.14663700 0.83943000
vt 0.14663700 0.87068000
vt 0.14663700 0.82214800
vt 0.14663700 0.79089800
vt 0.21498300 0.87068000
vt 0.21498300 0.83943000
vt 0.14663700 0.87068000
vt 0.14663700 0.83943000
vt 0.14663700 0.83943000
vt 0.21498300 0.79089800
vt 0.21498300 0.82214800
vt 0.21498300 0.83943000
vt 0.21498300 0.87068000
vt 0.21498300 0.83943000
vt 0.14663700 0.79089800
vt 0.14663700 0.79089800
vt 0.14663700 0.82214800
vt 0.14663700 0.83199700
vt 0.14663700 0.83199700
vt 0.14663700 0.80074700
vt 0.21498300 0.80074700
vt 0.21498300 0.83199700
vt 0.21498300 0.83199700
vt 0.21498300 0.79089800
vt 0.21498300 0.79089800
vt 0.21498300 0.82214800
vt 0.15438700 0.92954200
vt 0.15438700 0.89226900
vt 0.15438700 0.86101900
vt 0.15438700 0.86101900
vt 0.20723200 0.92954200
vt 0.15438700 0.92954200
vt 0.15438700 0.89829200
vt 0.20723200 0.86101900
vt 0.20723200 0.89829200
vt 0.20723200 0.92954200
vt 0.20723200 0.89226900
vt 0.20723200 0.86101900
vt 0.20899700 0.23420600
vt 0.34918200 0.58322400
vt 0.27583000 0.58322400
vt 0.04100300 0.23420600
vt 0.04100300 0.01579700
vt 0.27583000 0.66677600
vt 0.34918200 0.66677600
vt 0.20899700 0.01579700
vt 0.14663700 0.92785000
vt 0.14663700 0.95910000
vt 0.14663700 0.91734100
vt 0.14663700 0.88609100
vt 0.14663700 0.91734100
vt 0.14663700 0.88609100
vt 0.14663700 0.91734100
vt 0.21498300 0.92785000
vt 0.21498300 0.95910000
vt 0.14663700 0.92785000
vt 0.14663700 0.92785000
vt 0.14663700 0.95910000
vt 0.21498300 0.88609100
vt 0.21498300 0.91734100
vt 0.21498300 0.95910000
vt 0.21498300 0.92785000
vt 0.21498300 0.92785000
vt 0.21498300 0.91734100
vt 0.21498300 0.88609100
vt 0.21498300 0.91734100
vt 0.20005600 0.92325500
vt 0.20005600 0.83745400
vt 0.20005600 0.83745400
vt 0.20005600 0.83745400
vt 0.20005600 0.92325500
vt 0.20005600 0.92325500
vt 0.20947300 0.92325500
vt 0.20947300 0.83745400
vt 0.15214500 0.83745400
vt 0.16156400 0.92325500
vt 0.15214500 0.92325500
vt 0.16156400 0.83745400
vt 0.16156400 0.92325500
vt 0.16156400 0.92325500
vt 0.16156400 0.83745400
vt 0.16156400 0.83745400
vt 0.14663700 0.87068000
vt 0.14663700 0.83943000
vt 0.14663700 0.79089800
vt 0.14663700 0.82214800
vt 0.21498300 0.83943000
vt 0.21498300 0.87068000
vt 0.14663700 0.87068000
vt 0.14663700 0.83943000
vt 0.14663700 0.83943000
vt 0.21498300 0.82214800
vt 0.21498300 0.79089800
vt 0.21498300 0.83943000
vt 0.21498300 0.83943000
vt 0.21498300 0.87068000
vt 0.14663700 0.79089800
vt 0.14663700 0.79089800
vt 0.14663700 0.82214800
vt 0.14663700 0.83199700
vt 0.14663700 0.83199700
vt 0.14663700 0.80074700
vt 0.21498300 0.80074700
vt 0.21498300 0.83199700
vt 0.21498300 0.83199700
vt 0.21498300 0.79089800
vt 0.21498300 0.82214800
vt 0.21498300 0.79089800
vt 0.15438700 0.92954200
vt 0.15438700 0.86101900
vt 0.15438700 0.89226900
vt 0.15438700 0.86101900
vt 0.20723200 0.92954200
vt 0.15438700 0.92954200
vt 0.15438700 0.89829200
vt 0.20723200 0.86101900
vt 0.20723200 0.89829200
vt 0.20723200 0.92954200
vt 0.20723200 0.86101900
vt 0.20723200 0.89226900
vt 0.34918200 0.58322400
vt 0.20899700 0.23420600
vt 0.04100300 0.23420600
vt 0.27583000 0.58322400
vt 0.04100300 0.01579700
vt 0.27583000 0.66677600
vt 0.34918200 0.66677600
vt 0.20899700 0.01579700
vt 0.14663700 0.95910000
vt 0.14663700 0.92785000
vt 0.14663700 0.91734100
vt 0.14663700 0.88609100
vt 0.14663700 0.91734100
vt 0.14663700 0.91734100
vt 0.14663700 0.88609100
vt 0.21498300 0.92785000
vt 0.21498300 0.95910000
vt 0.14663700 0.92785000
vt 0.14663700 0.92785000
vt 0.14663700 0.95910000
vt 0.21498300 0.88609100
vt 0.21498300 0.91734100
vt 0.21498300 0.92785000
vt 0.21498300 0.92785000
vt 0.21498300 0.95910000
vt 0.21498300 0.91734100
vt 0.21498300 0.88609100
vt 0.21498300 0.91734100
vt 0.20005600 0.92325500
vt 0.20005600 0.83745400
vt 0.20005600 0.83745400
vt 0.20005600 0.83745400
vt 0.20005600 0.92325500
vt 0.20005600 0.92325500
vt 0.20947300 0.92325500
vt 0.20947300 0.83745400
vt 0.15214500 0.83745400
vt 0.16156400 0.92325500
vt 0.15214500 0.92325500
vt 0.16156400 0.83745400
vt 0.16156400 0.92325500
vt 0.16156400 0.92325500
vt 0.16156400 0.83745400
vt 0.16156400 0.83745400
vt 0.14663700 0.83943000
vt 0.14663700 0.87068000
vt 0.14663700 0.79089800
vt 0.14663700 0.82214800
vt 0.21498300 0.87068000
vt 0.21498300 0.83943000
vt 0.14663700 0.83943000
vt 0.14663700 0.87068000
vt 0.14663700 0.83943000
vt 0.21498300 0.82214800
vt 0.21498300 0.79089800
vt 0.21498300 0.83943000
vt 0.21498300 0.87068000
vt 0.21498300 0.83943000
vt 0.14663700 0.79089800
vt 0.14663700 0.82214800
vt 0.14663700 0.79089800
vt 0.14663700 0.83199700
vt 0.14663700 0.83199700
vt 0.14663700 0.80074700
vt 0.21498300 0.83199700
vt 0.21498300 0.80074700
vt 0.21498300 0.83199700
vt 0.21498300 0.82214800
vt 0.21498300 0.79089800
vt 0.21498300 0.79089800
vt 0.15438700 0.92954200
vt 0.15438700 0.89226900
vt 0.15438700 0.86101900
vt 0.15438700 0.86101900
vt 0.20723200 0.92954200
vt 0.15438700 0.89829200
vt 0.15438700 0.92954200
vt 0.20723200 0.86101900
vt 0.20723200 0.92954200
vt 0.20723200 0.89829200
vt 0.20723200 0.86101900
vt 0.20723200 0.89226900
vt 0.20899700 0.23420600
vt 0.34918200 0.58322400
vt 0.04100300 0.23420600
vt 0.27583000 0.58322400
vt 0.04100300 0.01579700
vt 0.27583000 0.66677600
vt 0.34918200 0.66677600
vt 0.20899700 0.01579700
vt 0.14663700 0.95910000
vt 0.14663700 0.92785000
vt 0.14663700 0.91734100
vt 0.14663700 0.91734100
vt 0.14663700 0.88609100
vt 0.14663700 0.88609100
vt 0.14663700 0.91734100
vt 0.21498300 0.92785000
vt 0.21498300 0.95910000
vt 0.14663700 0.95910000
vt 0.14663700 0.92785000
vt 0.14663700 0.92785000
vt 0.21498300 0.91734100
vt 0.21498300 0.88609100
vt 0.21498300 0.95910000
vt 0.21498300 0.92785000
vt 0.21498300 0.92785000
vt 0.21498300 0.88609100
vt 0.21498300 0.91734100
vt 0.21498300 0.91734100
vt 0.20005600 0.92325500
vt 0.20005600 0.83745400
vt 0.20005600 0.83745400
vt 0.20005600 0.83745400
vt 0.20005600 0.92325500
vt 0.20005600 0.92325500
vt 0.20947300 0.92325500
vt 0.20947300 0.83745400
vt 0.15214500 0.83745400
vt 0.16156400 0.92325500
vt 0.15214500 0.92325500
vt 0.16156400 0.83745400
vt 0.16156400 0.92325500
vt 0.16156400 0.92325500
vt 0.16156400 0.83745400
vt 0.16156400 0.83745400
vt 0.14663700 0.83943000
vt 0.14663700 0.87068000
vt 0.14663700 0.79089800
vt 0.14663700 0.82214800
vt 0.21498300 0.83943000
vt 0.21498300 0.87068000
vt 0.14663700 0.83943000
vt 0.14663700 0.87068000
vt 0.14663700 0.83943000
vt 0.21498300 0.79089800
vt 0.21498300 0.82214800
vt 0.21498300 0.87068000
vt 0.21498300 0.83943000
vt 0.21498300 0.83943000
vt 0.14663700 0.82214800
vt 0.14663700 0.79089800
vt 0.14663700 0.79089800
vt 0.14663700 0.80074700
vt 0.14663700 0.83199700
vt 0.14663700 0.83199700
vt 0.21498300 0.80074700
vt 0.21498300 0.83199700
vt 0.21498300 0.83199700
vt 0.21498300 0.82214800
vt 0.21498300 0.79089800
vt 0.21498300 0.79089800
vt 0.15438700 0.92954200
vt 0.15438700 0.86101900
vt 0.15438700 0.89226900
vt 0.15438700 0.86101900
vt 0.20723200 0.92954200
vt 0.15438700 0.92954200
vt 0.15438700 0.89829200
vt 0.20723200 0.86101900
vt 0.20723200 0.92954200
vt 0.20723200 0.89829200
vt 0.20723200 0.89226900
vt 0.20723200 0.86101900
vt 0.20899700 0.23420600
vt 0.34918200 0.58322400
vt 0.27583000 0.58322400
vt 0.04100300 0.23420600
vt 0.04100300 0.01579700
vt 0.27583000 0.66677600
vt 0.34918200 0.66677600
vt 0.20899700 0.01579700
vt 0.14663700 0.92785000
vt 0.14663700 0.95910000
vt 0.14663700 0.91734100
vt 0.14663700 0.88609100
vt 0.14663700 0.91734100
vt 0.14663700 0.88609100
vt 0.14663700 0.91734100
vt 0.21498300 0.95910000
vt 0.21498300 0.92785000
vt 0.14663700 0.92785000
vt 0.14663700 0.92785000
vt 0.14663700 0.95910000
vt 0.21498300 0.88609100
vt 0.21498300 0.91734100
vt 0.21498300 0.95910000
vt 0.21498300 0.92785000
vt 0.21498300 0.92785000
vt 0.21498300 0.91734100
vt 0.21498300 0.88609100
vt 0.21498300 0.91734100
vt 0.20005600 0.92325500
vt 0.20005600 0.83745400
vt 0.20005600 0.83745400
vt 0.20005600 0.83745400
vt 0.20005600 0.92325500
vt 0.20005600 0.92325500
vt 0.20947300 0.92325500
vt 0.20947300 0.83745400
vt 0.15214500 0.83745400
vt 0.16156400 0.92325500
vt 0.15214500 0.92325500
vt 0.16156400 0.83745400
vt 0.16156400 0.92325500
vt 0.16156400 0.92325500
vt 0.16156400 0.83745400
vt 0.16156400 0.83745400
vt 0.14663700 0.83943000
vt 0.14663700 0.87068000
vt 0.14663700 0.79089800
vt 0.14663700 0.82214800
vt 0.21498300 0.87068000
vt 0.21498300 0.83943000
vt 0.14663700 0.83943000
vt 0.14663700 0.83943000
vt 0.14663700 0.87068000
vt 0.21498300 0.82214800
vt 0.21498300 0.79089800
vt 0.21498300 0.83943000
vt 0.21498300 0.83943000
vt 0.21498300 0.87068000
vt 0.14663700 0.79089800
vt 0.14663700 0.82214800
vt 0.14663700 0.79089800
vt 0.14663700 0.80074700
vt 0.14663700 0.83199700
vt 0.14663700 0.83199700
vt 0.21498300 0.83199700
vt 0.21498300 0.80074700
vt 0.21498300 0.83199700
vt 0.21498300 0.82214800
vt 0.21498300 0.79089800
vt 0.21498300 0.79089800
vt 0.15438700 0.92954200
vt 0.15438700 0.86101900
vt 0.15438700 0.89226900
vt 0.15438700 0.86101900
vt 0.20723200 0.92954200
vt 0.15438700 0.92954200
vt 0.15438700 0.89829200
vt 0.20723200 0.86101900
vt 0.20723200 0.89829200
vt 0.20723200 0.92954200
vt 0.20723200 0.86101900
vt 0.20723200 0.89226900
vt 0.34918200 0.58322400
vt 0.20899700 0.23420600
vt 0.27583000 0.58322400
vt 0.04100300 0.23420600
vt 0.26216900 0.89543000
vt 0.26216900 0.89543000
vt 0.26216900 0.86418000
vt 0.26216900 0.91470000
vt 0.26216900 0.94595000
vt 0.26216900 0.91470000
vt 0.26216900 0.89543000
vt 0.26216900 0.86418000
vt 0.26216900 0.89543000
vt 0.26216900 0.91470000
vt 0.26216900 0.91470000
vt 0.26216900 0.94595000
vt 0.30381700 0.86418000
vt 0.30381700 0.89543000
vt 0.30381700 0.89543000
vt 0.30381700 0.91470000
vt 0.30381700 0.91470000
vt 0.30381700 0.94595000
vt 0.30381700 0.89543000
vt 0.30381700 0.89543000
vt 0.30381700 0.86418000
vt 0.30381700 0.91470000
vt 0.30381700 0.94595000
vt 0.30381700 0.91470000
vt 0.30029400 0.91470000
vt 0.30029400 0.91470000
vt 0.30029400 0.94595000
vt 0.26569200 0.94595000
vt 0.26569200 0.91470000
vt 0.26569200 0.91470000
vt 0.26569200 0.94595000
vt 0.26569200 0.91470000
vt 0.26569200 0.91470000
vt 0.30029400 0.91470000
vt 0.30029400 0.94595000
vt 0.30029400 0.91470000
vt 0.26657600 0.90634100
vt 0.26657600 0.90634100
vt 0.26657600 0.93759100
vt 0.29940900 0.90634100
vt 0.29940900 0.90634100
vt 0.29940900 0.93759100
vt 0.29940900 0.90634100
vt 0.29940900 0.90634100
vt 0.29940900 0.93759100
vt 0.26657600 0.93759100
vt 0.26657600 0.90634100
vt 0.26657600 0.90634100
vt 0.26216900 0.83864100
vt 0.26216900 0.80739100
vt 0.26216900 0.83864100
vt 0.26216900 0.85791100
vt 0.26216900 0.88916100
vt 0.26216900 0.85791100
vt 0.26216900 0.80739100
vt 0.26216900 0.83864100
vt 0.26216900 0.83864100
vt 0.26216900 0.85791100
vt 0.26216900 0.85791100
vt 0.26216900 0.88916100
vt 0.30381700 0.80739100
vt 0.30381700 0.83864100
vt 0.30381700 0.83864100
vt 0.30381700 0.85791100
vt 0.30381700 0.85791100
vt 0.30381700 0.88916100
vt 0.33158200 0.83864100
vt 0.33158200 0.83864100
vt 0.33158200 0.80739100
vt 0.33158200 0.85791100
vt 0.33158200 0.85791100
vt 0.33158200 0.88916100
vt 0.26216900 0.80739100
vt 0.26216900 0.83864100
vt 0.26216900 0.83864100
vt 0.26216900 0.80739100
vt 0.26216900 0.85791100
vt 0.26216900 0.88916100
vt 0.26216900 0.88916100
vt 0.26216900 0.85791100
vt 0.30381700 0.83864100
vt 0.30381700 0.80739100
vt 0.33158200 0.83864100
vt 0.33158200 0.80739100
vt 0.33158200 0.88916100
vt 0.33158200 0.85791100
vt 0.30381700 0.88916100
vt 0.30381700 0.85791100
vt 0.26216900 0.86703500
vt 0.26216900 0.83578500
vt 0.26216900 0.86703500
vt 0.26216900 0.88630600
vt 0.26216900 0.88630600
vt 0.26216900 0.91755600
vt 0.26216900 0.86703500
vt 0.26216900 0.86703500
vt 0.26216900 0.83578500
vt 0.26216900 0.91755600
vt 0.26216900 0.88630600
vt 0.26216900 0.88630600
vt 0.30381700 0.86703500
vt 0.30381700 0.86703500
vt 0.30381700 0.83578500
vt 0.30381700 0.91755600
vt 0.30381700 0.88630600
vt 0.30381700 0.88630600
vt 0.33158200 0.86703500
vt 0.33158200 0.86703500
vt 0.33158200 0.83578500
vt 0.33158200 0.91755600
vt 0.33158200 0.88630600
vt 0.33158200 0.88630600
vt 0.30381700 0.94880600
vt 0.30381700 0.91755600
vt 0.33158200 0.94880600
vt 0.33158200 0.91755600
vt 0.33158200 0.86703500
vt 0.33158200 0.89828500
vt 0.30381700 0.89828500
vt 0.30381700 0.86703500
vt 0.26216900 0.94880600
vt 0.26216900 0.91755600
vt 0.26216900 0.94880600
vt 0.26216900 0.91755600
vt 0.26216900 0.86703500
vt 0.26216900 0.89828500
vt 0.26216900 0.86703500
vt 0.26216900 0.89828500
vt 0.33158200 0.91755600
vt 0.33158200 0.94880600
vt 0.33158200 0.91755600
vt 0.33158200 0.89828500
vt 0.33158200 0.86703500
vt 0.33158200 0.89828500
vt 0.30381700 0.94880600
vt 0.30381700 0.91755600
vt 0.30381700 0.91755600
vt 0.30381700 0.86703500
vt 0.30381700 0.89828500
vt 0.30381700 0.89828500
vt 0.26216900 0.94880600
vt 0.26216900 0.91755600
vt 0.26216900 0.91755600
vt 0.26216900 0.89828500
vt 0.26216900 0.89828500
vt 0.26216900 0.86703500
vt 0.26216900 0.91755600
vt 0.26216900 0.91755600
vt 0.26216900 0.94880600
vt 0.26216900 0.86703500
vt 0.26216900 0.89828500
vt 0.26216900 0.89828500
vt 0.26216900 0.83578500
vt 0.26216900 0.86703500
vt 0.26216900 0.83578500
vt 0.26216900 0.86703500
vt 0.26216900 0.91755600
vt 0.26216900 0.88630600
vt 0.26216900 0.91755600
vt 0.26216900 0.88630600
vt 0.30381700 0.86703500
vt 0.30381700 0.83578500
vt 0.33158200 0.83578500
vt 0.33158200 0.86703500
vt 0.33158200 0.88630600
vt 0.33158200 0.91755600
vt 0.30381700 0.91755600
vt 0.30381700 0.88630600
vt 0.26216900 0.80739100
vt 0.26216900 0.83864100
vt 0.26216900 0.83864100
vt 0.26216900 0.88916100
vt 0.26216900 0.85791100
vt 0.26216900 0.85791100
vt 0.26216900 0.83864100
vt 0.26216900 0.80739100
vt 0.26216900 0.83864100
vt 0.26216900 0.85791100
vt 0.26216900 0.88916100
vt 0.26216900 0.85791100
vt 0.30381700 0.83864100
vt 0.30381700 0.83864100
vt 0.30381700 0.80739100
vt 0.30381700 0.88916100
vt 0.30381700 0.85791100
vt 0.30381700 0.85791100
vt 0.33158200 0.83864100
vt 0.33158200 0.80739100
vt 0.33158200 0.83864100
vt 0.33158200 0.88916100
vt 0.33158200 0.85791100
vt 0.33158200 0.85791100
vt 0.26216900 0.80739100
vt 0.26216900 0.83864100
vt 0.26216900 0.80739100
vt 0.26216900 0.83864100
vt 0.26216900 0.85791100
vt 0.26216900 0.88916100
vt 0.26216900 0.85791100
vt 0.26216900 0.88916100
vt 0.30381700 0.80739100
vt 0.30381700 0.83864100
vt 0.33158200 0.83864100
vt 0.33158200 0.80739100
vt 0.33158200 0.88916100
vt 0.33158200 0.85791100
vt 0.30381700 0.85791100
vt 0.30381700 0.88916100
vt 0.26216900 0.86703500
vt 0.26216900 0.83578500
vt 0.26216900 0.86703500
vt 0.26216900 0.88630600
vt 0.26216900 0.91755600
vt 0.26216900 0.88630600
vt 0.26216900 0.86703500
vt 0.26216900 0.83578500
vt 0.26216900 0.86703500
vt 0.26216900 0.88630600
vt 0.26216900 0.88630600
vt 0.26216900 0.91755600
vt 0.30381700 0.86703500
vt 0.30381700 0.86703500
vt 0.30381700 0.83578500
vt 0.30381700 0.91755600
vt 0.30381700 0.88630600
vt 0.30381700 0.88630600
vt 0.33158200 0.86703500
vt 0.33158200 0.83578500
vt 0.33158200 0.86703500
vt 0.33158200 0.91755600
vt 0.33158200 0.88630600
vt 0.33158200 0.88630600
vt 0.26216900 0.83578500
vt 0.26216900 0.86703500
vt 0.26216900 0.86703500
vt 0.26216900 0.83578500
vt 0.26216900 0.88630600
vt 0.26216900 0.91755600
vt 0.26216900 0.88630600
vt 0.26216900 0.91755600
vt 0.30381700 0.83578500
vt 0.30381700 0.86703500
vt 0.33158200 0.86703500
vt 0.33158200 0.83578500
vt 0.33158200 0.88630600
vt 0.33158200 0.91755600
vt 0.30381700 0.88630600
vt 0.30381700 0.91755600
vt 0.26216900 0.89543000
vt 0.26216900 0.89543000
vt 0.26216900 0.86418000
vt 0.26216900 0.91470000
vt 0.26216900 0.94595000
vt 0.26216900 0.91470000
vt 0.26216900 0.89543000
vt 0.26216900 0.89543000
vt 0.26216900 0.86418000
vt 0.26216900 0.91470000
vt 0.26216900 0.91470000
vt 0.26216900 0.94595000
vt 0.30381700 0.86418000
vt 0.30381700 0.89543000
vt 0.30381700 0.89543000
vt 0.30381700 0.91470000
vt 0.30381700 0.94595000
vt 0.30381700 0.91470000
vt 0.30381700 0.89543000
vt 0.30381700 0.89543000
vt 0.30381700 0.86418000
vt 0.30381700 0.94595000
vt 0.30381700 0.91470000
vt 0.30381700 0.91470000
vt 0.30029400 0.91470000
vt 0.30029400 0.94595000
vt 0.30029400 0.91470000
vt 0.26569200 0.94595000
vt 0.26569200 0.91470000
vt 0.26569200 0.91470000
vt 0.26569200 0.91470000
vt 0.26569200 0.91470000
vt 0.26569200 0.94595000
vt 0.30029400 0.94595000
vt 0.30029400 0.91470000
vt 0.30029400 0.91470000
vt 0.26657600 0.90634100
vt 0.26657600 0.90634100
vt 0.26657600 0.93759100
vt 0.29940900 0.90634100
vt 0.29940900 0.93759100
vt 0.29940900 0.90634100
vt 0.29940900 0.90634100
vt 0.29940900 0.93759100
vt 0.29940900 0.90634100
vt 0.26657600 0.90634100
vt 0.26657600 0.93759100
vt 0.26657600 0.90634100
vt 0.38581000 0.59278100
vt 0.38581000 0.62465000
vt 0.39538900 0.62465000
vt 0.39538900 0.59278100
vt 0.38586100 0.59272100
vt 0.38586100 0.62459000
vt 0.39543900 0.62459000
vt 0.39543900 0.59272100
vt 0.38581000 0.64295200
vt 0.38581000 0.67482100
vt 0.39538900 0.67482100
vt 0.39538900 0.64295200
vt 0.38586100 0.64289200
vt 0.38586100 0.67476100
vt 0.39543900 0.67476100
vt 0.39543900 0.64289200
vt 0.26081000 0.67749800
vt 0.26081000 0.70936700
vt 0.27038900 0.70936700
vt 0.27038900 0.67749800
vt 0.26086100 0.67743800
vt 0.26086100 0.70930700
vt 0.27043900 0.70930700
vt 0.27043900 0.67743800
vt 0.38581000 0.70258400
vt 0.38581000 0.73445200
vt 0.39538900 0.73445200
vt 0.39538900 0.70258400
vt 0.38586100 0.70252400
vt 0.38586100 0.73439200
vt 0.39543900 0.73439200
vt 0.39543900 0.70252400
vt 0.26081000 0.60224200
vt 0.26081000 0.63411000
vt 0.27038900 0.63411000
vt 0.27038900 0.60224200
vt 0.26086100 0.60218200
vt 0.26086100 0.63405000
vt 0.27043900 0.63405000
vt 0.27043900 0.60218200
vt 0.27043900 0.61780700
vt 0.27043900 0.64967500
vt 0.26086100 0.64967500
vt 0.26086100 0.61780700
vt 0.27038900 0.61786700
vt 0.27038900 0.64973500
vt 0.26081000 0.64973500
vt 0.26081000 0.61786700
vt 0.26026200 0.40129000
vt 0.26026200 0.37004000
vt 0.26026200 0.40129000
vt 0.26026200 0.42180700
vt 0.26026200 0.45305700
vt 0.26026200 0.42180700
vt 0.26026200 0.42180700
vt 0.26026200 0.42180700
vt 0.26026200 0.45305700
vt 0.26026200 0.40129000
vt 0.26026200 0.37004000
vt 0.26026200 0.40129000
vt 0.56372800 0.86945000
vt 0.56372800 0.88507500
vt 0.56372800 0.90070000
vt 0.56372800 0.86945000
vt 0.55754900 0.86945000
vt 0.55754900 0.88507500
vt 0.55754900 0.90070000
vt 0.55754900 0.86945000
vt 0.55754900 0.92799100
vt 0.55754900 0.94361600
vt 0.55754900 0.92799100
vt 0.55754900 0.95924100
vt 0.56372800 0.94361600
vt 0.56372800 0.92799100
vt 0.56372800 0.92799100
vt 0.56372800 0.95924100
vt 0.28304900 0.39724100
vt 0.28304900 0.39724100
vt 0.28304900 0.36599100
vt 0.28304900 0.45592100
vt 0.28304900 0.45592100
vt 0.28304900 0.39724100
vt 0.28304900 0.39724100
vt 0.28304900 0.36599100
vt 0.32437500 0.45592100
vt 0.32437500 0.39724100
vt 0.32437500 0.39724100
vt 0.32437500 0.36599100
vt 0.32437500 0.45592100
vt 0.32437500 0.39724100
vt 0.32437500 0.39724100
vt 0.32437500 0.36599100
vt 0.34716000 0.42180700
vt 0.34716000 0.42180700
vt 0.34716000 0.45305700
vt 0.34716000 0.40129000
vt 0.34716000 0.40129000
vt 0.34716000 0.37004000
vt 0.34716000 0.42180700
vt 0.34716000 0.45305700
vt 0.34716000 0.42180700
vt 0.34716000 0.40129000
vt 0.34716000 0.37004000
vt 0.34716000 0.40129000
vt 0.29796400 0.32548900
vt 0.29796400 0.29423900
vt 0.28304900 0.30253200
vt 0.28304900 0.30253200
vt 0.28304900 0.33378200
vt 0.28304900 0.33378200
vt 0.28304900 0.33378200
vt 0.28304900 0.33378200
vt 0.28304900 0.30253200
vt 0.28304900 0.30253200
vt 0.29796400 0.29423900
vt 0.29796400 0.32548900
vt 0.32437500 0.33378200
vt 0.32437500 0.30253200
vt 0.32437500 0.33378200
vt 0.32437500 0.30253200
vt 0.30946000 0.29423900
vt 0.30946000 0.32548900
vt 0.32437500 0.33378200
vt 0.32437500 0.33378200
vt 0.32437500 0.30253200
vt 0.32437500 0.30253200
vt 0.30946000 0.29423900
vt 0.30946000 0.32548900
vt 0.54287000 0.87928700
vt 0.54287000 0.84803700
vt 0.54287000 0.84803700
vt 0.54287000 0.90216200
vt 0.54287000 0.90216200
vt 0.54287000 0.93341200
vt 0.61338000 0.90216200
vt 0.61338000 0.90216200
vt 0.61338000 0.93341200
vt 0.61338000 0.84803700
vt 0.61338000 0.84803700
vt 0.61338000 0.87928700
vt 0.54287000 0.79076300
vt 0.54287000 0.79076300
vt 0.54287000 0.79076300
vt 0.54287000 0.79076300
vt 0.61338000 0.79076300
vt 0.61338000 0.79076300
vt 0.61338000 0.79076300
vt 0.61338000 0.79076300
vt 0.59870000 0.88507500
vt 0.59870000 0.86945000
vt 0.59870000 0.90070000
vt 0.59870000 0.86945000
vt 0.59252100 0.90070000
vt 0.59252100 0.86945000
vt 0.59252100 0.86945000
vt 0.59252100 0.88507500
vt 0.59252100 0.95924100
vt 0.59252100 0.92799100
vt 0.59252100 0.94361600
vt 0.59252100 0.92799100
vt 0.59870000 0.94361600
vt 0.59870000 0.95924100
vt 0.59870000 0.92799100
vt 0.59870000 0.92799100
vt 0.55653900 0.86366200
vt 0.55653900 0.84803700
vt 0.55653900 0.84803700
vt 0.55653900 0.87928700
vt 0.56473900 0.84803700
vt 0.56473900 0.87928700
vt 0.56473900 0.84803700
vt 0.56473900 0.86366200
vt 0.59151000 0.87928700
vt 0.59151000 0.86366200
vt 0.59151000 0.84803700
vt 0.59151000 0.84803700
vt 0.59971100 0.84803700
vt 0.59971100 0.87928700
vt 0.59971100 0.84803700
vt 0.59971100 0.86366200
vt 0.59971100 0.90216200
vt 0.59971100 0.91778700
vt 0.59971100 0.90216200
vt 0.59971100 0.93341200
vt 0.59151000 0.93341200
vt 0.59151000 0.91778700
vt 0.59151000 0.90216200
vt 0.59151000 0.90216200
vt 0.56473900 0.91778700
vt 0.56473900 0.93341200
vt 0.56473900 0.90216200
vt 0.56473900 0.90216200
vt 0.55653900 0.90216200
vt 0.55653900 0.91778700
vt 0.55653900 0.93341200
vt 0.55653900 0.90216200
vt 0.55653900 0.79076800
vt 0.55653900 0.79076800
vt 0.56473900 0.79076800
vt 0.56473900 0.79076800
vt 0.59151000 0.79076800
vt 0.59151000 0.79076800
vt 0.59971100 0.79076800
vt 0.59971100 0.79076800
vt 0.59971100 0.79076800
vt 0.59971100 0.79076800
vt 0.59151000 0.79076800
vt 0.59151000 0.79076800
vt 0.56473900 0.79076800
vt 0.56473900 0.79076800
vt 0.55653900 0.79076800
vt 0.55653900 0.79076800
vt 0.59870000 0.79076800
vt 0.59870000 0.79076800
vt 0.59252100 0.79076800
vt 0.59252100 0.79076800
vt 0.56372800 0.79076800
vt 0.56372800 0.79076800
vt 0.55754900 0.79076800
vt 0.55754900 0.79076800
vt 0.55754900 0.79076800
vt 0.55754900 0.79076800
vt 0.56372800 0.79076800
vt 0.56372800 0.79076800
vt 0.59252100 0.79076800
vt 0.59252100 0.79076800
vt 0.59870000 0.79076800
vt 0.59870000 0.79076800
vt 0.32437500 0.37038600
vt 0.32437500 0.33913600
vt 0.32437500 0.37038600
vt 0.32437500 0.33913600
vt 0.32437500 0.39120300
vt 0.32437500 0.35995300
vt 0.32437500 0.39120300
vt 0.32437500 0.35995300
vt 0.31971500 0.33391900
vt 0.31971500 0.39641900
vt 0.31971500 0.39641900
vt 0.31971500 0.33391900
vt 0.28304900 0.35995300
vt 0.28304900 0.35995300
vt 0.28304900 0.39120300
vt 0.28304900 0.39120300
vt 0.28304900 0.37038600
vt 0.28304900 0.33913600
vt 0.28304900 0.33913600
vt 0.28304900 0.37038600
vt 0.28770700 0.39641900
vt 0.28770700 0.33391900
vt 0.28770700 0.39641900
vt 0.28770700 0.33391900
vt 0.28304900 0.33913600
vt 0.28304900 0.37038600
vt 0.28304900 0.33913600
vt 0.28304900 0.37038600
vt 0.28304900 0.35995300
vt 0.28304900 0.39120300
vt 0.28304900 0.39120300
vt 0.28304900 0.35995300
vt 0.28770700 0.33391900
vt 0.28770700 0.39641900
vt 0.28770700 0.39641900
vt 0.28770700 0.33391900
vt 0.32437500 0.39120300
vt 0.32437500 0.35995300
vt 0.32437500 0.39120300
vt 0.32437500 0.35995300
vt 0.32437500 0.37038600
vt 0.32437500 0.33913600
vt 0.32437500 0.37038600
vt 0.32437500 0.33913600
vt 0.31971500 0.33391900
vt 0.31971500 0.39641900
vt 0.31971500 0.39641900
vt 0.31971500 0.33391900
vt 0.29265900 0.46952000
vt 0.31798100 0.46952000
vt 0.31798100 0.46292100
vt 0.29265900 0.46292100
vt 0.64812600 0.57217900
vt 0.64812600 0.59755400
vt 0.64812600 0.59755400
vt 0.64812600 0.68527100
vt 0.64812600 0.64720900
vt 0.64812600 0.64720900
vt 0.64812600 0.59755400
vt 0.64812600 0.59755400
vt 0.64812600 0.57217900
vt 0.64812600 0.64720900
vt 0.64812600 0.68527100
vt 0.64812600 0.64720900
vt 0.71770800 0.59755400
vt 0.71770800 0.57217900
vt 0.71770800 0.59755400
vt 0.71770800 0.64720900
vt 0.71770800 0.68527100
vt 0.71770800 0.64720900
vt 0.71770800 0.57217900
vt 0.71770800 0.59755400
vt 0.71770800 0.59755400
vt 0.71770800 0.64720900
vt 0.71770800 0.64720900
vt 0.71770800 0.68527100
vt 0.69197800 0.69174500
vt 0.69197800 0.67921000
vt 0.71441800 0.69174500
vt 0.71441800 0.67921000
vt 0.67714600 0.32217900
vt 0.67714600 0.57217900
vt 0.67714600 0.34755400
vt 0.67714600 0.59755400
vt 0.68868800 0.32217900
vt 0.68868800 0.59755400
vt 0.68868800 0.34755400
vt 0.68868800 0.57217900
vt 0.68868800 0.64720900
vt 0.68868800 0.39720900
vt 0.68868800 0.68527100
vt 0.68868800 0.43527100
vt 0.67714600 0.68527100
vt 0.67714600 0.39720900
vt 0.67714600 0.64720900
vt 0.67714600 0.43527100
vt 0.68868800 0.34755400
vt 0.68868800 0.32217900
vt 0.68868800 0.57217900
vt 0.68868800 0.59755400
vt 0.67714600 0.32217900
vt 0.67714600 0.34755400
vt 0.67714600 0.59755400
vt 0.67714600 0.57217900
vt 0.67714600 0.39720900
vt 0.67714600 0.64720900
vt 0.67714600 0.43527100
vt 0.67714600 0.68527100
vt 0.68868800 0.68527100
vt 0.68868800 0.64720900
vt 0.68868800 0.39720900
vt 0.68868800 0.43527100
vt 0.69679200 0.72710400
vt 0.69679200 0.72710400
vt 0.66777100 0.72710400
vt 0.66777100 0.72710400
vt 0.65125000 0.56832100
vt 0.65125000 0.59369500
vt 0.65125000 0.59369500
vt 0.65125000 0.59369500
vt 0.65125000 0.56832100
vt 0.65125000 0.59369500
vt 0.71458700 0.59369500
vt 0.71458700 0.59369500
vt 0.71458700 0.56832100
vt 0.71458700 0.63889100
vt 0.71458700 0.67695300
vt 0.71458700 0.63889100
vt 0.71458700 0.56832100
vt 0.71458700 0.59369500
vt 0.71458700 0.59369500
vt 0.71458700 0.63889100
vt 0.71458700 0.63889100
vt 0.71458700 0.67695300
vt 0.65665100 0.70301500
vt 0.65884500 0.69340200
vt 0.67385900 0.70560500
vt 0.67605300 0.69599200
vt 0.68291800 0.68912700
vt 0.68291800 0.68912700
vt 0.65125000 0.63889100
vt 0.65125000 0.67695300
vt 0.65125000 0.53926600
vt 0.65125000 0.63889100
vt 0.65125000 0.63889100
vt 0.65125000 0.67695300
vt 0.65125000 0.63889100
vt 0.65125000 0.53926600
vt 0.68291800 0.53926600
vt 0.68291800 0.67695300
vt 0.68291800 0.63889100
vt 0.68291800 0.53926600
vt 0.68291800 0.63889100
vt 0.68291800 0.67695300
vt 0.64812600 0.57217900
vt 0.64812600 0.59755400
vt 0.64812600 0.59755400
vt 0.64812600 0.64720900
vt 0.64812600 0.68527100
vt 0.64812600 0.64720900
vt 0.64812600 0.57217900
vt 0.64812600 0.59755400
vt 0.64812600 0.59755400
vt 0.64812600 0.64720900
vt 0.64812600 0.64720900
vt 0.64812600 0.68527100
vt 0.71770800 0.57217900
vt 0.71770800 0.59755400
vt 0.71770800 0.59755400
vt 0.71770800 0.64720900
vt 0.71770800 0.68527100
vt 0.71770800 0.64720900
vt 0.71770800 0.59755400
vt 0.71770800 0.57217900
vt 0.71770800 0.59755400
vt 0.71770800 0.68527100
vt 0.71770800 0.64720900
vt 0.71770800 0.64720900
vt 0.69197800 0.69174500
vt 0.69197800 0.67921000
vt 0.71441800 0.69174500
vt 0.71441800 0.67921000
vt 0.67714600 0.34755400
vt 0.67714600 0.59755400
vt 0.67714600 0.57217900
vt 0.67714600 0.32217900
vt 0.68868800 0.32217900
vt 0.68868800 0.57217900
vt 0.68868800 0.34755400
vt 0.68868800 0.59755400
vt 0.68868800 0.68527100
vt 0.68868800 0.39720900
vt 0.68868800 0.43527100
vt 0.68868800 0.64720900
vt 0.67714600 0.68527100
vt 0.67714600 0.43527100
vt 0.67714600 0.64720900
vt 0.67714600 0.39720900
vt 0.68868800 0.57217900
vt 0.68868800 0.32217900
vt 0.68868800 0.59755400
vt 0.68868800 0.34755400
vt 0.67714600 0.57217900
vt 0.67714600 0.32217900
vt 0.67714600 0.34755400
vt 0.67714600 0.59755400
vt 0.67714600 0.64720900
vt 0.67714600 0.39720900
vt 0.67714600 0.68527100
vt 0.67714600 0.43527100
vt 0.68868800 0.43527100
vt 0.68868800 0.68527100
vt 0.68868800 0.39720900
vt 0.68868800 0.64720900
vt 0.69679200 0.72710400
vt 0.69679200 0.72710400
vt 0.66777100 0.72710400
vt 0.66777100 0.72710400
vt 0.65125000 0.59369500
vt 0.65125000 0.59369500
vt 0.65125000 0.56832100
vt 0.65125000 0.56832100
vt 0.65125000 0.59369500
vt 0.65125000 0.59369500
vt 0.71458700 0.59369500
vt 0.71458700 0.59369500
vt 0.71458700 0.56832100
vt 0.71458700 0.67695300
vt 0.71458700 0.63889100
vt 0.71458700 0.63889100
vt 0.71458700 0.59369500
vt 0.71458700 0.59369500
vt 0.71458700 0.56832100
vt 0.71458700 0.67695300
vt 0.71458700 0.63889100
vt 0.71458700 0.63889100
vt 0.65665100 0.70301500
vt 0.65884500 0.69340200
vt 0.67385900 0.70560500
vt 0.67605300 0.69599200
vt 0.68291800 0.68912700
vt 0.68291800 0.68912700
vt 0.65125000 0.67695300
vt 0.65125000 0.63889100
vt 0.65125000 0.63889100
vt 0.65125000 0.53926600
vt 0.65125000 0.63889100
vt 0.65125000 0.63889100
vt 0.65125000 0.53926600
vt 0.65125000 0.67695300
vt 0.68291800 0.53926600
vt 0.68291800 0.67695300
vt 0.68291800 0.63889100
vt 0.68291800 0.63889100
vt 0.68291800 0.53926600
vt 0.68291800 0.67695300
vt 0.17556500 0.87632200
vt 0.17556500 0.81378800
vt 0.17556500 0.83463300
vt 0.96506000 0.83463300
vt 0.96506000 0.87632200
vt 0.96506000 0.95255600
vt 0.17556500 0.89002200
vt 0.17556500 0.95255600
vt 0.96506000 0.83463300
vt 0.17556500 0.83463300
vt 0.17556500 0.87632200
vt 0.96506000 0.87632200
vt 0.96506000 0.83463300
vt 0.17556500 0.83463300
vt 0.17556500 0.87632200
vt 0.96506000 0.87632200
vt 0.17556500 0.83463300
vt 0.17556500 0.87632200
vt 0.96506000 0.87632200
vt 0.96506000 0.83463300
vt 0.96506000 0.95255600
vt 0.17556500 0.95255600
vt 0.17556500 0.95255600
vt 0.96506000 0.95255600
vt 0.17556500 0.95255600
vt 0.96506000 0.95255600
vt 0.17556500 0.81364400
vt 0.17556500 0.80281000
vt 0.17556500 0.78196500
vt 0.96506000 0.80281000
vt 0.17556500 0.80281000
vt 0.96506000 0.80281000
vt 0.17556500 0.80281000
vt 0.96506000 0.80281000
vt 0.96506000 0.80281000
vt 0.17556500 0.80281000
vt 0.17556500 0.78182000
vt 0.32393100 0.85291000
vt 0.32393100 0.82166000
vt 0.32393100 0.89751000
vt 0.32393100 0.86626000
vt 0.32393100 0.82166000
vt 0.32393100 0.85291000
vt 0.32393100 0.86626000
vt 0.32393100 0.89751000
vt 0.33048000 0.85291000
vt 0.33048000 0.82166000
vt 0.33048000 0.86626000
vt 0.33048000 0.89751000
vt 0.33048000 0.82166000
vt 0.33048000 0.85291000
vt 0.33048000 0.89751000
vt 0.33048000 0.86626000
vt 0.27890100 0.85291000
vt 0.27890100 0.82166000
vt 0.27890100 0.86626000
vt 0.27890100 0.89751000
vt 0.27890100 0.82166000
vt 0.27890100 0.85291000
vt 0.27890100 0.86626000
vt 0.27890100 0.89751000
vt 0.28545000 0.82166000
vt 0.28545000 0.85291000
vt 0.28545000 0.89751000
vt 0.28545000 0.86626000
vt 0.28545000 0.82166000
vt 0.28545000 0.85291000
vt 0.28545000 0.89751000
vt 0.28545000 0.86626000
vt 0.67318900 0.85988900
vt 0.67318900 0.82863900
vt 0.67318900 0.85988900
vt 0.66849000 0.85988900
vt 0.66849000 0.82863900
vt 0.66849000 0.88537500
vt 0.66849000 0.90100000
vt 0.67318900 0.88537500
vt 0.67318900 0.90100000
vt 0.67318900 0.88537500
vt 0.66849000 0.85988900
vt 0.66849000 0.82863900
vt 0.67318900 0.85988900
vt 0.67318900 0.82863900
vt 0.67318900 0.85988900
vt 0.67318900 0.90100000
vt 0.67318900 0.88537500
vt 0.67318900 0.88537500
vt 0.66849000 0.90100000
vt 0.66849000 0.88537500
vt 0.73776600 0.82863900
vt 0.73776600 0.85988900
vt 0.73306700 0.85988900
vt 0.73306700 0.82863900
vt 0.73306700 0.85988900
vt 0.73306700 0.90100000
vt 0.73306700 0.88537500
vt 0.73306700 0.88537500
vt 0.73776600 0.90100000
vt 0.73776600 0.88537500
vt 0.73306700 0.85988900
vt 0.73306700 0.82863900
vt 0.73776600 0.82863900
vt 0.73776600 0.85988900
vt 0.73776600 0.85988900
vt 0.73776600 0.90100000
vt 0.73776600 0.88537500
vt 0.73776600 0.88537500
vt 0.73306700 0.90100000
vt 0.73306700 0.88537500
vt 0.90940100 0.83760200
vt 0.90817000 0.80868700
vt 0.90940100 0.83760200
vt 0.90385900 0.88782200
vt 0.90385900 0.88782200
vt 0.90385900 0.88782200
vt 0.90385900 0.88782200
vt 0.90940100 0.83760200
vt 0.90940100 0.83760200
vt 0.90817000 0.80868700
vt 0.90385900 0.88782200
vt 0.90385900 0.88782200
vt 0.90385900 0.88782200
vt 0.90385900 0.88782200
vt 0.92799200 0.83760200
vt 0.92799200 0.83760200
vt 0.92676200 0.80868700
vt 0.93353300 0.88782200
vt 0.93353300 0.88782200
vt 0.93353300 0.88782200
vt 0.93353300 0.88782200
vt 0.92799200 0.83760200
vt 0.92799200 0.83760200
vt 0.92676200 0.80868700
vt 0.93353300 0.88782200
vt 0.93353300 0.88782200
vt 0.93353300 0.88782200
vt 0.93353300 0.88782200
vt 0.90385900 0.90309200
vt 0.90385900 0.90309200
vt 0.90385900 0.92893000
vt 0.90385900 0.92893000
vt 0.90385900 0.90309200
vt 0.90385900 0.90309200
vt 0.93353300 0.90309200
vt 0.93353300 0.90309200
vt 0.93353300 0.92893000
vt 0.93353300 0.92893000
vt 0.93353300 0.90309200
vt 0.93353300 0.90309200
vt 0.82774700 0.84883500
vt 0.82774700 0.84883500
vt 0.92850900 0.92893000
vt 0.80812100 0.84883500
vt 0.80812100 0.84883500
vt 0.90888400 0.92893000
vt 0.90888400 0.92893000
vt 0.80812100 0.84883500
vt 0.80812100 0.84883500
vt 0.92850900 0.92893000
vt 0.82774700 0.84883500
vt 0.82774700 0.84883500
vt 0.81793400 0.83138200
vt 0.81793400 0.83138200
vt 0.81793400 0.83138200
vt 0.81793400 0.83138200
vt 0.30876600 0.42532000
vt 0.32102700 0.31077700
vt 0.32816400 0.36478900
vt 0.33390900 0.31077700
vt 0.30967100 0.28270600
vt 0.29000600 0.28004800
vt 0.26560500 0.31077700
vt 0.29965700 0.31077700
vt 0.27142900 0.31077700
vt 0.28066300 0.36478900
vt 0.26363100 0.36478900
vt 0.34019000 0.36478900
vt 0.29980200 0.36478900
vt 0.30662400 0.36478900
vt 0.31986700 0.44744900
vt 0.26556700 0.39514900
vt 0.28356900 0.44744900
vt 0.30600200 0.44744900
vt 0.28066300 0.36478900
vt 0.32816400 0.36478900
vt 0.26363100 0.36478900
vt 0.29033600 0.31077700
vt 0.29720500 0.48198100
vt 0.29720500 0.48198100
vt 0.29720500 0.48198100
vt 0.29720500 0.48198100
vt 0.29421900 0.85155700
vt 0.78928900 0.82030700
vt 0.78928900 0.80468200
vt 0.78928900 0.85155700
vt 0.29421900 0.86718200
vt 0.80173200 0.85155700
vt 0.80173200 0.82030700
vt 0.80173200 0.80468200
vt 0.81610100 0.85155700
vt 0.81610100 0.82030700
vt 0.81610100 0.80468200
vt 0.33514800 0.85155700
vt 0.82854400 0.85155700
vt 0.82854400 0.80468200
vt 0.82854400 0.82030700
vt 0.33514800 0.86718200
vt 0.83572700 0.82030700
vt 0.83572700 0.85155700
vt 0.83572700 0.80468200
vt 0.83572700 0.82030700
vt 0.83572700 0.85155700
vt 0.83572700 0.80468200
vt 0.33514800 0.85155700
vt 0.82854400 0.82030700
vt 0.82854400 0.85155700
vt 0.33514800 0.86718200
vt 0.82854400 0.80468200
vt 0.81610100 0.82030700
vt 0.81610100 0.85155700
vt 0.81610100 0.80468200
vt 0.80173200 0.82030700
vt 0.80173200 0.85155700
vt 0.80173200 0.80468200
vt 0.29421900 0.85155700
vt 0.29421900 0.86718200
vt 0.78928900 0.82030700
vt 0.78928900 0.85155700
vt 0.78928900 0.80468200
vt 0.78210500 0.82030700
vt 0.78210500 0.85155700
vt 0.78210500 0.80468200
vt 0.78210500 0.85155700
vt 0.78210500 0.82030700
vt 0.78210500 0.80468200
vt 0.40514700 0.86684000
vt 0.40514700 0.83559000
vt 0.40514700 0.83559000
vt 0.43157100 0.92913600
vt 0.42189900 0.83559000
vt 0.42189900 0.86684000
vt 0.42189900 0.83559000
vt 0.44124200 0.83559000
vt 0.44124200 0.83559000
vt 0.44124200 0.86684000
vt 0.45799400 0.83559000
vt 0.45799400 0.86684000
vt 0.45799400 0.83559000
vt 0.46766600 0.83559000
vt 0.46766600 0.86684000
vt 0.46766600 0.83559000
vt 0.46766600 0.83559000
vt 0.46766600 0.86684000
vt 0.46766600 0.83559000
vt 0.45799400 0.83559000
vt 0.45799400 0.83559000
vt 0.45799400 0.86684000
vt 0.44124200 0.83559000
vt 0.44124200 0.83559000
vt 0.44124200 0.86684000
vt 0.42189900 0.86684000
vt 0.42189900 0.83559000
vt 0.42189900 0.83559000
vt 0.40514700 0.83559000
vt 0.40514700 0.86684000
vt 0.40514700 0.83559000
vt 0.39547600 0.83559000
vt 0.39547600 0.86684000
vt 0.39547600 0.83559000
vt 0.39547600 0.83559000
vt 0.39547600 0.86684000
vt 0.39547600 0.83559000
vt 0.42408000 0.79278300
vt 0.80173200 0.90269000
vt 0.78928900 0.90269000
vt 0.41110600 0.79278300
vt 0.81610100 0.90269000
vt 0.43906100 0.79278300
vt 0.82854400 0.90269000
vt 0.45203500 0.79278300
vt 0.45952500 0.79278300
vt 0.83572700 0.90269000
vt 0.45952500 0.79278300
vt 0.83572700 0.90269000
vt 0.82854400 0.90269000
vt 0.45203500 0.79278300
vt 0.43906100 0.79278300
vt 0.81610100 0.90269000
vt 0.42408000 0.79278300
vt 0.80173200 0.90269000
vt 0.41110600 0.79278300
vt 0.78928900 0.90269000
vt 0.78210500 0.90269000
vt 0.40361600 0.79278300
vt 0.78210500 0.90269000
vt 0.40361600 0.79278300
vt 0.40514700 0.79486500
vt 0.40514700 0.82611500
vt 0.42189900 0.79486500
vt 0.42189900 0.82611500
vt 0.44124200 0.82611500
vt 0.44124200 0.79486500
vt 0.45799400 0.79486500
vt 0.45799400 0.82611500
vt 0.46766600 0.79486500
vt 0.46766600 0.82611500
vt 0.46766600 0.79486500
vt 0.46766600 0.82611500
vt 0.45799400 0.79486500
vt 0.45799400 0.82611500
vt 0.44124200 0.82611500
vt 0.44124200 0.79486500
vt 0.42189900 0.82611500
vt 0.42189900 0.79486500
vt 0.40514700 0.82611500
vt 0.40514700 0.79486500
vt 0.39547600 0.79486500
vt 0.39547600 0.82611500
vt 0.39547600 0.79486500
vt 0.39547600 0.82611500
vt 0.29482800 0.85954200
vt 0.29482800 0.81266700
vt 0.29482800 0.84391700
vt 0.29482800 0.81266700
vt 0.29482800 0.85954200
vt 0.29482800 0.84391700
vt 0.33453900 0.85954200
vt 0.33453900 0.84391700
vt 0.33453900 0.81266700
vt 0.33453900 0.84391700
vt 0.33453900 0.85954200
vt 0.33453900 0.81266700
vt 0.33006200 0.81682900
vt 0.33006200 0.81682900
vt 0.33006200 0.81682900
vt 0.33006200 0.83245400
vt 0.33691000 0.83245400
vt 0.33691000 0.81682900
vt 0.33691000 0.81682900
vt 0.33691000 0.81682900
vt 0.32078900 0.85140100
vt 0.32078900 0.85140100
vt 0.32078900 0.85140100
vt 0.32078900 0.86702600
vt 0.32803000 0.85140100
vt 0.32803000 0.86702600
vt 0.32803000 0.85140100
vt 0.32803000 0.85140100
vt 0.29245700 0.81682900
vt 0.29245700 0.81682900
vt 0.29245700 0.83245400
vt 0.29245700 0.81682900
vt 0.29930500 0.81682900
vt 0.29930500 0.83245400
vt 0.29930500 0.81682900
vt 0.29930500 0.81682900
vt 0.30133800 0.85140100
vt 0.30133800 0.85140100
vt 0.30133800 0.86702600
vt 0.30133800 0.85140100
vt 0.30857900 0.86702600
vt 0.30857900 0.85140100
vt 0.30857900 0.85140100
vt 0.30857900 0.85140100
vt 0.33006200 0.81682900
vt 0.33006200 0.83245400
vt 0.33006200 0.81682900
vt 0.33006200 0.81682900
vt 0.33691000 0.81682900
vt 0.33691000 0.81682900
vt 0.33691000 0.81682900
vt 0.33691000 0.83245400
vt 0.32078900 0.85140100
vt 0.32078900 0.86702600
vt 0.32078900 0.85140100
vt 0.32078900 0.85140100
vt 0.32803000 0.85140100
vt 0.32803000 0.85140100
vt 0.32803000 0.86702600
vt 0.32803000 0.85140100
vt 0.29245700 0.83245400
vt 0.29245700 0.81682900
vt 0.29245700 0.81682900
vt 0.29245700 0.81682900
vt 0.29930500 0.81682900
vt 0.29930500 0.81682900
vt 0.29930500 0.83245400
vt 0.29930500 0.81682900
vt 0.30133800 0.85140100
vt 0.30133800 0.86702600
vt 0.30133800 0.85140100
vt 0.30133800 0.85140100
vt 0.30857900 0.85140100
vt 0.30857900 0.85140100
vt 0.30857900 0.86702600
vt 0.30857900 0.85140100
vt 0.43274100 0.81682900
vt 0.43274100 0.81682900
vt 0.43274100 0.84889400
vt 0.43274100 0.84889400
vt 0.43519100 0.81682900
vt 0.43519100 0.81682900
vt 0.43519100 0.84889400
vt 0.43519100 0.84889400
vt 0.43519100 0.81682900
vt 0.43519100 0.81682900
vt 0.43519100 0.84889400
vt 0.43519100 0.84889400
vt 0.43274100 0.81682900
vt 0.43274100 0.81682900
vt 0.43274100 0.84889400
vt 0.43274100 0.84889400
vt 0.43029100 0.81682900
vt 0.43029100 0.81682900
vt 0.43029100 0.84889400
vt 0.43029100 0.84889400
vt 0.43029100 0.81682900
vt 0.43029100 0.81682900
vt 0.43029100 0.84889400
vt 0.43029100 0.84889400
f 53/53/53 64/64/64 12/12/12
f 12/12/12 7/7/7 53/53/53
f 25/25/25 36/36/36 24/24/24
f 24/24/24 20/20/20 25/25/25
f 68/68/68 80/80/80 17/17/17
f 17/17/17 13/13/13 68/68/68
f 40/40/40 50/50/50 5/5/5
f 5/5/5 3/3/3 40/40/40
f 96/96/96 69/69/69 15/15/15
f 15/15/15 44/44/44 96/96/96
f 90/90/90 59/59/59 6/6/6
f 6/6/6 52/52/52 90/90/90
f 79/79/79 85/85/85 45/45/45
f 45/45/45 18/18/18 79/79/79
f 96/96/96 44/44/44 41/41/41
f 41/41/41 94/94/94 96/96/96
f 48/48/48 49/49/49 39/39/39
f 39/39/39 42/42/42 48/48/48
f 56/56/56 94/94/94 41/41/41
f 41/41/41 2/2/2 56/56/56
f 14/14/14 16/16/16 46/46/46
f 46/46/46 43/43/43 14/14/14
f 31/31/31 38/38/38 27/27/27
f 27/27/27 29/29/29 31/31/31
f 37/37/37 32/32/32 89/89/89
f 89/89/89 81/81/81 37/37/37
f 8/8/8 10/10/10 33/33/33
f 33/33/33 30/30/30 8/8/8
f 47/47/47 84/84/84 91/91/91
f 91/91/91 51/51/51 47/47/47
f 95/95/95 96/96/96 94/94/94
f 94/94/94 93/93/93 95/95/95
f 9/9/9 28/28/28 93/93/93
f 93/93/93 54/54/54 9/9/9
f 93/93/93 94/94/94 56/56/56
f 56/56/56 54/54/54 93/93/93
f 26/26/26 95/95/95 93/93/93
f 93/93/93 28/28/28 26/26/26
f 87/87/87 92/92/92 86/86/86
f 86/86/86 83/83/83 87/87/87
f 23/23/23 35/35/35 82/82/82
f 82/82/82 75/75/75 23/23/23
f 81/81/81 84/84/84 77/77/77
f 77/77/77 74/74/74 81/81/81
f 34/34/34 11/11/11 66/66/66
f 66/66/66 88/88/88 34/34/34
f 89/89/89 65/65/65 62/62/62
f 62/62/62 91/91/91 89/89/89
f 26/26/26 21/21/21 70/70/70
f 70/70/70 95/95/95 26/26/26
f 95/95/95 70/70/70 69/69/69
f 69/69/69 96/96/96 95/95/95
f 19/19/19 22/22/22 73/73/73
f 73/73/73 71/71/71 19/19/19
f 76/76/76 78/78/78 67/67/67
f 67/67/67 72/72/72 76/76/76
f 1/1/1 4/4/4 61/61/61
f 61/61/61 58/58/58 1/1/1
f 60/60/60 63/63/63 55/55/55
f 55/55/55 57/57/57 60/60/60
f 244/244/244 131/131/131 127/127/127
f 127/127/127 109/109/109 244/244/244
f 118/118/118 122/122/122 172/172/172
f 172/172/172 175/175/175 118/118/118
f 111/111/111 149/149/149 158/158/158
f 158/158/158 109/109/109 111/111/111
f 150/150/150 151/151/151 185/185/185
f 185/185/185 186/186/186 150/150/150
f 128/128/128 130/130/130 179/179/179
f 179/179/179 177/177/177 128/128/128
f 136/136/136 141/141/141 180/180/180
f 180/180/180 161/161/161 136/136/136
f 109/109/109 108/108/108 117/117/117
f 117/117/117 112/112/112 109/109/109
f 108/108/108 245/245/245 120/120/120
f 120/120/120 117/117/117 108/108/108
f 245/245/245 244/244/244 123/123/123
f 123/123/123 120/120/120 245/245/245
f 110/110/110 247/247/247 102/102/102
f 102/102/102 106/106/106 110/110/110
f 101/101/101 109/109/109 127/127/127
f 127/127/127 126/126/126 101/101/101
f 244/244/244 246/246/246 135/135/135
f 135/135/135 131/131/131 244/244/244
f 246/246/246 101/101/101 126/126/126
f 126/126/126 135/135/135 246/246/246
f 99/99/99 111/111/111 140/140/140
f 140/140/140 137/137/137 99/99/99
f 109/109/109 101/101/101 145/145/145
f 145/145/145 142/142/142 109/109/109
f 101/101/101 99/99/99 137/137/137
f 137/137/137 145/145/145 101/101/101
f 111/111/111 107/107/107 153/153/153
f 153/153/153 149/149/149 111/111/111
f 107/107/107 108/108/108 155/155/155
f 155/155/155 153/153/153 107/107/107
f 108/108/108 109/109/109 158/158/158
f 158/158/158 155/155/155 108/108/108
f 139/139/139 144/144/144 182/182/182
f 182/182/182 181/181/181 139/139/139
f 132/132/132 134/134/134 166/166/166
f 166/166/166 178/178/178 132/132/132
f 157/157/157 148/148/148 187/187/187
f 187/187/187 189/189/189 157/157/157
f 143/143/143 146/146/146 162/162/162
f 162/162/162 183/183/183 143/143/143
f 152/152/152 154/154/154 190/190/190
f 190/190/190 184/184/184 152/152/152
f 156/156/156 159/159/159 188/188/188
f 188/188/188 191/191/191 156/156/156
f 147/147/147 138/138/138 160/160/160
f 160/160/160 163/163/163 147/147/147
f 113/113/113 115/115/115 168/168/168
f 168/168/168 171/171/171 113/113/113
f 121/121/121 114/114/114 170/170/170
f 170/170/170 173/173/173 121/121/121
f 133/133/133 124/124/124 165/165/165
f 165/165/165 167/167/167 133/133/133
f 125/125/125 129/129/129 176/176/176
f 176/176/176 164/164/164 125/125/125
f 116/116/116 119/119/119 174/174/174
f 174/174/174 169/169/169 116/116/116
f 123/123/123 244/244/244 109/109/109
f 109/109/109 112/112/112 123/123/123
f 140/140/140 111/111/111 109/109/109
f 109/109/109 142/142/142 140/140/140
f 106/106/106 102/102/102 98/98/98
f 98/98/98 249/249/249 106/106/106
f 105/105/105 248/248/248 192/192/192
f 192/192/192 195/195/195 105/105/105
f 234/234/234 244/244/244 242/242/242
f 242/242/242 230/230/230 234/234/234
f 236/236/236 235/235/235 210/210/210
f 210/210/210 217/217/217 236/236/236
f 219/219/219 227/227/227 209/209/209
f 209/209/209 205/205/205 219/219/219
f 228/228/228 224/224/224 206/206/206
f 206/206/206 208/208/208 228/228/228
f 232/232/232 241/241/241 215/215/215
f 215/215/215 213/213/213 232/232/232
f 245/245/245 200/200/200 229/229/229
f 229/229/229 220/220/220 245/245/245
f 242/242/242 196/196/196 240/240/240
f 240/240/240 230/230/230 242/242/242
f 222/222/222 218/218/218 204/204/204
f 204/204/204 202/202/202 222/222/222
f 200/200/200 242/242/242 226/226/226
f 226/226/226 229/229/229 200/200/200
f 196/196/196 246/246/246 238/238/238
f 238/238/238 240/240/240 196/196/196
f 244/244/244 245/245/245 220/220/220
f 220/220/220 223/223/223 244/244/244
f 239/239/239 237/237/237 216/216/216
f 216/216/216 214/214/214 239/239/239
f 246/246/246 244/244/244 234/234/234
f 234/234/234 238/238/238 246/246/246
f 244/244/244 223/223/223 226/226/226
f 226/226/226 242/242/242 244/244/244
f 233/233/233 231/231/231 212/212/212
f 212/212/212 211/211/211 233/233/233
f 225/225/225 221/221/221 203/203/203
f 203/203/203 207/207/207 225/225/225
f 243/243/243 104/104/104 194/194/194
f 194/194/194 197/197/197 243/243/243
f 104/104/104 243/243/243 201/201/201
f 201/201/201 198/198/198 104/104/104
f 259/259/259 260/260/260 280/280/280
f 280/280/280 282/282/282 259/259/259
f 315/315/315 97/97/97 103/103/103
f 103/103/103 199/199/199 315/315/315
f 107/107/107 263/263/263 273/273/273
f 273/273/273 108/108/108 107/107/107
f 265/265/265 266/266/266 284/284/284
f 284/284/284 286/286/286 265/265/265
f 108/108/108 314/314/314 254/254/254
f 254/254/254 253/253/253 108/108/108
f 314/314/314 311/311/311 257/257/257
f 257/257/257 254/254/254 314/314/314
f 311/311/311 245/245/245 261/261/261
f 261/261/261 257/257/257 311/311/311
f 107/107/107 250/250/250 267/267/267
f 267/267/267 263/263/263 107/107/107
f 250/250/250 314/314/314 270/270/270
f 270/270/270 267/267/267 250/250/250
f 314/314/314 108/108/108 273/273/273
f 273/273/273 270/270/270 314/314/314
f 272/272/272 264/264/264 285/285/285
f 285/285/285 288/288/288 272/272/272
f 268/268/268 269/269/269 290/290/290
f 290/290/290 283/283/283 268/268/268
f 271/271/271 274/274/274 287/287/287
f 287/287/287 289/289/289 271/271/271
f 252/252/252 256/256/256 276/276/276
f 276/276/276 278/278/278 252/252/252
f 262/262/262 251/251/251 277/277/277
f 277/277/277 279/279/279 262/262/262
f 255/255/255 258/258/258 281/281/281
f 281/281/281 275/275/275 255/255/255
f 261/261/261 245/245/245 108/108/108
f 108/108/108 253/253/253 261/261/261
f 199/199/199 103/103/103 248/248/248
f 248/248/248 105/105/105 199/199/199
f 100/100/100 193/193/193 247/247/247
f 247/247/247 110/110/110 100/100/100
f 300/300/300 309/309/309 297/297/297
f 297/297/297 293/293/293 300/300/300
f 310/310/310 306/306/306 295/295/295
f 295/295/295 298/298/298 310/310/310
f 311/311/311 318/318/318 308/308/308
f 308/308/308 301/301/301 311/311/311
f 303/303/303 299/299/299 294/294/294
f 294/294/294 292/292/292 303/303/303
f 318/318/318 200/200/200 307/307/307
f 307/307/307 308/308/308 318/318/318
f 245/245/245 311/311/311 301/301/301
f 301/301/301 304/304/304 245/245/245
f 245/245/245 304/304/304 307/307/307
f 307/307/307 200/200/200 245/245/245
f 305/305/305 302/302/302 291/291/291
f 291/291/291 296/296/296 305/305/305
f 198/198/198 201/201/201 317/317/317
f 317/317/317 316/316/316 198/198/198
f 249/249/249 98/98/98 312/312/312
f 312/312/312 319/319/319 249/249/249
f 330/330/330 332/332/332 350/350/350
f 350/350/350 353/353/353 330/330/330
f 362/362/362 313/313/313 97/97/97
f 97/97/97 315/315/315 362/362/362
f 250/250/250 336/336/336 343/343/343
f 343/343/343 314/314/314 250/250/250
f 335/335/335 339/339/339 354/354/354
f 354/354/354 357/357/357 335/335/335
f 314/314/314 321/321/321 327/327/327
f 327/327/327 322/322/322 314/314/314
f 321/321/321 386/386/386 329/329/329
f 329/329/329 327/327/327 321/321/321
f 386/386/386 311/311/311 331/331/331
f 331/331/331 329/329/329 386/386/386
f 250/250/250 320/320/320 337/337/337
f 337/337/337 336/336/336 250/250/250
f 320/320/320 321/321/321 342/342/342
f 342/342/342 337/337/337 320/320/320
f 321/321/321 314/314/314 343/343/343
f 343/343/343 342/342/342 321/321/321
f 344/344/344 334/334/334 356/356/356
f 356/356/356 359/359/359 344/344/344
f 338/338/338 341/341/341 360/360/360
f 360/360/360 355/355/355 338/338/338
f 340/340/340 345/345/345 358/358/358
f 358/358/358 361/361/361 340/340/340
f 323/323/323 325/325/325 347/347/347
f 347/347/347 349/349/349 323/323/323
f 333/333/333 324/324/324 348/348/348
f 348/348/348 351/351/351 333/333/333
f 326/326/326 328/328/328 352/352/352
f 352/352/352 346/346/346 326/326/326
f 331/331/331 311/311/311 314/314/314
f 314/314/314 322/322/322 331/331/331
f 375/375/375 384/384/384 372/372/372
f 372/372/372 369/369/369 375/375/375
f 383/383/383 381/381/381 370/370/370
f 370/370/370 373/373/373 383/383/383
f 386/386/386 364/364/364 385/385/385
f 385/385/385 376/376/376 386/386/386
f 379/379/379 374/374/374 368/368/368
f 368/368/368 366/366/366 379/379/379
f 364/364/364 318/318/318 382/382/382
f 382/382/382 385/385/385 364/364/364
f 311/311/311 386/386/386 376/376/376
f 376/376/376 378/378/378 311/311/311
f 311/311/311 378/378/378 382/382/382
f 382/382/382 318/318/318 311/311/311
f 380/380/380 377/377/377 367/367/367
f 367/367/367 371/371/371 380/380/380
f 316/316/316 317/317/317 365/365/365
f 365/365/365 363/363/363 316/316/316
f 414/414/414 416/416/416 437/437/437
f 437/437/437 432/432/432 414/414/414
f 478/478/478 417/417/417 413/413/413
f 413/413/413 397/397/397 478/478/478
f 404/404/404 409/409/409 427/427/427
f 427/427/427 428/428/428 404/404/404
f 531/531/531 396/396/396 387/387/387
f 387/387/387 532/532/532 531/531/531
f 390/390/390 389/389/389 401/401/401
f 401/401/401 400/400/400 390/390/390
f 389/389/389 478/478/478 406/406/406
f 406/406/406 401/401/401 389/389/389
f 397/397/397 390/390/390 400/400/400
f 400/400/400 407/407/407 397/397/397
f 394/394/394 397/397/397 413/413/413
f 413/413/413 412/412/412 394/394/394
f 478/478/478 393/393/393 421/421/421
f 421/421/421 417/417/417 478/478/478
f 393/393/393 394/394/394 412/412/412
f 412/412/412 421/421/421 393/393/393
f 418/418/418 420/420/420 435/435/435
f 435/435/435 436/436/436 418/418/418
f 399/399/399 403/403/403 423/423/423
f 423/423/423 425/425/425 399/399/399
f 408/408/408 398/398/398 424/424/424
f 424/424/424 426/426/426 408/408/408
f 411/411/411 415/415/415 433/433/433
f 433/433/433 430/430/430 411/411/411
f 402/402/402 405/405/405 429/429/429
f 429/429/429 422/422/422 402/402/402
f 419/419/419 410/410/410 431/431/431
f 431/431/431 434/434/434 419/419/419
f 406/406/406 478/478/478 397/397/397
f 397/397/397 407/407/407 406/406/406
f 395/395/395 479/479/479 484/484/484
f 484/484/484 388/388/388 395/395/395
f 392/392/392 482/482/482 479/479/479
f 479/479/479 395/395/395 392/392/392
f 469/469/469 480/480/480 478/478/478
f 478/478/478 468/468/468 469/469/469
f 473/473/473 471/471/471 446/446/446
f 446/446/446 452/452/452 473/473/473
f 455/455/455 463/463/463 444/444/444
f 444/444/444 441/441/441 455/455/455
f 464/464/464 460/460/460 442/442/442
f 442/442/442 445/445/445 464/464/464
f 467/467/467 477/477/477 451/451/451
f 451/451/451 449/449/449 467/467/467
f 481/481/481 393/393/393 465/465/465
f 465/465/465 454/454/454 481/481/481
f 478/478/478 389/389/389 476/476/476
f 476/476/476 468/468/468 478/478/478
f 459/459/459 456/456/456 440/440/440
f 440/440/440 439/439/439 459/459/459
f 393/393/393 478/478/478 462/462/462
f 462/462/462 465/465/465 393/393/393
f 389/389/389 483/483/483 472/472/472
f 472/472/472 476/476/476 389/389/389
f 480/480/480 481/481/481 454/454/454
f 454/454/454 457/457/457 480/480/480
f 475/475/475 474/474/474 453/453/453
f 453/453/453 450/450/450 475/475/475
f 483/483/483 480/480/480 469/469/469
f 469/469/469 472/472/472 483/483/483
f 480/480/480 457/457/457 462/462/462
f 462/462/462 478/478/478 480/480/480
f 470/470/470 466/466/466 448/448/448
f 448/448/448 447/447/447 470/470/470
f 461/461/461 458/458/458 438/438/438
f 438/438/438 443/443/443 461/461/461
f 533/533/533 391/391/391 396/396/396
f 396/396/396 531/531/531 533/533/533
f 494/494/494 495/495/495 508/508/508
f 508/508/508 503/503/503 494/494/494
f 393/393/393 497/497/497 492/492/492
f 492/492/492 394/394/394 393/393/393
f 488/488/488 394/394/394 492/492/492
f 492/492/492 490/490/490 488/488/488
f 393/393/393 487/487/487 498/498/498
f 498/498/498 497/497/497 393/393/393
f 487/487/487 488/488/488 490/490/490
f 490/490/490 498/498/498 487/487/487
f 496/496/496 499/499/499 506/506/506
f 506/506/506 507/507/507 496/496/496
f 491/491/491 493/493/493 504/504/504
f 504/504/504 501/501/501 491/491/491
f 500/500/500 489/489/489 502/502/502
f 502/502/502 505/505/505 500/500/500
f 485/485/485 530/530/530 482/482/482
f 482/482/482 392/392/392 485/485/485
f 519/519/519 527/527/527 515/515/515
f 515/515/515 512/512/512 519/519/519
f 526/526/526 523/523/523 513/513/513
f 513/513/513 516/516/516 526/526/526
f 529/529/529 487/487/487 528/528/528
f 528/528/528 517/517/517 529/529/529
f 521/521/521 518/518/518 511/511/511
f 511/511/511 510/510/510 521/521/521
f 487/487/487 393/393/393 525/525/525
f 525/525/525 528/528/528 487/487/487
f 481/481/481 529/529/529 517/517/517
f 517/517/517 520/520/520 481/481/481
f 481/481/481 520/520/520 525/525/525
f 525/525/525 393/393/393 481/481/481
f 524/524/524 522/522/522 509/509/509
f 509/509/509 514/514/514 524/524/524
f 534/534/534 486/486/486 391/391/391
f 391/391/391 533/533/533 534/534/534
f 619/619/619 622/622/622 625/625/625
f 625/625/625 628/628/628 619/619/619
f 553/553/553 548/548/548 542/542/542
f 542/542/542 557/557/557 553/553/553
f 552/552/552 547/547/547 554/554/554
f 554/554/554 558/558/558 552/552/552
f 540/540/540 545/545/545 543/543/543
f 543/543/543 549/549/549 540/540/540
f 546/546/546 539/539/539 550/550/550
f 550/550/550 555/555/555 546/546/546
f 544/544/544 551/551/551 556/556/556
f 556/556/556 541/541/541 544/544/544
f 565/565/565 564/564/564 560/560/560
f 560/560/560 566/566/566 565/565/565
f 559/559/559 562/562/562 561/561/561
f 561/561/561 563/563/563 559/559/559
f 572/572/572 569/569/569 567/567/567
f 567/567/567 573/573/573 572/572/572
f 570/570/570 568/568/568 571/571/571
f 571/571/571 574/574/574 570/570/570
f 584/584/584 581/581/581 588/588/588
f 588/588/588 589/589/589 584/584/584
f 579/579/579 575/575/575 582/582/582
f 582/582/582 585/585/585 579/579/579
f 583/583/583 578/578/578 586/586/586
f 586/586/586 590/590/590 583/583/583
f 576/576/576 577/577/577 587/587/587
f 587/587/587 580/580/580 576/576/576
f 599/599/599 597/597/597 592/592/592
f 592/592/592 602/602/602 599/599/599
f 595/595/595 591/591/591 596/596/596
f 596/596/596 600/600/600 595/595/595
f 594/594/594 598/598/598 601/601/601
f 601/601/601 593/593/593 594/594/594
f 608/608/608 607/607/607 610/610/610
f 610/610/610 609/609/609 608/608/608
f 631/631/631 633/633/633 637/637/637
f 637/637/637 638/638/638 631/631/631
f 611/611/611 614/614/614 621/621/621
f 621/621/621 618/618/618 611/611/611
f 616/616/616 536/536/536 623/623/623
f 623/623/623 620/620/620 616/616/616
f 535/535/535 537/537/537 626/626/626
f 626/626/626 624/624/624 535/535/535
f 538/538/538 613/613/613 617/617/617
f 617/617/617 627/627/627 538/538/538
f 604/604/604 605/605/605 634/634/634
f 634/634/634 630/630/630 604/604/604
f 606/606/606 616/616/616 636/636/636
f 636/636/636 632/632/632 606/606/606
f 615/615/615 612/612/612 640/640/640
f 640/640/640 635/635/635 615/615/615
f 613/613/613 603/603/603 629/629/629
f 629/629/629 639/639/639 613/613/613
f 666/666/666 671/671/671 649/649/649
f 649/649/649 644/644/644 666/666/666
f 679/679/679 681/681/681 673/673/673
f 673/673/673 664/664/664 679/679/679
f 680/680/680 658/658/658 650/650/650
f 650/650/650 669/669/669 680/680/680
f 645/645/645 651/651/651 662/662/662
f 662/662/662 654/654/654 645/645/645
f 641/641/641 643/643/643 646/646/646
f 647/647/647 650/650/650 652/652/652
f 653/653/653 655/655/655 656/656/656
f 658/658/658 660/660/660 661/661/661
f 663/663/663 665/665/665 668/668/668
f 669/669/669 670/670/670 674/674/674
f 675/675/675 676/676/676 678/678/678
f 680/680/680 682/682/682 684/684/684
f 653/653/653 641/641/641 646/646/646
f 646/646/646 655/655/655 653/653/653
f 642/642/642 648/648/648 651/651/651
f 651/651/651 645/645/645 642/642/642
f 650/650/650 658/658/658 661/661/661
f 661/661/661 652/652/652 650/650/650
f 659/659/659 657/657/657 654/654/654
f 654/654/654 662/662/662 659/659/659
f 675/675/675 653/653/653 656/656/656
f 656/656/656 676/676/676 675/675/675
f 658/658/658 680/680/680 684/684/684
f 684/684/684 660/660/660 658/658/658
f 681/681/681 679/679/679 677/677/677
f 677/677/677 683/683/683 681/681/681
f 663/663/663 675/675/675 678/678/678
f 678/678/678 665/665/665 663/663/663
f 680/680/680 669/669/669 674/674/674
f 674/674/674 682/682/682 680/680/680
f 672/672/672 667/667/667 664/664/664
f 664/664/664 673/673/673 672/672/672
f 641/641/641 663/663/663 668/668/668
f 668/668/668 643/643/643 641/641/641
f 669/669/669 650/650/650 647/647/647
f 647/647/647 670/670/670 669/669/669
f 653/653/653 675/675/675 663/663/663
f 663/663/663 641/641/641 653/653/653
f 764/764/764 765/765/765 685/685/685
f 685/685/685 688/688/688 764/764/764
f 703/703/703 698/698/698 692/692/692
f 692/692/692 708/708/708 703/703/703
f 701/701/701 696/696/696 705/705/705
f 705/705/705 707/707/707 701/701/701
f 689/689/689 695/695/695 693/693/693
f 693/693/693 700/700/700 689/689/689
f 697/697/697 690/690/690 699/699/699
f 699/699/699 704/704/704 697/697/697
f 694/694/694 702/702/702 706/706/706
f 706/706/706 691/691/691 694/694/694
f 715/715/715 714/714/714 710/710/710
f 710/710/710 716/716/716 715/715/715
f 709/709/709 712/712/712 711/711/711
f 711/711/711 713/713/713 709/709/709
f 721/721/721 719/719/719 717/717/717
f 717/717/717 724/724/724 721/721/721
f 720/720/720 718/718/718 722/722/722
f 722/722/722 723/723/723 720/720/720
f 728/728/728 734/734/734 748/748/748
f 748/748/748 741/741/741 728/728/728
f 737/737/737 733/733/733 742/742/742
f 742/742/742 747/747/747 737/737/737
f 729/729/729 726/726/726 731/731/731
f 731/731/731 738/738/738 729/729/729
f 735/735/735 730/730/730 736/736/736
f 736/736/736 745/745/745 735/735/735
f 746/746/746 743/743/743 740/740/740
f 740/740/740 749/749/749 746/746/746
f 727/727/727 739/739/739 744/744/744
f 725/725/725 727/727/727 744/744/744
f 744/744/744 732/732/732 725/725/725
f 750/750/750 735/735/735 745/745/745
f 759/759/759 757/757/757 752/752/752
f 752/752/752 761/761/761 759/759/759
f 687/687/687 686/686/686 766/766/766
f 766/766/766 763/763/763 687/687/687
f 755/755/755 751/751/751 756/756/756
f 756/756/756 760/760/760 755/755/755
f 754/754/754 758/758/758 762/762/762
f 762/762/762 753/753/753 754/754/754
f 845/845/845 848/848/848 767/767/767
f 767/767/767 770/770/770 845/845/845
f 786/786/786 782/782/782 774/774/774
f 774/774/774 789/789/789 786/786/786
f 783/783/783 778/778/778 787/787/787
f 787/787/787 790/790/790 783/783/783
f 771/771/771 776/776/776 775/775/775
f 775/775/775 781/781/781 771/771/771
f 779/779/779 772/772/772 780/780/780
f 780/780/780 785/785/785 779/779/779
f 777/777/777 784/784/784 788/788/788
f 788/788/788 773/773/773 777/777/777
f 797/797/797 795/795/795 792/792/792
f 792/792/792 798/798/798 797/797/797
f 791/791/791 794/794/794 793/793/793
f 793/793/793 796/796/796 791/791/791
f 803/803/803 801/801/801 799/799/799
f 799/799/799 805/805/805 803/803/803
f 802/802/802 800/800/800 804/804/804
f 804/804/804 806/806/806 802/802/802
f 810/810/810 816/816/816 832/832/832
f 832/832/832 821/821/821 810/810/810
f 818/818/818 813/813/813 824/824/824
f 824/824/824 829/829/829 818/818/818
f 811/811/811 807/807/807 814/814/814
f 814/814/814 820/820/820 811/811/811
f 817/817/817 812/812/812 819/819/819
f 819/819/819 827/827/827 817/817/817
f 828/828/828 826/826/826 823/823/823
f 823/823/823 830/830/830 828/828/828
f 809/809/809 822/822/822 825/825/825
f 808/808/808 809/809/809 825/825/825
f 825/825/825 815/815/815 808/808/808
f 831/831/831 817/817/817 827/827/827
f 842/842/842 839/839/839 835/835/835
f 835/835/835 843/843/843 842/842/842
f 769/769/769 768/768/768 847/847/847
f 847/847/847 846/846/846 769/769/769
f 837/837/837 833/833/833 838/838/838
f 838/838/838 841/841/841 837/837/837
f 836/836/836 840/840/840 844/844/844
f 844/844/844 834/834/834 836/836/836
f 928/928/928 929/929/929 849/849/849
f 849/849/849 852/852/852 928/928/928
f 867/867/867 862/862/862 857/857/857
f 857/857/857 872/872/872 867/867/867
f 866/866/866 860/860/860 869/869/869
f 869/869/869 870/870/870 866/866/866
f 854/854/854 859/859/859 856/856/856
f 856/856/856 864/864/864 854/854/854
f 861/861/861 853/853/853 863/863/863
f 863/863/863 868/868/868 861/861/861
f 858/858/858 865/865/865 871/871/871
f 871/871/871 855/855/855 858/858/858
f 879/879/879 878/878/878 875/875/875
f 875/875/875 880/880/880 879/879/879
f 873/873/873 876/876/876 874/874/874
f 874/874/874 877/877/877 873/873/873
f 886/886/886 883/883/883 881/881/881
f 881/881/881 888/888/888 886/886/886
f 884/884/884 882/882/882 885/885/885
f 885/885/885 887/887/887 884/884/884
f 892/892/892 899/899/899 913/913/913
f 913/913/913 903/903/903 892/892/892
f 900/900/900 897/897/897 907/907/907
f 907/907/907 910/910/910 900/900/900
f 894/894/894 889/889/889 896/896/896
f 896/896/896 902/902/902 894/894/894
f 898/898/898 893/893/893 901/901/901
f 901/901/901 911/911/911 898/898/898
f 909/909/909 908/908/908 904/904/904
f 904/904/904 914/914/914 909/909/909
f 891/891/891 905/905/905 906/906/906
f 890/890/890 891/891/891 906/906/906
f 906/906/906 895/895/895 890/890/890
f 912/912/912 898/898/898 911/911/911
f 924/924/924 921/921/921 916/916/916
f 916/916/916 926/926/926 924/924/924
f 851/851/851 850/850/850 930/930/930
f 930/930/930 927/927/927 851/851/851
f 919/919/919 915/915/915 920/920/920
f 920/920/920 923/923/923 919/919/919
f 918/918/918 922/922/922 925/925/925
f 925/925/925 917/917/917 918/918/918
f 1009/1009/1009 1011/1011/1011 931/931/931
f 931/931/931 934/934/934 1009/1009/1009
f 951/951/951 945/945/945 937/937/937
f 937/937/937 954/954/954 951/951/951
f 948/948/948 942/942/942 949/949/949
f 949/949/949 952/952/952 948/948/948
f 935/935/935 941/941/941 939/939/939
f 939/939/939 946/946/946 935/935/935
f 943/943/943 936/936/936 944/944/944
f 944/944/944 950/950/950 943/943/943
f 940/940/940 947/947/947 953/953/953
f 953/953/953 938/938/938 940/940/940
f 961/961/961 960/960/960 957/957/957
f 957/957/957 962/962/962 961/961/961
f 955/955/955 958/958/958 956/956/956
f 956/956/956 959/959/959 955/955/955
f 968/968/968 965/965/965 963/963/963
f 963/963/963 970/970/970 968/968/968
f 966/966/966 964/964/964 967/967/967
f 967/967/967 969/969/969 966/966/966
f 973/973/973 980/980/980 994/994/994
f 994/994/994 985/985/985 973/973/973
f 984/984/984 979/979/979 988/988/988
f 988/988/988 993/993/993 984/984/984
f 976/976/976 972/972/972 978/978/978
f 978/978/978 982/982/982 976/976/976
f 981/981/981 975/975/975 983/983/983
f 983/983/983 991/991/991 981/981/981
f 992/992/992 989/989/989 986/986/986
f 986/986/986 996/996/996 992/992/992
f 974/974/974 987/987/987 990/990/990
f 971/971/971 974/974/974 990/990/990
f 990/990/990 977/977/977 971/971/971
f 995/995/995 981/981/981 991/991/991
f 1006/1006/1006 1003/1003/1003 998/998/998
f 998/998/998 1008/1008/1008 1006/1006/1006
f 933/933/933 932/932/932 1012/1012/1012
f 1012/1012/1012 1010/1010/1010 933/933/933
f 1001/1001/1001 997/997/997 1002/1002/1002
f 1002/1002/1002 1005/1005/1005 1001/1001/1001
f 1000/1000/1000 1004/1004/1004 1007/1007/1007
f 1007/1007/1007 999/999/999 1000/1000/1000
f 1092/1092/1092 1093/1093/1093 1013/1013/1013
f 1013/1013/1013 1016/1016/1016 1092/1092/1092
f 1031/1031/1031 1027/1027/1027 1021/1021/1021
f 1021/1021/1021 1034/1034/1034 1031/1031/1031
f 1030/1030/1030 1024/1024/1024 1032/1032/1032
f 1032/1032/1032 1036/1036/1036 1030/1030/1030
f 1018/1018/1018 1023/1023/1023 1020/1020/1020
f 1020/1020/1020 1028/1028/1028 1018/1018/1018
f 1025/1025/1025 1017/1017/1017 1026/1026/1026
f 1026/1026/1026 1033/1033/1033 1025/1025/1025
f 1022/1022/1022 1029/1029/1029 1035/1035/1035
f 1035/1035/1035 1019/1019/1019 1022/1022/1022
f 1043/1043/1043 1042/1042/1042 1039/1039/1039
f 1039/1039/1039 1044/1044/1044 1043/1043/1043
f 1037/1037/1037 1040/1040/1040 1038/1038/1038
f 1038/1038/1038 1041/1041/1041 1037/1037/1037
f 1049/1049/1049 1047/1047/1047 1045/1045/1045
f 1045/1045/1045 1051/1051/1051 1049/1049/1049
f 1048/1048/1048 1046/1046/1046 1050/1050/1050
f 1050/1050/1050 1052/1052/1052 1048/1048/1048
f 1056/1056/1056 1062/1062/1062 1078/1078/1078
f 1078/1078/1078 1067/1067/1067 1056/1056/1056
f 1066/1066/1066 1060/1060/1060 1070/1070/1070
f 1070/1070/1070 1073/1073/1073 1066/1066/1066
f 1058/1058/1058 1054/1054/1054 1059/1059/1059
f 1059/1059/1059 1064/1064/1064 1058/1058/1058
f 1063/1063/1063 1057/1057/1057 1065/1065/1065
f 1065/1065/1065 1074/1074/1074 1063/1063/1063
f 1075/1075/1075 1071/1071/1071 1068/1068/1068
f 1068/1068/1068 1076/1076/1076 1075/1075/1075
f 1055/1055/1055 1069/1069/1069 1072/1072/1072
f 1053/1053/1053 1055/1055/1055 1072/1072/1072
f 1072/1072/1072 1061/1061/1061 1053/1053/1053
f 1077/1077/1077 1063/1063/1063 1074/1074/1074
f 1088/1088/1088 1084/1084/1084 1080/1080/1080
f 1080/1080/1080 1089/1089/1089 1088/1088/1088
f 1015/1015/1015 1014/1014/1014 1094/1094/1094
f 1094/1094/1094 1091/1091/1091 1015/1015/1015
f 1083/1083/1083 1079/1079/1079 1085/1085/1085
f 1085/1085/1085 1087/1087/1087 1083/1083/1083
f 1082/1082/1082 1086/1086/1086 1090/1090/1090
f 1090/1090/1090 1081/1081/1081 1082/1082/1082
f 1174/1174/1174 1176/1176/1176 1095/1095/1095
f 1095/1095/1095 1098/1098/1098 1174/1174/1174
f 1114/1114/1114 1108/1108/1108 1101/1101/1101
f 1101/1101/1101 1117/1117/1117 1114/1114/1114
f 1111/1111/1111 1106/1106/1106 1115/1115/1115
f 1115/1115/1115 1118/1118/1118 1111/1111/1111
f 1100/1100/1100 1105/1105/1105 1102/1102/1102
f 1102/1102/1102 1110/1110/1110 1100/1100/1100
f 1107/1107/1107 1099/1099/1099 1109/1109/1109
f 1109/1109/1109 1113/1113/1113 1107/1107/1107
f 1104/1104/1104 1112/1112/1112 1116/1116/1116
f 1116/1116/1116 1103/1103/1103 1104/1104/1104
f 1125/1125/1125 1123/1123/1123 1120/1120/1120
f 1120/1120/1120 1126/1126/1126 1125/1125/1125
f 1119/1119/1119 1122/1122/1122 1121/1121/1121
f 1121/1121/1121 1124/1124/1124 1119/1119/1119
f 1132/1132/1132 1129/1129/1129 1127/1127/1127
f 1127/1127/1127 1134/1134/1134 1132/1132/1132
f 1130/1130/1130 1128/1128/1128 1131/1131/1131
f 1131/1131/1131 1133/1133/1133 1130/1130/1130
f 1138/1138/1138 1144/1144/1144 1159/1159/1159
f 1159/1159/1159 1150/1150/1150 1138/1138/1138
f 1146/1146/1146 1143/1143/1143 1153/1153/1153
f 1153/1153/1153 1156/1156/1156 1146/1146/1146
f 1140/1140/1140 1136/1136/1136 1142/1142/1142
f 1142/1142/1142 1148/1148/1148 1140/1140/1140
f 1145/1145/1145 1139/1139/1139 1147/1147/1147
f 1147/1147/1147 1155/1155/1155 1145/1145/1145
f 1157/1157/1157 1152/1152/1152 1149/1149/1149
f 1149/1149/1149 1158/1158/1158 1157/1157/1157
f 1137/1137/1137 1151/1151/1151 1154/1154/1154
f 1135/1135/1135 1137/1137/1137 1154/1154/1154
f 1154/1154/1154 1141/1141/1141 1135/1135/1135
f 1160/1160/1160 1145/1145/1145 1155/1155/1155
f 1170/1170/1170 1167/1167/1167 1163/1163/1163
f 1163/1163/1163 1171/1171/1171 1170/1170/1170
f 1097/1097/1097 1096/1096/1096 1175/1175/1175
f 1175/1175/1175 1173/1173/1173 1097/1097/1097
f 1165/1165/1165 1161/1161/1161 1166/1166/1166
f 1166/1166/1166 1169/1169/1169 1165/1165/1165
f 1164/1164/1164 1168/1168/1168 1172/1172/1172
f 1172/1172/1172 1162/1162/1162 1164/1164/1164
f 1256/1256/1256 1258/1258/1258 1177/1177/1177
f 1177/1177/1177 1180/1180/1180 1256/1256/1256
f 1197/1197/1197 1192/1192/1192 1184/1184/1184
f 1184/1184/1184 1198/1198/1198 1197/1197/1197
f 1193/1193/1193 1189/1189/1189 1195/1195/1195
f 1195/1195/1195 1200/1200/1200 1193/1193/1193
f 1181/1181/1181 1186/1186/1186 1185/1185/1185
f 1185/1185/1185 1191/1191/1191 1181/1181/1181
f 1188/1188/1188 1182/1182/1182 1190/1190/1190
f 1190/1190/1190 1196/1196/1196 1188/1188/1188
f 1187/1187/1187 1194/1194/1194 1199/1199/1199
f 1199/1199/1199 1183/1183/1183 1187/1187/1187
f 1207/1207/1207 1206/1206/1206 1202/1202/1202
f 1202/1202/1202 1208/1208/1208 1207/1207/1207
f 1201/1201/1201 1204/1204/1204 1203/1203/1203
f 1203/1203/1203 1205/1205/1205 1201/1201/1201
f 1214/1214/1214 1211/1211/1211 1209/1209/1209
f 1209/1209/1209 1215/1215/1215 1214/1214/1214
f 1212/1212/1212 1210/1210/1210 1213/1213/1213
f 1213/1213/1213 1216/1216/1216 1212/1212/1212
f 1220/1220/1220 1227/1227/1227 1242/1242/1242
f 1242/1242/1242 1231/1231/1231 1220/1220/1220
f 1229/1229/1229 1224/1224/1224 1234/1234/1234
f 1234/1234/1234 1237/1237/1237 1229/1229/1229
f 1221/1221/1221 1217/1217/1217 1225/1225/1225
f 1225/1225/1225 1228/1228/1228 1221/1221/1221
f 1226/1226/1226 1222/1222/1222 1230/1230/1230
f 1230/1230/1230 1239/1239/1239 1226/1226/1226
f 1238/1238/1238 1236/1236/1236 1233/1233/1233
f 1233/1233/1233 1241/1241/1241 1238/1238/1238
f 1219/1219/1219 1232/1232/1232 1235/1235/1235
f 1218/1218/1218 1219/1219/1219 1235/1235/1235
f 1235/1235/1235 1223/1223/1223 1218/1218/1218
f 1240/1240/1240 1226/1226/1226 1239/1239/1239
f 1252/1252/1252 1249/1249/1249 1245/1245/1245
f 1245/1245/1245 1253/1253/1253 1252/1252/1252
f 1179/1179/1179 1178/1178/1178 1257/1257/1257
f 1257/1257/1257 1255/1255/1255 1179/1179/1179
f 1247/1247/1247 1243/1243/1243 1248/1248/1248
f 1248/1248/1248 1251/1251/1251 1247/1247/1247
f 1246/1246/1246 1250/1250/1250 1254/1254/1254
f 1254/1254/1254 1244/1244/1244 1246/1246/1246
f 1338/1338/1338 1339/1339/1339 1259/1259/1259
f 1259/1259/1259 1262/1262/1262 1338/1338/1338
f 1279/1279/1279 1274/1274/1274 1265/1265/1265
f 1265/1265/1265 1281/1281/1281 1279/1279/1279
f 1276/1276/1276 1270/1270/1270 1277/1277/1277
f 1277/1277/1277 1282/1282/1282 1276/1276/1276
f 1263/1263/1263 1269/1269/1269 1267/1267/1267
f 1267/1267/1267 1273/1273/1273 1263/1263/1263
f 1271/1271/1271 1264/1264/1264 1272/1272/1272
f 1272/1272/1272 1278/1278/1278 1271/1271/1271
f 1268/1268/1268 1275/1275/1275 1280/1280/1280
f 1280/1280/1280 1266/1266/1266 1268/1268/1268
f 1289/1289/1289 1288/1288/1288 1284/1284/1284
f 1284/1284/1284 1290/1290/1290 1289/1289/1289
f 1283/1283/1283 1286/1286/1286 1285/1285/1285
f 1285/1285/1285 1287/1287/1287 1283/1283/1283
f 1295/1295/1295 1293/1293/1293 1291/1291/1291
f 1291/1291/1291 1298/1298/1298 1295/1295/1295
f 1294/1294/1294 1292/1292/1292 1296/1296/1296
f 1296/1296/1296 1297/1297/1297 1294/1294/1294
f 1301/1301/1301 1308/1308/1308 1323/1323/1323
f 1323/1323/1323 1315/1315/1315 1301/1301/1301
f 1311/1311/1311 1306/1306/1306 1316/1316/1316
f 1316/1316/1316 1319/1319/1319 1311/1311/1311
f 1304/1304/1304 1299/1299/1299 1307/1307/1307
f 1307/1307/1307 1310/1310/1310 1304/1304/1304
f 1309/1309/1309 1303/1303/1303 1312/1312/1312
f 1312/1312/1312 1320/1320/1320 1309/1309/1309
f 1321/1321/1321 1318/1318/1318 1313/1313/1313
f 1313/1313/1313 1324/1324/1324 1321/1321/1321
f 1302/1302/1302 1314/1314/1314 1317/1317/1317
f 1300/1300/1300 1302/1302/1302 1317/1317/1317
f 1317/1317/1317 1305/1305/1305 1300/1300/1300
f 1322/1322/1322 1309/1309/1309 1320/1320/1320
f 1334/1334/1334 1331/1331/1331 1326/1326/1326
f 1326/1326/1326 1336/1336/1336 1334/1334/1334
f 1261/1261/1261 1260/1260/1260 1340/1340/1340
f 1340/1340/1340 1337/1337/1337 1261/1261/1261
f 1329/1329/1329 1325/1325/1325 1330/1330/1330
f 1330/1330/1330 1333/1333/1333 1329/1329/1329
f 1328/1328/1328 1332/1332/1332 1335/1335/1335
f 1335/1335/1335 1327/1327/1327 1328/1328/1328
f 1420/1420/1420 1421/1421/1421 1341/1341/1341
f 1341/1341/1341 1344/1344/1344 1420/1420/1420
f 1360/1360/1360 1355/1355/1355 1348/1348/1348
f 1348/1348/1348 1364/1364/1364 1360/1360/1360
f 1358/1358/1358 1352/1352/1352 1359/1359/1359
f 1359/1359/1359 1363/1363/1363 1358/1358/1358
f 1346/1346/1346 1351/1351/1351 1347/1347/1347
f 1347/1347/1347 1354/1354/1354 1346/1346/1346
f 1353/1353/1353 1345/1345/1345 1356/1356/1356
f 1356/1356/1356 1361/1361/1361 1353/1353/1353
f 1350/1350/1350 1357/1357/1357 1362/1362/1362
f 1362/1362/1362 1349/1349/1349 1350/1350/1350
f 1371/1371/1371 1369/1369/1369 1366/1366/1366
f 1366/1366/1366 1372/1372/1372 1371/1371/1371
f 1365/1365/1365 1368/1368/1368 1367/1367/1367
f 1367/1367/1367 1370/1370/1370 1365/1365/1365
f 1377/1377/1377 1375/1375/1375 1373/1373/1373
f 1373/1373/1373 1380/1380/1380 1377/1377/1377
f 1376/1376/1376 1374/1374/1374 1378/1378/1378
f 1378/1378/1378 1379/1379/1379 1376/1376/1376
f 1384/1384/1384 1391/1391/1391 1405/1405/1405
f 1405/1405/1405 1397/1397/1397 1384/1384/1384
f 1393/1393/1393 1387/1387/1387 1398/1398/1398
f 1398/1398/1398 1401/1401/1401 1393/1393/1393
f 1386/1386/1386 1382/1382/1382 1388/1388/1388
f 1388/1388/1388 1392/1392/1392 1386/1386/1386
f 1390/1390/1390 1385/1385/1385 1394/1394/1394
f 1394/1394/1394 1402/1402/1402 1390/1390/1390
f 1403/1403/1403 1399/1399/1399 1395/1395/1395
f 1395/1395/1395 1406/1406/1406 1403/1403/1403
f 1383/1383/1383 1396/1396/1396 1400/1400/1400
f 1381/1381/1381 1383/1383/1383 1400/1400/1400
f 1400/1400/1400 1389/1389/1389 1381/1381/1381
f 1404/1404/1404 1390/1390/1390 1402/1402/1402
f 1415/1415/1415 1412/1412/1412 1409/1409/1409
f 1409/1409/1409 1417/1417/1417 1415/1415/1415
f 1343/1343/1343 1342/1342/1342 1422/1422/1422
f 1422/1422/1422 1419/1419/1419 1343/1343/1343
f 1411/1411/1411 1407/1407/1407 1413/1413/1413
f 1413/1413/1413 1416/1416/1416 1411/1411/1411
f 1410/1410/1410 1414/1414/1414 1418/1418/1418
f 1418/1418/1418 1408/1408/1408 1410/1410/1410
f 1502/1502/1502 1503/1503/1503 1423/1423/1423
f 1423/1423/1423 1426/1426/1426 1502/1502/1502
f 1441/1441/1441 1436/1436/1436 1429/1429/1429
f 1429/1429/1429 1445/1445/1445 1441/1441/1441
f 1439/1439/1439 1435/1435/1435 1443/1443/1443
f 1443/1443/1443 1446/1446/1446 1439/1439/1439
f 1427/1427/1427 1432/1432/1432 1431/1431/1431
f 1431/1431/1431 1438/1438/1438 1427/1427/1427
f 1434/1434/1434 1428/1428/1428 1437/1437/1437
f 1437/1437/1437 1442/1442/1442 1434/1434/1434
f 1433/1433/1433 1440/1440/1440 1444/1444/1444
f 1444/1444/1444 1430/1430/1430 1433/1433/1433
f 1453/1453/1453 1452/1452/1452 1449/1449/1449
f 1449/1449/1449 1454/1454/1454 1453/1453/1453
f 1447/1447/1447 1450/1450/1450 1448/1448/1448
f 1448/1448/1448 1451/1451/1451 1447/1447/1447
f 1460/1460/1460 1457/1457/1457 1455/1455/1455
f 1455/1455/1455 1462/1462/1462 1460/1460/1460
f 1458/1458/1458 1456/1456/1456 1459/1459/1459
f 1459/1459/1459 1461/1461/1461 1458/1458/1458
f 1465/1465/1465 1473/1473/1473 1488/1488/1488
f 1488/1488/1488 1477/1477/1477 1465/1465/1465
f 1476/1476/1476 1470/1470/1470 1481/1481/1481
f 1481/1481/1481 1483/1483/1483 1476/1476/1476
f 1468/1468/1468 1464/1464/1464 1471/1471/1471
f 1471/1471/1471 1474/1474/1474 1468/1468/1468
f 1472/1472/1472 1467/1467/1467 1475/1475/1475
f 1475/1475/1475 1484/1484/1484 1472/1472/1472
f 1485/1485/1485 1480/1480/1480 1478/1478/1478
f 1478/1478/1478 1486/1486/1486 1485/1485/1485
f 1466/1466/1466 1479/1479/1479 1482/1482/1482
f 1463/1463/1463 1466/1466/1466 1482/1482/1482
f 1482/1482/1482 1469/1469/1469 1463/1463/1463
f 1487/1487/1487 1472/1472/1472 1484/1484/1484
f 1498/1498/1498 1494/1494/1494 1491/1491/1491
f 1491/1491/1491 1499/1499/1499 1498/1498/1498
f 1425/1425/1425 1424/1424/1424 1504/1504/1504
f 1504/1504/1504 1501/1501/1501 1425/1425/1425
f 1493/1493/1493 1489/1489/1489 1495/1495/1495
f 1495/1495/1495 1497/1497/1497 1493/1493/1493
f 1492/1492/1492 1496/1496/1496 1500/1500/1500
f 1500/1500/1500 1490/1490/1490 1492/1492/1492
f 1584/1584/1584 1585/1585/1585 1505/1505/1505
f 1505/1505/1505 1508/1508/1508 1584/1584/1584
f 1524/1524/1524 1520/1520/1520 1511/1511/1511
f 1511/1511/1511 1527/1527/1527 1524/1524/1524
f 1521/1521/1521 1516/1516/1516 1523/1523/1523
f 1523/1523/1523 1526/1526/1526 1521/1521/1521
f 1509/1509/1509 1514/1514/1514 1513/1513/1513
f 1513/1513/1513 1519/1519/1519 1509/1509/1509
f 1517/1517/1517 1510/1510/1510 1518/1518/1518
f 1518/1518/1518 1525/1525/1525 1517/1517/1517
f 1515/1515/1515 1522/1522/1522 1528/1528/1528
f 1528/1528/1528 1512/1512/1512 1515/1515/1515
f 1535/1535/1535 1533/1533/1533 1531/1531/1531
f 1531/1531/1531 1536/1536/1536 1535/1535/1535
f 1529/1529/1529 1532/1532/1532 1530/1530/1530
f 1530/1530/1530 1534/1534/1534 1529/1529/1529
f 1541/1541/1541 1539/1539/1539 1537/1537/1537
f 1537/1537/1537 1543/1543/1543 1541/1541/1541
f 1540/1540/1540 1538/1538/1538 1542/1542/1542
f 1542/1542/1542 1544/1544/1544 1540/1540/1540
f 1548/1548/1548 1555/1555/1555 1569/1569/1569
f 1569/1569/1569 1561/1561/1561 1548/1548/1548
f 1558/1558/1558 1553/1553/1553 1563/1563/1563
f 1563/1563/1563 1566/1566/1566 1558/1558/1558
f 1549/1549/1549 1546/1546/1546 1551/1551/1551
f 1551/1551/1551 1556/1556/1556 1549/1549/1549
f 1554/1554/1554 1550/1550/1550 1557/1557/1557
f 1557/1557/1557 1565/1565/1565 1554/1554/1554
f 1567/1567/1567 1564/1564/1564 1559/1559/1559
f 1559/1559/1559 1570/1570/1570 1567/1567/1567
f 1547/1547/1547 1560/1560/1560 1562/1562/1562
f 1545/1545/1545 1547/1547/1547 1562/1562/1562
f 1562/1562/1562 1552/1552/1552 1545/1545/1545
f 1568/1568/1568 1554/1554/1554 1565/1565/1565
f 1580/1580/1580 1577/1577/1577 1573/1573/1573
f 1573/1573/1573 1581/1581/1581 1580/1580/1580
f 1507/1507/1507 1506/1506/1506 1586/1586/1586
f 1586/1586/1586 1583/1583/1583 1507/1507/1507
f 1575/1575/1575 1571/1571/1571 1576/1576/1576
f 1576/1576/1576 1579/1579/1579 1575/1575/1575
f 1574/1574/1574 1578/1578/1578 1582/1582/1582
f 1582/1582/1582 1572/1572/1572 1574/1574/1574
f 1665/1665/1665 1668/1668/1668 1587/1587/1587
f 1587/1587/1587 1590/1590/1590 1665/1665/1665
f 1605/1605/1605 1600/1600/1600 1595/1595/1595
f 1595/1595/1595 1608/1608/1608 1605/1605/1605
f 1603/1603/1603 1599/1599/1599 1607/1607/1607
f 1607/1607/1607 1609/1609/1609 1603/1603/1603
f 1592/1592/1592 1597/1597/1597 1593/1593/1593
f 1593/1593/1593 1602/1602/1602 1592/1592/1592
f 1598/1598/1598 1591/1591/1591 1601/1601/1601
f 1601/1601/1601 1606/1606/1606 1598/1598/1598
f 1596/1596/1596 1604/1604/1604 1610/1610/1610
f 1610/1610/1610 1594/1594/1594 1596/1596/1596
f 1617/1617/1617 1615/1615/1615 1613/1613/1613
f 1613/1613/1613 1618/1618/1618 1617/1617/1617
f 1611/1611/1611 1614/1614/1614 1612/1612/1612
f 1612/1612/1612 1616/1616/1616 1611/1611/1611
f 1623/1623/1623 1621/1621/1621 1619/1619/1619
f 1619/1619/1619 1625/1625/1625 1623/1623/1623
f 1622/1622/1622 1620/1620/1620 1624/1624/1624
f 1624/1624/1624 1626/1626/1626 1622/1622/1622
f 1630/1630/1630 1636/1636/1636 1651/1651/1651
f 1651/1651/1651 1641/1641/1641 1630/1630/1630
f 1638/1638/1638 1634/1634/1634 1646/1646/1646
f 1646/1646/1646 1649/1649/1649 1638/1638/1638
f 1632/1632/1632 1627/1627/1627 1635/1635/1635
f 1635/1635/1635 1640/1640/1640 1632/1632/1632
f 1637/1637/1637 1631/1631/1631 1639/1639/1639
f 1639/1639/1639 1647/1647/1647 1637/1637/1637
f 1648/1648/1648 1644/1644/1644 1642/1642/1642
f 1642/1642/1642 1652/1652/1652 1648/1648/1648
f 1629/1629/1629 1643/1643/1643 1645/1645/1645
f 1628/1628/1628 1629/1629/1629 1645/1645/1645
f 1645/1645/1645 1633/1633/1633 1628/1628/1628
f 1650/1650/1650 1637/1637/1637 1647/1647/1647
f 1662/1662/1662 1659/1659/1659 1655/1655/1655
f 1655/1655/1655 1663/1663/1663 1662/1662/1662
f 1589/1589/1589 1588/1588/1588 1667/1667/1667
f 1667/1667/1667 1666/1666/1666 1589/1589/1589
f 1657/1657/1657 1653/1653/1653 1658/1658/1658
f 1658/1658/1658 1661/1661/1661 1657/1657/1657
f 1656/1656/1656 1660/1660/1660 1664/1664/1664
f 1664/1664/1664 1654/1654/1654 1656/1656/1656
f 1747/1747/1747 1750/1750/1750 1669/1669/1669
f 1669/1669/1669 1672/1672/1672 1747/1747/1747
f 1688/1688/1688 1682/1682/1682 1677/1677/1677
f 1677/1677/1677 1691/1691/1691 1688/1688/1688
f 1686/1686/1686 1681/1681/1681 1687/1687/1687
f 1687/1687/1687 1690/1690/1690 1686/1686/1686
f 1673/1673/1673 1678/1678/1678 1676/1676/1676
f 1676/1676/1676 1684/1684/1684 1673/1673/1673
f 1680/1680/1680 1674/1674/1674 1683/1683/1683
f 1683/1683/1683 1689/1689/1689 1680/1680/1680
f 1679/1679/1679 1685/1685/1685 1692/1692/1692
f 1692/1692/1692 1675/1675/1675 1679/1679/1679
f 1699/1699/1699 1697/1697/1697 1695/1695/1695
f 1695/1695/1695 1700/1700/1700 1699/1699/1699
f 1693/1693/1693 1696/1696/1696 1694/1694/1694
f 1694/1694/1694 1698/1698/1698 1693/1693/1693
f 1706/1706/1706 1703/1703/1703 1701/1701/1701
f 1701/1701/1701 1707/1707/1707 1706/1706/1706
f 1704/1704/1704 1702/1702/1702 1705/1705/1705
f 1705/1705/1705 1708/1708/1708 1704/1704/1704
f 1712/1712/1712 1718/1718/1718 1733/1733/1733
f 1733/1733/1733 1724/1724/1724 1712/1712/1712
f 1722/1722/1722 1716/1716/1716 1726/1726/1726
f 1726/1726/1726 1731/1731/1731 1722/1722/1722
f 1713/1713/1713 1710/1710/1710 1715/1715/1715
f 1715/1715/1715 1721/1721/1721 1713/1713/1713
f 1719/1719/1719 1714/1714/1714 1720/1720/1720
f 1720/1720/1720 1730/1730/1730 1719/1719/1719
f 1729/1729/1729 1728/1728/1728 1723/1723/1723
f 1723/1723/1723 1732/1732/1732 1729/1729/1729
f 1711/1711/1711 1725/1725/1725 1727/1727/1727
f 1709/1709/1709 1711/1711/1711 1727/1727/1727
f 1727/1727/1727 1717/1717/1717 1709/1709/1709
f 1734/1734/1734 1719/1719/1719 1730/1730/1730
f 1743/1743/1743 1741/1741/1741 1736/1736/1736
f 1736/1736/1736 1745/1745/1745 1743/1743/1743
f 1671/1671/1671 1670/1670/1670 1749/1749/1749
f 1749/1749/1749 1748/1748/1748 1671/1671/1671
f 1739/1739/1739 1735/1735/1735 1740/1740/1740
f 1740/1740/1740 1744/1744/1744 1739/1739/1739
f 1738/1738/1738 1742/1742/1742 1746/1746/1746
f 1746/1746/1746 1737/1737/1737 1738/1738/1738
f 1830/1830/1830 1831/1831/1831 1751/1751/1751
f 1751/1751/1751 1754/1754/1754 1830/1830/1830
f 1771/1771/1771 1764/1764/1764 1757/1757/1757
f 1757/1757/1757 1772/1772/1772 1771/1771/1771
f 1768/1768/1768 1762/1762/1762 1770/1770/1770
f 1770/1770/1770 1774/1774/1774 1768/1768/1768
f 1755/1755/1755 1761/1761/1761 1759/1759/1759
f 1759/1759/1759 1765/1765/1765 1755/1755/1755
f 1763/1763/1763 1756/1756/1756 1766/1766/1766
f 1766/1766/1766 1769/1769/1769 1763/1763/1763
f 1760/1760/1760 1767/1767/1767 1773/1773/1773
f 1773/1773/1773 1758/1758/1758 1760/1760/1760
f 1781/1781/1781 1779/1779/1779 1776/1776/1776
f 1776/1776/1776 1782/1782/1782 1781/1781/1781
f 1775/1775/1775 1778/1778/1778 1777/1777/1777
f 1777/1777/1777 1780/1780/1780 1775/1775/1775
f 1788/1788/1788 1785/1785/1785 1783/1783/1783
f 1783/1783/1783 1790/1790/1790 1788/1788/1788
f 1786/1786/1786 1784/1784/1784 1787/1787/1787
f 1787/1787/1787 1789/1789/1789 1786/1786/1786
f 1793/1793/1793 1801/1801/1801 1816/1816/1816
f 1816/1816/1816 1806/1806/1806 1793/1793/1793
f 1803/1803/1803 1798/1798/1798 1809/1809/1809
f 1809/1809/1809 1813/1813/1813 1803/1803/1803
f 1796/1796/1796 1791/1791/1791 1797/1797/1797
f 1797/1797/1797 1804/1804/1804 1796/1796/1796
f 1800/1800/1800 1795/1795/1795 1802/1802/1802
f 1802/1802/1802 1812/1812/1812 1800/1800/1800
f 1811/1811/1811 1810/1810/1810 1805/1805/1805
f 1805/1805/1805 1814/1814/1814 1811/1811/1811
f 1794/1794/1794 1807/1807/1807 1808/1808/1808
f 1792/1792/1792 1794/1794/1794 1808/1808/1808
f 1808/1808/1808 1799/1799/1799 1792/1792/1792
f 1815/1815/1815 1800/1800/1800 1812/1812/1812
f 1825/1825/1825 1823/1823/1823 1819/1819/1819
f 1819/1819/1819 1828/1828/1828 1825/1825/1825
f 1753/1753/1753 1752/1752/1752 1832/1832/1832
f 1832/1832/1832 1829/1829/1829 1753/1753/1753
f 1821/1821/1821 1817/1817/1817 1822/1822/1822
f 1822/1822/1822 1826/1826/1826 1821/1821/1821
f 1820/1820/1820 1824/1824/1824 1827/1827/1827
f 1827/1827/1827 1818/1818/1818 1820/1820/1820
f 1911/1911/1911 1913/1913/1913 1833/1833/1833
f 1833/1833/1833 1836/1836/1836 1911/1911/1911
f 1851/1851/1851 1846/1846/1846 1841/1841/1841
f 1841/1841/1841 1854/1854/1854 1851/1851/1851
f 1850/1850/1850 1844/1844/1844 1852/1852/1852
f 1852/1852/1852 1856/1856/1856 1850/1850/1850
f 1838/1838/1838 1842/1842/1842 1839/1839/1839
f 1839/1839/1839 1847/1847/1847 1838/1838/1838
f 1845/1845/1845 1837/1837/1837 1848/1848/1848
f 1848/1848/1848 1853/1853/1853 1845/1845/1845
f 1843/1843/1843 1849/1849/1849 1855/1855/1855
f 1855/1855/1855 1840/1840/1840 1843/1843/1843
f 1863/1863/1863 1862/1862/1862 1859/1859/1859
f 1859/1859/1859 1864/1864/1864 1863/1863/1863
f 1857/1857/1857 1860/1860/1860 1858/1858/1858
f 1858/1858/1858 1861/1861/1861 1857/1857/1857
f 1869/1869/1869 1867/1867/1867 1865/1865/1865
f 1865/1865/1865 1872/1872/1872 1869/1869/1869
f 1868/1868/1868 1866/1866/1866 1870/1870/1870
f 1870/1870/1870 1871/1871/1871 1868/1868/1868
f 1875/1875/1875 1883/1883/1883 1897/1897/1897
f 1897/1897/1897 1887/1887/1887 1875/1875/1875
f 1884/1884/1884 1879/1879/1879 1890/1890/1890
f 1890/1890/1890 1893/1893/1893 1884/1884/1884
f 1877/1877/1877 1874/1874/1874 1880/1880/1880
f 1880/1880/1880 1885/1885/1885 1877/1877/1877
f 1882/1882/1882 1878/1878/1878 1886/1886/1886
f 1886/1886/1886 1895/1895/1895 1882/1882/1882
f 1894/1894/1894 1892/1892/1892 1889/1889/1889
f 1889/1889/1889 1898/1898/1898 1894/1894/1894
f 1876/1876/1876 1888/1888/1888 1891/1891/1891
f 1873/1873/1873 1876/1876/1876 1891/1891/1891
f 1891/1891/1891 1881/1881/1881 1873/1873/1873
f 1896/1896/1896 1882/1882/1882 1895/1895/1895
f 1908/1908/1908 1904/1904/1904 1900/1900/1900
f 1900/1900/1900 1910/1910/1910 1908/1908/1908
f 1835/1835/1835 1834/1834/1834 1914/1914/1914
f 1914/1914/1914 1912/1912/1912 1835/1835/1835
f 1903/1903/1903 1899/1899/1899 1905/1905/1905
f 1905/1905/1905 1907/1907/1907 1903/1903/1903
f 1902/1902/1902 1906/1906/1906 1909/1909/1909
f 1909/1909/1909 1901/1901/1901 1902/1902/1902
f 1993/1993/1993 1996/1996/1996 1915/1915/1915
f 1915/1915/1915 1918/1918/1918 1993/1993/1993
f 1935/1935/1935 1929/1929/1929 1921/1921/1921
f 1921/1921/1921 1937/1937/1937 1935/1935/1935
f 1931/1931/1931 1926/1926/1926 1934/1934/1934
f 1934/1934/1934 1938/1938/1938 1931/1931/1931
f 1920/1920/1920 1925/1925/1925 1922/1922/1922
f 1922/1922/1922 1930/1930/1930 1920/1920/1920
f 1927/1927/1927 1919/1919/1919 1928/1928/1928
f 1928/1928/1928 1933/1933/1933 1927/1927/1927
f 1924/1924/1924 1932/1932/1932 1936/1936/1936
f 1936/1936/1936 1923/1923/1923 1924/1924/1924
f 1945/1945/1945 1943/1943/1943 1941/1941/1941
f 1941/1941/1941 1946/1946/1946 1945/1945/1945
f 1939/1939/1939 1942/1942/1942 1940/1940/1940
f 1940/1940/1940 1944/1944/1944 1939/1939/1939
f 1951/1951/1951 1949/1949/1949 1947/1947/1947
f 1947/1947/1947 1954/1954/1954 1951/1951/1951
f 1950/1950/1950 1948/1948/1948 1952/1952/1952
f 1952/1952/1952 1953/1953/1953 1950/1950/1950
f 1957/1957/1957 1964/1964/1964 1980/1980/1980
f 1980/1980/1980 1971/1971/1971 1957/1957/1957
f 1967/1967/1967 1963/1963/1963 1974/1974/1974
f 1974/1974/1974 1976/1976/1976 1967/1967/1967
f 1960/1960/1960 1956/1956/1956 1962/1962/1962
f 1962/1962/1962 1966/1966/1966 1960/1960/1960
f 1965/1965/1965 1959/1959/1959 1968/1968/1968
f 1968/1968/1968 1977/1977/1977 1965/1965/1965
f 1975/1975/1975 1972/1972/1972 1970/1970/1970
f 1970/1970/1970 1979/1979/1979 1975/1975/1975
f 1958/1958/1958 1969/1969/1969 1973/1973/1973
f 1955/1955/1955 1958/1958/1958 1973/1973/1973
f 1973/1973/1973 1961/1961/1961 1955/1955/1955
f 1978/1978/1978 1965/1965/1965 1977/1977/1977
f 1990/1990/1990 1987/1987/1987 1983/1983/1983
f 1983/1983/1983 1991/1991/1991 1990/1990/1990
f 1917/1917/1917 1916/1916/1916 1995/1995/1995
f 1995/1995/1995 1994/1994/1994 1917/1917/1917
f 1985/1985/1985 1981/1981/1981 1986/1986/1986
f 1986/1986/1986 1989/1989/1989 1985/1985/1985
f 1984/1984/1984 1988/1988/1988 1992/1992/1992
f 1992/1992/1992 1982/1982/1982 1984/1984/1984
f 2076/2076/2076 2078/2078/2078 1997/1997/1997
f 1997/1997/1997 2000/2000/2000 2076/2076/2076
f 2017/2017/2017 2011/2011/2011 2003/2003/2003
f 2003/2003/2003 2020/2020/2020 2017/2017/2017
f 2014/2014/2014 2009/2009/2009 2016/2016/2016
f 2016/2016/2016 2018/2018/2018 2014/2014/2014
f 2001/2001/2001 2007/2007/2007 2005/2005/2005
f 2005/2005/2005 2010/2010/2010 2001/2001/2001
f 2008/2008/2008 2002/2002/2002 2012/2012/2012
f 2012/2012/2012 2015/2015/2015 2008/2008/2008
f 2006/2006/2006 2013/2013/2013 2019/2019/2019
f 2019/2019/2019 2004/2004/2004 2006/2006/2006
f 2027/2027/2027 2026/2026/2026 2023/2023/2023
f 2023/2023/2023 2028/2028/2028 2027/2027/2027
f 2021/2021/2021 2024/2024/2024 2022/2022/2022
f 2022/2022/2022 2025/2025/2025 2021/2021/2021
f 2033/2033/2033 2031/2031/2031 2029/2029/2029
f 2029/2029/2029 2036/2036/2036 2033/2033/2033
f 2032/2032/2032 2030/2030/2030 2034/2034/2034
f 2034/2034/2034 2035/2035/2035 2032/2032/2032
f 2039/2039/2039 2047/2047/2047 2062/2062/2062
f 2062/2062/2062 2051/2051/2051 2039/2039/2039
f 2048/2048/2048 2044/2044/2044 2055/2055/2055
f 2055/2055/2055 2057/2057/2057 2048/2048/2048
f 2041/2041/2041 2038/2038/2038 2045/2045/2045
f 2045/2045/2045 2050/2050/2050 2041/2041/2041
f 2046/2046/2046 2042/2042/2042 2049/2049/2049
f 2049/2049/2049 2059/2059/2059 2046/2046/2046
f 2058/2058/2058 2054/2054/2054 2053/2053/2053
f 2053/2053/2053 2061/2061/2061 2058/2058/2058
f 2040/2040/2040 2052/2052/2052 2056/2056/2056
f 2037/2037/2037 2040/2040/2040 2056/2056/2056
f 2056/2056/2056 2043/2043/2043 2037/2037/2037
f 2060/2060/2060 2046/2046/2046 2059/2059/2059
f 2071/2071/2071 2069/2069/2069 2065/2065/2065
f 2065/2065/2065 2074/2074/2074 2071/2071/2071
f 1999/1999/1999 1998/1998/1998 2077/2077/2077
f 2077/2077/2077 2075/2075/2075 1999/1999/1999
f 2067/2067/2067 2063/2063/2063 2068/2068/2068
f 2068/2068/2068 2072/2072/2072 2067/2067/2067
f 2066/2066/2066 2070/2070/2070 2073/2073/2073
f 2073/2073/2073 2064/2064/2064 2066/2066/2066
f 2080/2080/2080 2084/2084/2084 2089/2089/2089
f 2089/2089/2089 2085/2085/2085 2080/2080/2080
f 2087/2087/2087 2088/2088/2088 2102/2102/2102
f 2102/2102/2102 2097/2097/2097 2087/2087/2087
f 2098/2098/2098 2100/2100/2100 2095/2095/2095
f 2095/2095/2095 2092/2092/2092 2098/2098/2098
f 2093/2093/2093 2094/2094/2094 2082/2082/2082
f 2082/2082/2082 2079/2079/2079 2093/2093/2093
f 2086/2086/2086 2099/2099/2099 2091/2091/2091
f 2091/2091/2091 2081/2081/2081 2086/2086/2086
f 2108/2108/2108 2110/2110/2110 2125/2125/2125
f 2125/2125/2125 2115/2115/2115 2108/2108/2108
f 2101/2101/2101 2090/2090/2090 2106/2106/2106
f 2106/2106/2106 2105/2105/2105 2101/2101/2101
f 2090/2090/2090 2083/2083/2083 2109/2109/2109
f 2109/2109/2109 2106/2106/2106 2090/2090/2090
f 2083/2083/2083 2096/2096/2096 2113/2113/2113
f 2113/2113/2113 2109/2109/2109 2083/2083/2083
f 2096/2096/2096 2101/2101/2101 2105/2105/2105
f 2105/2105/2105 2113/2113/2113 2096/2096/2096
f 2120/2120/2120 2117/2117/2117 2124/2124/2124
f 2124/2124/2124 2123/2123/2123 2120/2120/2120
f 2104/2104/2104 2107/2107/2107 2116/2116/2116
f 2116/2116/2116 2119/2119/2119 2104/2104/2104
f 2111/2111/2111 2112/2112/2112 2122/2122/2122
f 2122/2122/2122 2126/2126/2126 2111/2111/2111
f 2114/2114/2114 2103/2103/2103 2118/2118/2118
f 2118/2118/2118 2121/2121/2121 2114/2114/2114
f 2152/2152/2152 2158/2158/2158 2136/2136/2136
f 2136/2136/2136 2134/2134/2134 2152/2152/2152
f 2135/2135/2135 2137/2137/2137 2148/2148/2148
f 2148/2148/2148 2145/2145/2145 2135/2135/2135
f 2159/2159/2159 2166/2166/2166 2142/2142/2142
f 2142/2142/2142 2141/2141/2141 2159/2159/2159
f 2140/2140/2140 2143/2143/2143 2132/2132/2132
f 2132/2132/2132 2129/2129/2129 2140/2140/2140
f 2154/2154/2154 2160/2160/2160 2139/2139/2139
f 2139/2139/2139 2128/2128/2128 2154/2154/2154
f 2165/2165/2165 2156/2156/2156 2131/2131/2131
f 2131/2131/2131 2144/2144/2144 2165/2165/2165
f 2150/2150/2150 2138/2138/2138 2157/2157/2157
f 2157/2157/2157 2163/2163/2163 2150/2150/2150
f 2133/2133/2133 2147/2147/2147 2162/2162/2162
f 2162/2162/2162 2151/2151/2151 2133/2133/2133
f 2146/2146/2146 2149/2149/2149 2164/2164/2164
f 2164/2164/2164 2161/2161/2161 2146/2146/2146
f 2127/2127/2127 2130/2130/2130 2155/2155/2155
f 2155/2155/2155 2153/2153/2153 2127/2127/2127
f 2232/2232/2232 2238/2238/2238 2177/2177/2177
f 2177/2177/2177 2174/2174/2174 2232/2232/2232
f 2173/2173/2173 2178/2178/2178 2189/2189/2189
f 2189/2189/2189 2186/2186/2186 2173/2173/2173
f 2239/2239/2239 2246/2246/2246 2183/2183/2183
f 2183/2183/2183 2179/2179/2179 2239/2239/2239
f 2180/2180/2180 2184/2184/2184 2171/2171/2171
f 2171/2171/2171 2169/2169/2169 2180/2180/2180
f 2233/2233/2233 2240/2240/2240 2181/2181/2181
f 2181/2181/2181 2168/2168/2168 2233/2233/2233
f 2245/2245/2245 2235/2235/2235 2172/2172/2172
f 2172/2172/2172 2182/2182/2182 2245/2245/2245
f 2210/2210/2210 2209/2209/2209 2194/2194/2194
f 2194/2194/2194 2196/2196/2196 2210/2210/2210
f 2208/2208/2208 2219/2219/2219 2199/2199/2199
f 2199/2199/2199 2193/2193/2193 2208/2208/2208
f 2197/2197/2197 2192/2192/2192 2215/2215/2215
f 2215/2215/2215 2217/2217/2217 2197/2197/2197
f 2224/2224/2224 2211/2211/2211 2195/2195/2195
f 2195/2195/2195 2205/2205/2205 2224/2224/2224
f 2230/2230/2230 2225/2225/2225 2202/2202/2202
f 2202/2202/2202 2204/2204/2204 2230/2230/2230
f 2191/2191/2191 2201/2201/2201 2227/2227/2227
f 2227/2227/2227 2213/2213/2213 2191/2191/2191
f 2206/2206/2206 2200/2200/2200 2220/2220/2220
f 2220/2220/2220 2223/2223/2223 2206/2206/2206
f 2203/2203/2203 2198/2198/2198 2216/2216/2216
f 2216/2216/2216 2228/2228/2228 2203/2203/2203
f 2222/2222/2222 2221/2221/2221 2207/2207/2207
f 2207/2207/2207 2212/2212/2212 2222/2222/2222
f 2218/2218/2218 2214/2214/2214 2226/2226/2226
f 2226/2226/2226 2229/2229/2229 2218/2218/2218
f 2188/2188/2188 2176/2176/2176 2237/2237/2237
f 2237/2237/2237 2244/2244/2244 2188/2188/2188
f 2175/2175/2175 2187/2187/2187 2241/2241/2241
f 2241/2241/2241 2231/2231/2231 2175/2175/2175
f 2185/2185/2185 2190/2190/2190 2243/2243/2243
f 2243/2243/2243 2242/2242/2242 2185/2185/2185
f 2167/2167/2167 2170/2170/2170 2236/2236/2236
f 2236/2236/2236 2234/2234/2234 2167/2167/2167
f 2272/2272/2272 2277/2277/2277 2256/2256/2256
f 2256/2256/2256 2253/2253/2253 2272/2272/2272
f 2255/2255/2255 2258/2258/2258 2269/2269/2269
f 2269/2269/2269 2267/2267/2267 2255/2255/2255
f 2280/2280/2280 2285/2285/2285 2264/2264/2264
f 2264/2264/2264 2260/2260/2260 2280/2280/2280
f 2259/2259/2259 2263/2263/2263 2252/2252/2252
f 2252/2252/2252 2249/2249/2249 2259/2259/2259
f 2273/2273/2273 2279/2279/2279 2261/2261/2261
f 2261/2261/2261 2247/2247/2247 2273/2273/2273
f 2286/2286/2286 2276/2276/2276 2250/2250/2250
f 2250/2250/2250 2262/2262/2262 2286/2286/2286
f 2268/2268/2268 2257/2257/2257 2278/2278/2278
f 2278/2278/2278 2283/2283/2283 2268/2268/2268
f 2254/2254/2254 2266/2266/2266 2282/2282/2282
f 2282/2282/2282 2271/2271/2271 2254/2254/2254
f 2265/2265/2265 2270/2270/2270 2284/2284/2284
f 2284/2284/2284 2281/2281/2281 2265/2265/2265
f 2248/2248/2248 2251/2251/2251 2275/2275/2275
f 2275/2275/2275 2274/2274/2274 2248/2248/2248
f 2312/2312/2312 2317/2317/2317 2296/2296/2296
f 2296/2296/2296 2293/2293/2293 2312/2312/2312
f 2295/2295/2295 2297/2297/2297 2310/2310/2310
f 2310/2310/2310 2305/2305/2305 2295/2295/2295
f 2320/2320/2320 2325/2325/2325 2304/2304/2304
f 2304/2304/2304 2299/2299/2299 2320/2320/2320
f 2300/2300/2300 2303/2303/2303 2290/2290/2290
f 2290/2290/2290 2287/2287/2287 2300/2300/2300
f 2314/2314/2314 2319/2319/2319 2301/2301/2301
f 2301/2301/2301 2288/2288/2288 2314/2314/2314
f 2326/2326/2326 2316/2316/2316 2291/2291/2291
f 2291/2291/2291 2302/2302/2302 2326/2326/2326
f 2308/2308/2308 2298/2298/2298 2318/2318/2318
f 2318/2318/2318 2324/2324/2324 2308/2308/2308
f 2294/2294/2294 2306/2306/2306 2322/2322/2322
f 2322/2322/2322 2311/2311/2311 2294/2294/2294
f 2307/2307/2307 2309/2309/2309 2323/2323/2323
f 2323/2323/2323 2321/2321/2321 2307/2307/2307
f 2289/2289/2289 2292/2292/2292 2315/2315/2315
f 2315/2315/2315 2313/2313/2313 2289/2289/2289
f 2327/2327/2327 2330/2330/2330 2337/2337/2337
f 2337/2337/2337 2333/2333/2333 2327/2327/2327
f 2334/2334/2334 2336/2336/2336 2350/2350/2350
f 2350/2350/2350 2346/2346/2346 2334/2334/2334
f 2345/2345/2345 2349/2349/2349 2344/2344/2344
f 2344/2344/2344 2340/2340/2340 2345/2345/2345
f 2341/2341/2341 2342/2342/2342 2332/2332/2332
f 2332/2332/2332 2328/2328/2328 2341/2341/2341
f 2335/2335/2335 2347/2347/2347 2339/2339/2339
f 2339/2339/2339 2329/2329/2329 2335/2335/2335
f 2355/2355/2355 2357/2357/2357 2374/2374/2374
f 2374/2374/2374 2363/2363/2363 2355/2355/2355
f 2348/2348/2348 2338/2338/2338 2354/2354/2354
f 2354/2354/2354 2352/2352/2352 2348/2348/2348
f 2338/2338/2338 2331/2331/2331 2359/2359/2359
f 2359/2359/2359 2354/2354/2354 2338/2338/2338
f 2331/2331/2331 2343/2343/2343 2360/2360/2360
f 2360/2360/2360 2359/2359/2359 2331/2331/2331
f 2343/2343/2343 2348/2348/2348 2352/2352/2352
f 2352/2352/2352 2360/2360/2360 2343/2343/2343
f 2367/2367/2367 2365/2365/2365 2373/2373/2373
f 2373/2373/2373 2370/2370/2370 2367/2367/2367
f 2351/2351/2351 2356/2356/2356 2364/2364/2364
f 2364/2364/2364 2368/2368/2368 2351/2351/2351
f 2358/2358/2358 2362/2362/2362 2369/2369/2369
f 2369/2369/2369 2372/2372/2372 2358/2358/2358
f 2361/2361/2361 2353/2353/2353 2366/2366/2366
f 2366/2366/2366 2371/2371/2371 2361/2361/2361
f 2377/2377/2377 2378/2378/2378 2375/2375/2375
f 2375/2375/2375 2376/2376/2376 2377/2377/2377
f 2381/2381/2381 2382/2382/2382 2379/2379/2379
f 2379/2379/2379 2380/2380/2380 2381/2381/2381
f 2385/2385/2385 2386/2386/2386 2383/2383/2383
f 2383/2383/2383 2384/2384/2384 2385/2385/2385
f 2389/2389/2389 2390/2390/2390 2387/2387/2387
f 2387/2387/2387 2388/2388/2388 2389/2389/2389
f 2393/2393/2393 2392/2392/2392 2391/2391/2391
f 2391/2391/2391 2394/2394/2394 2393/2393/2393
f 2397/2397/2397 2396/2396/2396 2395/2395/2395
f 2395/2395/2395 2398/2398/2398 2397/2397/2397
f 2401/2401/2401 2400/2400/2400 2399/2399/2399
f 2399/2399/2399 2402/2402/2402 2401/2401/2401
f 2405/2405/2405 2404/2404/2404 2403/2403/2403
f 2403/2403/2403 2406/2406/2406 2405/2405/2405
f 2409/2409/2409 2408/2408/2408 2407/2407/2407
f 2407/2407/2407 2410/2410/2410 2409/2409/2409
f 2413/2413/2413 2414/2414/2414 2411/2411/2411
f 2411/2411/2411 2412/2412/2412 2413/2413/2413
f 2416/2416/2416 2415/2415/2415 2418/2418/2418
f 2418/2418/2418 2417/2417/2417 2416/2416/2416
f 2420/2420/2420 2421/2421/2421 2422/2422/2422
f 2422/2422/2422 2419/2419/2419 2420/2420/2420
f 2569/2569/2569 2508/2508/2508 2503/2503/2503
f 2503/2503/2503 2542/2542/2542 2569/2569/2569
f 2521/2521/2521 2578/2578/2578 2557/2557/2557
f 2557/2557/2557 2509/2509/2509 2521/2521/2521
f 2430/2430/2430 2426/2426/2426 2425/2425/2425
f 2425/2425/2425 2434/2434/2434 2430/2430/2430
f 2605/2605/2605 2460/2460/2460 2451/2451/2451
f 2451/2451/2451 2622/2622/2622 2605/2605/2605
f 2571/2571/2571 2517/2517/2517 2506/2506/2506
f 2506/2506/2506 2570/2570/2570 2571/2571/2571
f 2516/2516/2516 2585/2585/2585 2541/2541/2541
f 2541/2541/2541 2505/2505/2505 2516/2516/2516
f 2576/2576/2576 2574/2574/2574 2565/2565/2565
f 2565/2565/2565 2562/2562/2562 2576/2576/2576
f 2466/2466/2466 2458/2458/2458 2424/2424/2424
f 2424/2424/2424 2472/2472/2472 2466/2466/2466
f 2459/2459/2459 2454/2454/2454 2431/2431/2431
f 2431/2431/2431 2474/2474/2474 2459/2459/2459
f 2454/2454/2454 2455/2455/2455 2427/2427/2427
f 2427/2427/2427 2431/2431/2431 2454/2454/2454
f 2458/2458/2458 2453/2453/2453 2433/2433/2433
f 2433/2433/2433 2424/2424/2424 2458/2458/2458
f 2428/2428/2428 2468/2468/2468 2470/2470/2470
f 2470/2470/2470 2423/2423/2423 2428/2428/2428
f 2467/2467/2467 2473/2473/2473 2478/2478/2478
f 2478/2478/2478 2471/2471/2471 2467/2467/2467
f 2475/2475/2475 2429/2429/2429 2432/2432/2432
f 2432/2432/2432 2476/2476/2476 2475/2475/2475
f 2455/2455/2455 2463/2463/2463 2469/2469/2469
f 2469/2469/2469 2427/2427/2427 2455/2455/2455
f 2453/2453/2453 2462/2462/2462 2477/2477/2477
f 2477/2477/2477 2433/2433/2433 2453/2453/2453
f 2462/2462/2462 2466/2466/2466 2472/2472/2472
f 2472/2472/2472 2477/2477/2477 2462/2462/2462
f 2463/2463/2463 2459/2459/2459 2474/2474/2474
f 2474/2474/2474 2469/2469/2469 2463/2463/2463
f 2489/2489/2489 2480/2480/2480 2481/2481/2481
f 2481/2481/2481 2488/2488/2488 2489/2489/2489
f 2501/2501/2501 2489/2489/2489 2487/2487/2487
f 2487/2487/2487 2500/2500/2500 2501/2501/2501
f 2495/2495/2495 2501/2501/2501 2499/2499/2499
f 2499/2499/2499 2494/2494/2494 2495/2495/2495
f 2480/2480/2480 2495/2495/2495 2492/2492/2492
f 2492/2492/2492 2482/2482/2482 2480/2480/2480
f 2490/2490/2490 2502/2502/2502 2496/2496/2496
f 2496/2496/2496 2479/2479/2479 2490/2490/2490
f 2511/2511/2511 2558/2558/2558 2552/2552/2552
f 2552/2552/2552 2514/2514/2514 2511/2511/2511
f 2531/2531/2531 2527/2527/2527 2525/2525/2525
f 2525/2525/2525 2536/2536/2536 2531/2531/2531
f 2520/2520/2520 2522/2522/2522 2510/2510/2510
f 2510/2510/2510 2513/2513/2513 2520/2520/2520
f 2579/2579/2579 2519/2519/2519 2512/2512/2512
f 2512/2512/2512 2551/2551/2551 2579/2579/2579
f 2518/2518/2518 2515/2515/2515 2504/2504/2504
f 2504/2504/2504 2507/2507/2507 2518/2518/2518
f 2559/2559/2559 2564/2564/2564 2544/2544/2544
f 2544/2544/2544 2547/2547/2547 2559/2559/2559
f 2566/2566/2566 2573/2573/2573 2591/2591/2591
f 2591/2591/2591 2449/2449/2449 2566/2566/2566
f 2568/2568/2568 2539/2539/2539 2440/2440/2440
f 2440/2440/2440 2444/2444/2444 2568/2568/2568
f 2572/2572/2572 2567/2567/2567 2445/2445/2445
f 2445/2445/2445 2594/2594/2594 2572/2572/2572
f 2549/2549/2549 2581/2581/2581 2599/2599/2599
f 2599/2599/2599 2528/2528/2528 2549/2549/2549
f 2583/2583/2583 2582/2582/2582 2550/2550/2550
f 2550/2550/2550 2543/2543/2543 2583/2583/2583
f 2446/2446/2446 2441/2441/2441 2437/2437/2437
f 2437/2437/2437 2450/2450/2450 2446/2446/2446
f 2590/2590/2590 2534/2534/2534 2537/2537/2537
f 2537/2537/2537 2587/2587/2587 2590/2590/2590
f 2593/2593/2593 2443/2443/2443 2448/2448/2448
f 2448/2448/2448 2592/2592/2592 2593/2593/2593
f 2598/2598/2598 2435/2435/2435 2439/2439/2439
f 2439/2439/2439 2595/2595/2595 2598/2598/2598
f 2601/2601/2601 2524/2524/2524 2529/2529/2529
f 2529/2529/2529 2600/2600/2600 2601/2601/2601
f 2546/2546/2546 2563/2563/2563 2447/2447/2447
f 2447/2447/2447 2436/2436/2436 2546/2546/2546
f 2584/2584/2584 2545/2545/2545 2438/2438/2438
f 2438/2438/2438 2597/2597/2597 2584/2584/2584
f 2560/2560/2560 2548/2548/2548 2530/2530/2530
f 2530/2530/2530 2533/2533/2533 2560/2560/2560
f 2540/2540/2540 2586/2586/2586 2596/2596/2596
f 2596/2596/2596 2442/2442/2442 2540/2540/2540
f 2575/2575/2575 2561/2561/2561 2532/2532/2532
f 2532/2532/2532 2589/2589/2589 2575/2575/2575
f 2555/2555/2555 2577/2577/2577 2588/2588/2588
f 2588/2588/2588 2538/2538/2538 2555/2555/2555
f 2554/2554/2554 2556/2556/2556 2535/2535/2535
f 2535/2535/2535 2523/2523/2523 2554/2554/2554
f 2580/2580/2580 2553/2553/2553 2526/2526/2526
f 2526/2526/2526 2602/2602/2602 2580/2580/2580
f 2628/2628/2628 2456/2456/2456 2465/2465/2465
f 2465/2465/2465 2643/2643/2643 2628/2628/2628
f 2634/2634/2634 2485/2485/2485 2483/2483/2483
f 2483/2483/2483 2616/2616/2616 2634/2634/2634
f 2608/2608/2608 2493/2493/2493 2497/2497/2497
f 2497/2497/2497 2642/2642/2642 2608/2608/2608
f 2640/2640/2640 2498/2498/2498 2486/2486/2486
f 2486/2486/2486 2631/2631/2631 2640/2640/2640
f 2619/2619/2619 2452/2452/2452 2457/2457/2457
f 2457/2457/2457 2630/2630/2630 2619/2619/2619
f 2615/2615/2615 2484/2484/2484 2491/2491/2491
f 2491/2491/2491 2610/2610/2610 2615/2615/2615
f 2621/2621/2621 2627/2627/2627 2638/2638/2638
f 2638/2638/2638 2626/2626/2626 2621/2621/2621
f 2623/2623/2623 2636/2636/2636 2633/2633/2633
f 2633/2633/2633 2617/2617/2617 2623/2623/2623
f 2646/2646/2646 2606/2606/2606 2611/2611/2611
f 2611/2611/2611 2647/2647/2647 2646/2646/2646
f 2648/2648/2648 2612/2612/2612 2609/2609/2609
f 2609/2609/2609 2639/2639/2639 2648/2648/2648
f 2604/2604/2604 2620/2620/2620 2624/2624/2624
f 2624/2624/2624 2614/2614/2614 2604/2604/2604
f 2613/2613/2613 2625/2625/2625 2618/2618/2618
f 2618/2618/2618 2607/2607/2607 2613/2613/2613
f 2629/2629/2629 2644/2644/2644 2650/2650/2650
f 2650/2650/2650 2635/2635/2635 2629/2629/2629
f 2637/2637/2637 2649/2649/2649 2641/2641/2641
f 2641/2641/2641 2632/2632/2632 2637/2637/2637
f 2645/2645/2645 2464/2464/2464 2461/2461/2461
f 2461/2461/2461 2603/2603/2603 2645/2645/2645
f 2653/2653/2653 2654/2654/2654 2651/2651/2651
f 2651/2651/2651 2652/2652/2652 2653/2653/2653
f 2656/2656/2656 2659/2659/2659 2666/2666/2666
f 2666/2666/2666 2661/2661/2661 2656/2656/2656
f 2678/2678/2678 2693/2693/2693 2711/2711/2711
f 2711/2711/2711 2671/2671/2671 2678/2678/2678
f 2674/2674/2674 2676/2676/2676 2672/2672/2672
f 2672/2672/2672 2669/2669/2669 2674/2674/2674
f 2682/2682/2682 2681/2681/2681 2679/2679/2679
f 2679/2679/2679 2680/2680/2680 2682/2682/2682
f 2663/2663/2663 2684/2684/2684 2706/2706/2706
f 2706/2706/2706 2655/2655/2655 2663/2663/2663
f 2667/2667/2667 2670/2670/2670 2712/2712/2712
f 2712/2712/2712 2702/2702/2702 2667/2667/2667
f 2695/2695/2695 2665/2665/2665 2658/2658/2658
f 2658/2658/2658 2710/2710/2710 2695/2695/2695
f 2688/2688/2688 2691/2691/2691 2677/2677/2677
f 2677/2677/2677 2675/2675/2675 2688/2688/2688
f 2705/2705/2705 2708/2708/2708 2660/2660/2660
f 2660/2660/2660 2657/2657/2657 2705/2705/2705
f 2690/2690/2690 2673/2673/2673 2668/2668/2668
f 2668/2668/2668 2701/2701/2701 2690/2690/2690
f 2698/2698/2698 2709/2709/2709 2714/2714/2714
f 2714/2714/2714 2694/2694/2694 2698/2698/2698
f 2687/2687/2687 2700/2700/2700 2703/2703/2703
f 2703/2703/2703 2683/2683/2683 2687/2687/2687
f 2707/2707/2707 2704/2704/2704 2699/2699/2699
f 2699/2699/2699 2713/2713/2713 2707/2707/2707
f 2692/2692/2692 2689/2689/2689 2685/2685/2685
f 2685/2685/2685 2696/2696/2696 2692/2692/2692
f 2662/2662/2662 2664/2664/2664 2697/2697/2697
f 2697/2697/2697 2686/2686/2686 2662/2662/2662
f 2716/2716/2716 2717/2717/2717 2718/2718/2718
f 2718/2718/2718 2715/2715/2715 2716/2716/2716
f 2720/2720/2720 2749/2749/2749 2743/2743/2743
f 2743/2743/2743 2722/2722/2722 2720/2720/2720
f 2733/2733/2733 2734/2734/2734 2728/2728/2728
f 2728/2728/2728 2726/2726/2726 2733/2733/2733
f 2740/2740/2740 2738/2738/2738 2737/2737/2737
f 2737/2737/2737 2739/2739/2739 2740/2740/2740
f 2719/2719/2719 2723/2723/2723 2731/2731/2731
f 2731/2731/2731 2727/2727/2727 2719/2719/2719
f 2753/2753/2753 2735/2735/2735 2732/2732/2732
f 2752/2752/2752 2756/2756/2756 2729/2729/2729
f 2729/2729/2729 2736/2736/2736 2752/2752/2752
f 2748/2748/2748 2741/2741/2741 2742/2742/2742
f 2742/2742/2742 2744/2744/2744 2748/2748/2748
f 2750/2750/2750 2754/2754/2754 2751/2751/2751
f 2751/2751/2751 2745/2745/2745 2750/2750/2750
f 2730/2730/2730 2755/2755/2755 2725/2725/2725
f 2721/2721/2721 2725/2725/2725 2755/2755/2755
f 2755/2755/2755 2747/2747/2747 2721/2721/2721
f 2724/2724/2724 2746/2746/2746 2753/2753/2753
f 2753/2753/2753 2732/2732/2732 2724/2724/2724
f 2759/2759/2759 2760/2760/2760 2767/2767/2767
f 2767/2767/2767 2765/2765/2765 2759/2759/2759
f 2778/2778/2778 2793/2793/2793 2814/2814/2814
f 2814/2814/2814 2773/2773/2773 2778/2778/2778
f 2777/2777/2777 2780/2780/2780 2774/2774/2774
f 2774/2774/2774 2770/2770/2770 2777/2777/2777
f 2784/2784/2784 2782/2782/2782 2781/2781/2781
f 2781/2781/2781 2783/2783/2783 2784/2784/2784
f 2763/2763/2763 2787/2787/2787 2805/2805/2805
f 2805/2805/2805 2757/2757/2757 2763/2763/2763
f 2771/2771/2771 2772/2772/2772 2816/2816/2816
f 2816/2816/2816 2803/2803/2803 2771/2771/2771
f 2797/2797/2797 2768/2768/2768 2761/2761/2761
f 2761/2761/2761 2811/2811/2811 2797/2797/2797
f 2792/2792/2792 2796/2796/2796 2779/2779/2779
f 2779/2779/2779 2775/2775/2775 2792/2792/2792
f 2808/2808/2808 2809/2809/2809 2762/2762/2762
f 2762/2762/2762 2758/2758/2758 2808/2808/2808
f 2790/2790/2790 2776/2776/2776 2769/2769/2769
f 2769/2769/2769 2801/2801/2801 2790/2790/2790
f 2798/2798/2798 2812/2812/2812 2813/2813/2813
f 2813/2813/2813 2795/2795/2795 2798/2798/2798
f 2789/2789/2789 2802/2802/2802 2806/2806/2806
f 2806/2806/2806 2788/2788/2788 2789/2789/2789
f 2810/2810/2810 2807/2807/2807 2804/2804/2804
f 2804/2804/2804 2815/2815/2815 2810/2810/2810
f 2794/2794/2794 2791/2791/2791 2785/2785/2785
f 2785/2785/2785 2800/2800/2800 2794/2794/2794
f 2764/2764/2764 2766/2766/2766 2799/2799/2799
f 2799/2799/2799 2786/2786/2786 2764/2764/2764
f 2818/2818/2818 2819/2819/2819 2820/2820/2820
f 2820/2820/2820 2817/2817/2817 2818/2818/2818
f 2822/2822/2822 2850/2850/2850 2846/2846/2846
f 2846/2846/2846 2825/2825/2825 2822/2822/2822
f 2834/2834/2834 2837/2837/2837 2831/2831/2831
f 2831/2831/2831 2828/2828/2828 2834/2834/2834
f 2842/2842/2842 2840/2840/2840 2839/2839/2839
f 2839/2839/2839 2841/2841/2841 2842/2842/2842
f 2823/2823/2823 2824/2824/2824 2835/2835/2835
f 2835/2835/2835 2829/2829/2829 2823/2823/2823
f 2855/2855/2855 2838/2838/2838 2833/2833/2833
f 2854/2854/2854 2858/2858/2858 2830/2830/2830
f 2830/2830/2830 2836/2836/2836 2854/2854/2854
f 2852/2852/2852 2843/2843/2843 2844/2844/2844
f 2844/2844/2844 2845/2845/2845 2852/2852/2852
f 2851/2851/2851 2857/2857/2857 2853/2853/2853
f 2853/2853/2853 2848/2848/2848 2851/2851/2851
f 2832/2832/2832 2856/2856/2856 2827/2827/2827
f 2821/2821/2821 2827/2827/2827 2856/2856/2856
f 2856/2856/2856 2849/2849/2849 2821/2821/2821
f 2826/2826/2826 2847/2847/2847 2855/2855/2855
f 2855/2855/2855 2833/2833/2833 2826/2826/2826
f 2879/2879/2879 2864/2864/2864 2863/2863/2863
f 2863/2863/2863 2877/2877/2877 2879/2879/2879
f 2866/2866/2866 2883/2883/2883 2869/2869/2869
f 2869/2869/2869 2859/2859/2859 2866/2866/2866
f 2884/2884/2884 2882/2882/2882 2874/2874/2874
f 2874/2874/2874 2870/2870/2870 2884/2884/2884
f 2881/2881/2881 2880/2880/2880 2876/2876/2876
f 2876/2876/2876 2873/2873/2873 2881/2881/2881
f 2860/2860/2860 2885/2885/2885 2865/2865/2865
f 2867/2867/2867 2871/2871/2871 2892/2892/2892
f 2892/2892/2892 2890/2890/2890 2867/2867/2867
f 2885/2885/2885 2860/2860/2860 2887/2887/2887
f 2887/2887/2887 2895/2895/2895 2885/2885/2885
f 2872/2872/2872 2875/2875/2875 2894/2894/2894
f 2894/2894/2894 2891/2891/2891 2872/2872/2872
f 2861/2861/2861 2868/2868/2868 2889/2889/2889
f 2889/2889/2889 2886/2886/2886 2861/2861/2861
f 2878/2878/2878 2862/2862/2862 2888/2888/2888
f 2888/2888/2888 2893/2893/2893 2878/2878/2878
f 2952/2952/2952 2955/2955/2955 2937/2937/2937
f 2937/2937/2937 2928/2928/2928 2952/2952/2952
f 2962/2962/2962 2965/2965/2965 2957/2957/2957
f 2957/2957/2957 2949/2949/2949 2962/2962/2962
f 2963/2963/2963 2966/2966/2966 2953/2953/2953
f 2953/2953/2953 2956/2956/2956 2963/2963/2963
f 2943/2943/2943 2946/2946/2946 2934/2934/2934
f 2934/2934/2934 2936/2936/2936 2943/2943/2943
f 2931/2931/2931 2933/2933/2933 2947/2947/2947
f 2947/2947/2947 2938/2938/2938 2931/2931/2931
f 2940/2940/2940 2944/2944/2944 2967/2967/2967
f 2967/2967/2967 2958/2958/2958 2940/2940/2940
f 2901/2901/2901 2903/2903/2903 2910/2910/2910
f 2910/2910/2910 2909/2909/2909 2901/2901/2901
f 2897/2897/2897 2899/2899/2899 2902/2902/2902
f 2902/2902/2902 2900/2900/2900 2897/2897/2897
f 2908/2908/2908 2911/2911/2911 2906/2906/2906
f 2906/2906/2906 2905/2905/2905 2908/2908/2908
f 2904/2904/2904 2907/2907/2907 2898/2898/2898
f 2898/2898/2898 2896/2896/2896 2904/2904/2904
f 2917/2917/2917 2919/2919/2919 2926/2926/2926
f 2926/2926/2926 2925/2925/2925 2917/2917/2917
f 2913/2913/2913 2914/2914/2914 2918/2918/2918
f 2918/2918/2918 2916/2916/2916 2913/2913/2913
f 2924/2924/2924 2927/2927/2927 2923/2923/2923
f 2923/2923/2923 2920/2920/2920 2924/2924/2924
f 2921/2921/2921 2922/2922/2922 2915/2915/2915
f 2915/2915/2915 2912/2912/2912 2921/2921/2921
f 2930/2930/2930 2935/2935/2935 2933/2933/2933
f 2933/2933/2933 2931/2931/2931 2930/2930/2930
f 2945/2945/2945 2942/2942/2942 2938/2938/2938
f 2938/2938/2938 2947/2947/2947 2945/2945/2945
f 2964/2964/2964 2961/2961/2961 2958/2958/2958
f 2958/2958/2958 2967/2967/2967 2964/2964/2964
f 2954/2954/2954 2950/2950/2950 2949/2949/2949
f 2949/2949/2949 2957/2957/2957 2954/2954/2954
f 2959/2959/2959 2960/2960/2960 2948/2948/2948
f 2948/2948/2948 2951/2951/2951 2959/2959/2959
f 2966/2966/2966 2943/2943/2943 2936/2936/2936
f 2936/2936/2936 2953/2953/2953 2966/2966/2966
f 2939/2939/2939 2941/2941/2941 2929/2929/2929
f 2929/2929/2929 2932/2932/2932 2939/2939/2939
f 2941/2941/2941 2959/2959/2959 2951/2951/2951
f 2951/2951/2951 2929/2929/2929 2941/2941/2941
f 2970/2970/2970 2972/2972/2972 2981/2981/2981
f 2981/2981/2981 2975/2975/2975 2970/2970/2970
f 2976/2976/2976 2978/2978/2978 2995/2995/2995
f 2995/2995/2995 2990/2990/2990 2976/2976/2976
f 2989/2989/2989 2993/2993/2993 2987/2987/2987
f 2987/2987/2987 2982/2982/2982 2989/2989/2989
f 2983/2983/2983 2985/2985/2985 2974/2974/2974
f 2974/2974/2974 2968/2968/2968 2983/2983/2983
f 2977/2977/2977 2991/2991/2991 2984/2984/2984
f 2984/2984/2984 2969/2969/2969 2977/2977/2977
f 2992/2992/2992 2979/2979/2979 3001/3001/3001
f 3001/3001/3001 3002/3002/3002 2992/2992/2992
f 3009/3009/3009 3011/3011/3011 3023/3023/3023
f 2988/2988/2988 2994/2994/2994 3003/3003/3003
f 3003/3003/3003 3007/3007/3007 2988/2988/2988
f 2980/2980/2980 2973/2973/2973 2997/2997/2997
f 2997/2997/2997 3000/3000/3000 2980/2980/2980
f 2971/2971/2971 2986/2986/2986 3006/3006/3006
f 3006/3006/3006 2996/2996/2996 2971/2971/2971
f 3004/3004/3004 2999/2999/2999 3013/3013/3013
f 3013/3013/3013 3010/3010/3010 3004/3004/3004
f 2999/2999/2999 2998/2998/2998 3014/3014/3014
f 3014/3014/3014 3013/3013/3013 2999/2999/2999
f 2998/2998/2998 3005/3005/3005 3017/3017/3017
f 3017/3017/3017 3014/3014/3014 2998/2998/2998
f 3005/3005/3005 3004/3004/3004 3010/3010/3010
f 3010/3010/3010 3017/3017/3017 3005/3005/3005
f 3015/3015/3015 3018/3018/3018 3020/3020/3020
f 3019/3019/3019 3008/3008/3008 3022/3022/3022
f 3012/3012/3012 3016/3016/3016 3021/3021/3021
f 3028/3028/3028 3027/3027/3027 3031/3031/3031
f 3038/3038/3038 3043/3043/3043 3041/3041/3041
f 3028/3028/3028 3045/3045/3045 3025/3025/3025
f 3029/3029/3029 3031/3031/3031 3030/3030/3030
f 3042/3042/3042 3034/3034/3034 3040/3040/3040
f 3024/3024/3024 3038/3038/3038 3047/3047/3047
f 3032/3032/3032 3030/3030/3030 3034/3034/3034
f 3049/3049/3049 3033/3033/3033 3024/3024/3024
f 3034/3034/3034 3039/3039/3039 3040/3040/3040
f 3045/3045/3045 3042/3042/3042 3037/3037/3037
f 3031/3031/3031 3036/3036/3036 3033/3033/3033
f 3035/3035/3035 3026/3026/3026 3027/3027/3027
f 3029/3029/3029 3032/3032/3032 3045/3045/3045
f 3027/3027/3027 3028/3028/3028 3025/3025/3025
f 3029/3029/3029 3028/3028/3028 3031/3031/3031
f 3043/3043/3043 3037/3037/3037 3041/3041/3041
f 3034/3034/3034 3044/3044/3044 3039/3039/3039
f 3041/3041/3041 3042/3042/3042 3040/3040/3040
f 3042/3042/3042 3032/3032/3032 3034/3034/3034
f 3029/3029/3029 3045/3045/3045 3028/3028/3028
f 3035/3035/3035 3043/3043/3043 3038/3038/3038
f 3037/3037/3037 3042/3042/3042 3041/3041/3041
f 3030/3030/3030 3044/3044/3044 3034/3034/3034
f 3045/3045/3045 3032/3032/3032 3042/3042/3042
f 3025/3025/3025 3043/3043/3043 3035/3035/3035
f 3044/3044/3044 3033/3033/3033 3049/3049/3049
f 3032/3032/3032 3029/3029/3029 3030/3030/3030
f 3027/3027/3027 3025/3025/3025 3035/3035/3035
f 3036/3036/3036 3026/3026/3026 3024/3024/3024
f 3036/3036/3036 3031/3031/3031 3026/3026/3026
f 3031/3031/3031 3027/3027/3027 3026/3026/3026
f 3044/3044/3044 3030/3030/3030 3033/3033/3033
f 3030/3030/3030 3031/3031/3031 3033/3033/3033
f 3043/3043/3043 3025/3025/3025 3037/3037/3037
f 3025/3025/3025 3045/3045/3045 3037/3037/3037
f 3036/3036/3036 3024/3024/3024 3033/3033/3033
f 3040/3040/3040 3039/3039/3039 3049/3049/3049
f 3039/3039/3039 3044/3044/3044 3049/3049/3049
f 3024/3024/3024 3026/3026/3026 3038/3038/3038
f 3026/3026/3026 3035/3035/3035 3038/3038/3038
f 3038/3038/3038 3041/3041/3041 3048/3048/3048
f 3041/3041/3041 3040/3040/3040 3046/3046/3046
f 3057/3057/3057 3132/3132/3132 3135/3135/3135
f 3135/3135/3135 3060/3060/3060 3057/3057/3057
f 3058/3058/3058 3135/3135/3135 3137/3137/3137
f 3137/3137/3137 3062/3062/3062 3058/3058/3058
f 3063/3063/3063 3137/3137/3137 3140/3140/3140
f 3140/3140/3140 3068/3068/3068 3063/3063/3063
f 3067/3067/3067 3140/3140/3140 3142/3142/3142
f 3142/3142/3142 3070/3070/3070 3067/3067/3067
f 3071/3071/3071 3142/3142/3142 3143/3143/3143
f 3143/3143/3143 3076/3076/3076 3071/3071/3071
f 3074/3074/3074 3143/3143/3143 3146/3146/3146
f 3146/3146/3146 3078/3078/3078 3074/3074/3074
f 3079/3079/3079 3146/3146/3146 3148/3148/3148
f 3148/3148/3148 3082/3082/3082 3079/3079/3079
f 3081/3081/3081 3148/3148/3148 3150/3150/3150
f 3150/3150/3150 3086/3086/3086 3081/3081/3081
f 3087/3087/3087 3150/3150/3150 3151/3151/3151
f 3151/3151/3151 3090/3090/3090 3087/3087/3087
f 3089/3089/3089 3151/3151/3151 3153/3153/3153
f 3153/3153/3153 3091/3091/3091 3089/3089/3089
f 3093/3093/3093 3153/3153/3153 3133/3133/3133
f 3133/3133/3133 3052/3052/3052 3093/3093/3093
f 3128/3128/3128 3097/3097/3097 3096/3096/3096
f 3075/3075/3075 3084/3084/3084 3179/3179/3179
f 3179/3179/3179 3189/3189/3189 3075/3075/3075
f 3094/3094/3094 3097/3097/3097 3099/3099/3099
f 3100/3100/3100 3097/3097/3097 3102/3102/3102
f 3103/3103/3103 3097/3097/3097 3105/3105/3105
f 3104/3104/3104 3097/3097/3097 3109/3109/3109
f 3108/3108/3108 3097/3097/3097 3111/3111/3111
f 3112/3112/3112 3097/3097/3097 3114/3114/3114
f 3115/3115/3115 3097/3097/3097 3118/3118/3118
f 3116/3116/3116 3097/3097/3097 3121/3121/3121
f 3119/3119/3119 3097/3097/3097 3123/3123/3123
f 3122/3122/3122 3097/3097/3097 3127/3127/3127
f 3126/3126/3126 3097/3097/3097 3129/3129/3129
f 3098/3098/3098 3101/3101/3101 3159/3159/3159
f 3159/3159/3159 3158/3158/3158 3098/3098/3098
f 3120/3120/3120 3124/3124/3124 3173/3173/3173
f 3173/3173/3173 3171/3171/3171 3120/3120/3120
f 3107/3107/3107 3110/3110/3110 3166/3166/3166
f 3166/3166/3166 3164/3164/3164 3107/3107/3107
f 3130/3130/3130 3095/3095/3095 3156/3156/3156
f 3156/3156/3156 3178/3178/3178 3130/3130/3130
f 3117/3117/3117 3120/3120/3120 3171/3171/3171
f 3171/3171/3171 3169/3169/3169 3117/3117/3117
f 3157/3157/3157 3160/3160/3160 3136/3136/3136
f 3136/3136/3136 3131/3131/3131 3157/3157/3157
f 3160/3160/3160 3161/3161/3161 3138/3138/3138
f 3138/3138/3138 3136/3136/3136 3160/3160/3160
f 3161/3161/3161 3163/3163/3163 3139/3139/3139
f 3139/3139/3139 3138/3138/3138 3161/3161/3161
f 3163/3163/3163 3165/3165/3165 3141/3141/3141
f 3141/3141/3141 3139/3139/3139 3163/3163/3163
f 3165/3165/3165 3167/3167/3167 3144/3144/3144
f 3144/3144/3144 3141/3141/3141 3165/3165/3165
f 3167/3167/3167 3170/3170/3170 3145/3145/3145
f 3145/3145/3145 3144/3144/3144 3167/3167/3167
f 3170/3170/3170 3172/3172/3172 3147/3147/3147
f 3147/3147/3147 3145/3145/3145 3170/3170/3170
f 3172/3172/3172 3174/3174/3174 3149/3149/3149
f 3149/3149/3149 3147/3147/3147 3172/3172/3172
f 3174/3174/3174 3175/3175/3175 3152/3152/3152
f 3152/3152/3152 3149/3149/3149 3174/3174/3174
f 3175/3175/3175 3177/3177/3177 3154/3154/3154
f 3154/3154/3154 3152/3152/3152 3175/3175/3175
f 3177/3177/3177 3155/3155/3155 3134/3134/3134
f 3134/3134/3134 3154/3154/3154 3177/3177/3177
f 3155/3155/3155 3157/3157/3157 3131/3131/3131
f 3131/3131/3131 3134/3134/3134 3155/3155/3155
f 3110/3110/3110 3113/3113/3113 3168/3168/3168
f 3168/3168/3168 3166/3166/3166 3110/3110/3110
f 3124/3124/3124 3125/3125/3125 3176/3176/3176
f 3176/3176/3176 3173/3173/3173 3124/3124/3124
f 3101/3101/3101 3106/3106/3106 3162/3162/3162
f 3162/3162/3162 3159/3159/3159 3101/3101/3101
f 3113/3113/3113 3117/3117/3117 3169/3169/3169
f 3169/3169/3169 3168/3168/3168 3113/3113/3113
f 3125/3125/3125 3130/3130/3130 3178/3178/3178
f 3178/3178/3178 3176/3176/3176 3125/3125/3125
f 3106/3106/3106 3107/3107/3107 3164/3164/3164
f 3164/3164/3164 3162/3162/3162 3106/3106/3106
f 3095/3095/3095 3098/3098/3098 3158/3158/3158
f 3158/3158/3158 3156/3156/3156 3095/3095/3095
f 3053/3053/3053 3133/3133/3133 3132/3132/3132
f 3132/3132/3132 3055/3055/3055 3053/3053/3053
f 3056/3056/3056 3059/3059/3059 3064/3064/3064
f 3064/3064/3064 3051/3051/3051 3056/3056/3056
f 3066/3066/3066 3069/3069/3069 3073/3073/3073
f 3073/3073/3073 3064/3064/3064 3066/3066/3066
f 3077/3077/3077 3080/3080/3080 3085/3085/3085
f 3085/3085/3085 3073/3073/3073 3077/3077/3077
f 3088/3088/3088 3092/3092/3092 3051/3051/3051
f 3051/3051/3051 3085/3085/3085 3088/3088/3088
f 3182/3182/3182 3187/3187/3187 3190/3190/3190
f 3190/3190/3190 3180/3180/3180 3182/3182/3182
f 3083/3083/3083 3050/3050/3050 3184/3184/3184
f 3184/3184/3184 3181/3181/3181 3083/3083/3083
f 3054/3054/3054 3065/3065/3065 3185/3185/3185
f 3185/3185/3185 3183/3183/3183 3054/3054/3054
f 3061/3061/3061 3072/3072/3072 3188/3188/3188
f 3188/3188/3188 3186/3186/3186 3061/3061/3061
f 3196/3196/3196 3203/3203/3203 3205/3205/3205
f 3205/3205/3205 3198/3198/3198 3196/3196/3196
f 3194/3194/3194 3202/3202/3202 3204/3204/3204
f 3204/3204/3204 3195/3195/3195 3194/3194/3194
f 3192/3192/3192 3199/3199/3199 3201/3201/3201
f 3201/3201/3201 3193/3193/3193 3192/3192/3192
f 3197/3197/3197 3206/3206/3206 3200/3200/3200
f 3200/3200/3200 3191/3191/3191 3197/3197/3197
f 3211/3211/3211 3220/3220/3220 3221/3221/3221
f 3221/3221/3221 3214/3214/3214 3211/3211/3211
f 3209/3209/3209 3217/3217/3217 3219/3219/3219
f 3219/3219/3219 3212/3212/3212 3209/3209/3209
f 3207/3207/3207 3216/3216/3216 3218/3218/3218
f 3218/3218/3218 3210/3210/3210 3207/3207/3207
f 3213/3213/3213 3222/3222/3222 3215/3215/3215
f 3215/3215/3215 3208/3208/3208 3213/3213/3213
f 3228/3228/3228 3235/3235/3235 3238/3238/3238
f 3238/3238/3238 3229/3229/3229 3228/3228/3228
f 3225/3225/3225 3233/3233/3233 3236/3236/3236
f 3236/3236/3236 3227/3227/3227 3225/3225/3225
f 3223/3223/3223 3231/3231/3231 3234/3234/3234
f 3234/3234/3234 3226/3226/3226 3223/3223/3223
f 3230/3230/3230 3237/3237/3237 3232/3232/3232
f 3232/3232/3232 3224/3224/3224 3230/3230/3230
f 3243/3243/3243 3251/3251/3251 3254/3254/3254
f 3254/3254/3254 3246/3246/3246 3243/3243/3243
f 3242/3242/3242 3250/3250/3250 3252/3252/3252
f 3252/3252/3252 3244/3244/3244 3242/3242/3242
f 3240/3240/3240 3247/3247/3247 3249/3249/3249
f 3249/3249/3249 3241/3241/3241 3240/3240/3240
f 3245/3245/3245 3253/3253/3253 3248/3248/3248
f 3248/3248/3248 3239/3239/3239 3245/3245/3245
f 3255/3255/3255 3258/3258/3258 3262/3262/3262
f 3262/3262/3262 3260/3260/3260 3255/3255/3255
f 3259/3259/3259 3261/3261/3261 3265/3265/3265
f 3265/3265/3265 3263/3263/3263 3259/3259/3259
f 3264/3264/3264 3266/3266/3266 3269/3269/3269
f 3269/3269/3269 3267/3267/3267 3264/3264/3264
f 3268/3268/3268 3270/3270/3270 3273/3273/3273
f 3273/3273/3273 3272/3272/3272 3268/3268/3268
f 3271/3271/3271 3274/3274/3274 3278/3278/3278
f 3278/3278/3278 3276/3276/3276 3271/3271/3271
f 3275/3275/3275 3277/3277/3277 3257/3257/3257
f 3257/3257/3257 3256/3256/3256 3275/3275/3275

