# https://github.com/mikedh/trimesh
mtllib material.mtl
usemtl material_0
v -1.00000000 0.00000000 1.00000000
v -1.00000000 0.00000000 1.00000000
v -1.00000000 0.00000000 1.00000000
v -1.00000000 0.10000000 1.00000000
v -1.00000000 0.10000000 1.00000000
v -1.00000000 0.10000000 1.00000000
v -1.00000000 0.00000000 -1.00000000
v -1.00000000 0.00000000 -1.00000000
v -1.00000000 0.00000000 -1.00000000
v -1.00000000 0.10000000 -1.00000000
v -1.00000000 0.10000000 -1.00000000
v -1.00000000 0.10000000 -1.00000000
v 1.00000000 0.00000000 1.00000000
v 1.00000000 0.00000000 1.00000000
v 1.00000000 0.00000000 1.00000000
v 1.00000000 0.10000000 1.00000000
v 1.00000000 0.10000000 1.00000000
v 1.00000000 0.10000000 1.00000000
v 1.00000000 0.00000000 -1.00000000
v 1.00000000 0.00000000 -1.00000000
v 1.00000000 0.00000000 -1.00000000
v 1.00000000 0.10000000 -1.00000000
v 1.00000000 0.10000000 -1.00000000
v 1.00000000 0.10000000 -1.00000000
v 0.90000000 0.00000000 -1.00000000
v 0.90000000 0.00000000 -1.00000000
v 0.90000000 0.00000000 -1.00000000
v -0.90000000 0.00000000 -1.00000000
v -0.90000000 0.00000000 -1.00000000
v -0.90000000 0.00000000 -1.00000000
v -0.90000000 0.10000000 -1.00000000
v -0.90000000 0.10000000 -1.00000000
v -0.90000000 0.10000000 -1.00000000
v -0.90000000 0.10000000 -1.00000000
v 0.90000000 0.10000000 -1.00000000
v 0.90000000 0.10000000 -1.00000000
v 0.90000000 0.10000000 -1.00000000
v 0.90000000 0.10000000 -1.00000000
v -0.90000000 0.00000000 1.00000000
v -0.90000000 0.00000000 1.00000000
v -0.90000000 0.00000000 1.00000000
v 0.90000000 0.00000000 1.00000000
v 0.90000000 0.00000000 1.00000000
v 0.90000000 0.00000000 1.00000000
v 0.90000000 0.10000000 1.00000000
v 0.90000000 0.10000000 1.00000000
v 0.90000000 0.10000000 1.00000000
v 0.90000000 0.10000000 1.00000000
v -0.90000000 0.10000000 1.00000000
v -0.90000000 0.10000000 1.00000000
v -0.90000000 0.10000000 1.00000000
v -0.90000000 0.10000000 1.00000000
v -1.00000000 0.00000000 -0.90000000
v -1.00000000 0.00000000 -0.90000000
v -1.00000000 0.00000000 -0.90000000
v -1.00000000 0.00000000 0.90000000
v -1.00000000 0.00000000 0.90000000
v -1.00000000 0.00000000 0.90000000
v -1.00000000 0.10000000 0.90000000
v -1.00000000 0.10000000 0.90000000
v -1.00000000 0.10000000 0.90000000
v -1.00000000 0.10000000 0.90000000
v -1.00000000 0.10000000 -0.90000000
v -1.00000000 0.10000000 -0.90000000
v -1.00000000 0.10000000 -0.90000000
v -1.00000000 0.10000000 -0.90000000
v 1.00000000 0.00000000 0.90000000
v 1.00000000 0.00000000 0.90000000
v 1.00000000 0.00000000 0.90000000
v 1.00000000 0.00000000 -0.90000000
v 1.00000000 0.00000000 -0.90000000
v 1.00000000 0.00000000 -0.90000000
v 1.00000000 0.10000000 -0.90000000
v 1.00000000 0.10000000 -0.90000000
v 1.00000000 0.10000000 -0.90000000
v 1.00000000 0.10000000 -0.90000000
v 1.00000000 0.10000000 0.90000000
v 1.00000000 0.10000000 0.90000000
v 1.00000000 0.10000000 0.90000000
v 1.00000000 0.10000000 0.90000000
v 0.90000000 0.10000000 -0.90000000
v 0.90000000 0.10000000 -0.90000000
v 0.90000000 0.10000000 -0.90000000
v 0.90000000 0.10000000 0.90000000
v 0.90000000 0.10000000 0.90000000
v 0.90000000 0.10000000 0.90000000
v -0.90000000 0.10000000 -0.90000000
v -0.90000000 0.10000000 -0.90000000
v -0.90000000 0.10000000 -0.90000000
v -0.90000000 0.10000000 0.90000000
v -0.90000000 0.10000000 0.90000000
v -0.90000000 0.10000000 0.90000000
v -0.90000000 0.00000000 -0.90000000
v -0.90000000 0.00000000 0.90000000
v 0.90000000 0.00000000 -0.90000000
v 0.90000000 0.00000000 0.90000000
v 0.60000000 0.10000000 0.60000000
v 0.20000000 0.10000000 0.60000000
v 0.20000000 0.10000000 0.60000000
v 0.60000000 1.60000100 0.60000000
v 0.20000000 1.60000100 0.60000000
v 0.20000000 1.60000100 0.60000000
v 1.00000000 0.90000000 -0.60000000
v 1.00000000 0.90000000 -0.60000000
v 0.20000000 0.90000000 0.60000000
v 0.20000000 0.90000000 0.60000000
v 0.30000000 0.27500000 0.60000000
v 0.30000000 0.27500000 0.60000000
v 0.30000000 0.27500000 0.60000000
v 0.50000000 0.27500000 0.60000000
v 0.50000000 0.27500000 0.60000000
v 0.50000000 0.27500000 0.60000000
v 0.50000000 0.62500000 0.60000000
v 0.50000000 0.62500000 0.60000000
v 0.50000000 0.62500000 0.60000000
v 0.30000000 0.62500000 0.60000000
v 0.30000000 0.62500000 0.60000000
v 0.30000000 0.62500000 0.60000000
v 0.30000000 1.42500000 0.60000000
v 0.30000000 1.42500000 0.60000000
v 0.30000000 1.42500000 0.60000000
v 0.30000000 1.07500000 0.60000000
v 0.30000000 1.07500000 0.60000000
v 0.30000000 1.07500000 0.60000000
v 0.50000000 1.07500000 0.60000000
v 0.50000000 1.07500000 0.60000000
v 0.50000000 1.07500000 0.60000000
v 0.50000000 1.42500000 0.60000000
v 0.50000000 1.42500000 0.60000000
v 0.50000000 1.42500000 0.60000000
v 0.50000000 0.27500000 0.50000000
v 0.50000000 0.27500000 0.50000000
v 0.30000000 0.27500000 0.50000000
v 0.30000000 0.27500000 0.50000000
v 0.30000000 0.62500000 0.50000000
v 0.30000000 0.62500000 0.50000000
v 0.50000000 0.62500000 0.50000000
v 0.50000000 0.62500000 0.50000000
v 0.30000000 1.42500000 0.50000000
v 0.30000000 1.42500000 0.50000000
v 0.30000000 1.07500000 0.50000000
v 0.30000000 1.07500000 0.50000000
v 0.50000000 1.42500000 0.50000000
v 0.50000000 1.42500000 0.50000000
v 0.50000000 1.07500000 0.50000000
v 0.50000000 1.07500000 0.50000000
v 0.90000000 1.07500000 0.50000000
v 0.90000000 1.07500000 0.50000000
v 0.90000000 1.42500000 0.50000000
v 0.90000000 1.42500000 0.50000000
v 0.70000000 1.07500000 0.50000000
v 0.70000000 1.07500000 0.50000000
v 0.70000000 1.42500000 0.50000000
v 0.70000000 1.42500000 0.50000000
v 0.90000000 0.62500000 0.50000000
v 0.90000000 0.62500000 0.50000000
v 0.70000000 0.62500000 0.50000000
v 0.70000000 0.62500000 0.50000000
v 0.70000000 0.27500000 0.50000000
v 0.70000000 0.27500000 0.50000000
v 0.90000000 0.27500000 0.50000000
v 0.90000000 0.27500000 0.50000000
v 0.90000000 1.42500000 0.60000000
v 0.90000000 1.42500000 0.60000000
v 0.90000000 1.42500000 0.60000000
v 0.90000000 1.07500000 0.60000000
v 0.90000000 1.07500000 0.60000000
v 0.90000000 1.07500000 0.60000000
v 0.70000000 1.07500000 0.60000000
v 0.70000000 1.07500000 0.60000000
v 0.70000000 1.07500000 0.60000000
v 0.70000000 1.42500000 0.60000000
v 0.70000000 1.42500000 0.60000000
v 0.70000000 1.42500000 0.60000000
v 0.70000000 0.62500000 0.60000000
v 0.70000000 0.62500000 0.60000000
v 0.70000000 0.62500000 0.60000000
v 0.90000000 0.62500000 0.60000000
v 0.90000000 0.62500000 0.60000000
v 0.90000000 0.62500000 0.60000000
v 0.90000000 0.27500000 0.60000000
v 0.90000000 0.27500000 0.60000000
v 0.90000000 0.27500000 0.60000000
v 0.70000000 0.27500000 0.60000000
v 0.70000000 0.27500000 0.60000000
v 0.70000000 0.27500000 0.60000000
v 0.60000000 0.90000000 0.60000000
v 1.00000000 0.90000000 0.60000000
v 1.00000000 0.90000000 0.60000000
v 1.00000000 1.60000100 0.60000000
v 1.00000000 1.60000100 0.60000000
v 1.00000000 0.10000000 0.60000000
v 1.00000000 0.10000000 0.60000000
v 1.00000000 2.25000000 -0.60000000
v 1.00000000 2.25000000 -0.60000000
v 0.60000000 2.25000000 0.60000000
v 0.20000000 2.25000000 0.60000000
v 0.20000000 2.25000000 0.60000000
v 0.30000000 2.12500000 0.60000000
v 0.30000000 2.12500000 0.60000000
v 0.30000000 2.12500000 0.60000000
v 0.30000000 1.77500000 0.60000000
v 0.30000000 1.77500000 0.60000000
v 0.30000000 1.77500000 0.60000000
v 0.50000000 1.77500000 0.60000000
v 0.50000000 1.77500000 0.60000000
v 0.50000000 1.77500000 0.60000000
v 0.50000000 2.12500000 0.60000000
v 0.50000000 2.12500000 0.60000000
v 0.50000000 2.12500000 0.60000000
v 0.30000000 2.12500000 0.50000000
v 0.30000000 2.12500000 0.50000000
v 0.30000000 1.77500000 0.50000000
v 0.30000000 1.77500000 0.50000000
v 0.50000000 2.12500000 0.50000000
v 0.50000000 2.12500000 0.50000000
v 0.50000000 1.77500000 0.50000000
v 0.50000000 1.77500000 0.50000000
v 0.90000000 1.77500000 0.50000000
v 0.90000000 1.77500000 0.50000000
v 0.90000000 2.12500000 0.50000000
v 0.90000000 2.12500000 0.50000000
v 0.70000000 1.77500000 0.50000000
v 0.70000000 1.77500000 0.50000000
v 0.70000000 2.12500000 0.50000000
v 0.70000000 2.12500000 0.50000000
v 0.90000000 2.12500000 0.60000000
v 0.90000000 2.12500000 0.60000000
v 0.90000000 2.12500000 0.60000000
v 0.90000000 1.77500000 0.60000000
v 0.90000000 1.77500000 0.60000000
v 0.90000000 1.77500000 0.60000000
v 0.70000000 1.77500000 0.60000000
v 0.70000000 1.77500000 0.60000000
v 0.70000000 1.77500000 0.60000000
v 0.70000000 2.12500000 0.60000000
v 0.70000000 2.12500000 0.60000000
v 0.70000000 2.12500000 0.60000000
v 1.00000000 2.25000000 0.60000000
v 1.00000000 2.25000000 0.60000000
v 0.20000000 1.60000100 0.40000000
v 0.20000000 1.60000100 0.40000000
v 0.31798100 1.10150000 0.54194800
v 0.31798100 1.39923300 0.54194800
v 0.48201900 1.39923300 0.54194800
v 0.48201900 1.10150000 0.54194800
v 0.27307600 1.43624500 0.50616700
v 0.27307600 1.43624500 0.50616700
v 0.27307600 1.39721000 0.62487000
v 0.27307600 1.39721000 0.62487000
v 0.27307600 1.39721000 0.62487000
v 0.27307600 1.39721000 0.50616700
v 0.27307600 1.39721000 0.50616700
v 0.52692500 1.43624500 0.50616700
v 0.52692500 1.43624500 0.50616700
v 0.27307600 1.43624500 0.62487000
v 0.27307600 1.43624500 0.62487000
v 0.27307600 1.43624500 0.62487000
v 0.52692500 1.39721000 0.50616700
v 0.52692500 1.39721000 0.50616700
v 0.52692500 1.43624500 0.62487000
v 0.52692500 1.43624500 0.62487000
v 0.52692500 1.43624500 0.62487000
v 0.52692500 1.39721000 0.62487000
v 0.52692500 1.39721000 0.62487000
v 0.52692500 1.39721000 0.62487000
v 0.47148400 1.41917400 0.51597000
v 0.47148400 1.10048900 0.56306400
v 0.47148400 1.10048900 0.56306400
v 0.47148400 1.10048900 0.51597000
v 0.47148400 1.41917400 0.56306400
v 0.47148400 1.41917400 0.56306400
v 0.50646600 1.41917400 0.56306400
v 0.50646600 1.10048900 0.56306400
v 0.29353300 1.10048900 0.56306400
v 0.32851600 1.41917400 0.51597000
v 0.29353300 1.41917400 0.56306400
v 0.32851600 1.10048900 0.51597000
v 0.32851600 1.41917400 0.56306400
v 0.32851600 1.41917400 0.56306400
v 0.32851600 1.10048900 0.56306400
v 0.32851600 1.10048900 0.56306400
v 0.27307600 1.10783100 0.47549100
v 0.27307600 1.10783100 0.47549100
v 0.27307600 1.04363900 0.47549100
v 0.27307600 1.04363900 0.47549100
v 0.52692500 1.10783100 0.47549100
v 0.52692500 1.10783100 0.47549100
v 0.27307600 1.10783100 0.64257600
v 0.27307600 1.10783100 0.64257600
v 0.27307600 1.10783100 0.64257600
v 0.52692500 1.04363900 0.47549100
v 0.52692500 1.04363900 0.47549100
v 0.52692500 1.10783100 0.64257600
v 0.52692500 1.10783100 0.64257600
v 0.52692500 1.10783100 0.64257600
v 0.27307600 1.04363900 0.60599300
v 0.27307600 1.04363900 0.60599300
v 0.27307600 1.04363900 0.60599300
v 0.27307600 1.08022100 0.64257600
v 0.27307600 1.08022100 0.64257600
v 0.27307600 1.08022100 0.64257600
v 0.52692500 1.08022100 0.64257600
v 0.52692500 1.08022100 0.64257600
v 0.52692500 1.08022100 0.64257600
v 0.52692500 1.04363900 0.60599300
v 0.52692500 1.04363900 0.60599300
v 0.52692500 1.04363900 0.60599300
v 0.30186000 1.32645800 0.52393700
v 0.30186000 1.30408600 0.55211900
v 0.30186000 1.30408600 0.55211900
v 0.30186000 1.30408600 0.52393700
v 0.49814100 1.32645800 0.52393700
v 0.30186000 1.32645800 0.55211900
v 0.30186000 1.32645800 0.55211900
v 0.49814100 1.30408600 0.52393700
v 0.49814100 1.32645800 0.55211900
v 0.49814100 1.32645800 0.55211900
v 0.49814100 1.30408600 0.55211900
v 0.49814100 1.30408600 0.55211900
v 0.48201900 1.31476400 0.54194800
v 0.48201900 1.31476400 0.54194800
v 0.31798100 1.31476400 0.54194800
v 0.31798100 1.31476400 0.54194800
v 0.31798100 0.30150000 0.54194800
v 0.31798100 0.59923300 0.54194800
v 0.48201900 0.59923300 0.54194800
v 0.48201900 0.30150000 0.54194800
v 0.27307600 0.63624500 0.50616700
v 0.27307600 0.63624500 0.50616700
v 0.27307600 0.59721000 0.62487000
v 0.27307600 0.59721000 0.62487000
v 0.27307600 0.59721000 0.62487000
v 0.27307600 0.59721000 0.50616700
v 0.27307600 0.59721000 0.50616700
v 0.52692500 0.63624500 0.50616700
v 0.52692500 0.63624500 0.50616700
v 0.27307600 0.63624500 0.62487000
v 0.27307600 0.63624500 0.62487000
v 0.27307600 0.63624500 0.62487000
v 0.52692500 0.59721000 0.50616700
v 0.52692500 0.59721000 0.50616700
v 0.52692500 0.63624500 0.62487000
v 0.52692500 0.63624500 0.62487000
v 0.52692500 0.63624500 0.62487000
v 0.52692500 0.59721000 0.62487000
v 0.52692500 0.59721000 0.62487000
v 0.52692500 0.59721000 0.62487000
v 0.47148400 0.61917400 0.51597000
v 0.47148400 0.30048900 0.56306400
v 0.47148400 0.30048900 0.56306400
v 0.47148400 0.30048900 0.51597000
v 0.47148400 0.61917400 0.56306400
v 0.47148400 0.61917400 0.56306400
v 0.50646600 0.61917400 0.56306400
v 0.50646600 0.30048900 0.56306400
v 0.29353300 0.30048900 0.56306400
v 0.32851600 0.61917400 0.51597000
v 0.29353300 0.61917400 0.56306400
v 0.32851600 0.30048900 0.51597000
v 0.32851600 0.61917400 0.56306400
v 0.32851600 0.61917400 0.56306400
v 0.32851600 0.30048900 0.56306400
v 0.32851600 0.30048900 0.56306400
v 0.27307600 0.30783100 0.47549100
v 0.27307600 0.30783100 0.47549100
v 0.27307600 0.24363900 0.47549100
v 0.27307600 0.24363900 0.47549100
v 0.52692500 0.30783100 0.47549100
v 0.52692500 0.30783100 0.47549100
v 0.27307600 0.30783100 0.64257600
v 0.27307600 0.30783100 0.64257600
v 0.27307600 0.30783100 0.64257600
v 0.52692500 0.24363900 0.47549100
v 0.52692500 0.24363900 0.47549100
v 0.52692500 0.30783100 0.64257600
v 0.52692500 0.30783100 0.64257600
v 0.52692500 0.30783100 0.64257600
v 0.27307600 0.24363900 0.60599300
v 0.27307600 0.24363900 0.60599300
v 0.27307600 0.24363900 0.60599300
v 0.27307600 0.28022100 0.64257600
v 0.27307600 0.28022100 0.64257600
v 0.27307600 0.28022100 0.64257600
v 0.52692500 0.28022100 0.64257600
v 0.52692500 0.28022100 0.64257600
v 0.52692500 0.28022100 0.64257600
v 0.52692500 0.24363900 0.60599300
v 0.52692500 0.24363900 0.60599300
v 0.52692500 0.24363900 0.60599300
v 0.30186000 0.43526800 0.52393700
v 0.30186000 0.41289600 0.55211900
v 0.30186000 0.41289600 0.55211900
v 0.30186000 0.41289600 0.52393700
v 0.49814100 0.43526800 0.52393700
v 0.30186000 0.43526800 0.55211900
v 0.30186000 0.43526800 0.55211900
v 0.49814100 0.41289600 0.52393700
v 0.49814100 0.43526800 0.55211900
v 0.49814100 0.43526800 0.55211900
v 0.49814100 0.41289600 0.55211900
v 0.49814100 0.41289600 0.55211900
v 0.48201900 0.42357400 0.54194800
v 0.48201900 0.42357400 0.54194800
v 0.31798100 0.42357400 0.54194800
v 0.31798100 0.42357400 0.54194800
v 0.31798100 1.80150000 0.54194800
v 0.31798100 2.09923300 0.54194800
v 0.48201900 2.09923300 0.54194800
v 0.48201900 1.80150000 0.54194800
v 0.27307600 2.13624500 0.50616700
v 0.27307600 2.13624500 0.50616700
v 0.27307600 2.09721000 0.62487000
v 0.27307600 2.09721000 0.62487000
v 0.27307600 2.09721000 0.62487000
v 0.27307600 2.09721000 0.50616700
v 0.27307600 2.09721000 0.50616700
v 0.52692500 2.13624500 0.50616700
v 0.52692500 2.13624500 0.50616700
v 0.27307600 2.13624500 0.62487000
v 0.27307600 2.13624500 0.62487000
v 0.27307600 2.13624500 0.62487000
v 0.52692500 2.09721000 0.50616700
v 0.52692500 2.09721000 0.50616700
v 0.52692500 2.13624500 0.62487000
v 0.52692500 2.13624500 0.62487000
v 0.52692500 2.13624500 0.62487000
v 0.52692500 2.09721000 0.62487000
v 0.52692500 2.09721000 0.62487000
v 0.52692500 2.09721000 0.62487000
v 0.47148400 2.11917400 0.51597000
v 0.47148400 1.80048900 0.56306400
v 0.47148400 1.80048900 0.56306400
v 0.47148400 1.80048900 0.51597000
v 0.47148400 2.11917400 0.56306400
v 0.47148400 2.11917400 0.56306400
v 0.50646600 2.11917400 0.56306400
v 0.50646600 1.80048900 0.56306400
v 0.29353300 1.80048900 0.56306400
v 0.32851600 2.11917400 0.51597000
v 0.29353300 2.11917400 0.56306400
v 0.32851600 1.80048900 0.51597000
v 0.32851600 2.11917400 0.56306400
v 0.32851600 2.11917400 0.56306400
v 0.32851600 1.80048900 0.56306400
v 0.32851600 1.80048900 0.56306400
v 0.27307600 1.80783100 0.47549100
v 0.27307600 1.80783100 0.47549100
v 0.27307600 1.74363900 0.47549100
v 0.27307600 1.74363900 0.47549100
v 0.52692500 1.80783100 0.47549100
v 0.52692500 1.80783100 0.47549100
v 0.27307600 1.80783100 0.64257600
v 0.27307600 1.80783100 0.64257600
v 0.27307600 1.80783100 0.64257600
v 0.52692500 1.74363900 0.47549100
v 0.52692500 1.74363900 0.47549100
v 0.52692500 1.80783100 0.64257600
v 0.52692500 1.80783100 0.64257600
v 0.52692500 1.80783100 0.64257600
v 0.27307600 1.74363900 0.60599300
v 0.27307600 1.74363900 0.60599300
v 0.27307600 1.74363900 0.60599300
v 0.27307600 1.78022100 0.64257600
v 0.27307600 1.78022100 0.64257600
v 0.27307600 1.78022100 0.64257600
v 0.52692500 1.78022100 0.64257600
v 0.52692500 1.78022100 0.64257600
v 0.52692500 1.78022100 0.64257600
v 0.52692500 1.74363900 0.60599300
v 0.52692500 1.74363900 0.60599300
v 0.52692500 1.74363900 0.60599300
v 0.30186000 1.92645800 0.52393700
v 0.30186000 1.90408600 0.55211900
v 0.30186000 1.90408600 0.55211900
v 0.30186000 1.90408600 0.52393700
v 0.49814100 1.92645800 0.52393700
v 0.30186000 1.92645800 0.55211900
v 0.30186000 1.92645800 0.55211900
v 0.49814100 1.90408600 0.52393700
v 0.49814100 1.92645800 0.55211900
v 0.49814100 1.92645800 0.55211900
v 0.49814100 1.90408600 0.55211900
v 0.49814100 1.90408600 0.55211900
v 0.48201900 1.91476400 0.54194800
v 0.48201900 1.91476400 0.54194800
v 0.31798100 1.91476400 0.54194800
v 0.31798100 1.91476400 0.54194800
v 0.71798100 1.10150000 0.54194800
v 0.71798100 1.39923300 0.54194800
v 0.88201900 1.39923300 0.54194800
v 0.88201900 1.10150000 0.54194800
v 0.67307600 1.43624500 0.50616700
v 0.67307600 1.43624500 0.50616700
v 0.67307600 1.39721000 0.62487000
v 0.67307600 1.39721000 0.62487000
v 0.67307600 1.39721000 0.62487000
v 0.67307600 1.39721000 0.50616700
v 0.67307600 1.39721000 0.50616700
v 0.92692500 1.43624500 0.50616700
v 0.92692500 1.43624500 0.50616700
v 0.67307600 1.43624500 0.62487000
v 0.67307600 1.43624500 0.62487000
v 0.67307600 1.43624500 0.62487000
v 0.92692500 1.39721000 0.50616700
v 0.92692500 1.39721000 0.50616700
v 0.92692500 1.43624500 0.62487000
v 0.92692500 1.43624500 0.62487000
v 0.92692500 1.43624500 0.62487000
v 0.92692500 1.39721000 0.62487000
v 0.92692500 1.39721000 0.62487000
v 0.92692500 1.39721000 0.62487000
v 0.87148400 1.41917400 0.51597000
v 0.87148400 1.10048900 0.56306400
v 0.87148400 1.10048900 0.56306400
v 0.87148400 1.10048900 0.51597000
v 0.87148400 1.41917400 0.56306400
v 0.87148400 1.41917400 0.56306400
v 0.90646600 1.41917400 0.56306400
v 0.90646600 1.10048900 0.56306400
v 0.69353300 1.10048900 0.56306400
v 0.72851600 1.41917400 0.51597000
v 0.69353300 1.41917400 0.56306400
v 0.72851600 1.10048900 0.51597000
v 0.72851600 1.41917400 0.56306400
v 0.72851600 1.41917400 0.56306400
v 0.72851600 1.10048900 0.56306400
v 0.72851600 1.10048900 0.56306400
v 0.67307600 1.10783100 0.47549100
v 0.67307600 1.10783100 0.47549100
v 0.67307600 1.04363900 0.47549100
v 0.67307600 1.04363900 0.47549100
v 0.92692500 1.10783100 0.47549100
v 0.92692500 1.10783100 0.47549100
v 0.67307600 1.10783100 0.64257600
v 0.67307600 1.10783100 0.64257600
v 0.67307600 1.10783100 0.64257600
v 0.92692500 1.04363900 0.47549100
v 0.92692500 1.04363900 0.47549100
v 0.92692500 1.10783100 0.64257600
v 0.92692500 1.10783100 0.64257600
v 0.92692500 1.10783100 0.64257600
v 0.67307600 1.04363900 0.60599300
v 0.67307600 1.04363900 0.60599300
v 0.67307600 1.04363900 0.60599300
v 0.67307600 1.08022100 0.64257600
v 0.67307600 1.08022100 0.64257600
v 0.67307600 1.08022100 0.64257600
v 0.92692500 1.08022100 0.64257600
v 0.92692500 1.08022100 0.64257600
v 0.92692500 1.08022100 0.64257600
v 0.92692500 1.04363900 0.60599300
v 0.92692500 1.04363900 0.60599300
v 0.92692500 1.04363900 0.60599300
v 0.70186000 1.24375100 0.52393700
v 0.70186000 1.22137900 0.55211900
v 0.70186000 1.22137900 0.55211900
v 0.70186000 1.22137900 0.52393700
v 0.89814100 1.24375100 0.52393700
v 0.70186000 1.24375100 0.55211900
v 0.70186000 1.24375100 0.55211900
v 0.89814100 1.22137900 0.52393700
v 0.89814100 1.24375100 0.55211900
v 0.89814100 1.24375100 0.55211900
v 0.89814100 1.22137900 0.55211900
v 0.89814100 1.22137900 0.55211900
v 0.88201900 1.23205700 0.54194800
v 0.88201900 1.23205700 0.54194800
v 0.71798100 1.23205700 0.54194800
v 0.71798100 1.23205700 0.54194800
v 0.71798100 0.30150000 0.54194800
v 0.71798100 0.59923300 0.54194800
v 0.88201900 0.59923300 0.54194800
v 0.88201900 0.30150000 0.54194800
v 0.67307600 0.63624500 0.50616700
v 0.67307600 0.63624500 0.50616700
v 0.67307600 0.59721000 0.62487000
v 0.67307600 0.59721000 0.62487000
v 0.67307600 0.59721000 0.62487000
v 0.67307600 0.59721000 0.50616700
v 0.67307600 0.59721000 0.50616700
v 0.92692500 0.63624500 0.50616700
v 0.92692500 0.63624500 0.50616700
v 0.67307600 0.63624500 0.62487000
v 0.67307600 0.63624500 0.62487000
v 0.67307600 0.63624500 0.62487000
v 0.92692500 0.59721000 0.50616700
v 0.92692500 0.59721000 0.50616700
v 0.92692500 0.63624500 0.62487000
v 0.92692500 0.63624500 0.62487000
v 0.92692500 0.63624500 0.62487000
v 0.92692500 0.59721000 0.62487000
v 0.92692500 0.59721000 0.62487000
v 0.92692500 0.59721000 0.62487000
v 0.87148400 0.61917400 0.51597000
v 0.87148400 0.30048900 0.56306400
v 0.87148400 0.30048900 0.56306400
v 0.87148400 0.30048900 0.51597000
v 0.87148400 0.61917400 0.56306400
v 0.87148400 0.61917400 0.56306400
v 0.90646600 0.61917400 0.56306400
v 0.90646600 0.30048900 0.56306400
v 0.69353300 0.30048900 0.56306400
v 0.72851600 0.61917400 0.51597000
v 0.69353300 0.61917400 0.56306400
v 0.72851600 0.30048900 0.51597000
v 0.72851600 0.61917400 0.56306400
v 0.72851600 0.61917400 0.56306400
v 0.72851600 0.30048900 0.56306400
v 0.72851600 0.30048900 0.56306400
v 0.67307600 0.30783100 0.47549100
v 0.67307600 0.30783100 0.47549100
v 0.67307600 0.24363900 0.47549100
v 0.67307600 0.24363900 0.47549100
v 0.92692500 0.30783100 0.47549100
v 0.92692500 0.30783100 0.47549100
v 0.67307600 0.30783100 0.64257600
v 0.67307600 0.30783100 0.64257600
v 0.67307600 0.30783100 0.64257600
v 0.92692500 0.24363900 0.47549100
v 0.92692500 0.24363900 0.47549100
v 0.92692500 0.30783100 0.64257600
v 0.92692500 0.30783100 0.64257600
v 0.92692500 0.30783100 0.64257600
v 0.67307600 0.24363900 0.60599300
v 0.67307600 0.24363900 0.60599300
v 0.67307600 0.24363900 0.60599300
v 0.67307600 0.28022100 0.64257600
v 0.67307600 0.28022100 0.64257600
v 0.67307600 0.28022100 0.64257600
v 0.92692500 0.28022100 0.64257600
v 0.92692500 0.28022100 0.64257600
v 0.92692500 0.28022100 0.64257600
v 0.92692500 0.24363900 0.60599300
v 0.92692500 0.24363900 0.60599300
v 0.92692500 0.24363900 0.60599300
v 0.70186000 0.52645800 0.52393700
v 0.70186000 0.50408600 0.55211900
v 0.70186000 0.50408600 0.55211900
v 0.70186000 0.50408600 0.52393700
v 0.89814100 0.52645800 0.52393700
v 0.70186000 0.52645800 0.55211900
v 0.70186000 0.52645800 0.55211900
v 0.89814100 0.50408600 0.52393700
v 0.89814100 0.52645800 0.55211900
v 0.89814100 0.52645800 0.55211900
v 0.89814100 0.50408600 0.55211900
v 0.89814100 0.50408600 0.55211900
v 0.88201900 0.51476400 0.54194800
v 0.88201900 0.51476400 0.54194800
v 0.71798100 0.51476400 0.54194800
v 0.71798100 0.51476400 0.54194800
v 0.71798100 1.80150000 0.54194800
v 0.71798100 2.09923300 0.54194800
v 0.88201900 2.09923300 0.54194800
v 0.88201900 1.80150000 0.54194800
v 0.67307600 2.13624500 0.50616700
v 0.67307600 2.13624500 0.50616700
v 0.67307600 2.09721000 0.62487000
v 0.67307600 2.09721000 0.62487000
v 0.67307600 2.09721000 0.62487000
v 0.67307600 2.09721000 0.50616700
v 0.67307600 2.09721000 0.50616700
v 0.92692500 2.13624500 0.50616700
v 0.92692500 2.13624500 0.50616700
v 0.67307600 2.13624500 0.62487000
v 0.67307600 2.13624500 0.62487000
v 0.67307600 2.13624500 0.62487000
v 0.92692500 2.09721000 0.50616700
v 0.92692500 2.09721000 0.50616700
v 0.92692500 2.13624500 0.62487000
v 0.92692500 2.13624500 0.62487000
v 0.92692500 2.13624500 0.62487000
v 0.92692500 2.09721000 0.62487000
v 0.92692500 2.09721000 0.62487000
v 0.92692500 2.09721000 0.62487000
v 0.87148400 2.11917400 0.51597000
v 0.87148400 1.80048900 0.56306400
v 0.87148400 1.80048900 0.56306400
v 0.87148400 1.80048900 0.51597000
v 0.87148400 2.11917400 0.56306400
v 0.87148400 2.11917400 0.56306400
v 0.90646600 2.11917400 0.56306400
v 0.90646600 1.80048900 0.56306400
v 0.69353300 1.80048900 0.56306400
v 0.72851600 2.11917400 0.51597000
v 0.69353300 2.11917400 0.56306400
v 0.72851600 1.80048900 0.51597000
v 0.72851600 2.11917400 0.56306400
v 0.72851600 2.11917400 0.56306400
v 0.72851600 1.80048900 0.56306400
v 0.72851600 1.80048900 0.56306400
v 0.67307600 1.80783100 0.47549100
v 0.67307600 1.80783100 0.47549100
v 0.67307600 1.74363900 0.47549100
v 0.67307600 1.74363900 0.47549100
v 0.92692500 1.80783100 0.47549100
v 0.92692500 1.80783100 0.47549100
v 0.67307600 1.80783100 0.64257600
v 0.67307600 1.80783100 0.64257600
v 0.67307600 1.80783100 0.64257600
v 0.92692500 1.74363900 0.47549100
v 0.92692500 1.74363900 0.47549100
v 0.92692500 1.80783100 0.64257600
v 0.92692500 1.80783100 0.64257600
v 0.92692500 1.80783100 0.64257600
v 0.67307600 1.74363900 0.60599300
v 0.67307600 1.74363900 0.60599300
v 0.67307600 1.74363900 0.60599300
v 0.67307600 1.78022100 0.64257600
v 0.67307600 1.78022100 0.64257600
v 0.67307600 1.78022100 0.64257600
v 0.92692500 1.78022100 0.64257600
v 0.92692500 1.78022100 0.64257600
v 0.92692500 1.78022100 0.64257600
v 0.92692500 1.74363900 0.60599300
v 0.92692500 1.74363900 0.60599300
v 0.92692500 1.74363900 0.60599300
v 0.70186000 1.93102600 0.52393700
v 0.70186000 1.90865400 0.55211900
v 0.70186000 1.90865400 0.55211900
v 0.70186000 1.90865400 0.52393700
v 0.89814100 1.93102600 0.52393700
v 0.70186000 1.93102600 0.55211900
v 0.70186000 1.93102600 0.55211900
v 0.89814100 1.90865400 0.52393700
v 0.89814100 1.93102600 0.55211900
v 0.89814100 1.93102600 0.55211900
v 0.89814100 1.90865400 0.55211900
v 0.89814100 1.90865400 0.55211900
v 0.88201900 1.91933200 0.54194800
v 0.88201900 1.91933200 0.54194800
v 0.71798100 1.91933200 0.54194800
v 0.71798100 1.91933200 0.54194800
v 0.20000000 0.85000000 0.65000000
v 0.20000000 0.85000000 0.65000000
v 0.20000000 0.85000000 0.65000000
v 0.20000000 0.95000000 0.65000000
v 0.20000000 0.95000000 0.65000000
v 0.20000000 0.95000000 0.65000000
v 1.00000000 0.85000000 0.65000000
v 1.00000000 0.85000000 0.65000000
v 1.00000000 0.85000000 0.65000000
v 1.00000000 0.95000000 0.65000000
v 1.00000000 0.95000000 0.65000000
v 1.00000000 0.95000000 0.65000000
v 1.00000000 0.85000000 -0.65000000
v 1.00000000 0.85000000 -0.65000000
v 1.00000000 0.85000000 -0.65000000
v 1.00000000 0.95000000 -0.65000000
v 1.00000000 0.95000000 -0.65000000
v 1.00000000 0.95000000 -0.65000000
v 0.20000000 0.85000000 -0.60000000
v 0.20000000 0.85000000 -0.60000000
v 0.20000000 0.85000000 0.60000000
v 0.20000000 0.85000000 0.60000000
v 0.20000000 0.95000000 0.60000000
v 0.20000000 0.95000000 0.60000000
v 0.20000000 0.95000000 -0.60000000
v 0.20000000 0.95000000 -0.60000000
v 1.00000000 0.85000000 0.60000000
v 1.00000000 0.85000000 0.60000000
v 1.00000000 0.85000000 -0.60000000
v 1.00000000 0.85000000 -0.60000000
v 1.00000000 0.95000000 -0.60000000
v 1.00000000 0.95000000 -0.60000000
v 1.00000000 0.95000000 0.60000000
v 1.00000000 0.95000000 0.60000000
v 0.20000000 1.55000000 0.65000000
v 0.20000000 1.55000000 0.65000000
v 0.20000000 1.55000000 0.65000000
v 0.20000000 1.65000000 0.65000000
v 0.20000000 1.65000000 0.65000000
v 0.20000000 1.65000000 0.65000000
v 1.00000000 1.55000000 0.65000000
v 1.00000000 1.55000000 0.65000000
v 1.00000000 1.55000000 0.65000000
v 1.00000000 1.65000000 0.65000000
v 1.00000000 1.65000000 0.65000000
v 1.00000000 1.65000000 0.65000000
v 1.00000000 1.55000000 -0.65000000
v 1.00000000 1.55000000 -0.65000000
v 1.00000000 1.55000000 -0.65000000
v 1.00000000 1.65000000 -0.65000000
v 1.00000000 1.65000000 -0.65000000
v 1.00000000 1.65000000 -0.65000000
v 0.20000000 1.55000000 -0.60000000
v 0.20000000 1.55000000 -0.60000000
v 0.20000000 1.55000000 0.60000000
v 0.20000000 1.55000000 0.60000000
v 0.20000000 1.65000000 0.60000000
v 0.20000000 1.65000000 0.60000000
v 0.20000000 1.65000000 -0.60000000
v 0.20000000 1.65000000 -0.60000000
v 1.00000000 1.55000000 0.60000000
v 1.00000000 1.55000000 0.60000000
v 1.00000000 1.55000000 -0.60000000
v 1.00000000 1.55000000 -0.60000000
v 1.00000000 1.65000000 -0.60000000
v 1.00000000 1.65000000 -0.60000000
v 1.00000000 1.65000000 0.60000000
v 1.00000000 1.65000000 0.60000000
v -0.20000000 0.10000000 0.40000000
v -0.20000000 0.10000000 0.40000000
v -0.60000000 0.10000000 0.60000000
v -1.00000000 0.10000000 0.60000000
v -1.00000000 0.10000000 0.60000000
v -0.20000000 1.60000100 0.40000000
v -0.20000000 1.60000100 0.40000000
v -0.60000000 1.60000100 0.60000000
v -1.00000000 1.60000100 0.60000000
v -1.00000000 1.60000100 0.60000000
v -0.20000000 0.90000000 0.40000000
v -0.20000000 0.90000000 0.40000000
v -1.00000000 0.90000000 0.60000000
v -1.00000000 0.90000000 0.60000000
v -0.90000000 0.27500000 0.60000000
v -0.90000000 0.27500000 0.60000000
v -0.90000000 0.27500000 0.60000000
v -0.70000000 0.27500000 0.60000000
v -0.70000000 0.27500000 0.60000000
v -0.70000000 0.27500000 0.60000000
v -0.70000000 0.62500000 0.60000000
v -0.70000000 0.62500000 0.60000000
v -0.70000000 0.62500000 0.60000000
v -0.90000000 0.62500000 0.60000000
v -0.90000000 0.62500000 0.60000000
v -0.90000000 0.62500000 0.60000000
v -0.90000000 1.42500000 0.60000000
v -0.90000000 1.42500000 0.60000000
v -0.90000000 1.42500000 0.60000000
v -0.90000000 1.07500000 0.60000000
v -0.90000000 1.07500000 0.60000000
v -0.90000000 1.07500000 0.60000000
v -0.70000000 1.07500000 0.60000000
v -0.70000000 1.07500000 0.60000000
v -0.70000000 1.07500000 0.60000000
v -0.70000000 1.42500000 0.60000000
v -0.70000000 1.42500000 0.60000000
v -0.70000000 1.42500000 0.60000000
v -0.70000000 0.27500000 0.50000000
v -0.70000000 0.27500000 0.50000000
v -0.90000000 0.27500000 0.50000000
v -0.90000000 0.27500000 0.50000000
v -0.90000000 0.62500000 0.50000000
v -0.90000000 0.62500000 0.50000000
v -0.70000000 0.62500000 0.50000000
v -0.70000000 0.62500000 0.50000000
v -0.90000000 1.42500000 0.50000000
v -0.90000000 1.42500000 0.50000000
v -0.90000000 1.07500000 0.50000000
v -0.90000000 1.07500000 0.50000000
v -0.70000000 1.42500000 0.50000000
v -0.70000000 1.42500000 0.50000000
v -0.70000000 1.07500000 0.50000000
v -0.70000000 1.07500000 0.50000000
v -0.30000000 1.07500000 0.50000000
v -0.30000000 1.07500000 0.50000000
v -0.30000000 1.42500000 0.50000000
v -0.30000000 1.42500000 0.50000000
v -0.50000000 1.07500000 0.50000000
v -0.50000000 1.07500000 0.50000000
v -0.50000000 1.42500000 0.50000000
v -0.50000000 1.42500000 0.50000000
v -0.30000000 0.62500000 0.50000000
v -0.30000000 0.62500000 0.50000000
v -0.50000000 0.62500000 0.50000000
v -0.50000000 0.62500000 0.50000000
v -0.50000000 0.27500000 0.50000000
v -0.50000000 0.27500000 0.50000000
v -0.30000000 0.27500000 0.50000000
v -0.30000000 0.27500000 0.50000000
v -0.30000000 1.42500000 0.60000000
v -0.30000000 1.42500000 0.60000000
v -0.30000000 1.42500000 0.60000000
v -0.30000000 1.07500000 0.60000000
v -0.30000000 1.07500000 0.60000000
v -0.30000000 1.07500000 0.60000000
v -0.50000000 1.07500000 0.60000000
v -0.50000000 1.07500000 0.60000000
v -0.50000000 1.07500000 0.60000000
v -0.50000000 1.42500000 0.60000000
v -0.50000000 1.42500000 0.60000000
v -0.50000000 1.42500000 0.60000000
v -0.50000000 0.62500000 0.60000000
v -0.50000000 0.62500000 0.60000000
v -0.50000000 0.62500000 0.60000000
v -0.30000000 0.62500000 0.60000000
v -0.30000000 0.62500000 0.60000000
v -0.30000000 0.62500000 0.60000000
v -0.30000000 0.27500000 0.60000000
v -0.30000000 0.27500000 0.60000000
v -0.30000000 0.27500000 0.60000000
v -0.50000000 0.27500000 0.60000000
v -0.50000000 0.27500000 0.60000000
v -0.50000000 0.27500000 0.60000000
v -0.60000000 0.90000000 0.60000000
v -0.20000000 0.90000000 0.60000000
v -0.20000000 0.90000000 0.60000000
v -0.20000000 1.60000100 0.60000000
v -0.20000000 1.60000100 0.60000000
v -0.20000000 0.10000000 0.60000000
v -0.20000000 0.10000000 0.60000000
v -0.20000000 2.25000000 0.40000000
v -0.20000000 2.25000000 0.40000000
v -0.60000000 2.25000000 0.60000000
v -1.00000000 2.25000000 0.60000000
v -1.00000000 2.25000000 0.60000000
v -0.90000000 2.12500000 0.60000000
v -0.90000000 2.12500000 0.60000000
v -0.90000000 2.12500000 0.60000000
v -0.90000000 1.77500000 0.60000000
v -0.90000000 1.77500000 0.60000000
v -0.90000000 1.77500000 0.60000000
v -0.70000000 1.77500000 0.60000000
v -0.70000000 1.77500000 0.60000000
v -0.70000000 1.77500000 0.60000000
v -0.70000000 2.12500000 0.60000000
v -0.70000000 2.12500000 0.60000000
v -0.70000000 2.12500000 0.60000000
v -0.90000000 2.12500000 0.50000000
v -0.90000000 2.12500000 0.50000000
v -0.90000000 1.77500000 0.50000000
v -0.90000000 1.77500000 0.50000000
v -0.70000000 2.12500000 0.50000000
v -0.70000000 2.12500000 0.50000000
v -0.70000000 1.77500000 0.50000000
v -0.70000000 1.77500000 0.50000000
v -0.30000000 1.77500000 0.50000000
v -0.30000000 1.77500000 0.50000000
v -0.30000000 2.12500000 0.50000000
v -0.30000000 2.12500000 0.50000000
v -0.50000000 1.77500000 0.50000000
v -0.50000000 1.77500000 0.50000000
v -0.50000000 2.12500000 0.50000000
v -0.50000000 2.12500000 0.50000000
v -0.30000000 2.12500000 0.60000000
v -0.30000000 2.12500000 0.60000000
v -0.30000000 2.12500000 0.60000000
v -0.30000000 1.77500000 0.60000000
v -0.30000000 1.77500000 0.60000000
v -0.30000000 1.77500000 0.60000000
v -0.50000000 1.77500000 0.60000000
v -0.50000000 1.77500000 0.60000000
v -0.50000000 1.77500000 0.60000000
v -0.50000000 2.12500000 0.60000000
v -0.50000000 2.12500000 0.60000000
v -0.50000000 2.12500000 0.60000000
v -0.20000000 2.25000000 0.60000000
v -0.20000000 2.25000000 0.60000000
v -1.00000000 0.90000000 -0.60000000
v -1.00000000 0.90000000 -0.60000000
v -1.00000000 0.10000000 -0.60000000
v -1.00000000 0.10000000 -0.60000000
v -0.88201900 1.10150000 0.54194800
v -0.88201900 1.39923300 0.54194800
v -0.71798100 1.39923300 0.54194800
v -0.71798100 1.10150000 0.54194800
v -0.92692400 1.43624500 0.50616700
v -0.92692400 1.43624500 0.50616700
v -0.92692400 1.39721000 0.62487000
v -0.92692400 1.39721000 0.62487000
v -0.92692400 1.39721000 0.62487000
v -0.92692400 1.39721000 0.50616700
v -0.92692400 1.39721000 0.50616700
v -0.67307500 1.43624500 0.50616700
v -0.67307500 1.43624500 0.50616700
v -0.92692400 1.43624500 0.62487000
v -0.92692400 1.43624500 0.62487000
v -0.92692400 1.43624500 0.62487000
v -0.67307500 1.39721000 0.50616700
v -0.67307500 1.39721000 0.50616700
v -0.67307500 1.43624500 0.62487000
v -0.67307500 1.43624500 0.62487000
v -0.67307500 1.43624500 0.62487000
v -0.67307500 1.39721000 0.62487000
v -0.67307500 1.39721000 0.62487000
v -0.67307500 1.39721000 0.62487000
v -0.72851600 1.41917400 0.51597000
v -0.72851600 1.10048900 0.56306400
v -0.72851600 1.10048900 0.56306400
v -0.72851600 1.10048900 0.51597000
v -0.72851600 1.41917400 0.56306400
v -0.72851600 1.41917400 0.56306400
v -0.69353400 1.41917400 0.56306400
v -0.69353400 1.10048900 0.56306400
v -0.90646700 1.10048900 0.56306400
v -0.87148400 1.41917400 0.51597000
v -0.90646700 1.41917400 0.56306400
v -0.87148400 1.10048900 0.51597000
v -0.87148400 1.41917400 0.56306400
v -0.87148400 1.41917400 0.56306400
v -0.87148400 1.10048900 0.56306400
v -0.87148400 1.10048900 0.56306400
v -0.92692400 1.10783100 0.47549100
v -0.92692400 1.10783100 0.47549100
v -0.92692400 1.04363900 0.47549100
v -0.92692400 1.04363900 0.47549100
v -0.67307500 1.10783100 0.47549100
v -0.67307500 1.10783100 0.47549100
v -0.92692400 1.10783100 0.64257600
v -0.92692400 1.10783100 0.64257600
v -0.92692400 1.10783100 0.64257600
v -0.67307500 1.04363900 0.47549100
v -0.67307500 1.04363900 0.47549100
v -0.67307500 1.10783100 0.64257600
v -0.67307500 1.10783100 0.64257600
v -0.67307500 1.10783100 0.64257600
v -0.92692400 1.04363900 0.60599300
v -0.92692400 1.04363900 0.60599300
v -0.92692400 1.04363900 0.60599300
v -0.92692400 1.08022100 0.64257600
v -0.92692400 1.08022100 0.64257600
v -0.92692400 1.08022100 0.64257600
v -0.67307500 1.08022100 0.64257600
v -0.67307500 1.08022100 0.64257600
v -0.67307500 1.08022100 0.64257600
v -0.67307500 1.04363900 0.60599300
v -0.67307500 1.04363900 0.60599300
v -0.67307500 1.04363900 0.60599300
v -0.89814000 1.25011300 0.52393700
v -0.89814000 1.22774100 0.55211900
v -0.89814000 1.22774100 0.55211900
v -0.89814000 1.22774100 0.52393700
v -0.70185900 1.25011300 0.52393700
v -0.89814000 1.25011300 0.55211900
v -0.89814000 1.25011300 0.55211900
v -0.70185900 1.22774100 0.52393700
v -0.70185900 1.25011300 0.55211900
v -0.70185900 1.25011300 0.55211900
v -0.70185900 1.22774100 0.55211900
v -0.70185900 1.22774100 0.55211900
v -0.71798100 1.23841900 0.54194800
v -0.71798100 1.23841900 0.54194800
v -0.88201900 1.23841900 0.54194800
v -0.88201900 1.23841900 0.54194800
v -0.88201900 0.30150000 0.54194800
v -0.88201900 0.59923300 0.54194800
v -0.71798100 0.59923300 0.54194800
v -0.71798100 0.30150000 0.54194800
v -0.92692400 0.63624500 0.50616700
v -0.92692400 0.63624500 0.50616700
v -0.92692400 0.59721000 0.62487000
v -0.92692400 0.59721000 0.62487000
v -0.92692400 0.59721000 0.62487000
v -0.92692400 0.59721000 0.50616700
v -0.92692400 0.59721000 0.50616700
v -0.67307500 0.63624500 0.50616700
v -0.67307500 0.63624500 0.50616700
v -0.92692400 0.63624500 0.62487000
v -0.92692400 0.63624500 0.62487000
v -0.92692400 0.63624500 0.62487000
v -0.67307500 0.59721000 0.50616700
v -0.67307500 0.59721000 0.50616700
v -0.67307500 0.63624500 0.62487000
v -0.67307500 0.63624500 0.62487000
v -0.67307500 0.63624500 0.62487000
v -0.67307500 0.59721000 0.62487000
v -0.67307500 0.59721000 0.62487000
v -0.67307500 0.59721000 0.62487000
v -0.72851600 0.61917400 0.51597000
v -0.72851600 0.30048900 0.56306400
v -0.72851600 0.30048900 0.56306400
v -0.72851600 0.30048900 0.51597000
v -0.72851600 0.61917400 0.56306400
v -0.72851600 0.61917400 0.56306400
v -0.69353400 0.61917400 0.56306400
v -0.69353400 0.30048900 0.56306400
v -0.90646700 0.30048900 0.56306400
v -0.87148400 0.61917400 0.51597000
v -0.90646700 0.61917400 0.56306400
v -0.87148400 0.30048900 0.51597000
v -0.87148400 0.61917400 0.56306400
v -0.87148400 0.61917400 0.56306400
v -0.87148400 0.30048900 0.56306400
v -0.87148400 0.30048900 0.56306400
v -0.92692400 0.30783100 0.47549100
v -0.92692400 0.30783100 0.47549100
v -0.92692400 0.24363900 0.47549100
v -0.92692400 0.24363900 0.47549100
v -0.67307500 0.30783100 0.47549100
v -0.67307500 0.30783100 0.47549100
v -0.92692400 0.30783100 0.64257600
v -0.92692400 0.30783100 0.64257600
v -0.92692400 0.30783100 0.64257600
v -0.67307500 0.24363900 0.47549100
v -0.67307500 0.24363900 0.47549100
v -0.67307500 0.30783100 0.64257600
v -0.67307500 0.30783100 0.64257600
v -0.67307500 0.30783100 0.64257600
v -0.92692400 0.24363900 0.60599300
v -0.92692400 0.24363900 0.60599300
v -0.92692400 0.24363900 0.60599300
v -0.92692400 0.28022100 0.64257600
v -0.92692400 0.28022100 0.64257600
v -0.92692400 0.28022100 0.64257600
v -0.67307500 0.28022100 0.64257600
v -0.67307500 0.28022100 0.64257600
v -0.67307500 0.28022100 0.64257600
v -0.67307500 0.24363900 0.60599300
v -0.67307500 0.24363900 0.60599300
v -0.67307500 0.24363900 0.60599300
v -0.89814000 0.43526800 0.52393700
v -0.89814000 0.41289600 0.55211900
v -0.89814000 0.41289600 0.55211900
v -0.89814000 0.41289600 0.52393700
v -0.70185900 0.43526800 0.52393700
v -0.89814000 0.43526800 0.55211900
v -0.89814000 0.43526800 0.55211900
v -0.70185900 0.41289600 0.52393700
v -0.70185900 0.43526800 0.55211900
v -0.70185900 0.43526800 0.55211900
v -0.70185900 0.41289600 0.55211900
v -0.70185900 0.41289600 0.55211900
v -0.71798100 0.42357400 0.54194800
v -0.71798100 0.42357400 0.54194800
v -0.88201900 0.42357400 0.54194800
v -0.88201900 0.42357400 0.54194800
v -0.88201900 1.80150000 0.54194800
v -0.88201900 2.09923300 0.54194800
v -0.71798100 2.09923300 0.54194800
v -0.71798100 1.80150000 0.54194800
v -0.92692400 2.13624500 0.50616700
v -0.92692400 2.13624500 0.50616700
v -0.92692400 2.09721000 0.62487000
v -0.92692400 2.09721000 0.62487000
v -0.92692400 2.09721000 0.62487000
v -0.92692400 2.09721000 0.50616700
v -0.92692400 2.09721000 0.50616700
v -0.67307500 2.13624500 0.50616700
v -0.67307500 2.13624500 0.50616700
v -0.92692400 2.13624500 0.62487000
v -0.92692400 2.13624500 0.62487000
v -0.92692400 2.13624500 0.62487000
v -0.67307500 2.09721000 0.50616700
v -0.67307500 2.09721000 0.50616700
v -0.67307500 2.13624500 0.62487000
v -0.67307500 2.13624500 0.62487000
v -0.67307500 2.13624500 0.62487000
v -0.67307500 2.09721000 0.62487000
v -0.67307500 2.09721000 0.62487000
v -0.67307500 2.09721000 0.62487000
v -0.72851600 2.11917400 0.51597000
v -0.72851600 1.80048900 0.56306400
v -0.72851600 1.80048900 0.56306400
v -0.72851600 1.80048900 0.51597000
v -0.72851600 2.11917400 0.56306400
v -0.72851600 2.11917400 0.56306400
v -0.69353400 2.11917400 0.56306400
v -0.69353400 1.80048900 0.56306400
v -0.90646700 1.80048900 0.56306400
v -0.87148400 2.11917400 0.51597000
v -0.90646700 2.11917400 0.56306400
v -0.87148400 1.80048900 0.51597000
v -0.87148400 2.11917400 0.56306400
v -0.87148400 2.11917400 0.56306400
v -0.87148400 1.80048900 0.56306400
v -0.87148400 1.80048900 0.56306400
v -0.92692400 1.80783100 0.47549100
v -0.92692400 1.80783100 0.47549100
v -0.92692400 1.74363900 0.47549100
v -0.92692400 1.74363900 0.47549100
v -0.67307500 1.80783100 0.47549100
v -0.67307500 1.80783100 0.47549100
v -0.92692400 1.80783100 0.64257600
v -0.92692400 1.80783100 0.64257600
v -0.92692400 1.80783100 0.64257600
v -0.67307500 1.74363900 0.47549100
v -0.67307500 1.74363900 0.47549100
v -0.67307500 1.80783100 0.64257600
v -0.67307500 1.80783100 0.64257600
v -0.67307500 1.80783100 0.64257600
v -0.92692400 1.74363900 0.60599300
v -0.92692400 1.74363900 0.60599300
v -0.92692400 1.74363900 0.60599300
v -0.92692400 1.78022100 0.64257600
v -0.92692400 1.78022100 0.64257600
v -0.92692400 1.78022100 0.64257600
v -0.67307500 1.78022100 0.64257600
v -0.67307500 1.78022100 0.64257600
v -0.67307500 1.78022100 0.64257600
v -0.67307500 1.74363900 0.60599300
v -0.67307500 1.74363900 0.60599300
v -0.67307500 1.74363900 0.60599300
v -0.89814000 2.02645800 0.52393700
v -0.89814000 2.00408600 0.55211900
v -0.89814000 2.00408600 0.55211900
v -0.89814000 2.00408600 0.52393700
v -0.70185900 2.02645800 0.52393700
v -0.89814000 2.02645800 0.55211900
v -0.89814000 2.02645800 0.55211900
v -0.70185900 2.00408600 0.52393700
v -0.70185900 2.02645800 0.55211900
v -0.70185900 2.02645800 0.55211900
v -0.70185900 2.00408600 0.55211900
v -0.70185900 2.00408600 0.55211900
v -0.71798100 2.01476400 0.54194800
v -0.71798100 2.01476400 0.54194800
v -0.88201900 2.01476400 0.54194800
v -0.88201900 2.01476400 0.54194800
v -0.48201900 1.10150000 0.54194800
v -0.48201900 1.39923300 0.54194800
v -0.31798100 1.39923300 0.54194800
v -0.31798100 1.10150000 0.54194800
v -0.52692400 1.43624500 0.50616700
v -0.52692400 1.43624500 0.50616700
v -0.52692400 1.39721000 0.62487000
v -0.52692400 1.39721000 0.62487000
v -0.52692400 1.39721000 0.62487000
v -0.52692400 1.39721000 0.50616700
v -0.52692400 1.39721000 0.50616700
v -0.27307500 1.43624500 0.50616700
v -0.27307500 1.43624500 0.50616700
v -0.52692400 1.43624500 0.62487000
v -0.52692400 1.43624500 0.62487000
v -0.52692400 1.43624500 0.62487000
v -0.27307500 1.39721000 0.50616700
v -0.27307500 1.39721000 0.50616700
v -0.27307500 1.43624500 0.62487000
v -0.27307500 1.43624500 0.62487000
v -0.27307500 1.43624500 0.62487000
v -0.27307500 1.39721000 0.62487000
v -0.27307500 1.39721000 0.62487000
v -0.27307500 1.39721000 0.62487000
v -0.32851600 1.41917400 0.51597000
v -0.32851600 1.10048900 0.56306400
v -0.32851600 1.10048900 0.56306400
v -0.32851600 1.10048900 0.51597000
v -0.32851600 1.41917400 0.56306400
v -0.32851600 1.41917400 0.56306400
v -0.29353400 1.41917400 0.56306400
v -0.29353400 1.10048900 0.56306400
v -0.50646700 1.10048900 0.56306400
v -0.47148400 1.41917400 0.51597000
v -0.50646700 1.41917400 0.56306400
v -0.47148400 1.10048900 0.51597000
v -0.47148400 1.41917400 0.56306400
v -0.47148400 1.41917400 0.56306400
v -0.47148400 1.10048900 0.56306400
v -0.47148400 1.10048900 0.56306400
v -0.52692400 1.10783100 0.47549100
v -0.52692400 1.10783100 0.47549100
v -0.52692400 1.04363900 0.47549100
v -0.52692400 1.04363900 0.47549100
v -0.27307500 1.10783100 0.47549100
v -0.27307500 1.10783100 0.47549100
v -0.52692400 1.10783100 0.64257600
v -0.52692400 1.10783100 0.64257600
v -0.52692400 1.10783100 0.64257600
v -0.27307500 1.04363900 0.47549100
v -0.27307500 1.04363900 0.47549100
v -0.27307500 1.10783100 0.64257600
v -0.27307500 1.10783100 0.64257600
v -0.27307500 1.10783100 0.64257600
v -0.52692400 1.04363900 0.60599300
v -0.52692400 1.04363900 0.60599300
v -0.52692400 1.04363900 0.60599300
v -0.52692400 1.08022100 0.64257600
v -0.52692400 1.08022100 0.64257600
v -0.52692400 1.08022100 0.64257600
v -0.27307500 1.08022100 0.64257600
v -0.27307500 1.08022100 0.64257600
v -0.27307500 1.08022100 0.64257600
v -0.27307500 1.04363900 0.60599300
v -0.27307500 1.04363900 0.60599300
v -0.27307500 1.04363900 0.60599300
v -0.49814000 1.32645800 0.52393700
v -0.49814000 1.30408600 0.55211900
v -0.49814000 1.30408600 0.55211900
v -0.49814000 1.30408600 0.52393700
v -0.30185900 1.32645800 0.52393700
v -0.49814000 1.32645800 0.55211900
v -0.49814000 1.32645800 0.55211900
v -0.30185900 1.30408600 0.52393700
v -0.30185900 1.32645800 0.55211900
v -0.30185900 1.32645800 0.55211900
v -0.30185900 1.30408600 0.55211900
v -0.30185900 1.30408600 0.55211900
v -0.31798100 1.31476400 0.54194800
v -0.31798100 1.31476400 0.54194800
v -0.48201900 1.31476400 0.54194800
v -0.48201900 1.31476400 0.54194800
v -0.48201900 0.30150000 0.54194800
v -0.48201900 0.59923300 0.54194800
v -0.31798100 0.59923300 0.54194800
v -0.31798100 0.30150000 0.54194800
v -0.52692400 0.63624500 0.50616700
v -0.52692400 0.63624500 0.50616700
v -0.52692400 0.59721000 0.62487000
v -0.52692400 0.59721000 0.62487000
v -0.52692400 0.59721000 0.62487000
v -0.52692400 0.59721000 0.50616700
v -0.52692400 0.59721000 0.50616700
v -0.27307500 0.63624500 0.50616700
v -0.27307500 0.63624500 0.50616700
v -0.52692400 0.63624500 0.62487000
v -0.52692400 0.63624500 0.62487000
v -0.52692400 0.63624500 0.62487000
v -0.27307500 0.59721000 0.50616700
v -0.27307500 0.59721000 0.50616700
v -0.27307500 0.63624500 0.62487000
v -0.27307500 0.63624500 0.62487000
v -0.27307500 0.63624500 0.62487000
v -0.27307500 0.59721000 0.62487000
v -0.27307500 0.59721000 0.62487000
v -0.27307500 0.59721000 0.62487000
v -0.32851600 0.61917400 0.51597000
v -0.32851600 0.30048900 0.56306400
v -0.32851600 0.30048900 0.56306400
v -0.32851600 0.30048900 0.51597000
v -0.32851600 0.61917400 0.56306400
v -0.32851600 0.61917400 0.56306400
v -0.29353400 0.61917400 0.56306400
v -0.29353400 0.30048900 0.56306400
v -0.50646700 0.30048900 0.56306400
v -0.47148400 0.61917400 0.51597000
v -0.50646700 0.61917400 0.56306400
v -0.47148400 0.30048900 0.51597000
v -0.47148400 0.61917400 0.56306400
v -0.47148400 0.61917400 0.56306400
v -0.47148400 0.30048900 0.56306400
v -0.47148400 0.30048900 0.56306400
v -0.52692400 0.30783100 0.47549100
v -0.52692400 0.30783100 0.47549100
v -0.52692400 0.24363900 0.47549100
v -0.52692400 0.24363900 0.47549100
v -0.27307500 0.30783100 0.47549100
v -0.27307500 0.30783100 0.47549100
v -0.52692400 0.30783100 0.64257600
v -0.52692400 0.30783100 0.64257600
v -0.52692400 0.30783100 0.64257600
v -0.27307500 0.24363900 0.47549100
v -0.27307500 0.24363900 0.47549100
v -0.27307500 0.30783100 0.64257600
v -0.27307500 0.30783100 0.64257600
v -0.27307500 0.30783100 0.64257600
v -0.52692400 0.24363900 0.60599300
v -0.52692400 0.24363900 0.60599300
v -0.52692400 0.24363900 0.60599300
v -0.52692400 0.28022100 0.64257600
v -0.52692400 0.28022100 0.64257600
v -0.52692400 0.28022100 0.64257600
v -0.27307500 0.28022100 0.64257600
v -0.27307500 0.28022100 0.64257600
v -0.27307500 0.28022100 0.64257600
v -0.27307500 0.24363900 0.60599300
v -0.27307500 0.24363900 0.60599300
v -0.27307500 0.24363900 0.60599300
v -0.49814000 0.54978600 0.52393700
v -0.49814000 0.52741400 0.55211900
v -0.49814000 0.52741400 0.55211900
v -0.49814000 0.52741400 0.52393700
v -0.30185900 0.54978600 0.52393700
v -0.49814000 0.54978600 0.55211900
v -0.49814000 0.54978600 0.55211900
v -0.30185900 0.52741400 0.52393700
v -0.30185900 0.54978600 0.55211900
v -0.30185900 0.54978600 0.55211900
v -0.30185900 0.52741400 0.55211900
v -0.30185900 0.52741400 0.55211900
v -0.31798100 0.53809200 0.54194800
v -0.31798100 0.53809200 0.54194800
v -0.48201900 0.53809200 0.54194800
v -0.48201900 0.53809200 0.54194800
v -0.48201900 1.80150000 0.54194800
v -0.48201900 2.09923300 0.54194800
v -0.31798100 2.09923300 0.54194800
v -0.31798100 1.80150000 0.54194800
v -0.52692400 2.13624500 0.50616700
v -0.52692400 2.13624500 0.50616700
v -0.52692400 2.09721000 0.62487000
v -0.52692400 2.09721000 0.62487000
v -0.52692400 2.09721000 0.62487000
v -0.52692400 2.09721000 0.50616700
v -0.52692400 2.09721000 0.50616700
v -0.27307500 2.13624500 0.50616700
v -0.27307500 2.13624500 0.50616700
v -0.52692400 2.13624500 0.62487000
v -0.52692400 2.13624500 0.62487000
v -0.52692400 2.13624500 0.62487000
v -0.27307500 2.09721000 0.50616700
v -0.27307500 2.09721000 0.50616700
v -0.27307500 2.13624500 0.62487000
v -0.27307500 2.13624500 0.62487000
v -0.27307500 2.13624500 0.62487000
v -0.27307500 2.09721000 0.62487000
v -0.27307500 2.09721000 0.62487000
v -0.27307500 2.09721000 0.62487000
v -0.32851600 2.11917400 0.51597000
v -0.32851600 1.80048900 0.56306400
v -0.32851600 1.80048900 0.56306400
v -0.32851600 1.80048900 0.51597000
v -0.32851600 2.11917400 0.56306400
v -0.32851600 2.11917400 0.56306400
v -0.29353400 2.11917400 0.56306400
v -0.29353400 1.80048900 0.56306400
v -0.50646700 1.80048900 0.56306400
v -0.47148400 2.11917400 0.51597000
v -0.50646700 2.11917400 0.56306400
v -0.47148400 1.80048900 0.51597000
v -0.47148400 2.11917400 0.56306400
v -0.47148400 2.11917400 0.56306400
v -0.47148400 1.80048900 0.56306400
v -0.47148400 1.80048900 0.56306400
v -0.52692400 1.80783100 0.47549100
v -0.52692400 1.80783100 0.47549100
v -0.52692400 1.74363900 0.47549100
v -0.52692400 1.74363900 0.47549100
v -0.27307500 1.80783100 0.47549100
v -0.27307500 1.80783100 0.47549100
v -0.52692400 1.80783100 0.64257600
v -0.52692400 1.80783100 0.64257600
v -0.52692400 1.80783100 0.64257600
v -0.27307500 1.74363900 0.47549100
v -0.27307500 1.74363900 0.47549100
v -0.27307500 1.80783100 0.64257600
v -0.27307500 1.80783100 0.64257600
v -0.27307500 1.80783100 0.64257600
v -0.52692400 1.74363900 0.60599300
v -0.52692400 1.74363900 0.60599300
v -0.52692400 1.74363900 0.60599300
v -0.52692400 1.78022100 0.64257600
v -0.52692400 1.78022100 0.64257600
v -0.52692400 1.78022100 0.64257600
v -0.27307500 1.78022100 0.64257600
v -0.27307500 1.78022100 0.64257600
v -0.27307500 1.78022100 0.64257600
v -0.27307500 1.74363900 0.60599300
v -0.27307500 1.74363900 0.60599300
v -0.27307500 1.74363900 0.60599300
v -0.49814000 2.02645800 0.52393700
v -0.49814000 2.00408600 0.55211900
v -0.49814000 2.00408600 0.55211900
v -0.49814000 2.00408600 0.52393700
v -0.30185900 2.02645800 0.52393700
v -0.49814000 2.02645800 0.55211900
v -0.49814000 2.02645800 0.55211900
v -0.30185900 2.00408600 0.52393700
v -0.30185900 2.02645800 0.55211900
v -0.30185900 2.02645800 0.55211900
v -0.30185900 2.00408600 0.55211900
v -0.30185900 2.00408600 0.55211900
v -0.31798100 2.01476400 0.54194800
v -0.31798100 2.01476400 0.54194800
v -0.48201900 2.01476400 0.54194800
v -0.48201900 2.01476400 0.54194800
v -1.00000000 0.85000000 0.65000000
v -1.00000000 0.85000000 0.65000000
v -1.00000000 0.85000000 0.65000000
v -1.00000000 0.95000000 0.65000000
v -1.00000000 0.95000000 0.65000000
v -1.00000000 0.95000000 0.65000000
v -1.00000000 0.85000000 -0.65000000
v -1.00000000 0.85000000 -0.65000000
v -1.00000000 0.85000000 -0.65000000
v -1.00000000 0.95000000 -0.65000000
v -1.00000000 0.95000000 -0.65000000
v -1.00000000 0.95000000 -0.65000000
v -0.20000000 0.85000000 0.65000000
v -0.20000000 0.85000000 0.65000000
v -0.20000000 0.85000000 0.65000000
v -0.20000000 0.95000000 0.65000000
v -0.20000000 0.95000000 0.65000000
v -0.20000000 0.95000000 0.65000000
v -1.00000000 0.85000000 -0.60000000
v -1.00000000 0.85000000 -0.60000000
v -1.00000000 0.85000000 0.60000000
v -1.00000000 0.85000000 0.60000000
v -1.00000000 0.95000000 0.60000000
v -1.00000000 0.95000000 0.60000000
v -1.00000000 0.95000000 -0.60000000
v -1.00000000 0.95000000 -0.60000000
v -0.20000000 0.85000000 0.60000000
v -0.20000000 0.85000000 0.60000000
v -0.20000000 0.85000000 -0.60000000
v -0.20000000 0.85000000 -0.60000000
v -0.20000000 0.95000000 -0.60000000
v -0.20000000 0.95000000 -0.60000000
v -0.20000000 0.95000000 0.60000000
v -0.20000000 0.95000000 0.60000000
v -1.00000000 1.55000000 0.65000000
v -1.00000000 1.55000000 0.65000000
v -1.00000000 1.55000000 0.65000000
v -1.00000000 1.65000000 0.65000000
v -1.00000000 1.65000000 0.65000000
v -1.00000000 1.65000000 0.65000000
v -1.00000000 1.55000000 -0.65000000
v -1.00000000 1.55000000 -0.65000000
v -1.00000000 1.55000000 -0.65000000
v -1.00000000 1.65000000 -0.65000000
v -1.00000000 1.65000000 -0.65000000
v -1.00000000 1.65000000 -0.65000000
v -0.20000000 1.55000000 0.65000000
v -0.20000000 1.55000000 0.65000000
v -0.20000000 1.55000000 0.65000000
v -0.20000000 1.65000000 0.65000000
v -0.20000000 1.65000000 0.65000000
v -0.20000000 1.65000000 0.65000000
v -1.00000000 1.55000000 -0.60000000
v -1.00000000 1.55000000 -0.60000000
v -1.00000000 1.55000000 0.60000000
v -1.00000000 1.55000000 0.60000000
v -1.00000000 1.65000000 0.60000000
v -1.00000000 1.65000000 0.60000000
v -1.00000000 1.65000000 -0.60000000
v -1.00000000 1.65000000 -0.60000000
v -0.20000000 1.55000000 0.60000000
v -0.20000000 1.55000000 0.60000000
v -0.20000000 1.55000000 -0.60000000
v -0.20000000 1.55000000 -0.60000000
v -0.20000000 1.65000000 -0.60000000
v -0.20000000 1.65000000 -0.60000000
v -0.20000000 1.65000000 0.60000000
v -0.20000000 1.65000000 0.60000000
v -1.00000000 2.25000000 0.65000000
v -1.00000000 2.25000000 0.65000000
v -1.00000000 2.25000000 0.65000000
v -1.00000000 2.35000000 0.65000000
v -1.00000000 2.35000000 0.65000000
v -1.00000000 2.35000000 0.65000000
v -1.00000000 2.25000000 -0.65000000
v -1.00000000 2.25000000 -0.65000000
v -1.00000000 2.25000000 -0.65000000
v -1.00000000 2.35000000 -0.65000000
v -1.00000000 2.35000000 -0.65000000
v -1.00000000 2.35000000 -0.65000000
v 1.00000000 2.25000000 0.65000000
v 1.00000000 2.25000000 0.65000000
v 1.00000000 2.25000000 0.65000000
v 1.00000000 2.35000000 0.65000000
v 1.00000000 2.35000000 0.65000000
v 1.00000000 2.35000000 0.65000000
v 1.00000000 2.25000000 -0.65000000
v 1.00000000 2.25000000 -0.65000000
v 1.00000000 2.25000000 -0.65000000
v 1.00000000 2.35000000 -0.65000000
v 1.00000000 2.35000000 -0.65000000
v 1.00000000 2.35000000 -0.65000000
v 0.89849800 2.35000000 -0.54849700
v 0.89849800 2.35000000 -0.54849700
v 0.89849800 2.35000000 -0.54849700
v -0.89849600 2.35000000 -0.54849700
v -0.89849600 2.35000000 -0.54849700
v -0.89849600 2.35000000 -0.54849700
v -0.89849600 2.35000000 0.54849700
v -0.89849600 2.35000000 0.54849700
v -0.89849600 2.35000000 0.54849700
v 0.89849800 2.35000000 0.54849700
v 0.89849800 2.35000000 0.54849700
v 0.89849800 2.35000000 0.54849700
v -0.87300700 2.30662100 -0.52300700
v -0.87300700 2.30662100 -0.52300700
v -0.87300700 2.30662100 -0.52300700
v 0.87300800 2.30662100 -0.52300700
v 0.87300800 2.30662100 -0.52300700
v 0.87300800 2.30662100 -0.52300700
v 0.87300800 2.30662100 0.52300700
v 0.87300800 2.30662100 0.52300700
v 0.87300800 2.30662100 0.52300700
v -0.87300700 2.30662100 0.52300700
v -0.87300700 2.30662100 0.52300700
v -0.87300700 2.30662100 0.52300700
v 0.20000000 0.10000000 0.40000000
v 0.20000000 0.10000000 0.40000000
v 0.20000000 0.90000000 0.40000000
v 0.20000000 0.90000000 0.40000000
v 0.10000000 1.07500000 0.40000000
v 0.10000000 1.07500000 0.40000000
v 0.10000000 1.07500000 0.40000000
v 0.10000000 1.42500000 0.40000000
v 0.10000000 1.42500000 0.40000000
v 0.10000000 1.42500000 0.40000000
v -0.10000000 1.42500000 0.40000000
v -0.10000000 1.42500000 0.40000000
v -0.10000000 1.42500000 0.40000000
v -0.10000000 1.07500000 0.40000000
v -0.10000000 1.07500000 0.40000000
v -0.10000000 1.07500000 0.40000000
v 0.10000000 0.10500000 0.40000000
v 0.10000000 0.10500000 0.40000000
v 0.10000000 0.10500000 0.40000000
v 0.10000000 0.62500000 0.40000000
v 0.10000000 0.62500000 0.40000000
v 0.10000000 0.62500000 0.40000000
v -0.10000000 0.62500000 0.40000000
v -0.10000000 0.62500000 0.40000000
v -0.10000000 0.62500000 0.40000000
v -0.10000000 0.10500000 0.40000000
v -0.10000000 0.10500000 0.40000000
v -0.10000000 0.10500000 0.40000000
v 0.10000000 0.10500000 0.30000000
v 0.10000000 0.10500000 0.30000000
v -0.10000000 0.10500000 0.30000000
v -0.10000000 0.10500000 0.30000000
v 0.10000000 1.42500000 0.30000000
v 0.10000000 1.42500000 0.30000000
v 0.10000000 1.07500000 0.30000000
v 0.10000000 1.07500000 0.30000000
v -0.10000000 1.07500000 0.30000000
v -0.10000000 1.07500000 0.30000000
v -0.10000000 1.42500000 0.30000000
v -0.10000000 1.42500000 0.30000000
v 0.10000000 0.62500000 0.30000000
v 0.10000000 0.62500000 0.30000000
v -0.10000000 0.62500000 0.30000000
v -0.10000000 0.62500000 0.30000000
v 0.20000000 2.25000100 0.40000000
v 0.20000000 2.25000100 0.40000000
v 0.10000000 1.77500000 0.40000000
v 0.10000000 1.77500000 0.40000000
v 0.10000000 1.77500000 0.40000000
v 0.10000000 2.12500100 0.40000000
v 0.10000000 2.12500100 0.40000000
v 0.10000000 2.12500100 0.40000000
v -0.10000000 2.12500100 0.40000000
v -0.10000000 2.12500100 0.40000000
v -0.10000000 2.12500100 0.40000000
v -0.10000000 1.77500000 0.40000000
v -0.10000000 1.77500000 0.40000000
v -0.10000000 1.77500000 0.40000000
v 0.10000000 2.12500100 0.30000000
v 0.10000000 2.12500100 0.30000000
v 0.10000000 1.77500000 0.30000000
v 0.10000000 1.77500000 0.30000000
v -0.10000000 1.77500000 0.30000000
v -0.10000000 1.77500000 0.30000000
v -0.10000000 2.12500100 0.30000000
v -0.10000000 2.12500100 0.30000000
v -0.08201700 0.13150000 0.34194800
v -0.08201700 0.13150000 0.34194800
v 0.08202100 0.13150000 0.34194800
v 0.08202100 0.13150000 0.34194800
v -0.12692200 0.63624500 0.30616700
v -0.12692200 0.63624500 0.30616700
v -0.12692200 0.59721000 0.42487000
v -0.12692200 0.59721000 0.42487000
v -0.12692200 0.59721000 0.42487000
v -0.12692200 0.59721000 0.30616700
v -0.12692200 0.59721000 0.30616700
v 0.12692800 0.63624500 0.30616700
v 0.12692800 0.63624500 0.30616700
v -0.12692200 0.63624500 0.42487000
v -0.12692200 0.63624500 0.42487000
v -0.12692200 0.63624500 0.42487000
v 0.12692800 0.59721000 0.30616700
v 0.12692800 0.59721000 0.30616700
v 0.12692800 0.63624500 0.42487000
v 0.12692800 0.63624500 0.42487000
v 0.12692800 0.63624500 0.42487000
v 0.12692800 0.59721000 0.42487000
v 0.12692800 0.59721000 0.42487000
v 0.12692800 0.59721000 0.42487000
v 0.07148600 0.61917400 0.31597000
v 0.07148600 0.13048900 0.36306400
v 0.07148600 0.13048900 0.36306400
v 0.07148600 0.13048900 0.31597000
v 0.07148600 0.61917400 0.36306400
v 0.07148600 0.61917400 0.36306400
v 0.10646800 0.61917400 0.36306400
v 0.10646800 0.13048900 0.36306400
v -0.10646400 0.13048900 0.36306400
v -0.07148200 0.61917400 0.31597000
v -0.10646400 0.61917400 0.36306400
v -0.07148200 0.13048900 0.31597000
v -0.07148200 0.61917400 0.36306400
v -0.07148200 0.61917400 0.36306400
v -0.07148200 0.13048900 0.36306400
v -0.07148200 0.13048900 0.36306400
v -0.12692200 0.13783100 0.27549100
v -0.12692200 0.13783100 0.27549100
v -0.12692200 0.09993000 0.27549100
v 0.12692800 0.13783100 0.27549100
v 0.12692800 0.13783100 0.27549100
v -0.12692200 0.13783100 0.44257600
v -0.12692200 0.13783100 0.44257600
v -0.12692200 0.13783100 0.44257600
v 0.12692800 0.09993000 0.27549100
v 0.12692800 0.13783100 0.44257600
v 0.12692800 0.13783100 0.44257600
v 0.12692800 0.13783100 0.44257600
v -0.12692200 0.09993000 0.44257600
v -0.12692200 0.09993000 0.44257600
v 0.12692800 0.09993000 0.44257600
v 0.12692800 0.09993000 0.44257600
v -0.09813800 0.52645800 0.32393700
v -0.09813800 0.50408600 0.35211900
v -0.09813800 0.50408600 0.35211900
v -0.09813800 0.50408600 0.32393700
v 0.09814400 0.52645800 0.32393700
v -0.09813800 0.52645800 0.35211900
v -0.09813800 0.52645800 0.35211900
v 0.09814400 0.50408600 0.32393700
v 0.09814400 0.52645800 0.35211900
v 0.09814400 0.52645800 0.35211900
v 0.09814400 0.50408600 0.35211900
v 0.09814400 0.50408600 0.35211900
v 0.08202100 0.51476400 0.34194800
v 0.08202100 0.51476400 0.34194800
v -0.08201700 0.51476400 0.34194800
v -0.08201700 0.51476400 0.34194800
v -0.08201700 0.59923300 0.34194800
v 0.08202100 0.59923300 0.34194800
v 0.08202100 0.51476400 0.34194800
v -0.08201700 0.51476400 0.34194800
v 0.08202100 0.28313200 0.34194800
v 0.08202100 0.28313200 0.34194800
v 0.08202100 0.28313200 0.34194800
v -0.08201700 0.28313200 0.34194800
v -0.08201700 0.28313200 0.34194800
v -0.08201700 0.28313200 0.34194800
v 0.05084500 0.25195600 0.34194800
v 0.05084500 0.25195600 0.34194800
v 0.05084500 0.25195600 0.34194800
v -0.05084100 0.25195600 0.34194800
v -0.05084100 0.25195600 0.34194800
v -0.05084100 0.25195600 0.34194800
v -0.05084100 0.16267600 0.34194800
v -0.05084100 0.16267600 0.34194800
v -0.05084100 0.16267600 0.34194800
v 0.05084500 0.16267600 0.34194800
v 0.05084500 0.16267600 0.34194800
v 0.05084500 0.16267600 0.34194800
v 0.05084500 0.48358800 0.34194800
v 0.05084500 0.48358800 0.34194800
v 0.05084500 0.48358800 0.34194800
v -0.05084100 0.48358800 0.34194800
v -0.05084100 0.48358800 0.34194800
v -0.05084100 0.48358800 0.34194800
v -0.05084100 0.31430800 0.34194800
v -0.05084100 0.31430800 0.34194800
v -0.05084100 0.31430800 0.34194800
v 0.05084500 0.31430800 0.34194800
v 0.05084500 0.31430800 0.34194800
v 0.05084500 0.31430800 0.34194800
v 0.03926500 0.26991200 0.36206400
v 0.03926500 0.27521900 0.36737000
v 0.03926500 0.27521900 0.36737000
v 0.03395800 0.27521900 0.36206400
v 0.03395800 0.27521900 0.36206400
v 0.03395800 0.27521900 0.36206400
v 0.03926500 0.29104500 0.36737000
v 0.03926500 0.29104500 0.36737000
v 0.03926500 0.29635200 0.36206400
v 0.03395800 0.29104500 0.36206400
v 0.03395800 0.29104500 0.36206400
v 0.03395800 0.29104500 0.36206400
v 0.03926500 0.26991200 0.34623700
v 0.03395800 0.27521900 0.34623700
v 0.03395800 0.27521900 0.34623700
v 0.03395800 0.27521900 0.34623700
v 0.03926500 0.27521900 0.34093000
v 0.03926500 0.27521900 0.34093000
v 0.03926500 0.29635200 0.34623700
v 0.03926500 0.29104500 0.34093000
v 0.03926500 0.29104500 0.34093000
v 0.03395800 0.29104500 0.34623700
v 0.03395800 0.29104500 0.34623700
v 0.03395800 0.29104500 0.34623700
v 0.05509200 0.26991200 0.36206400
v 0.06039800 0.27521900 0.36206400
v 0.06039800 0.27521900 0.36206400
v 0.05509200 0.27521900 0.36737000
v 0.05509200 0.27521900 0.36737000
v 0.05509200 0.27521900 0.36737000
v 0.05509200 0.29635200 0.36206400
v 0.05509200 0.29104500 0.36737000
v 0.05509200 0.29104500 0.36737000
v 0.05509200 0.29104500 0.36737000
v 0.06039800 0.29104500 0.36206400
v 0.06039800 0.29104500 0.36206400
v 0.05509200 0.26991200 0.34623700
v 0.05509200 0.27521900 0.34093000
v 0.05509200 0.27521900 0.34093000
v 0.06039800 0.27521900 0.34623700
v 0.06039800 0.27521900 0.34623700
v 0.05509200 0.29635200 0.34623700
v 0.06039800 0.29104500 0.34623700
v 0.06039800 0.29104500 0.34623700
v 0.05509200 0.29104500 0.34093000
v 0.05509200 0.29104500 0.34093000
v -0.08201900 1.10150000 0.34194800
v -0.08201900 1.39923300 0.34194800
v 0.08201900 1.39923300 0.34194800
v 0.08201900 1.10150000 0.34194800
v -0.12692400 1.43624500 0.30616700
v -0.12692400 1.43624500 0.30616700
v -0.12692400 1.39721000 0.42487000
v -0.12692400 1.39721000 0.42487000
v -0.12692400 1.39721000 0.42487000
v -0.12692400 1.39721000 0.30616700
v -0.12692400 1.39721000 0.30616700
v 0.12692500 1.43624500 0.30616700
v 0.12692500 1.43624500 0.30616700
v -0.12692400 1.43624500 0.42487000
v -0.12692400 1.43624500 0.42487000
v -0.12692400 1.43624500 0.42487000
v 0.12692500 1.39721000 0.30616700
v 0.12692500 1.39721000 0.30616700
v 0.12692500 1.43624500 0.42487000
v 0.12692500 1.43624500 0.42487000
v 0.12692500 1.43624500 0.42487000
v 0.12692500 1.39721000 0.42487000
v 0.12692500 1.39721000 0.42487000
v 0.12692500 1.39721000 0.42487000
v 0.07148400 1.41917400 0.31597000
v 0.07148400 1.10048900 0.36306400
v 0.07148400 1.10048900 0.36306400
v 0.07148400 1.10048900 0.31597000
v 0.07148400 1.41917400 0.36306400
v 0.07148400 1.41917400 0.36306400
v 0.10646600 1.41917400 0.36306400
v 0.10646600 1.10048900 0.36306400
v -0.10646700 1.10048900 0.36306400
v -0.07148400 1.41917400 0.31597000
v -0.10646700 1.41917400 0.36306400
v -0.07148400 1.10048900 0.31597000
v -0.07148400 1.41917400 0.36306400
v -0.07148400 1.41917400 0.36306400
v -0.07148400 1.10048900 0.36306400
v -0.07148400 1.10048900 0.36306400
v -0.12692400 1.10783100 0.27549100
v -0.12692400 1.10783100 0.27549100
v -0.12692400 1.04363900 0.27549100
v -0.12692400 1.04363900 0.27549100
v 0.12692500 1.10783100 0.27549100
v 0.12692500 1.10783100 0.27549100
v -0.12692400 1.10783100 0.44257600
v -0.12692400 1.10783100 0.44257600
v -0.12692400 1.10783100 0.44257600
v 0.12692500 1.04363900 0.27549100
v 0.12692500 1.04363900 0.27549100
v 0.12692500 1.10783100 0.44257600
v 0.12692500 1.10783100 0.44257600
v 0.12692500 1.10783100 0.44257600
v -0.12692400 1.04363900 0.40599300
v -0.12692400 1.04363900 0.40599300
v -0.12692400 1.04363900 0.40599300
v -0.12692400 1.08022100 0.44257600
v -0.12692400 1.08022100 0.44257600
v -0.12692400 1.08022100 0.44257600
v 0.12692500 1.08022100 0.44257600
v 0.12692500 1.08022100 0.44257600
v 0.12692500 1.08022100 0.44257600
v 0.12692500 1.04363900 0.40599300
v 0.12692500 1.04363900 0.40599300
v 0.12692500 1.04363900 0.40599300
v -0.09814000 1.24375100 0.32393700
v -0.09814000 1.22137900 0.35211900
v -0.09814000 1.22137900 0.35211900
v -0.09814000 1.22137900 0.32393700
v 0.09814100 1.24375100 0.32393700
v -0.09814000 1.24375100 0.35211900
v -0.09814000 1.24375100 0.35211900
v 0.09814100 1.22137900 0.32393700
v 0.09814100 1.24375100 0.35211900
v 0.09814100 1.24375100 0.35211900
v 0.09814100 1.22137900 0.35211900
v 0.09814100 1.22137900 0.35211900
v 0.08201900 1.23205700 0.34194800
v 0.08201900 1.23205700 0.34194800
v -0.08201900 1.23205700 0.34194800
v -0.08201900 1.23205700 0.34194800
v -0.08201900 2.09923300 0.34194800
v 0.08201900 2.09923300 0.34194800
v -0.12692400 2.13624500 0.30616700
v -0.12692400 2.13624500 0.30616700
v -0.12692400 2.09721000 0.42487000
v -0.12692400 2.09721000 0.42487000
v -0.12692400 2.09721000 0.42487000
v -0.12692400 2.09721000 0.30616700
v -0.12692400 2.09721000 0.30616700
v 0.12692500 2.13624500 0.30616700
v 0.12692500 2.13624500 0.30616700
v -0.12692400 2.13624500 0.42487000
v -0.12692400 2.13624500 0.42487000
v -0.12692400 2.13624500 0.42487000
v 0.12692500 2.09721000 0.30616700
v 0.12692500 2.09721000 0.30616700
v 0.12692500 2.13624500 0.42487000
v 0.12692500 2.13624500 0.42487000
v 0.12692500 2.13624500 0.42487000
v 0.12692500 2.09721000 0.42487000
v 0.12692500 2.09721000 0.42487000
v 0.12692500 2.09721000 0.42487000
v 0.07148400 2.11917400 0.31597000
v 0.07148400 1.80048900 0.36306400
v 0.07148400 1.80048900 0.36306400
v 0.07148400 1.80048900 0.31597000
v 0.07148400 2.11917400 0.36306400
v 0.07148400 2.11917400 0.36306400
v 0.10646600 2.11917400 0.36306400
v 0.10646600 1.80048900 0.36306400
v -0.10646700 1.80048900 0.36306400
v -0.07148400 2.11917400 0.31597000
v -0.10646700 2.11917400 0.36306400
v -0.07148400 1.80048900 0.31597000
v -0.07148400 2.11917400 0.36306400
v -0.07148400 2.11917400 0.36306400
v -0.07148400 1.80048900 0.36306400
v -0.07148400 1.80048900 0.36306400
v -0.12692400 1.80783100 0.27549100
v -0.12692400 1.80783100 0.27549100
v -0.12692400 1.74363900 0.27549100
v -0.12692400 1.74363900 0.27549100
v 0.12692500 1.80783100 0.27549100
v 0.12692500 1.80783100 0.27549100
v -0.12692400 1.80783100 0.44257600
v -0.12692400 1.80783100 0.44257600
v -0.12692400 1.80783100 0.44257600
v 0.12692500 1.74363900 0.27549100
v 0.12692500 1.74363900 0.27549100
v 0.12692500 1.80783100 0.44257600
v 0.12692500 1.80783100 0.44257600
v 0.12692500 1.80783100 0.44257600
v -0.12692400 1.74363900 0.40599300
v -0.12692400 1.74363900 0.40599300
v -0.12692400 1.74363900 0.40599300
v -0.12692400 1.78022100 0.44257600
v -0.12692400 1.78022100 0.44257600
v -0.12692400 1.78022100 0.44257600
v 0.12692500 1.78022100 0.44257600
v 0.12692500 1.78022100 0.44257600
v 0.12692500 1.78022100 0.44257600
v 0.12692500 1.74363900 0.40599300
v 0.12692500 1.74363900 0.40599300
v 0.12692500 1.74363900 0.40599300
v 0.08201900 1.79209000 0.34194800
v -0.08201900 1.79209000 0.34194800
v -0.19999900 0.85000000 0.45000000
v -0.19999900 0.85000000 0.45000000
v -0.19999900 0.85000000 0.45000000
v -0.19999900 0.95000000 0.45000000
v -0.19999900 0.95000000 0.45000000
v -0.19999900 0.95000000 0.45000000
v 0.20000100 0.85000000 0.45000000
v 0.20000100 0.85000000 0.45000000
v 0.20000100 0.85000000 0.45000000
v 0.20000100 0.95000000 0.45000000
v 0.20000100 0.95000000 0.45000000
v 0.20000100 0.95000000 0.45000000
v -0.19999900 0.85000000 0.40000000
v -0.19999900 0.85000000 0.40000000
v -0.19999900 0.95000000 0.40000000
v -0.19999900 0.95000000 0.40000000
v 0.20000100 0.85000000 0.40000000
v 0.20000100 0.85000000 0.40000000
v 0.20000100 0.95000000 0.40000000
v 0.20000100 0.95000000 0.40000000
v -0.19999900 1.55000000 0.45000000
v -0.19999900 1.55000000 0.45000000
v -0.19999900 1.55000000 0.45000000
v -0.19999900 1.65000000 0.45000000
v -0.19999900 1.65000000 0.45000000
v -0.19999900 1.65000000 0.45000000
v 0.20000100 1.55000000 0.45000000
v 0.20000100 1.55000000 0.45000000
v 0.20000100 1.55000000 0.45000000
v 0.20000100 1.65000000 0.45000000
v 0.20000100 1.65000000 0.45000000
v 0.20000100 1.65000000 0.45000000
v -0.19999900 1.55000000 0.40000000
v -0.19999900 1.55000000 0.40000000
v -0.19999900 1.65000000 0.40000000
v -0.19999900 1.65000000 0.40000000
v 0.20000100 1.55000000 0.40000000
v 0.20000100 1.55000000 0.40000000
v 0.20000100 1.65000000 0.40000000
v 0.20000100 1.65000000 0.40000000
v 1.00000000 0.10000000 -0.60000000
v 1.00000000 0.10000000 -0.60000000
v 1.00000000 1.60000100 -0.60000000
v 1.00000000 1.60000100 -0.60000000
v -0.20000000 0.10000000 -0.60000000
v -0.20000000 0.10000000 -0.60000000
v -0.20000000 1.60000100 -0.60000000
v -0.20000000 1.60000100 -0.60000000
v -0.20000000 0.90000000 -0.60000000
v -0.20000000 0.90000000 -0.60000000
v -0.20000000 2.25000000 -0.60000000
v -0.20000000 2.25000000 -0.60000000
v -1.00000000 1.60000100 -0.60000000
v -1.00000000 1.60000100 -0.60000000
v -1.00000000 2.25000000 -0.60000000
v -1.00000000 2.25000000 -0.60000000
v 1.00337000 0.29856700 -0.33697300
v 1.00337000 0.34212300 -0.33697300
v 1.00337000 0.34212300 -0.24973200
v 1.00337000 0.29856700 -0.24973200
v 1.00337000 0.36973900 -0.27173200
v 1.00337000 0.41329500 -0.27173200
v 1.00337000 0.41329500 -0.18449000
v 1.00337000 0.36973900 -0.18449000
v 1.00337000 1.69856700 0.11551000
v 1.00337000 1.74212300 0.11551000
v 1.00337000 1.74212300 0.02826800
v 1.00337000 1.69856700 0.02826800
v 1.00337000 1.76973900 0.05026900
v 1.00337000 1.81329500 0.05026900
v 1.00337000 1.81329500 -0.03697300
v 1.00337000 1.76973900 -0.03697300
v -0.61638300 0.28856700 -0.60672600
v -0.61638300 0.33212300 -0.60672600
v -0.70362500 0.33212300 -0.60672600
v -0.70362500 0.28856700 -0.60672600
v -0.68162500 0.35973900 -0.60672600
v -0.68162500 0.40329500 -0.60672600
v -0.76886600 0.40329500 -0.60672600
v -0.76886600 0.35973900 -0.60672600
v 0.51450700 1.18856700 -0.60672600
v 0.51450700 1.23212300 -0.60672600
v 0.42726500 1.23212300 -0.60672600
v 0.42726500 1.18856700 -0.60672600
v 0.44926600 1.25973900 -0.60672600
v 0.44926600 1.30329500 -0.60672600
v 0.36202400 1.30329500 -0.60672600
v 0.36202400 1.25973900 -0.60672600
v -1.00337000 1.26973900 -0.03697300
v -1.00337000 1.31329500 -0.03697300
v -1.00337000 1.31329500 0.05026900
v -1.00337000 1.26973900 0.05026900
v -1.00337000 1.19856700 0.02826800
v -1.00337000 1.24212300 0.02826800
v -1.00337000 1.24212300 0.11551000
v -1.00337000 1.19856700 0.11551000
v -0.29914400 0.10000000 0.74914400
v -0.29914400 0.10000000 0.74914400
v -0.29914400 0.10000000 0.74914400
v -0.32843800 0.19944800 0.77843800
v -0.32843800 0.19944800 0.77843800
v -0.32843800 0.19944800 0.77843800
v -0.32843800 0.19944800 0.77843800
v -0.29914400 0.10000000 0.65085600
v -0.29914400 0.10000000 0.65085600
v -0.29914400 0.10000000 0.65085600
v -0.32843800 0.19944800 0.62156200
v -0.32843800 0.19944800 0.62156200
v -0.32843800 0.19944800 0.62156200
v -0.32843800 0.19944800 0.62156200
v -0.20085600 0.10000000 0.74914400
v -0.20085600 0.10000000 0.74914400
v -0.20085600 0.10000000 0.74914400
v -0.17156200 0.19944800 0.77843800
v -0.17156200 0.19944800 0.77843800
v -0.17156200 0.19944800 0.77843800
v -0.17156200 0.19944800 0.77843800
v -0.20085600 0.10000000 0.65085600
v -0.20085600 0.10000000 0.65085600
v -0.20085600 0.10000000 0.65085600
v -0.17156200 0.19944800 0.62156200
v -0.17156200 0.19944800 0.62156200
v -0.17156200 0.19944800 0.62156200
v -0.17156200 0.19944800 0.62156200
v -0.32843800 0.22968600 0.77843800
v -0.32843800 0.22968600 0.77843800
v -0.32843800 0.22968600 0.77843800
v -0.32843800 0.22968600 0.62156200
v -0.32843800 0.22968600 0.62156200
v -0.32843800 0.22968600 0.62156200
v -0.17156200 0.22968600 0.62156200
v -0.17156200 0.22968600 0.62156200
v -0.17156200 0.22968600 0.62156200
v -0.17156200 0.22968600 0.77843800
v -0.17156200 0.22968600 0.77843800
v -0.17156200 0.22968600 0.77843800
v -0.19812400 0.22968600 0.64812400
v -0.19812400 0.22968600 0.64812400
v -0.19812400 0.22968600 0.64812400
v -0.30187600 0.22968600 0.64812400
v -0.30187600 0.22968600 0.64812400
v -0.30187600 0.22968600 0.64812400
v -0.30187600 0.22968600 0.75187600
v -0.30187600 0.22968600 0.75187600
v -0.30187600 0.22968600 0.75187600
v -0.19812400 0.22968600 0.75187600
v -0.19812400 0.22968600 0.75187600
v -0.19812400 0.22968600 0.75187600
v -0.25000000 0.19512700 0.70000000
v -0.25000000 0.19512700 0.70000000
v -0.25000000 0.19512700 0.70000000
v -0.25000000 0.19512700 0.70000000
v -0.22783000 0.40608600 0.76823400
v -0.19750100 0.25559500 0.62835500
v -0.17984900 0.32655600 0.77256700
v -0.16563900 0.25559500 0.72778900
v -0.22559000 0.21871200 0.68706300
v -0.27422600 0.21521900 0.71256500
v -0.33458300 0.25559500 0.72710300
v -0.25036000 0.25559500 0.78881900
v -0.32017400 0.25559500 0.67549000
v -0.29733800 0.32655600 0.78914100
v -0.33946500 0.32655600 0.65318500
v -0.15010400 0.32655600 0.68528700
v -0.25000000 0.32655600 0.79954000
v -0.23312300 0.32655600 0.60044700
v -0.20037200 0.43515800 0.69999900
v -0.33467400 0.36644500 0.69999900
v -0.29014900 0.43515900 0.67082900
v -0.23466400 0.43515900 0.65280100
v -0.29733800 0.32655600 0.61085800
v -0.17984900 0.32655600 0.62743200
v -0.33946500 0.32655600 0.74681300
v -0.27341600 0.25559500 0.62793100
v -0.25642300 0.48052900 0.70502000
v -0.25642300 0.48052900 0.70502000
v -0.25642300 0.48052900 0.70502000
v -0.25642300 0.48052900 0.70502000
v 0.71109500 0.10000000 0.74691100
v 0.71109500 0.10000000 0.74691100
v 0.71109500 0.17000000 0.74691100
v 0.71109500 0.17000000 0.74691100
v 0.71109500 0.10000000 0.65308900
v 0.71109500 0.10000000 0.65308900
v 0.71109500 0.17000000 0.65308900
v 0.71109500 0.17000000 0.65308900
v 0.74890500 0.10000000 0.74691100
v 0.74890500 0.10000000 0.74691100
v 0.74890500 0.17000000 0.74691100
v 0.74890500 0.17000000 0.74691100
v 0.74890500 0.10000000 0.65308900
v 0.74890500 0.10000000 0.65308900
v 0.74890500 0.17000000 0.65308900
v 0.74890500 0.17000000 0.65308900
v 0.45109500 0.10000000 0.74691100
v 0.45109500 0.10000000 0.74691100
v 0.45109500 0.17000000 0.74691100
v 0.45109500 0.17000000 0.74691100
v 0.45109500 0.10000000 0.65308900
v 0.45109500 0.10000000 0.65308900
v 0.45109500 0.17000000 0.65308900
v 0.45109500 0.17000000 0.65308900
v 0.48890500 0.10000000 0.74691100
v 0.48890500 0.10000000 0.74691100
v 0.48890500 0.17000000 0.74691100
v 0.48890500 0.17000000 0.74691100
v 0.48890500 0.10000000 0.65308900
v 0.48890500 0.10000000 0.65308900
v 0.48890500 0.17000000 0.65308900
v 0.48890500 0.17000000 0.65308900
v 0.42713300 0.16000000 0.77500000
v 0.42713300 0.16000000 0.77500000
v 0.42713300 0.16000000 0.77500000
v 0.40000000 0.16000000 0.74786700
v 0.40000000 0.16000000 0.74786700
v 0.40000000 0.20000000 0.74786700
v 0.40000000 0.20000000 0.74786700
v 0.42713300 0.20000000 0.77500000
v 0.42713300 0.20000000 0.77500000
v 0.42713300 0.20000000 0.77500000
v 0.40000000 0.16000000 0.65213300
v 0.40000000 0.16000000 0.65213300
v 0.42713300 0.16000000 0.62500000
v 0.42713300 0.16000000 0.62500000
v 0.42713300 0.16000000 0.62500000
v 0.42713300 0.20000000 0.62500000
v 0.42713300 0.20000000 0.62500000
v 0.42713300 0.20000000 0.62500000
v 0.40000000 0.20000000 0.65213300
v 0.40000000 0.20000000 0.65213300
v 0.80000000 0.16000000 0.74786700
v 0.80000000 0.16000000 0.74786700
v 0.77286700 0.16000000 0.77500000
v 0.77286700 0.16000000 0.77500000
v 0.77286700 0.16000000 0.77500000
v 0.77286700 0.20000000 0.77500000
v 0.77286700 0.20000000 0.77500000
v 0.77286700 0.20000000 0.77500000
v 0.80000000 0.20000000 0.74786700
v 0.80000000 0.20000000 0.74786700
v 0.77286700 0.16000000 0.62500000
v 0.77286700 0.16000000 0.62500000
v 0.80000000 0.16000000 0.65213300
v 0.80000000 0.16000000 0.65213300
v 0.80000000 0.16000000 0.65213300
v 0.80000000 0.20000000 0.65213300
v 0.80000000 0.20000000 0.65213300
v 0.80000000 0.20000000 0.65213300
v 0.77286700 0.20000000 0.62500000
v 0.77286700 0.20000000 0.62500000
v -0.48890500 0.10000000 0.74691100
v -0.48890500 0.10000000 0.74691100
v -0.48890500 0.17000000 0.74691100
v -0.48890500 0.17000000 0.74691100
v -0.48890500 0.10000000 0.65308900
v -0.48890500 0.10000000 0.65308900
v -0.48890500 0.17000000 0.65308900
v -0.48890500 0.17000000 0.65308900
v -0.45109500 0.10000000 0.74691100
v -0.45109500 0.10000000 0.74691100
v -0.45109500 0.17000000 0.74691100
v -0.45109500 0.17000000 0.74691100
v -0.45109500 0.10000000 0.65308900
v -0.45109500 0.10000000 0.65308900
v -0.45109500 0.17000000 0.65308900
v -0.45109500 0.17000000 0.65308900
v -0.74890500 0.10000000 0.74691100
v -0.74890500 0.10000000 0.74691100
v -0.74890500 0.17000000 0.74691100
v -0.74890500 0.17000000 0.74691100
v -0.74890500 0.10000000 0.65308900
v -0.74890500 0.10000000 0.65308900
v -0.74890500 0.17000000 0.65308900
v -0.74890500 0.17000000 0.65308900
v -0.71109500 0.10000000 0.74691100
v -0.71109500 0.10000000 0.74691100
v -0.71109500 0.17000000 0.74691100
v -0.71109500 0.17000000 0.74691100
v -0.71109500 0.10000000 0.65308900
v -0.71109500 0.10000000 0.65308900
v -0.71109500 0.17000000 0.65308900
v -0.71109500 0.17000000 0.65308900
v -0.77286700 0.16000000 0.77500000
v -0.77286700 0.16000000 0.77500000
v -0.77286700 0.16000000 0.77500000
v -0.80000000 0.16000000 0.74786700
v -0.80000000 0.16000000 0.74786700
v -0.80000000 0.20000000 0.74786700
v -0.80000000 0.20000000 0.74786700
v -0.77286700 0.20000000 0.77500000
v -0.77286700 0.20000000 0.77500000
v -0.77286700 0.20000000 0.77500000
v -0.80000000 0.16000000 0.65213300
v -0.80000000 0.16000000 0.65213300
v -0.80000000 0.16000000 0.65213300
v -0.77286700 0.16000000 0.62500000
v -0.77286700 0.16000000 0.62500000
v -0.77286700 0.20000000 0.62500000
v -0.77286700 0.20000000 0.62500000
v -0.80000000 0.20000000 0.65213300
v -0.80000000 0.20000000 0.65213300
v -0.80000000 0.20000000 0.65213300
v -0.40000000 0.16000000 0.74786700
v -0.40000000 0.16000000 0.74786700
v -0.42713300 0.16000000 0.77500000
v -0.42713300 0.16000000 0.77500000
v -0.42713300 0.16000000 0.77500000
v -0.42713300 0.20000000 0.77500000
v -0.42713300 0.20000000 0.77500000
v -0.42713300 0.20000000 0.77500000
v -0.40000000 0.20000000 0.74786700
v -0.40000000 0.20000000 0.74786700
v -0.42713300 0.16000000 0.62500000
v -0.42713300 0.16000000 0.62500000
v -0.40000000 0.16000000 0.65213300
v -0.40000000 0.16000000 0.65213300
v -0.40000000 0.16000000 0.65213300
v -0.40000000 0.20000000 0.65213300
v -0.40000000 0.20000000 0.65213300
v -0.40000000 0.20000000 0.65213300
v -0.42713300 0.20000000 0.62500000
v -0.42713300 0.20000000 0.62500000
v 0.20085600 0.10000000 0.74914400
v 0.20085600 0.10000000 0.74914400
v 0.20085600 0.10000000 0.74914400
v 0.17156200 0.19944800 0.77843800
v 0.17156200 0.19944800 0.77843800
v 0.17156200 0.19944800 0.77843800
v 0.17156200 0.19944800 0.77843800
v 0.20085600 0.10000000 0.65085600
v 0.20085600 0.10000000 0.65085600
v 0.20085600 0.10000000 0.65085600
v 0.17156200 0.19944800 0.62156200
v 0.17156200 0.19944800 0.62156200
v 0.17156200 0.19944800 0.62156200
v 0.17156200 0.19944800 0.62156200
v 0.29914400 0.10000000 0.74914400
v 0.29914400 0.10000000 0.74914400
v 0.29914400 0.10000000 0.74914400
v 0.32843800 0.19944800 0.77843800
v 0.32843800 0.19944800 0.77843800
v 0.32843800 0.19944800 0.77843800
v 0.32843800 0.19944800 0.77843800
v 0.29914400 0.10000000 0.65085600
v 0.29914400 0.10000000 0.65085600
v 0.29914400 0.10000000 0.65085600
v 0.32843800 0.19944800 0.62156200
v 0.32843800 0.19944800 0.62156200
v 0.32843800 0.19944800 0.62156200
v 0.32843800 0.19944800 0.62156200
v 0.17156200 0.22968600 0.77843800
v 0.17156200 0.22968600 0.77843800
v 0.17156200 0.22968600 0.77843800
v 0.17156200 0.22968600 0.62156200
v 0.17156200 0.22968600 0.62156200
v 0.17156200 0.22968600 0.62156200
v 0.32843800 0.22968600 0.62156200
v 0.32843800 0.22968600 0.62156200
v 0.32843800 0.22968600 0.62156200
v 0.32843800 0.22968600 0.77843800
v 0.32843800 0.22968600 0.77843800
v 0.32843800 0.22968600 0.77843800
v 0.30187600 0.22968600 0.64812400
v 0.30187600 0.22968600 0.64812400
v 0.30187600 0.22968600 0.64812400
v 0.19812400 0.22968600 0.64812400
v 0.19812400 0.22968600 0.64812400
v 0.19812400 0.22968600 0.64812400
v 0.19812400 0.22968600 0.75187600
v 0.19812400 0.22968600 0.75187600
v 0.19812400 0.22968600 0.75187600
v 0.30187600 0.22968600 0.75187600
v 0.30187600 0.22968600 0.75187600
v 0.30187600 0.22968600 0.75187600
v 0.25000000 0.19512700 0.70000000
v 0.25000000 0.19512700 0.70000000
v 0.25000000 0.19512700 0.70000000
v 0.25000000 0.19512700 0.70000000
v 0.27217000 0.40608600 0.76823400
v 0.30249900 0.25559500 0.62835500
v 0.32015100 0.32655600 0.77256700
v 0.33436100 0.25559500 0.72778900
v 0.27441000 0.21871200 0.68706300
v 0.22577400 0.21521900 0.71256500
v 0.16541700 0.25559500 0.72710300
v 0.24964000 0.25559500 0.78881900
v 0.17982600 0.25559500 0.67549000
v 0.20266200 0.32655600 0.78914100
v 0.16053500 0.32655600 0.65318500
v 0.34989600 0.32655600 0.68528700
v 0.25000000 0.32655600 0.79954000
v 0.26687700 0.32655600 0.60044700
v 0.29962800 0.43515800 0.69999900
v 0.16532600 0.36644500 0.69999900
v 0.20985100 0.43515900 0.67082900
v 0.26533600 0.43515900 0.65280100
v 0.20266200 0.32655600 0.61085800
v 0.32015100 0.32655600 0.62743200
v 0.16053500 0.32655600 0.74681300
v 0.22658400 0.25559500 0.62793100
v 0.24357700 0.48052900 0.70502000
v 0.24357700 0.48052900 0.70502000
v 0.24357700 0.48052900 0.70502000
v 0.24357700 0.48052900 0.70502000
vn 0.00000000 -1.00000000 0.00000000
vn 0.00000000 0.00000000 1.00000000
vn -1.00000000 0.00000000 0.00000000
vn -1.00000000 0.00000000 0.00000000
vn 0.00000000 0.00000000 1.00000000
vn 0.00000000 1.00000000 0.00000000
vn 0.00000000 0.00000000 -1.00000000
vn 0.00000000 -1.00000000 0.00000000
vn -1.00000000 0.00000000 0.00000000
vn 0.00000000 0.00000000 -1.00000000
vn 0.00000000 1.00000000 0.00000000
vn -1.00000000 0.00000000 0.00000000
vn 1.00000000 0.00000000 0.00000000
vn 0.00000000 0.00000000 1.00000000
vn 0.00000000 -1.00000000 0.00000000
vn 0.00000000 1.00000000 0.00000000
vn 0.00000000 0.00000000 1.00000000
vn 1.00000000 0.00000000 0.00000000
vn 1.00000000 0.00000000 0.00000000
vn 0.00000000 0.00000000 -1.00000000
vn 0.00000000 -1.00000000 0.00000000
vn 0.00000000 0.00000000 -1.00000000
vn 1.00000000 0.00000000 0.00000000
vn 0.00000000 1.00000000 0.00000000
vn 0.00000000 0.00000000 -1.00000000
vn 0.00000000 0.00000000 -1.00000000
vn 0.00000000 -1.00000000 0.00000000
vn 0.00000000 0.00000000 -1.00000000
vn 0.00000000 0.00000000 -1.00000000
vn 0.00000000 -1.00000000 0.00000000
vn 0.00000000 0.00000000 -1.00000000
vn 0.00000000 1.00000000 0.00000000
vn 0.00000000 0.00000000 -1.00000000
vn 0.00000000 1.00000000 0.00000000
vn 0.00000000 0.00000000 -1.00000000
vn 0.00000000 0.00000000 -1.00000000
vn 0.00000000 1.00000000 0.00000000
vn 0.00000000 1.00000000 0.00000000
vn 0.00000000 0.00000000 1.00000000
vn 0.00000000 -1.00000000 0.00000000
vn 0.00000000 0.00000000 1.00000000
vn 0.00000000 -1.00000000 0.00000000
vn 0.00000000 0.00000000 1.00000000
vn 0.00000000 0.00000000 1.00000000
vn 0.00000000 0.00000000 1.00000000
vn 0.00000000 1.00000000 0.00000000
vn 0.00000000 0.00000000 1.00000000
vn 0.00000000 1.00000000 0.00000000
vn 0.00000000 1.00000000 0.00000000
vn 0.00000000 0.00000000 1.00000000
vn 0.00000000 1.00000000 0.00000000
vn 0.00000000 0.00000000 1.00000000
vn 0.00000000 -1.00000000 0.00000000
vn -1.00000000 0.00000000 0.00000000
vn -1.00000000 0.00000000 0.00000000
vn 0.00000000 -1.00000000 0.00000000
vn -1.00000000 0.00000000 0.00000000
vn -1.00000000 0.00000000 0.00000000
vn -1.00000000 0.00000000 0.00000000
vn 0.00000000 1.00000000 0.00000000
vn 0.00000000 1.00000000 0.00000000
vn -1.00000000 0.00000000 0.00000000
vn -1.00000000 0.00000000 0.00000000
vn 0.00000000 1.00000000 0.00000000
vn -1.00000000 0.00000000 0.00000000
vn 0.00000000 1.00000000 0.00000000
vn 0.00000000 -1.00000000 0.00000000
vn 1.00000000 0.00000000 0.00000000
vn 1.00000000 0.00000000 0.00000000
vn 0.00000000 -1.00000000 0.00000000
vn 1.00000000 0.00000000 0.00000000
vn 1.00000000 0.00000000 0.00000000
vn 0.00000000 1.00000000 0.00000000
vn 1.00000000 0.00000000 0.00000000
vn 0.00000000 1.00000000 0.00000000
vn 1.00000000 0.00000000 0.00000000
vn 1.00000000 0.00000000 0.00000000
vn 0.00000000 1.00000000 0.00000000
vn 0.00000000 1.00000000 0.00000000
vn 1.00000000 0.00000000 0.00000000
vn 0.00000000 1.00000000 0.00000000
vn 0.00000000 1.00000000 0.00000000
vn 0.00000000 1.00000000 0.00000000
vn 0.00000000 1.00000000 0.00000000
vn 0.00000000 1.00000000 0.00000000
vn 0.00000000 1.00000000 0.00000000
vn 0.00000000 1.00000000 0.00000000
vn 0.00000000 1.00000000 0.00000000
vn 0.00000000 1.00000000 0.00000000
vn 0.00000000 1.00000000 0.00000000
vn 0.00000000 1.00000000 0.00000000
vn 0.00000000 1.00000000 0.00000000
vn 0.00000000 -1.00000000 0.00000000
vn 0.00000000 -1.00000000 0.00000000
vn 0.00000000 -1.00000000 0.00000000
vn 0.00000000 -1.00000000 0.00000000
vn 0.00000000 0.00000000 1.00000000
vn 0.00000000 0.00000000 1.00000000
vn -1.00000000 0.00000000 0.00000000
vn 0.00000000 0.00000000 1.00000000
vn -1.00000000 0.00000000 0.00000000
vn 0.00000000 0.00000000 1.00000000
vn 1.00000000 0.00000000 0.00000000
vn 0.00000000 0.00000000 -1.00000000
vn 0.00000000 0.00000000 1.00000000
vn -1.00000000 0.00000000 0.00000000
vn 0.00000000 1.00000000 0.00000000
vn 1.00000000 0.00000000 0.00000000
vn 0.00000000 0.00000000 1.00000000
vn -1.00000000 0.00000000 0.00000000
vn 0.00000000 0.00000000 1.00000000
vn 0.00000000 1.00000000 0.00000000
vn -1.00000000 0.00000000 0.00000000
vn 0.00000000 0.00000000 1.00000000
vn 0.00000000 -1.00000000 0.00000000
vn 0.00000000 0.00000000 1.00000000
vn 1.00000000 0.00000000 0.00000000
vn 0.00000000 -1.00000000 0.00000000
vn 0.00000000 -1.00000000 0.00000000
vn 0.00000000 0.00000000 1.00000000
vn 1.00000000 0.00000000 0.00000000
vn 1.00000000 0.00000000 0.00000000
vn 0.00000000 0.00000000 1.00000000
vn 0.00000000 1.00000000 0.00000000
vn 0.00000000 1.00000000 0.00000000
vn 0.00000000 0.00000000 1.00000000
vn -1.00000000 0.00000000 0.00000000
vn 0.00000000 0.00000000 1.00000000
vn 0.00000000 -1.00000000 0.00000000
vn -1.00000000 0.00000000 0.00000000
vn -1.00000000 0.00000000 0.00000000
vn 0.00000000 1.00000000 0.00000000
vn 0.00000000 1.00000000 0.00000000
vn 1.00000000 0.00000000 0.00000000
vn 1.00000000 0.00000000 0.00000000
vn 0.00000000 -1.00000000 0.00000000
vn 0.00000000 -1.00000000 0.00000000
vn -1.00000000 0.00000000 0.00000000
vn 1.00000000 0.00000000 0.00000000
vn 0.00000000 -1.00000000 0.00000000
vn 0.00000000 1.00000000 0.00000000
vn 1.00000000 0.00000000 0.00000000
vn -1.00000000 0.00000000 0.00000000
vn 0.00000000 -1.00000000 0.00000000
vn 0.00000000 1.00000000 0.00000000
vn -1.00000000 0.00000000 0.00000000
vn 0.00000000 1.00000000 0.00000000
vn -1.00000000 0.00000000 0.00000000
vn -1.00000000 0.00000000 0.00000000
vn 0.00000000 -1.00000000 0.00000000
vn 0.00000000 1.00000000 0.00000000
vn 1.00000000 0.00000000 0.00000000
vn 1.00000000 0.00000000 0.00000000
vn 0.00000000 -1.00000000 0.00000000
vn -1.00000000 0.00000000 0.00000000
vn 0.00000000 -1.00000000 0.00000000
vn 1.00000000 0.00000000 0.00000000
vn 0.00000000 -1.00000000 0.00000000
vn 0.00000000 1.00000000 0.00000000
vn 1.00000000 0.00000000 0.00000000
vn 0.00000000 1.00000000 0.00000000
vn -1.00000000 0.00000000 0.00000000
vn 0.00000000 -1.00000000 0.00000000
vn -1.00000000 0.00000000 0.00000000
vn 0.00000000 0.00000000 1.00000000
vn -1.00000000 0.00000000 0.00000000
vn 0.00000000 0.00000000 1.00000000
vn 0.00000000 1.00000000 0.00000000
vn 0.00000000 1.00000000 0.00000000
vn 0.00000000 0.00000000 1.00000000
vn 1.00000000 0.00000000 0.00000000
vn 0.00000000 -1.00000000 0.00000000
vn 1.00000000 0.00000000 0.00000000
vn 0.00000000 0.00000000 1.00000000
vn 0.00000000 0.00000000 1.00000000
vn 1.00000000 0.00000000 0.00000000
vn 0.00000000 -1.00000000 0.00000000
vn -1.00000000 0.00000000 0.00000000
vn 0.00000000 0.00000000 1.00000000
vn 0.00000000 -1.00000000 0.00000000
vn 0.00000000 0.00000000 1.00000000
vn 0.00000000 1.00000000 0.00000000
vn -1.00000000 0.00000000 0.00000000
vn 0.00000000 0.00000000 1.00000000
vn 0.00000000 1.00000000 0.00000000
vn 1.00000000 0.00000000 0.00000000
vn 0.00000000 0.00000000 1.00000000
vn 1.00000000 0.00000000 0.00000000
vn 0.00000000 0.00000000 1.00000000
vn 0.00000000 0.00000000 1.00000000
vn 1.00000000 0.00000000 0.00000000
vn 1.00000000 0.00000000 0.00000000
vn 0.00000000 0.00000000 1.00000000
vn 0.00000000 0.00000000 -1.00000000
vn 1.00000000 0.00000000 0.00000000
vn 0.00000000 0.00000000 1.00000000
vn 0.00000000 0.00000000 1.00000000
vn -1.00000000 0.00000000 0.00000000
vn 0.00000000 0.00000000 1.00000000
vn 0.00000000 -1.00000000 0.00000000
vn 1.00000000 0.00000000 0.00000000
vn 0.00000000 1.00000000 0.00000000
vn 0.00000000 0.00000000 1.00000000
vn 1.00000000 0.00000000 0.00000000
vn 0.00000000 1.00000000 0.00000000
vn 0.00000000 0.00000000 1.00000000
vn -1.00000000 0.00000000 0.00000000
vn 0.00000000 0.00000000 1.00000000
vn 0.00000000 -1.00000000 0.00000000
vn -1.00000000 0.00000000 0.00000000
vn 0.00000000 -1.00000000 0.00000000
vn 1.00000000 0.00000000 0.00000000
vn 1.00000000 0.00000000 0.00000000
vn 0.00000000 1.00000000 0.00000000
vn 0.00000000 -1.00000000 0.00000000
vn -1.00000000 0.00000000 0.00000000
vn -1.00000000 0.00000000 0.00000000
vn 0.00000000 1.00000000 0.00000000
vn -1.00000000 0.00000000 0.00000000
vn 0.00000000 1.00000000 0.00000000
vn 0.00000000 -1.00000000 0.00000000
vn -1.00000000 0.00000000 0.00000000
vn 0.00000000 1.00000000 0.00000000
vn 1.00000000 0.00000000 0.00000000
vn 0.00000000 -1.00000000 0.00000000
vn 1.00000000 0.00000000 0.00000000
vn 0.00000000 -1.00000000 0.00000000
vn -1.00000000 0.00000000 0.00000000
vn 0.00000000 0.00000000 1.00000000
vn 0.00000000 0.00000000 1.00000000
vn -1.00000000 0.00000000 0.00000000
vn 0.00000000 1.00000000 0.00000000
vn 1.00000000 0.00000000 0.00000000
vn 0.00000000 1.00000000 0.00000000
vn 0.00000000 0.00000000 1.00000000
vn 0.00000000 -1.00000000 0.00000000
vn 0.00000000 0.00000000 1.00000000
vn 1.00000000 0.00000000 0.00000000
vn 1.00000000 0.00000000 0.00000000
vn 0.00000000 0.00000000 1.00000000
vn 0.00000000 0.00000000 1.00000000
vn -1.00000000 0.00000000 0.00000000
vn 0.00000000 0.00000000 1.00000000
vn 0.00000000 0.00000000 1.00000000
vn 0.00000000 0.00000000 1.00000000
vn 0.00000000 0.00000000 1.00000000
vn 0.00000000 1.00000000 0.00000000
vn -1.00000000 0.00000000 0.00000000
vn -1.00000000 0.00000000 0.00000000
vn 0.00000000 0.00000000 1.00000000
vn 0.00000000 -1.00000000 0.00000000
vn -1.00000000 0.00000000 0.00000000
vn 0.00000000 -1.00000000 0.00000000
vn 1.00000000 0.00000000 0.00000000
vn 0.00000000 1.00000000 0.00000000
vn 0.00000000 1.00000000 0.00000000
vn 0.00000000 0.00000000 1.00000000
vn -1.00000000 0.00000000 0.00000000
vn 1.00000000 0.00000000 0.00000000
vn 0.00000000 -1.00000000 0.00000000
vn 0.00000000 1.00000000 0.00000000
vn 1.00000000 0.00000000 0.00000000
vn 0.00000000 0.00000000 1.00000000
vn 0.00000000 -1.00000000 0.00000000
vn 0.00000000 0.00000000 1.00000000
vn 1.00000000 0.00000000 0.00000000
vn -1.00000000 0.00000000 0.00000000
vn -1.00000000 0.00000000 0.00000000
vn 0.00000000 0.00000000 1.00000000
vn -1.00000000 0.00000000 0.00000000
vn 0.00000000 0.00000000 1.00000000
vn -1.00000000 0.00000000 0.00000000
vn 0.00000000 0.00000000 1.00000000
vn 0.00000000 0.00000000 1.00000000
vn 0.00000000 0.00000000 1.00000000
vn 1.00000000 0.00000000 0.00000000
vn 0.00000000 0.00000000 1.00000000
vn 1.00000000 0.00000000 0.00000000
vn 0.00000000 0.00000000 1.00000000
vn 1.00000000 0.00000000 0.00000000
vn 1.00000000 0.00000000 0.00000000
vn 0.00000000 0.00000000 1.00000000
vn 0.00000000 1.00000000 0.00000000
vn -1.00000000 0.00000000 0.00000000
vn 0.00000000 -1.00000000 0.00000000
vn -1.00000000 0.00000000 0.00000000
vn 1.00000000 0.00000000 0.00000000
vn 0.00000000 1.00000000 0.00000000
vn 0.00000000 0.00000000 1.00000000
vn 0.00000000 1.00000000 0.00000000
vn -1.00000000 0.00000000 0.00000000
vn 0.00000000 -1.00000000 0.00000000
vn 1.00000000 0.00000000 0.00000000
vn 0.00000000 1.00000000 0.00000000
vn 0.00000000 0.00000000 1.00000000
vn 1.00000000 0.00000000 0.00000000
vn 0.00000000 -1.00000000 0.00000000
vn -1.00000000 0.00000000 0.00000000
vn 0.00000000 -0.70710000 0.70710000
vn 0.00000000 0.00000000 1.00000000
vn 0.00000000 -0.70710000 0.70710000
vn -1.00000000 0.00000000 0.00000000
vn 0.00000000 -0.70710000 0.70710000
vn 0.00000000 0.00000000 1.00000000
vn 1.00000000 0.00000000 0.00000000
vn 1.00000000 0.00000000 0.00000000
vn 0.00000000 -1.00000000 0.00000000
vn 0.00000000 -0.70710000 0.70710000
vn 0.00000000 1.00000000 0.00000000
vn 0.00000000 -1.00000000 0.00000000
vn 0.00000000 0.00000000 1.00000000
vn 0.00000000 -1.00000000 0.00000000
vn 0.00000000 1.00000000 0.00000000
vn 0.00000000 0.00000000 1.00000000
vn 0.00000000 1.00000000 0.00000000
vn 0.00000000 -1.00000000 0.00000000
vn 0.00000000 1.00000000 0.00000000
vn 0.00000000 0.00000000 1.00000000
vn 0.00000000 0.00000000 1.00000000
vn 0.00000000 -1.00000000 0.00000000
vn 0.00000000 0.00000000 1.00000000
vn 0.00000000 0.00000000 1.00000000
vn 0.00000000 0.00000000 1.00000000
vn 0.00000000 0.00000000 1.00000000
vn 0.00000000 0.00000000 1.00000000
vn 0.00000000 0.00000000 1.00000000
vn 0.00000000 0.00000000 1.00000000
vn 0.00000000 0.00000000 1.00000000
vn 0.00000000 1.00000000 0.00000000
vn -1.00000000 0.00000000 0.00000000
vn 0.00000000 0.00000000 1.00000000
vn 0.00000000 -1.00000000 0.00000000
vn -1.00000000 0.00000000 0.00000000
vn -1.00000000 0.00000000 0.00000000
vn 0.00000000 -1.00000000 0.00000000
vn 1.00000000 0.00000000 0.00000000
vn 0.00000000 1.00000000 0.00000000
vn -1.00000000 0.00000000 0.00000000
vn 0.00000000 1.00000000 0.00000000
vn 0.00000000 0.00000000 1.00000000
vn 1.00000000 0.00000000 0.00000000
vn 0.00000000 -1.00000000 0.00000000
vn 0.00000000 0.00000000 1.00000000
vn 1.00000000 0.00000000 0.00000000
vn 0.00000000 1.00000000 0.00000000
vn 1.00000000 0.00000000 0.00000000
vn 0.00000000 -1.00000000 0.00000000
vn 0.00000000 0.00000000 1.00000000
vn -1.00000000 0.00000000 0.00000000
vn -1.00000000 0.00000000 0.00000000
vn 0.00000000 0.00000000 1.00000000
vn -1.00000000 0.00000000 0.00000000
vn -1.00000000 0.00000000 0.00000000
vn 0.00000000 0.00000000 1.00000000
vn 0.00000000 0.00000000 1.00000000
vn 0.00000000 0.00000000 1.00000000
vn 0.00000000 0.00000000 1.00000000
vn 1.00000000 0.00000000 0.00000000
vn 0.00000000 0.00000000 1.00000000
vn 1.00000000 0.00000000 0.00000000
vn 0.00000000 0.00000000 1.00000000
vn 1.00000000 0.00000000 0.00000000
vn 1.00000000 0.00000000 0.00000000
vn 0.00000000 0.00000000 1.00000000
vn -1.00000000 0.00000000 0.00000000
vn 0.00000000 1.00000000 0.00000000
vn -1.00000000 0.00000000 0.00000000
vn 0.00000000 -1.00000000 0.00000000
vn 0.00000000 1.00000000 0.00000000
vn 1.00000000 0.00000000 0.00000000
vn -1.00000000 0.00000000 0.00000000
vn 0.00000000 1.00000000 0.00000000
vn 0.00000000 0.00000000 1.00000000
vn 0.00000000 -1.00000000 0.00000000
vn 1.00000000 0.00000000 0.00000000
vn 1.00000000 0.00000000 0.00000000
vn 0.00000000 1.00000000 0.00000000
vn 0.00000000 0.00000000 1.00000000
vn -1.00000000 0.00000000 0.00000000
vn 0.00000000 -1.00000000 0.00000000
vn 0.00000000 -0.70710000 0.70710000
vn -1.00000000 0.00000000 0.00000000
vn 0.00000000 -0.70710000 0.70710000
vn 0.00000000 0.00000000 1.00000000
vn 0.00000000 -0.70710000 0.70710000
vn 0.00000000 0.00000000 1.00000000
vn 1.00000000 0.00000000 0.00000000
vn 0.00000000 -1.00000000 0.00000000
vn 0.00000000 -0.70710000 0.70710000
vn 1.00000000 0.00000000 0.00000000
vn 0.00000000 1.00000000 0.00000000
vn 0.00000000 0.00000000 1.00000000
vn 0.00000000 -1.00000000 0.00000000
vn 0.00000000 -1.00000000 0.00000000
vn 0.00000000 1.00000000 0.00000000
vn 0.00000000 0.00000000 1.00000000
vn 0.00000000 1.00000000 0.00000000
vn 0.00000000 -1.00000000 0.00000000
vn 0.00000000 1.00000000 0.00000000
vn 0.00000000 0.00000000 1.00000000
vn 0.00000000 -1.00000000 0.00000000
vn 0.00000000 0.00000000 1.00000000
vn 0.00000000 0.00000000 1.00000000
vn 0.00000000 0.00000000 1.00000000
vn 0.00000000 0.00000000 1.00000000
vn 0.00000000 0.00000000 1.00000000
vn 0.00000000 0.00000000 1.00000000
vn 0.00000000 0.00000000 1.00000000
vn 0.00000000 0.00000000 1.00000000
vn 0.00000000 0.00000000 1.00000000
vn -1.00000000 0.00000000 0.00000000
vn 0.00000000 1.00000000 0.00000000
vn 0.00000000 -1.00000000 0.00000000
vn 0.00000000 0.00000000 1.00000000
vn -1.00000000 0.00000000 0.00000000
vn -1.00000000 0.00000000 0.00000000
vn 0.00000000 -1.00000000 0.00000000
vn 0.00000000 1.00000000 0.00000000
vn 1.00000000 0.00000000 0.00000000
vn -1.00000000 0.00000000 0.00000000
vn 0.00000000 1.00000000 0.00000000
vn 0.00000000 0.00000000 1.00000000
vn 0.00000000 -1.00000000 0.00000000
vn 1.00000000 0.00000000 0.00000000
vn 1.00000000 0.00000000 0.00000000
vn 0.00000000 1.00000000 0.00000000
vn 0.00000000 0.00000000 1.00000000
vn 0.00000000 0.00000000 1.00000000
vn 0.00000000 -1.00000000 0.00000000
vn 1.00000000 0.00000000 0.00000000
vn -1.00000000 0.00000000 0.00000000
vn -1.00000000 0.00000000 0.00000000
vn 0.00000000 0.00000000 1.00000000
vn -1.00000000 0.00000000 0.00000000
vn -1.00000000 0.00000000 0.00000000
vn 0.00000000 0.00000000 1.00000000
vn 0.00000000 0.00000000 1.00000000
vn 0.00000000 0.00000000 1.00000000
vn 0.00000000 0.00000000 1.00000000
vn 1.00000000 0.00000000 0.00000000
vn 0.00000000 0.00000000 1.00000000
vn 1.00000000 0.00000000 0.00000000
vn 0.00000000 0.00000000 1.00000000
vn 1.00000000 0.00000000 0.00000000
vn 1.00000000 0.00000000 0.00000000
vn 0.00000000 0.00000000 1.00000000
vn 0.00000000 1.00000000 0.00000000
vn -1.00000000 0.00000000 0.00000000
vn 0.00000000 -1.00000000 0.00000000
vn -1.00000000 0.00000000 0.00000000
vn 1.00000000 0.00000000 0.00000000
vn 0.00000000 1.00000000 0.00000000
vn 0.00000000 1.00000000 0.00000000
vn 0.00000000 0.00000000 1.00000000
vn -1.00000000 0.00000000 0.00000000
vn 0.00000000 -1.00000000 0.00000000
vn 1.00000000 0.00000000 0.00000000
vn 0.00000000 1.00000000 0.00000000
vn 0.00000000 0.00000000 1.00000000
vn 1.00000000 0.00000000 0.00000000
vn -1.00000000 0.00000000 0.00000000
vn 0.00000000 -1.00000000 0.00000000
vn 0.00000000 -0.70710000 0.70710000
vn 0.00000000 0.00000000 1.00000000
vn 0.00000000 -0.70710000 0.70710000
vn -1.00000000 0.00000000 0.00000000
vn 1.00000000 0.00000000 0.00000000
vn 0.00000000 -0.70710000 0.70710000
vn 0.00000000 0.00000000 1.00000000
vn 0.00000000 -0.70710000 0.70710000
vn 1.00000000 0.00000000 0.00000000
vn 0.00000000 -1.00000000 0.00000000
vn 0.00000000 1.00000000 0.00000000
vn 0.00000000 -1.00000000 0.00000000
vn 0.00000000 0.00000000 1.00000000
vn 0.00000000 -1.00000000 0.00000000
vn 0.00000000 1.00000000 0.00000000
vn 0.00000000 1.00000000 0.00000000
vn 0.00000000 0.00000000 1.00000000
vn 0.00000000 -1.00000000 0.00000000
vn 0.00000000 1.00000000 0.00000000
vn 0.00000000 0.00000000 1.00000000
vn 0.00000000 0.00000000 1.00000000
vn 0.00000000 -1.00000000 0.00000000
vn 0.00000000 0.00000000 1.00000000
vn 0.00000000 0.00000000 1.00000000
vn 0.00000000 0.00000000 1.00000000
vn 0.00000000 0.00000000 1.00000000
vn 0.00000000 0.00000000 1.00000000
vn 0.00000000 0.00000000 1.00000000
vn 0.00000000 0.00000000 1.00000000
vn 0.00000000 0.00000000 1.00000000
vn 0.00000000 1.00000000 0.00000000
vn -1.00000000 0.00000000 0.00000000
vn 0.00000000 -1.00000000 0.00000000
vn -1.00000000 0.00000000 0.00000000
vn 0.00000000 0.00000000 1.00000000
vn -1.00000000 0.00000000 0.00000000
vn 0.00000000 -1.00000000 0.00000000
vn 1.00000000 0.00000000 0.00000000
vn 0.00000000 1.00000000 0.00000000
vn 0.00000000 0.00000000 1.00000000
vn 0.00000000 1.00000000 0.00000000
vn -1.00000000 0.00000000 0.00000000
vn 1.00000000 0.00000000 0.00000000
vn 0.00000000 -1.00000000 0.00000000
vn 0.00000000 1.00000000 0.00000000
vn 0.00000000 0.00000000 1.00000000
vn 1.00000000 0.00000000 0.00000000
vn 0.00000000 0.00000000 1.00000000
vn 0.00000000 -1.00000000 0.00000000
vn 1.00000000 0.00000000 0.00000000
vn -1.00000000 0.00000000 0.00000000
vn -1.00000000 0.00000000 0.00000000
vn 0.00000000 0.00000000 1.00000000
vn -1.00000000 0.00000000 0.00000000
vn 0.00000000 0.00000000 1.00000000
vn -1.00000000 0.00000000 0.00000000
vn 0.00000000 0.00000000 1.00000000
vn 0.00000000 0.00000000 1.00000000
vn 0.00000000 0.00000000 1.00000000
vn 1.00000000 0.00000000 0.00000000
vn 0.00000000 0.00000000 1.00000000
vn 1.00000000 0.00000000 0.00000000
vn 1.00000000 0.00000000 0.00000000
vn 0.00000000 0.00000000 1.00000000
vn 0.00000000 0.00000000 1.00000000
vn 1.00000000 0.00000000 0.00000000
vn -1.00000000 0.00000000 0.00000000
vn 0.00000000 1.00000000 0.00000000
vn -1.00000000 0.00000000 0.00000000
vn 0.00000000 -1.00000000 0.00000000
vn 1.00000000 0.00000000 0.00000000
vn 0.00000000 1.00000000 0.00000000
vn 0.00000000 1.00000000 0.00000000
vn -1.00000000 0.00000000 0.00000000
vn 0.00000000 0.00000000 1.00000000
vn 1.00000000 0.00000000 0.00000000
vn 0.00000000 -1.00000000 0.00000000
vn 0.00000000 0.00000000 1.00000000
vn 1.00000000 0.00000000 0.00000000
vn 0.00000000 1.00000000 0.00000000
vn 0.00000000 -0.70710000 0.70710000
vn 0.00000000 -1.00000000 0.00000000
vn -1.00000000 0.00000000 0.00000000
vn 0.00000000 -0.70710000 0.70710000
vn 0.00000000 0.00000000 1.00000000
vn -1.00000000 0.00000000 0.00000000
vn 1.00000000 0.00000000 0.00000000
vn 0.00000000 0.00000000 1.00000000
vn 0.00000000 -0.70710000 0.70710000
vn 0.00000000 -0.70710000 0.70710000
vn 0.00000000 -1.00000000 0.00000000
vn 1.00000000 0.00000000 0.00000000
vn 0.00000000 1.00000000 0.00000000
vn 0.00000000 -1.00000000 0.00000000
vn 0.00000000 0.00000000 1.00000000
vn 0.00000000 -1.00000000 0.00000000
vn 0.00000000 1.00000000 0.00000000
vn 0.00000000 0.00000000 1.00000000
vn 0.00000000 1.00000000 0.00000000
vn 0.00000000 -1.00000000 0.00000000
vn 0.00000000 0.00000000 1.00000000
vn 0.00000000 1.00000000 0.00000000
vn 0.00000000 -1.00000000 0.00000000
vn 0.00000000 0.00000000 1.00000000
vn 0.00000000 0.00000000 1.00000000
vn 0.00000000 0.00000000 1.00000000
vn 0.00000000 0.00000000 1.00000000
vn 0.00000000 0.00000000 1.00000000
vn 0.00000000 0.00000000 1.00000000
vn 0.00000000 0.00000000 1.00000000
vn 0.00000000 0.00000000 1.00000000
vn 0.00000000 0.00000000 1.00000000
vn -1.00000000 0.00000000 0.00000000
vn 0.00000000 1.00000000 0.00000000
vn 0.00000000 0.00000000 1.00000000
vn 0.00000000 -1.00000000 0.00000000
vn -1.00000000 0.00000000 0.00000000
vn -1.00000000 0.00000000 0.00000000
vn 0.00000000 -1.00000000 0.00000000
vn 1.00000000 0.00000000 0.00000000
vn 0.00000000 1.00000000 0.00000000
vn 0.00000000 0.00000000 1.00000000
vn -1.00000000 0.00000000 0.00000000
vn 0.00000000 1.00000000 0.00000000
vn 0.00000000 -1.00000000 0.00000000
vn 1.00000000 0.00000000 0.00000000
vn 0.00000000 1.00000000 0.00000000
vn 1.00000000 0.00000000 0.00000000
vn 0.00000000 0.00000000 1.00000000
vn 0.00000000 -1.00000000 0.00000000
vn 1.00000000 0.00000000 0.00000000
vn 0.00000000 0.00000000 1.00000000
vn -1.00000000 0.00000000 0.00000000
vn 0.00000000 0.00000000 1.00000000
vn -1.00000000 0.00000000 0.00000000
vn -1.00000000 0.00000000 0.00000000
vn 0.00000000 0.00000000 1.00000000
vn -1.00000000 0.00000000 0.00000000
vn 0.00000000 0.00000000 1.00000000
vn 0.00000000 0.00000000 1.00000000
vn 0.00000000 0.00000000 1.00000000
vn 1.00000000 0.00000000 0.00000000
vn 0.00000000 0.00000000 1.00000000
vn 1.00000000 0.00000000 0.00000000
vn 0.00000000 0.00000000 1.00000000
vn 1.00000000 0.00000000 0.00000000
vn 1.00000000 0.00000000 0.00000000
vn 0.00000000 0.00000000 1.00000000
vn 0.00000000 1.00000000 0.00000000
vn -1.00000000 0.00000000 0.00000000
vn -1.00000000 0.00000000 0.00000000
vn 0.00000000 -1.00000000 0.00000000
vn 0.00000000 1.00000000 0.00000000
vn 1.00000000 0.00000000 0.00000000
vn -1.00000000 0.00000000 0.00000000
vn 0.00000000 1.00000000 0.00000000
vn 0.00000000 0.00000000 1.00000000
vn 1.00000000 0.00000000 0.00000000
vn 0.00000000 -1.00000000 0.00000000
vn 0.00000000 1.00000000 0.00000000
vn 1.00000000 0.00000000 0.00000000
vn 0.00000000 0.00000000 1.00000000
vn 0.00000000 -0.70710000 0.70710000
vn -1.00000000 0.00000000 0.00000000
vn 0.00000000 -1.00000000 0.00000000
vn 0.00000000 0.00000000 1.00000000
vn -1.00000000 0.00000000 0.00000000
vn 0.00000000 -0.70710000 0.70710000
vn 0.00000000 -0.70710000 0.70710000
vn 1.00000000 0.00000000 0.00000000
vn 0.00000000 0.00000000 1.00000000
vn 0.00000000 -0.70710000 0.70710000
vn 1.00000000 0.00000000 0.00000000
vn 0.00000000 -1.00000000 0.00000000
vn 0.00000000 1.00000000 0.00000000
vn 0.00000000 0.00000000 1.00000000
vn 0.00000000 -1.00000000 0.00000000
vn 0.00000000 -1.00000000 0.00000000
vn 0.00000000 1.00000000 0.00000000
vn 0.00000000 1.00000000 0.00000000
vn 0.00000000 0.00000000 1.00000000
vn 0.00000000 -1.00000000 0.00000000
vn 0.00000000 0.00000000 1.00000000
vn 0.00000000 1.00000000 0.00000000
vn 0.00000000 0.00000000 1.00000000
vn 0.00000000 -1.00000000 0.00000000
vn 0.00000000 0.00000000 1.00000000
vn 0.00000000 0.00000000 1.00000000
vn 0.00000000 0.00000000 1.00000000
vn 0.00000000 0.00000000 1.00000000
vn 0.00000000 0.00000000 1.00000000
vn 0.00000000 0.00000000 1.00000000
vn 0.00000000 0.00000000 1.00000000
vn 0.00000000 0.00000000 1.00000000
vn 0.00000000 1.00000000 0.00000000
vn -1.00000000 0.00000000 0.00000000
vn 0.00000000 -1.00000000 0.00000000
vn -1.00000000 0.00000000 0.00000000
vn 0.00000000 0.00000000 1.00000000
vn 0.00000000 -1.00000000 0.00000000
vn -1.00000000 0.00000000 0.00000000
vn 0.00000000 1.00000000 0.00000000
vn 1.00000000 0.00000000 0.00000000
vn -1.00000000 0.00000000 0.00000000
vn 0.00000000 1.00000000 0.00000000
vn 0.00000000 0.00000000 1.00000000
vn 0.00000000 -1.00000000 0.00000000
vn 1.00000000 0.00000000 0.00000000
vn 0.00000000 0.00000000 1.00000000
vn 1.00000000 0.00000000 0.00000000
vn 0.00000000 1.00000000 0.00000000
vn 0.00000000 0.00000000 1.00000000
vn 1.00000000 0.00000000 0.00000000
vn 0.00000000 -1.00000000 0.00000000
vn -1.00000000 0.00000000 0.00000000
vn -1.00000000 0.00000000 0.00000000
vn 0.00000000 0.00000000 1.00000000
vn -1.00000000 0.00000000 0.00000000
vn -1.00000000 0.00000000 0.00000000
vn 0.00000000 0.00000000 1.00000000
vn 0.00000000 0.00000000 1.00000000
vn 0.00000000 0.00000000 1.00000000
vn 0.00000000 0.00000000 1.00000000
vn 1.00000000 0.00000000 0.00000000
vn 0.00000000 0.00000000 1.00000000
vn 1.00000000 0.00000000 0.00000000
vn 0.00000000 0.00000000 1.00000000
vn 1.00000000 0.00000000 0.00000000
vn 1.00000000 0.00000000 0.00000000
vn 0.00000000 0.00000000 1.00000000
vn -1.00000000 0.00000000 0.00000000
vn 0.00000000 1.00000000 0.00000000
vn 0.00000000 -1.00000000 0.00000000
vn -1.00000000 0.00000000 0.00000000
vn 0.00000000 1.00000000 0.00000000
vn 1.00000000 0.00000000 0.00000000
vn -1.00000000 0.00000000 0.00000000
vn 0.00000000 0.00000000 1.00000000
vn 0.00000000 1.00000000 0.00000000
vn 0.00000000 -1.00000000 0.00000000
vn 1.00000000 0.00000000 0.00000000
vn 1.00000000 0.00000000 0.00000000
vn 0.00000000 1.00000000 0.00000000
vn 0.00000000 0.00000000 1.00000000
vn 0.00000000 -1.00000000 0.00000000
vn 0.00000000 -0.70710000 0.70710000
vn -1.00000000 0.00000000 0.00000000
vn 0.00000000 -0.70710000 0.70710000
vn -1.00000000 0.00000000 0.00000000
vn 0.00000000 0.00000000 1.00000000
vn 0.00000000 0.00000000 1.00000000
vn 1.00000000 0.00000000 0.00000000
vn 0.00000000 -0.70710000 0.70710000
vn 0.00000000 -1.00000000 0.00000000
vn 1.00000000 0.00000000 0.00000000
vn 0.00000000 -0.70710000 0.70710000
vn 0.00000000 1.00000000 0.00000000
vn 0.00000000 -1.00000000 0.00000000
vn 0.00000000 0.00000000 1.00000000
vn 0.00000000 -1.00000000 0.00000000
vn 0.00000000 1.00000000 0.00000000
vn 0.00000000 0.00000000 1.00000000
vn 0.00000000 1.00000000 0.00000000
vn 0.00000000 -1.00000000 0.00000000
vn 0.00000000 1.00000000 0.00000000
vn 0.00000000 0.00000000 1.00000000
vn 0.00000000 0.00000000 1.00000000
vn 0.00000000 -1.00000000 0.00000000
vn 0.00000000 0.00000000 1.00000000
vn 0.00000000 0.00000000 1.00000000
vn 0.00000000 0.00000000 1.00000000
vn 0.00000000 0.00000000 1.00000000
vn 0.00000000 0.00000000 1.00000000
vn -1.00000000 0.00000000 0.00000000
vn 0.00000000 -1.00000000 0.00000000
vn 0.00000000 1.00000000 0.00000000
vn 0.00000000 0.00000000 1.00000000
vn -1.00000000 0.00000000 0.00000000
vn 1.00000000 0.00000000 0.00000000
vn 0.00000000 0.00000000 1.00000000
vn 0.00000000 -1.00000000 0.00000000
vn 0.00000000 0.00000000 1.00000000
vn 0.00000000 1.00000000 0.00000000
vn 1.00000000 0.00000000 0.00000000
vn 0.00000000 -1.00000000 0.00000000
vn 1.00000000 0.00000000 0.00000000
vn 0.00000000 0.00000000 -1.00000000
vn 0.00000000 1.00000000 0.00000000
vn 0.00000000 0.00000000 -1.00000000
vn 1.00000000 0.00000000 0.00000000
vn 0.00000000 -1.00000000 0.00000000
vn 0.00000000 0.00000000 1.00000000
vn -1.00000000 0.00000000 0.00000000
vn 0.00000000 -1.00000000 0.00000000
vn 0.00000000 1.00000000 0.00000000
vn -1.00000000 0.00000000 0.00000000
vn 0.00000000 0.00000000 1.00000000
vn 0.00000000 1.00000000 0.00000000
vn 1.00000000 0.00000000 0.00000000
vn 0.00000000 -1.00000000 0.00000000
vn 0.00000000 -1.00000000 0.00000000
vn 1.00000000 0.00000000 0.00000000
vn 0.00000000 1.00000000 0.00000000
vn 1.00000000 0.00000000 0.00000000
vn 1.00000000 0.00000000 0.00000000
vn 0.00000000 1.00000000 0.00000000
vn -1.00000000 0.00000000 0.00000000
vn 0.00000000 0.00000000 1.00000000
vn 0.00000000 -1.00000000 0.00000000
vn 0.00000000 0.00000000 1.00000000
vn 0.00000000 1.00000000 0.00000000
vn -1.00000000 0.00000000 0.00000000
vn 0.00000000 -1.00000000 0.00000000
vn 1.00000000 0.00000000 0.00000000
vn 0.00000000 0.00000000 1.00000000
vn 1.00000000 0.00000000 0.00000000
vn 0.00000000 0.00000000 1.00000000
vn 0.00000000 1.00000000 0.00000000
vn 0.00000000 0.00000000 -1.00000000
vn 1.00000000 0.00000000 0.00000000
vn 0.00000000 -1.00000000 0.00000000
vn 1.00000000 0.00000000 0.00000000
vn 0.00000000 1.00000000 0.00000000
vn 0.00000000 0.00000000 -1.00000000
vn 0.00000000 -1.00000000 0.00000000
vn 0.00000000 0.00000000 1.00000000
vn -1.00000000 0.00000000 0.00000000
vn 0.00000000 -1.00000000 0.00000000
vn -1.00000000 0.00000000 0.00000000
vn 0.00000000 1.00000000 0.00000000
vn 0.00000000 1.00000000 0.00000000
vn 0.00000000 0.00000000 1.00000000
vn 0.00000000 -1.00000000 0.00000000
vn 1.00000000 0.00000000 0.00000000
vn 1.00000000 0.00000000 0.00000000
vn 0.00000000 -1.00000000 0.00000000
vn 1.00000000 0.00000000 0.00000000
vn 0.00000000 1.00000000 0.00000000
vn 1.00000000 0.00000000 0.00000000
vn 0.00000000 1.00000000 0.00000000
vn 0.00000000 0.00000000 1.00000000
vn 1.00000000 0.00000000 0.00000000
vn 0.00000000 0.00000000 1.00000000
vn -1.00000000 0.00000000 0.00000000
vn 0.00000000 0.00000000 1.00000000
vn 0.00000000 0.00000000 1.00000000
vn 1.00000000 0.00000000 0.00000000
vn 0.00000000 0.00000000 1.00000000
vn -1.00000000 0.00000000 0.00000000
vn 0.00000000 0.00000000 1.00000000
vn 0.00000000 0.00000000 1.00000000
vn 1.00000000 0.00000000 0.00000000
vn 0.00000000 0.00000000 1.00000000
vn -1.00000000 0.00000000 0.00000000
vn 1.00000000 0.00000000 0.00000000
vn 0.00000000 0.00000000 1.00000000
vn 0.00000000 1.00000000 0.00000000
vn -1.00000000 0.00000000 0.00000000
vn 0.00000000 1.00000000 0.00000000
vn 0.00000000 0.00000000 1.00000000
vn 0.00000000 -1.00000000 0.00000000
vn -1.00000000 0.00000000 0.00000000
vn 0.00000000 0.00000000 1.00000000
vn 0.00000000 -1.00000000 0.00000000
vn 1.00000000 0.00000000 0.00000000
vn 0.00000000 0.00000000 1.00000000
vn 0.00000000 0.00000000 1.00000000
vn 1.00000000 0.00000000 0.00000000
vn 0.00000000 -1.00000000 0.00000000
vn 0.00000000 0.00000000 1.00000000
vn 0.00000000 1.00000000 0.00000000
vn 1.00000000 0.00000000 0.00000000
vn 0.00000000 1.00000000 0.00000000
vn 0.00000000 0.00000000 1.00000000
vn -1.00000000 0.00000000 0.00000000
vn 0.00000000 0.00000000 1.00000000
vn -1.00000000 0.00000000 0.00000000
vn 0.00000000 -1.00000000 0.00000000
vn 0.00000000 1.00000000 0.00000000
vn -1.00000000 0.00000000 0.00000000
vn 0.00000000 1.00000000 0.00000000
vn 1.00000000 0.00000000 0.00000000
vn 0.00000000 -1.00000000 0.00000000
vn 1.00000000 0.00000000 0.00000000
vn 0.00000000 -1.00000000 0.00000000
vn -1.00000000 0.00000000 0.00000000
vn 1.00000000 0.00000000 0.00000000
vn 0.00000000 -1.00000000 0.00000000
vn 1.00000000 0.00000000 0.00000000
vn 0.00000000 1.00000000 0.00000000
vn -1.00000000 0.00000000 0.00000000
vn 0.00000000 -1.00000000 0.00000000
vn 0.00000000 1.00000000 0.00000000
vn -1.00000000 0.00000000 0.00000000
vn -1.00000000 0.00000000 0.00000000
vn 0.00000000 1.00000000 0.00000000
vn 0.00000000 -1.00000000 0.00000000
vn -1.00000000 0.00000000 0.00000000
vn 0.00000000 1.00000000 0.00000000
vn 1.00000000 0.00000000 0.00000000
vn 1.00000000 0.00000000 0.00000000
vn 0.00000000 -1.00000000 0.00000000
vn 0.00000000 -1.00000000 0.00000000
vn -1.00000000 0.00000000 0.00000000
vn 1.00000000 0.00000000 0.00000000
vn 0.00000000 -1.00000000 0.00000000
vn 1.00000000 0.00000000 0.00000000
vn 0.00000000 1.00000000 0.00000000
vn 0.00000000 1.00000000 0.00000000
vn -1.00000000 0.00000000 0.00000000
vn -1.00000000 0.00000000 0.00000000
vn 0.00000000 -1.00000000 0.00000000
vn 0.00000000 0.00000000 1.00000000
vn 0.00000000 0.00000000 1.00000000
vn -1.00000000 0.00000000 0.00000000
vn 0.00000000 1.00000000 0.00000000
vn 0.00000000 1.00000000 0.00000000
vn 1.00000000 0.00000000 0.00000000
vn 0.00000000 0.00000000 1.00000000
vn 0.00000000 0.00000000 1.00000000
vn 1.00000000 0.00000000 0.00000000
vn 0.00000000 -1.00000000 0.00000000
vn 0.00000000 0.00000000 1.00000000
vn 1.00000000 0.00000000 0.00000000
vn 0.00000000 -1.00000000 0.00000000
vn -1.00000000 0.00000000 0.00000000
vn 0.00000000 0.00000000 1.00000000
vn 0.00000000 -1.00000000 0.00000000
vn 0.00000000 0.00000000 1.00000000
vn 0.00000000 1.00000000 0.00000000
vn -1.00000000 0.00000000 0.00000000
vn 1.00000000 0.00000000 0.00000000
vn 0.00000000 1.00000000 0.00000000
vn 0.00000000 0.00000000 1.00000000
vn 0.00000000 0.00000000 1.00000000
vn 1.00000000 0.00000000 0.00000000
vn 0.00000000 0.00000000 1.00000000
vn 0.00000000 0.00000000 1.00000000
vn 1.00000000 0.00000000 0.00000000
vn 0.00000000 0.00000000 1.00000000
vn 1.00000000 0.00000000 0.00000000
vn 0.00000000 0.00000000 1.00000000
vn 1.00000000 0.00000000 0.00000000
vn 0.00000000 0.00000000 1.00000000
vn 0.00000000 0.00000000 1.00000000
vn -1.00000000 0.00000000 0.00000000
vn 1.00000000 0.00000000 0.00000000
vn 0.00000000 -1.00000000 0.00000000
vn 0.00000000 0.00000000 1.00000000
vn 1.00000000 0.00000000 0.00000000
vn 0.00000000 1.00000000 0.00000000
vn 0.00000000 0.00000000 1.00000000
vn -1.00000000 0.00000000 0.00000000
vn 0.00000000 1.00000000 0.00000000
vn 0.00000000 0.00000000 1.00000000
vn -1.00000000 0.00000000 0.00000000
vn 0.00000000 0.00000000 1.00000000
vn 0.00000000 -1.00000000 0.00000000
vn 1.00000000 0.00000000 0.00000000
vn 0.00000000 -1.00000000 0.00000000
vn 0.00000000 1.00000000 0.00000000
vn 1.00000000 0.00000000 0.00000000
vn 0.00000000 -1.00000000 0.00000000
vn -1.00000000 0.00000000 0.00000000
vn -1.00000000 0.00000000 0.00000000
vn 0.00000000 1.00000000 0.00000000
vn 0.00000000 1.00000000 0.00000000
vn -1.00000000 0.00000000 0.00000000
vn -1.00000000 0.00000000 0.00000000
vn 0.00000000 -1.00000000 0.00000000
vn 1.00000000 0.00000000 0.00000000
vn 0.00000000 1.00000000 0.00000000
vn 0.00000000 -1.00000000 0.00000000
vn 1.00000000 0.00000000 0.00000000
vn 0.00000000 0.00000000 1.00000000
vn -1.00000000 0.00000000 0.00000000
vn 0.00000000 -1.00000000 0.00000000
vn 0.00000000 0.00000000 1.00000000
vn 0.00000000 1.00000000 0.00000000
vn -1.00000000 0.00000000 0.00000000
vn 0.00000000 0.00000000 1.00000000
vn 1.00000000 0.00000000 0.00000000
vn 0.00000000 1.00000000 0.00000000
vn 0.00000000 -1.00000000 0.00000000
vn 0.00000000 0.00000000 1.00000000
vn 1.00000000 0.00000000 0.00000000
vn 0.00000000 0.00000000 1.00000000
vn 1.00000000 0.00000000 0.00000000
vn 0.00000000 0.00000000 -1.00000000
vn -1.00000000 0.00000000 0.00000000
vn -1.00000000 0.00000000 0.00000000
vn 0.00000000 0.00000000 -1.00000000
vn 0.00000000 0.00000000 1.00000000
vn 0.00000000 0.00000000 1.00000000
vn 0.00000000 0.00000000 1.00000000
vn 0.00000000 0.00000000 1.00000000
vn 0.00000000 1.00000000 0.00000000
vn -1.00000000 0.00000000 0.00000000
vn -1.00000000 0.00000000 0.00000000
vn 0.00000000 0.00000000 1.00000000
vn 0.00000000 -1.00000000 0.00000000
vn 0.00000000 -1.00000000 0.00000000
vn -1.00000000 0.00000000 0.00000000
vn 1.00000000 0.00000000 0.00000000
vn 0.00000000 1.00000000 0.00000000
vn 0.00000000 1.00000000 0.00000000
vn -1.00000000 0.00000000 0.00000000
vn 0.00000000 0.00000000 1.00000000
vn 1.00000000 0.00000000 0.00000000
vn 0.00000000 -1.00000000 0.00000000
vn 1.00000000 0.00000000 0.00000000
vn 0.00000000 1.00000000 0.00000000
vn 0.00000000 0.00000000 1.00000000
vn 1.00000000 0.00000000 0.00000000
vn 0.00000000 0.00000000 1.00000000
vn 0.00000000 -1.00000000 0.00000000
vn -1.00000000 0.00000000 0.00000000
vn 0.00000000 0.00000000 1.00000000
vn -1.00000000 0.00000000 0.00000000
vn -1.00000000 0.00000000 0.00000000
vn -1.00000000 0.00000000 0.00000000
vn 0.00000000 0.00000000 1.00000000
vn 0.00000000 0.00000000 1.00000000
vn 0.00000000 0.00000000 1.00000000
vn 0.00000000 0.00000000 1.00000000
vn 1.00000000 0.00000000 0.00000000
vn 0.00000000 0.00000000 1.00000000
vn 1.00000000 0.00000000 0.00000000
vn 0.00000000 0.00000000 1.00000000
vn 1.00000000 0.00000000 0.00000000
vn 1.00000000 0.00000000 0.00000000
vn 0.00000000 0.00000000 1.00000000
vn -1.00000000 0.00000000 0.00000000
vn 0.00000000 1.00000000 0.00000000
vn -1.00000000 0.00000000 0.00000000
vn 0.00000000 -1.00000000 0.00000000
vn 1.00000000 0.00000000 0.00000000
vn 0.00000000 1.00000000 0.00000000
vn 0.00000000 0.00000000 1.00000000
vn -1.00000000 0.00000000 0.00000000
vn 0.00000000 1.00000000 0.00000000
vn 1.00000000 0.00000000 0.00000000
vn 0.00000000 -1.00000000 0.00000000
vn 0.00000000 1.00000000 0.00000000
vn 1.00000000 0.00000000 0.00000000
vn 0.00000000 0.00000000 1.00000000
vn 0.00000000 -0.70710000 0.70710000
vn -1.00000000 0.00000000 0.00000000
vn 0.00000000 -1.00000000 0.00000000
vn 0.00000000 0.00000000 1.00000000
vn -1.00000000 0.00000000 0.00000000
vn 0.00000000 -0.70710000 0.70710000
vn 0.00000000 0.00000000 1.00000000
vn 1.00000000 0.00000000 0.00000000
vn 0.00000000 -0.70710000 0.70710000
vn 1.00000000 0.00000000 0.00000000
vn 0.00000000 -0.70710000 0.70710000
vn 0.00000000 -1.00000000 0.00000000
vn 0.00000000 1.00000000 0.00000000
vn 0.00000000 -1.00000000 0.00000000
vn 0.00000000 0.00000000 1.00000000
vn 0.00000000 -1.00000000 0.00000000
vn 0.00000000 1.00000000 0.00000000
vn 0.00000000 0.00000000 1.00000000
vn 0.00000000 1.00000000 0.00000000
vn 0.00000000 -1.00000000 0.00000000
vn 0.00000000 0.00000000 1.00000000
vn 0.00000000 1.00000000 0.00000000
vn 0.00000000 -1.00000000 0.00000000
vn 0.00000000 0.00000000 1.00000000
vn 0.00000000 0.00000000 1.00000000
vn 0.00000000 0.00000000 1.00000000
vn 0.00000000 0.00000000 1.00000000
vn 0.00000000 0.00000000 1.00000000
vn 0.00000000 0.00000000 1.00000000
vn 0.00000000 0.00000000 1.00000000
vn 0.00000000 0.00000000 1.00000000
vn 0.00000000 0.00000000 1.00000000
vn -1.00000000 0.00000000 0.00000000
vn 0.00000000 1.00000000 0.00000000
vn -1.00000000 0.00000000 0.00000000
vn 0.00000000 0.00000000 1.00000000
vn 0.00000000 -1.00000000 0.00000000
vn -1.00000000 0.00000000 0.00000000
vn 0.00000000 -1.00000000 0.00000000
vn 1.00000000 0.00000000 0.00000000
vn 0.00000000 1.00000000 0.00000000
vn 0.00000000 1.00000000 0.00000000
vn -1.00000000 0.00000000 0.00000000
vn 0.00000000 0.00000000 1.00000000
vn 0.00000000 -1.00000000 0.00000000
vn 1.00000000 0.00000000 0.00000000
vn 0.00000000 1.00000000 0.00000000
vn 0.00000000 0.00000000 1.00000000
vn 1.00000000 0.00000000 0.00000000
vn 0.00000000 -1.00000000 0.00000000
vn 1.00000000 0.00000000 0.00000000
vn 0.00000000 0.00000000 1.00000000
vn -1.00000000 0.00000000 0.00000000
vn 0.00000000 0.00000000 1.00000000
vn -1.00000000 0.00000000 0.00000000
vn -1.00000000 0.00000000 0.00000000
vn -1.00000000 0.00000000 0.00000000
vn 0.00000000 0.00000000 1.00000000
vn 0.00000000 0.00000000 1.00000000
vn 0.00000000 0.00000000 1.00000000
vn 0.00000000 0.00000000 1.00000000
vn 1.00000000 0.00000000 0.00000000
vn 0.00000000 0.00000000 1.00000000
vn 1.00000000 0.00000000 0.00000000
vn 1.00000000 0.00000000 0.00000000
vn 0.00000000 0.00000000 1.00000000
vn 1.00000000 0.00000000 0.00000000
vn 0.00000000 0.00000000 1.00000000
vn -1.00000000 0.00000000 0.00000000
vn 0.00000000 1.00000000 0.00000000
vn 0.00000000 -1.00000000 0.00000000
vn -1.00000000 0.00000000 0.00000000
vn 0.00000000 1.00000000 0.00000000
vn 1.00000000 0.00000000 0.00000000
vn -1.00000000 0.00000000 0.00000000
vn 0.00000000 0.00000000 1.00000000
vn 0.00000000 1.00000000 0.00000000
vn 0.00000000 -1.00000000 0.00000000
vn 1.00000000 0.00000000 0.00000000
vn 1.00000000 0.00000000 0.00000000
vn 0.00000000 1.00000000 0.00000000
vn 0.00000000 0.00000000 1.00000000
vn 0.00000000 -1.00000000 0.00000000
vn -1.00000000 0.00000000 0.00000000
vn 0.00000000 -0.70710000 0.70710000
vn 0.00000000 0.00000000 1.00000000
vn -1.00000000 0.00000000 0.00000000
vn 0.00000000 -0.70710000 0.70710000
vn 0.00000000 0.00000000 1.00000000
vn 1.00000000 0.00000000 0.00000000
vn 0.00000000 -0.70710000 0.70710000
vn 0.00000000 -0.70710000 0.70710000
vn 0.00000000 -1.00000000 0.00000000
vn 1.00000000 0.00000000 0.00000000
vn 0.00000000 1.00000000 0.00000000
vn 0.00000000 0.00000000 1.00000000
vn 0.00000000 -1.00000000 0.00000000
vn 0.00000000 -1.00000000 0.00000000
vn 0.00000000 1.00000000 0.00000000
vn 0.00000000 1.00000000 0.00000000
vn 0.00000000 0.00000000 1.00000000
vn 0.00000000 -1.00000000 0.00000000
vn 0.00000000 0.00000000 1.00000000
vn 0.00000000 1.00000000 0.00000000
vn 0.00000000 -1.00000000 0.00000000
vn 0.00000000 0.00000000 1.00000000
vn 0.00000000 0.00000000 1.00000000
vn 0.00000000 0.00000000 1.00000000
vn 0.00000000 0.00000000 1.00000000
vn 0.00000000 0.00000000 1.00000000
vn 0.00000000 0.00000000 1.00000000
vn 0.00000000 0.00000000 1.00000000
vn 0.00000000 0.00000000 1.00000000
vn 0.00000000 0.00000000 1.00000000
vn -1.00000000 0.00000000 0.00000000
vn 0.00000000 1.00000000 0.00000000
vn -1.00000000 0.00000000 0.00000000
vn 0.00000000 -1.00000000 0.00000000
vn 0.00000000 0.00000000 1.00000000
vn -1.00000000 0.00000000 0.00000000
vn 0.00000000 -1.00000000 0.00000000
vn 1.00000000 0.00000000 0.00000000
vn 0.00000000 1.00000000 0.00000000
vn 0.00000000 1.00000000 0.00000000
vn 0.00000000 0.00000000 1.00000000
vn -1.00000000 0.00000000 0.00000000
vn 1.00000000 0.00000000 0.00000000
vn 0.00000000 -1.00000000 0.00000000
vn 1.00000000 0.00000000 0.00000000
vn 0.00000000 0.00000000 1.00000000
vn 0.00000000 1.00000000 0.00000000
vn 0.00000000 -1.00000000 0.00000000
vn 1.00000000 0.00000000 0.00000000
vn 0.00000000 0.00000000 1.00000000
vn -1.00000000 0.00000000 0.00000000
vn -1.00000000 0.00000000 0.00000000
vn 0.00000000 0.00000000 1.00000000
vn -1.00000000 0.00000000 0.00000000
vn -1.00000000 0.00000000 0.00000000
vn 0.00000000 0.00000000 1.00000000
vn 0.00000000 0.00000000 1.00000000
vn 0.00000000 0.00000000 1.00000000
vn 0.00000000 0.00000000 1.00000000
vn 1.00000000 0.00000000 0.00000000
vn 0.00000000 0.00000000 1.00000000
vn 1.00000000 0.00000000 0.00000000
vn 1.00000000 0.00000000 0.00000000
vn 0.00000000 0.00000000 1.00000000
vn 1.00000000 0.00000000 0.00000000
vn 0.00000000 0.00000000 1.00000000
vn 0.00000000 1.00000000 0.00000000
vn -1.00000000 0.00000000 0.00000000
vn 0.00000000 -1.00000000 0.00000000
vn -1.00000000 0.00000000 0.00000000
vn 1.00000000 0.00000000 0.00000000
vn 0.00000000 1.00000000 0.00000000
vn -1.00000000 0.00000000 0.00000000
vn 0.00000000 1.00000000 0.00000000
vn 0.00000000 0.00000000 1.00000000
vn 0.00000000 -1.00000000 0.00000000
vn 1.00000000 0.00000000 0.00000000
vn 1.00000000 0.00000000 0.00000000
vn 0.00000000 1.00000000 0.00000000
vn 0.00000000 0.00000000 1.00000000
vn 0.00000000 -0.70710000 0.70710000
vn -1.00000000 0.00000000 0.00000000
vn 0.00000000 -1.00000000 0.00000000
vn 0.00000000 -0.70710000 0.70710000
vn -1.00000000 0.00000000 0.00000000
vn 0.00000000 0.00000000 1.00000000
vn 0.00000000 -0.70710000 0.70710000
vn 1.00000000 0.00000000 0.00000000
vn 0.00000000 0.00000000 1.00000000
vn 0.00000000 -0.70710000 0.70710000
vn 0.00000000 -1.00000000 0.00000000
vn 1.00000000 0.00000000 0.00000000
vn 0.00000000 1.00000000 0.00000000
vn 0.00000000 -1.00000000 0.00000000
vn 0.00000000 0.00000000 1.00000000
vn 0.00000000 -1.00000000 0.00000000
vn 0.00000000 1.00000000 0.00000000
vn 0.00000000 0.00000000 1.00000000
vn 0.00000000 1.00000000 0.00000000
vn 0.00000000 -1.00000000 0.00000000
vn 0.00000000 1.00000000 0.00000000
vn 0.00000000 0.00000000 1.00000000
vn 0.00000000 0.00000000 1.00000000
vn 0.00000000 -1.00000000 0.00000000
vn 0.00000000 0.00000000 1.00000000
vn 0.00000000 0.00000000 1.00000000
vn 0.00000000 0.00000000 1.00000000
vn 0.00000000 0.00000000 1.00000000
vn 0.00000000 0.00000000 1.00000000
vn 0.00000000 0.00000000 1.00000000
vn 0.00000000 0.00000000 1.00000000
vn 0.00000000 0.00000000 1.00000000
vn 0.00000000 1.00000000 0.00000000
vn -1.00000000 0.00000000 0.00000000
vn 0.00000000 -1.00000000 0.00000000
vn -1.00000000 0.00000000 0.00000000
vn 0.00000000 0.00000000 1.00000000
vn 0.00000000 -1.00000000 0.00000000
vn -1.00000000 0.00000000 0.00000000
vn 0.00000000 1.00000000 0.00000000
vn 1.00000000 0.00000000 0.00000000
vn 0.00000000 0.00000000 1.00000000
vn 0.00000000 1.00000000 0.00000000
vn -1.00000000 0.00000000 0.00000000
vn 1.00000000 0.00000000 0.00000000
vn 0.00000000 -1.00000000 0.00000000
vn 1.00000000 0.00000000 0.00000000
vn 0.00000000 1.00000000 0.00000000
vn 0.00000000 0.00000000 1.00000000
vn 0.00000000 0.00000000 1.00000000
vn 1.00000000 0.00000000 0.00000000
vn 0.00000000 -1.00000000 0.00000000
vn -1.00000000 0.00000000 0.00000000
vn 0.00000000 0.00000000 1.00000000
vn -1.00000000 0.00000000 0.00000000
vn -1.00000000 0.00000000 0.00000000
vn -1.00000000 0.00000000 0.00000000
vn 0.00000000 0.00000000 1.00000000
vn 0.00000000 0.00000000 1.00000000
vn 0.00000000 0.00000000 1.00000000
vn 0.00000000 0.00000000 1.00000000
vn 1.00000000 0.00000000 0.00000000
vn 0.00000000 0.00000000 1.00000000
vn 1.00000000 0.00000000 0.00000000
vn 0.00000000 0.00000000 1.00000000
vn 1.00000000 0.00000000 0.00000000
vn 1.00000000 0.00000000 0.00000000
vn 0.00000000 0.00000000 1.00000000
vn -1.00000000 0.00000000 0.00000000
vn 0.00000000 1.00000000 0.00000000
vn 0.00000000 -1.00000000 0.00000000
vn -1.00000000 0.00000000 0.00000000
vn 0.00000000 1.00000000 0.00000000
vn 1.00000000 0.00000000 0.00000000
vn 0.00000000 1.00000000 0.00000000
vn 0.00000000 0.00000000 1.00000000
vn -1.00000000 0.00000000 0.00000000
vn 0.00000000 -1.00000000 0.00000000
vn 1.00000000 0.00000000 0.00000000
vn 0.00000000 1.00000000 0.00000000
vn 0.00000000 0.00000000 1.00000000
vn 1.00000000 0.00000000 0.00000000
vn 0.00000000 -0.70710000 0.70710000
vn -1.00000000 0.00000000 0.00000000
vn 0.00000000 -1.00000000 0.00000000
vn 0.00000000 -0.70710000 0.70710000
vn 0.00000000 0.00000000 1.00000000
vn -1.00000000 0.00000000 0.00000000
vn 1.00000000 0.00000000 0.00000000
vn 0.00000000 0.00000000 1.00000000
vn 0.00000000 -0.70710000 0.70710000
vn 1.00000000 0.00000000 0.00000000
vn 0.00000000 -1.00000000 0.00000000
vn 0.00000000 -0.70710000 0.70710000
vn 0.00000000 1.00000000 0.00000000
vn 0.00000000 0.00000000 1.00000000
vn 0.00000000 -1.00000000 0.00000000
vn 0.00000000 -1.00000000 0.00000000
vn 0.00000000 1.00000000 0.00000000
vn 0.00000000 1.00000000 0.00000000
vn 0.00000000 0.00000000 1.00000000
vn 0.00000000 -1.00000000 0.00000000
vn 0.00000000 0.00000000 1.00000000
vn 0.00000000 1.00000000 0.00000000
vn 0.00000000 -1.00000000 0.00000000
vn 0.00000000 0.00000000 1.00000000
vn 0.00000000 0.00000000 1.00000000
vn 0.00000000 0.00000000 1.00000000
vn 0.00000000 0.00000000 1.00000000
vn 0.00000000 0.00000000 1.00000000
vn 0.00000000 0.00000000 1.00000000
vn 0.00000000 0.00000000 1.00000000
vn 0.00000000 0.00000000 1.00000000
vn 0.00000000 0.00000000 1.00000000
vn -1.00000000 0.00000000 0.00000000
vn 0.00000000 1.00000000 0.00000000
vn 0.00000000 0.00000000 1.00000000
vn -1.00000000 0.00000000 0.00000000
vn 0.00000000 -1.00000000 0.00000000
vn -1.00000000 0.00000000 0.00000000
vn 0.00000000 -1.00000000 0.00000000
vn 0.00000000 1.00000000 0.00000000
vn 1.00000000 0.00000000 0.00000000
vn 0.00000000 1.00000000 0.00000000
vn 0.00000000 0.00000000 1.00000000
vn -1.00000000 0.00000000 0.00000000
vn 0.00000000 -1.00000000 0.00000000
vn 1.00000000 0.00000000 0.00000000
vn 0.00000000 0.00000000 1.00000000
vn 0.00000000 1.00000000 0.00000000
vn 1.00000000 0.00000000 0.00000000
vn 0.00000000 -1.00000000 0.00000000
vn 1.00000000 0.00000000 0.00000000
vn 0.00000000 0.00000000 1.00000000
vn -1.00000000 0.00000000 0.00000000
vn 0.00000000 0.00000000 1.00000000
vn -1.00000000 0.00000000 0.00000000
vn -1.00000000 0.00000000 0.00000000
vn 0.00000000 0.00000000 1.00000000
vn -1.00000000 0.00000000 0.00000000
vn 0.00000000 0.00000000 1.00000000
vn 0.00000000 0.00000000 1.00000000
vn 0.00000000 0.00000000 1.00000000
vn 1.00000000 0.00000000 0.00000000
vn 0.00000000 0.00000000 1.00000000
vn 1.00000000 0.00000000 0.00000000
vn 1.00000000 0.00000000 0.00000000
vn 0.00000000 0.00000000 1.00000000
vn 0.00000000 0.00000000 1.00000000
vn 1.00000000 0.00000000 0.00000000
vn -1.00000000 0.00000000 0.00000000
vn 0.00000000 1.00000000 0.00000000
vn -1.00000000 0.00000000 0.00000000
vn 0.00000000 -1.00000000 0.00000000
vn 1.00000000 0.00000000 0.00000000
vn 0.00000000 1.00000000 0.00000000
vn 0.00000000 0.00000000 1.00000000
vn 0.00000000 1.00000000 0.00000000
vn -1.00000000 0.00000000 0.00000000
vn 0.00000000 -1.00000000 0.00000000
vn 1.00000000 0.00000000 0.00000000
vn 0.00000000 1.00000000 0.00000000
vn 1.00000000 0.00000000 0.00000000
vn 0.00000000 0.00000000 1.00000000
vn 0.00000000 -1.00000000 0.00000000
vn -1.00000000 0.00000000 0.00000000
vn 0.00000000 -0.70710000 0.70710000
vn 0.00000000 -0.70710000 0.70710000
vn 0.00000000 0.00000000 1.00000000
vn -1.00000000 0.00000000 0.00000000
vn 0.00000000 -0.70710000 0.70710000
vn 1.00000000 0.00000000 0.00000000
vn 0.00000000 0.00000000 1.00000000
vn 1.00000000 0.00000000 0.00000000
vn 0.00000000 -0.70710000 0.70710000
vn 0.00000000 -1.00000000 0.00000000
vn 0.00000000 1.00000000 0.00000000
vn 0.00000000 -1.00000000 0.00000000
vn 0.00000000 0.00000000 1.00000000
vn 0.00000000 -1.00000000 0.00000000
vn 0.00000000 1.00000000 0.00000000
vn 0.00000000 0.00000000 1.00000000
vn 0.00000000 1.00000000 0.00000000
vn 0.00000000 -1.00000000 0.00000000
vn 0.00000000 0.00000000 1.00000000
vn 0.00000000 1.00000000 0.00000000
vn 0.00000000 -1.00000000 0.00000000
vn 0.00000000 0.00000000 1.00000000
vn 0.00000000 0.00000000 1.00000000
vn 0.00000000 0.00000000 1.00000000
vn 0.00000000 0.00000000 1.00000000
vn 0.00000000 0.00000000 1.00000000
vn 0.00000000 0.00000000 1.00000000
vn 0.00000000 0.00000000 1.00000000
vn 0.00000000 0.00000000 1.00000000
vn 0.00000000 0.00000000 1.00000000
vn -1.00000000 0.00000000 0.00000000
vn 0.00000000 1.00000000 0.00000000
vn 0.00000000 -1.00000000 0.00000000
vn 0.00000000 0.00000000 1.00000000
vn -1.00000000 0.00000000 0.00000000
vn 0.00000000 -1.00000000 0.00000000
vn -1.00000000 0.00000000 0.00000000
vn 1.00000000 0.00000000 0.00000000
vn 0.00000000 1.00000000 0.00000000
vn 0.00000000 0.00000000 1.00000000
vn 0.00000000 1.00000000 0.00000000
vn -1.00000000 0.00000000 0.00000000
vn 0.00000000 -1.00000000 0.00000000
vn 1.00000000 0.00000000 0.00000000
vn 0.00000000 0.00000000 1.00000000
vn 1.00000000 0.00000000 0.00000000
vn 0.00000000 1.00000000 0.00000000
vn 1.00000000 0.00000000 0.00000000
vn 0.00000000 0.00000000 1.00000000
vn 0.00000000 -1.00000000 0.00000000
vn -1.00000000 0.00000000 0.00000000
vn -1.00000000 0.00000000 0.00000000
vn 0.00000000 0.00000000 1.00000000
vn -1.00000000 0.00000000 0.00000000
vn -1.00000000 0.00000000 0.00000000
vn 0.00000000 0.00000000 1.00000000
vn 0.00000000 0.00000000 1.00000000
vn 0.00000000 0.00000000 1.00000000
vn 0.00000000 0.00000000 1.00000000
vn 1.00000000 0.00000000 0.00000000
vn 0.00000000 0.00000000 1.00000000
vn 1.00000000 0.00000000 0.00000000
vn 1.00000000 0.00000000 0.00000000
vn 0.00000000 0.00000000 1.00000000
vn 1.00000000 0.00000000 0.00000000
vn 0.00000000 0.00000000 1.00000000
vn 0.00000000 1.00000000 0.00000000
vn -1.00000000 0.00000000 0.00000000
vn 0.00000000 -1.00000000 0.00000000
vn -1.00000000 0.00000000 0.00000000
vn 1.00000000 0.00000000 0.00000000
vn 0.00000000 1.00000000 0.00000000
vn 0.00000000 0.00000000 1.00000000
vn -1.00000000 0.00000000 0.00000000
vn 0.00000000 1.00000000 0.00000000
vn 1.00000000 0.00000000 0.00000000
vn 0.00000000 -1.00000000 0.00000000
vn 1.00000000 0.00000000 0.00000000
vn 0.00000000 1.00000000 0.00000000
vn 0.00000000 0.00000000 1.00000000
vn -1.00000000 0.00000000 0.00000000
vn 0.00000000 -0.70710000 0.70710000
vn 0.00000000 -1.00000000 0.00000000
vn 0.00000000 -0.70710000 0.70710000
vn -1.00000000 0.00000000 0.00000000
vn 0.00000000 0.00000000 1.00000000
vn 0.00000000 0.00000000 1.00000000
vn 1.00000000 0.00000000 0.00000000
vn 0.00000000 -0.70710000 0.70710000
vn 1.00000000 0.00000000 0.00000000
vn 0.00000000 -0.70710000 0.70710000
vn 0.00000000 -1.00000000 0.00000000
vn 0.00000000 1.00000000 0.00000000
vn 0.00000000 -1.00000000 0.00000000
vn 0.00000000 0.00000000 1.00000000
vn 0.00000000 -1.00000000 0.00000000
vn 0.00000000 1.00000000 0.00000000
vn 0.00000000 0.00000000 1.00000000
vn 0.00000000 1.00000000 0.00000000
vn 0.00000000 -1.00000000 0.00000000
vn 0.00000000 0.00000000 1.00000000
vn 0.00000000 1.00000000 0.00000000
vn 0.00000000 -1.00000000 0.00000000
vn 0.00000000 0.00000000 1.00000000
vn 0.00000000 0.00000000 1.00000000
vn 0.00000000 0.00000000 1.00000000
vn 0.00000000 0.00000000 1.00000000
vn 0.00000000 0.00000000 1.00000000
vn 0.00000000 0.00000000 1.00000000
vn 0.00000000 -1.00000000 0.00000000
vn -1.00000000 0.00000000 0.00000000
vn -1.00000000 0.00000000 0.00000000
vn 0.00000000 0.00000000 1.00000000
vn 0.00000000 1.00000000 0.00000000
vn 0.00000000 -1.00000000 0.00000000
vn -1.00000000 0.00000000 0.00000000
vn 0.00000000 0.00000000 -1.00000000
vn -1.00000000 0.00000000 0.00000000
vn 0.00000000 1.00000000 0.00000000
vn 0.00000000 0.00000000 -1.00000000
vn 1.00000000 0.00000000 0.00000000
vn 0.00000000 -1.00000000 0.00000000
vn 0.00000000 0.00000000 1.00000000
vn 0.00000000 1.00000000 0.00000000
vn 0.00000000 0.00000000 1.00000000
vn 1.00000000 0.00000000 0.00000000
vn 0.00000000 -1.00000000 0.00000000
vn -1.00000000 0.00000000 0.00000000
vn 0.00000000 -1.00000000 0.00000000
vn -1.00000000 0.00000000 0.00000000
vn 0.00000000 1.00000000 0.00000000
vn -1.00000000 0.00000000 0.00000000
vn -1.00000000 0.00000000 0.00000000
vn 0.00000000 1.00000000 0.00000000
vn 0.00000000 -1.00000000 0.00000000
vn 1.00000000 0.00000000 0.00000000
vn 0.00000000 -1.00000000 0.00000000
vn 0.00000000 0.00000000 1.00000000
vn 0.00000000 1.00000000 0.00000000
vn 0.00000000 0.00000000 1.00000000
vn 0.00000000 1.00000000 0.00000000
vn 1.00000000 0.00000000 0.00000000
vn -1.00000000 0.00000000 0.00000000
vn 0.00000000 0.00000000 1.00000000
vn 0.00000000 -1.00000000 0.00000000
vn 0.00000000 0.00000000 1.00000000
vn -1.00000000 0.00000000 0.00000000
vn 0.00000000 1.00000000 0.00000000
vn 0.00000000 -1.00000000 0.00000000
vn -1.00000000 0.00000000 0.00000000
vn 0.00000000 0.00000000 -1.00000000
vn -1.00000000 0.00000000 0.00000000
vn 0.00000000 0.00000000 -1.00000000
vn 0.00000000 1.00000000 0.00000000
vn 0.00000000 0.00000000 1.00000000
vn 0.00000000 -1.00000000 0.00000000
vn 1.00000000 0.00000000 0.00000000
vn 0.00000000 0.00000000 1.00000000
vn 0.00000000 1.00000000 0.00000000
vn 1.00000000 0.00000000 0.00000000
vn -1.00000000 0.00000000 0.00000000
vn 0.00000000 -1.00000000 0.00000000
vn 0.00000000 -1.00000000 0.00000000
vn -1.00000000 0.00000000 0.00000000
vn -1.00000000 0.00000000 0.00000000
vn 0.00000000 1.00000000 0.00000000
vn 0.00000000 1.00000000 0.00000000
vn -1.00000000 0.00000000 0.00000000
vn 1.00000000 0.00000000 0.00000000
vn 0.00000000 -1.00000000 0.00000000
vn 0.00000000 -1.00000000 0.00000000
vn 0.00000000 0.00000000 1.00000000
vn 0.00000000 0.00000000 1.00000000
vn 0.00000000 1.00000000 0.00000000
vn 1.00000000 0.00000000 0.00000000
vn 0.00000000 1.00000000 0.00000000
vn -1.00000000 0.00000000 0.00000000
vn 0.00000000 0.00000000 1.00000000
vn 0.00000000 -1.00000000 0.00000000
vn 0.00000000 0.00000000 1.00000000
vn -1.00000000 0.00000000 0.00000000
vn 0.00000000 1.00000000 0.00000000
vn 0.00000000 0.00000000 -1.00000000
vn -1.00000000 0.00000000 0.00000000
vn 0.00000000 -1.00000000 0.00000000
vn 0.00000000 0.00000000 -1.00000000
vn 0.00000000 1.00000000 0.00000000
vn -1.00000000 0.00000000 0.00000000
vn 0.00000000 0.00000000 1.00000000
vn 1.00000000 0.00000000 0.00000000
vn 0.00000000 -1.00000000 0.00000000
vn 0.00000000 1.00000000 0.00000000
vn 0.00000000 0.00000000 1.00000000
vn 1.00000000 0.00000000 0.00000000
vn 0.00000000 -1.00000000 0.00000000
vn 1.00000000 0.00000000 0.00000000
vn 0.00000000 0.00000000 -1.00000000
vn 0.00000000 0.00000000 -1.00000000
vn 1.00000000 0.00000000 0.00000000
vn 0.00000000 1.00000000 0.00000000
vn 0.00000000 1.00000000 0.00000000
vn 0.00000000 0.50660000 0.86220000
vn -0.86220000 0.50660000 0.00000000
vn 0.86220000 0.50660000 0.00000000
vn 0.00000000 0.50660000 0.86220000
vn 0.00000000 1.00000000 0.00000000
vn 0.86220000 0.50660000 0.00000000
vn 0.00000000 0.50660000 -0.86220000
vn 0.00000000 1.00000000 0.00000000
vn 0.00000000 0.50660000 -0.86220000
vn -0.86220000 0.50660000 0.00000000
vn 0.00000000 1.00000000 0.00000000
vn 0.00000000 1.00000000 0.00000000
vn 0.86220000 0.50660000 0.00000000
vn 0.00000000 0.50660000 0.86220000
vn 0.00000000 1.00000000 0.00000000
vn -0.86220000 0.50660000 0.00000000
vn 0.00000000 0.50660000 0.86220000
vn -0.86220000 0.50660000 0.00000000
vn 0.00000000 1.00000000 0.00000000
vn 0.00000000 0.50660000 -0.86220000
vn 0.00000000 1.00000000 0.00000000
vn 0.00000000 0.50660000 -0.86220000
vn 0.86220000 0.50660000 0.00000000
vn 0.00000000 0.00000000 1.00000000
vn -1.00000000 0.00000000 0.00000000
vn -1.00000000 0.00000000 0.00000000
vn 0.00000000 0.00000000 1.00000000
vn -1.00000000 0.00000000 0.00000000
vn 0.00000000 0.00000000 1.00000000
vn 0.00000000 1.00000000 0.00000000
vn 0.00000000 -1.00000000 0.00000000
vn -1.00000000 0.00000000 0.00000000
vn 0.00000000 0.00000000 1.00000000
vn 0.00000000 -1.00000000 0.00000000
vn 0.00000000 0.00000000 1.00000000
vn 1.00000000 0.00000000 0.00000000
vn 0.00000000 0.00000000 1.00000000
vn 1.00000000 0.00000000 0.00000000
vn 0.00000000 1.00000000 0.00000000
vn -1.00000000 0.00000000 0.00000000
vn 0.00000000 0.00000000 1.00000000
vn 0.00000000 1.00000000 0.00000000
vn 0.00000000 -1.00000000 0.00000000
vn -1.00000000 0.00000000 0.00000000
vn 0.00000000 0.00000000 1.00000000
vn 0.00000000 -1.00000000 0.00000000
vn 0.00000000 0.00000000 1.00000000
vn 1.00000000 0.00000000 0.00000000
vn 0.00000000 0.00000000 1.00000000
vn 0.00000000 1.00000000 0.00000000
vn 1.00000000 0.00000000 0.00000000
vn 0.00000000 1.00000000 0.00000000
vn -1.00000000 0.00000000 0.00000000
vn 1.00000000 0.00000000 0.00000000
vn 0.00000000 1.00000000 0.00000000
vn -1.00000000 0.00000000 0.00000000
vn 0.00000000 -1.00000000 0.00000000
vn 0.00000000 1.00000000 0.00000000
vn -1.00000000 0.00000000 0.00000000
vn 0.00000000 1.00000000 0.00000000
vn 1.00000000 0.00000000 0.00000000
vn 0.00000000 -1.00000000 0.00000000
vn 1.00000000 0.00000000 0.00000000
vn -1.00000000 0.00000000 0.00000000
vn 0.00000000 -1.00000000 0.00000000
vn 0.00000000 -1.00000000 0.00000000
vn 1.00000000 0.00000000 0.00000000
vn 0.00000000 0.00000000 1.00000000
vn -1.00000000 0.00000000 0.00000000
vn -1.00000000 0.00000000 0.00000000
vn 0.00000000 0.00000000 1.00000000
vn 0.00000000 1.00000000 0.00000000
vn 0.00000000 0.00000000 1.00000000
vn -1.00000000 0.00000000 0.00000000
vn 0.00000000 -1.00000000 0.00000000
vn 0.00000000 -1.00000000 0.00000000
vn 0.00000000 0.00000000 1.00000000
vn 1.00000000 0.00000000 0.00000000
vn 1.00000000 0.00000000 0.00000000
vn 0.00000000 0.00000000 1.00000000
vn 0.00000000 1.00000000 0.00000000
vn -1.00000000 0.00000000 0.00000000
vn 0.00000000 -1.00000000 0.00000000
vn 0.00000000 1.00000000 0.00000000
vn -1.00000000 0.00000000 0.00000000
vn 0.00000000 1.00000000 0.00000000
vn 1.00000000 0.00000000 0.00000000
vn 1.00000000 0.00000000 0.00000000
vn 0.00000000 -1.00000000 0.00000000
vn 0.00000000 0.00000000 1.00000000
vn 0.00000000 0.00000000 1.00000000
vn 0.00000000 0.00000000 1.00000000
vn 0.00000000 0.00000000 1.00000000
vn 0.00000000 1.00000000 0.00000000
vn -1.00000000 0.00000000 0.00000000
vn 0.00000000 0.00000000 1.00000000
vn 0.00000000 -1.00000000 0.00000000
vn -1.00000000 0.00000000 0.00000000
vn 0.00000000 -1.00000000 0.00000000
vn -1.00000000 0.00000000 0.00000000
vn 1.00000000 0.00000000 0.00000000
vn 0.00000000 1.00000000 0.00000000
vn 0.00000000 1.00000000 0.00000000
vn -1.00000000 0.00000000 0.00000000
vn 0.00000000 0.00000000 1.00000000
vn 0.00000000 -1.00000000 0.00000000
vn 1.00000000 0.00000000 0.00000000
vn 1.00000000 0.00000000 0.00000000
vn 0.00000000 1.00000000 0.00000000
vn 0.00000000 0.00000000 1.00000000
vn 1.00000000 0.00000000 0.00000000
vn 0.00000000 -1.00000000 0.00000000
vn 0.00000000 0.00000000 1.00000000
vn -1.00000000 0.00000000 0.00000000
vn 0.00000000 0.00000000 1.00000000
vn -1.00000000 0.00000000 0.00000000
vn -1.00000000 0.00000000 0.00000000
vn -1.00000000 0.00000000 0.00000000
vn 0.00000000 0.00000000 1.00000000
vn 0.00000000 0.00000000 1.00000000
vn 0.00000000 0.00000000 1.00000000
vn 0.00000000 0.00000000 1.00000000
vn 1.00000000 0.00000000 0.00000000
vn 0.00000000 0.00000000 1.00000000
vn 1.00000000 0.00000000 0.00000000
vn 0.00000000 0.00000000 1.00000000
vn 1.00000000 0.00000000 0.00000000
vn 1.00000000 0.00000000 0.00000000
vn 0.00000000 0.00000000 1.00000000
vn -1.00000000 0.00000000 0.00000000
vn 0.00000000 1.00000000 0.00000000
vn -1.00000000 0.00000000 0.00000000
vn 0.00000000 1.00000000 0.00000000
vn 1.00000000 0.00000000 0.00000000
vn 0.00000000 0.00000000 1.00000000
vn -1.00000000 0.00000000 0.00000000
vn 0.00000000 1.00000000 0.00000000
vn 1.00000000 0.00000000 0.00000000
vn 1.00000000 0.00000000 0.00000000
vn 0.00000000 1.00000000 0.00000000
vn 0.00000000 0.00000000 1.00000000
vn -1.00000000 0.00000000 0.00000000
vn 0.00000000 0.00000000 1.00000000
vn 0.00000000 0.00000000 1.00000000
vn 1.00000000 0.00000000 0.00000000
vn 0.00000000 1.00000000 0.00000000
vn 0.00000000 0.00000000 1.00000000
vn 0.00000000 -1.00000000 0.00000000
vn 0.00000000 -1.00000000 0.00000000
vn 0.00000000 1.00000000 0.00000000
vn 0.00000000 1.00000000 0.00000000
vn 0.00000000 0.00000000 1.00000000
vn 0.00000000 -1.00000000 0.00000000
vn 0.00000000 0.00000000 1.00000000
vn 0.00000000 1.00000000 0.00000000
vn 0.00000000 -1.00000000 0.00000000
vn 0.00000000 0.00000000 1.00000000
vn 0.00000000 0.00000000 1.00000000
vn 0.00000000 0.00000000 1.00000000
vn 0.00000000 0.00000000 1.00000000
vn 0.00000000 0.00000000 1.00000000
vn 0.00000000 0.00000000 1.00000000
vn 0.00000000 0.00000000 1.00000000
vn 0.00000000 0.00000000 1.00000000
vn 0.00000000 0.00000000 1.00000000
vn 0.00000000 0.00000000 1.00000000
vn 0.00000000 0.00000000 1.00000000
vn 0.00000000 0.00000000 1.00000000
vn 0.00000000 0.00000000 1.00000000
vn 0.00000000 0.00000000 1.00000000
vn 0.00000000 0.00000000 1.00000000
vn 0.00000000 0.00000000 1.00000000
vn 0.00000000 0.00000000 1.00000000
vn 0.00000000 0.00000000 1.00000000
vn 0.00000000 0.00000000 1.00000000
vn 0.00000000 0.00000000 1.00000000
vn 0.00000000 0.00000000 1.00000000
vn 0.00000000 0.00000000 1.00000000
vn 0.00000000 0.00000000 1.00000000
vn 0.00000000 0.00000000 1.00000000
vn 0.00000000 0.00000000 1.00000000
vn 0.00000000 0.00000000 1.00000000
vn 0.00000000 0.00000000 1.00000000
vn 0.00000000 0.00000000 1.00000000
vn 0.00000000 0.00000000 1.00000000
vn 0.00000000 0.00000000 1.00000000
vn 0.00000000 0.00000000 1.00000000
vn 0.00000000 0.00000000 1.00000000
vn 0.00000000 0.00000000 1.00000000
vn 0.00000000 0.00000000 1.00000000
vn 0.00000000 0.00000000 1.00000000
vn 0.00000000 0.00000000 1.00000000
vn 0.00000000 0.00000000 1.00000000
vn 0.00000000 0.00000000 1.00000000
vn 0.00000000 0.00000000 1.00000000
vn -0.34160000 -0.87560000 0.34160000
vn -0.34160000 -0.34160000 0.87560000
vn -0.34160000 -0.34160000 0.87560000
vn -0.75880000 -0.46060000 0.46060000
vn -0.75880000 -0.46060000 0.46060000
vn -1.00000000 0.00000000 0.00000000
vn -0.34160000 0.34160000 0.87560000
vn -0.34160000 0.34160000 0.87560000
vn -0.34160000 0.87560000 0.34160000
vn -1.00000000 0.00000000 0.00000000
vn -0.75880000 0.46060000 0.46060000
vn -0.75880000 0.46060000 0.46060000
vn -0.34160000 -0.87560000 -0.34160000
vn -0.75880000 -0.46060000 -0.46060000
vn -1.00000000 0.00000000 0.00000000
vn -0.75880000 -0.46060000 -0.46060000
vn -0.46060000 -0.46060000 -0.75880000
vn -0.46060000 -0.46060000 -0.75880000
vn -0.34160000 0.87560000 -0.34160000
vn -0.46060000 0.46060000 -0.75880000
vn -0.46060000 0.46060000 -0.75880000
vn -0.75880000 0.46060000 -0.46060000
vn -0.75880000 0.46060000 -0.46060000
vn -1.00000000 0.00000000 0.00000000
vn 0.34160000 -0.87560000 0.34160000
vn 0.87560000 -0.34160000 0.34160000
vn 0.87560000 -0.34160000 0.34160000
vn 0.46060000 -0.46060000 0.75880000
vn 0.00000000 0.00000000 1.00000000
vn 0.46060000 -0.46060000 0.75880000
vn 0.34160000 0.87560000 0.34160000
vn 0.00000000 0.00000000 1.00000000
vn 0.46060000 0.46060000 0.75880000
vn 0.46060000 0.46060000 0.75880000
vn 0.87560000 0.34160000 0.34160000
vn 0.87560000 0.34160000 0.34160000
vn 0.34160000 -0.87560000 -0.34160000
vn 0.46060000 -0.46060000 -0.75880000
vn 0.46060000 -0.46060000 -0.75880000
vn 0.87560000 -0.34160000 -0.34160000
vn 0.87560000 -0.34160000 -0.34160000
vn 0.34160000 0.87560000 -0.34160000
vn 0.87560000 0.34160000 -0.34160000
vn 0.87560000 0.34160000 -0.34160000
vn 0.46060000 0.46060000 -0.75880000
vn 0.46060000 0.46060000 -0.75880000
vn 0.00000000 0.00000000 1.00000000
vn 0.00000000 0.00000000 1.00000000
vn 0.00000000 0.00000000 1.00000000
vn 0.00000000 0.00000000 1.00000000
vn -1.00000000 0.00000000 0.00000000
vn 0.00000000 1.00000000 0.00000000
vn 0.00000000 0.00000000 1.00000000
vn 0.00000000 -1.00000000 0.00000000
vn -1.00000000 0.00000000 0.00000000
vn 0.00000000 -1.00000000 0.00000000
vn -1.00000000 0.00000000 0.00000000
vn 1.00000000 0.00000000 0.00000000
vn 0.00000000 1.00000000 0.00000000
vn 0.00000000 0.00000000 1.00000000
vn 0.00000000 1.00000000 0.00000000
vn -1.00000000 0.00000000 0.00000000
vn 0.00000000 -1.00000000 0.00000000
vn 1.00000000 0.00000000 0.00000000
vn 0.00000000 1.00000000 0.00000000
vn 0.00000000 0.00000000 1.00000000
vn 1.00000000 0.00000000 0.00000000
vn 1.00000000 0.00000000 0.00000000
vn 0.00000000 -1.00000000 0.00000000
vn 0.00000000 0.00000000 1.00000000
vn -1.00000000 0.00000000 0.00000000
vn 0.00000000 0.00000000 1.00000000
vn -1.00000000 0.00000000 0.00000000
vn -1.00000000 0.00000000 0.00000000
vn -1.00000000 0.00000000 0.00000000
vn 0.00000000 0.00000000 1.00000000
vn 0.00000000 0.00000000 1.00000000
vn 0.00000000 0.00000000 1.00000000
vn 0.00000000 0.00000000 1.00000000
vn 1.00000000 0.00000000 0.00000000
vn 0.00000000 0.00000000 1.00000000
vn 1.00000000 0.00000000 0.00000000
vn 0.00000000 0.00000000 1.00000000
vn 1.00000000 0.00000000 0.00000000
vn 1.00000000 0.00000000 0.00000000
vn 0.00000000 0.00000000 1.00000000
vn -1.00000000 0.00000000 0.00000000
vn 0.00000000 1.00000000 0.00000000
vn 0.00000000 -1.00000000 0.00000000
vn -1.00000000 0.00000000 0.00000000
vn 1.00000000 0.00000000 0.00000000
vn 0.00000000 1.00000000 0.00000000
vn 0.00000000 1.00000000 0.00000000
vn -1.00000000 0.00000000 0.00000000
vn 0.00000000 0.00000000 1.00000000
vn 1.00000000 0.00000000 0.00000000
vn 0.00000000 -1.00000000 0.00000000
vn 0.00000000 1.00000000 0.00000000
vn 1.00000000 0.00000000 0.00000000
vn 0.00000000 0.00000000 1.00000000
vn -1.00000000 0.00000000 0.00000000
vn 0.00000000 -0.70710000 0.70710000
vn 0.00000000 -1.00000000 0.00000000
vn 0.00000000 0.00000000 1.00000000
vn 0.00000000 -0.70710000 0.70710000
vn -1.00000000 0.00000000 0.00000000
vn 1.00000000 0.00000000 0.00000000
vn 0.00000000 0.00000000 1.00000000
vn 0.00000000 -0.70710000 0.70710000
vn 1.00000000 0.00000000 0.00000000
vn 0.00000000 -0.70710000 0.70710000
vn 0.00000000 -1.00000000 0.00000000
vn 0.00000000 1.00000000 0.00000000
vn 0.00000000 -1.00000000 0.00000000
vn 0.00000000 0.00000000 1.00000000
vn 0.00000000 -1.00000000 0.00000000
vn 0.00000000 1.00000000 0.00000000
vn 0.00000000 1.00000000 0.00000000
vn 0.00000000 0.00000000 1.00000000
vn 0.00000000 -1.00000000 0.00000000
vn 0.00000000 1.00000000 0.00000000
vn 0.00000000 0.00000000 1.00000000
vn 0.00000000 0.00000000 1.00000000
vn 0.00000000 -1.00000000 0.00000000
vn 0.00000000 0.00000000 1.00000000
vn 0.00000000 0.00000000 1.00000000
vn 0.00000000 0.00000000 1.00000000
vn 0.00000000 0.00000000 1.00000000
vn 0.00000000 0.00000000 1.00000000
vn 0.00000000 0.00000000 1.00000000
vn -1.00000000 0.00000000 0.00000000
vn 0.00000000 1.00000000 0.00000000
vn 0.00000000 0.00000000 1.00000000
vn -1.00000000 0.00000000 0.00000000
vn 0.00000000 -1.00000000 0.00000000
vn 0.00000000 -1.00000000 0.00000000
vn -1.00000000 0.00000000 0.00000000
vn 0.00000000 1.00000000 0.00000000
vn 1.00000000 0.00000000 0.00000000
vn -1.00000000 0.00000000 0.00000000
vn 0.00000000 1.00000000 0.00000000
vn 0.00000000 0.00000000 1.00000000
vn 0.00000000 -1.00000000 0.00000000
vn 1.00000000 0.00000000 0.00000000
vn 0.00000000 0.00000000 1.00000000
vn 0.00000000 1.00000000 0.00000000
vn 1.00000000 0.00000000 0.00000000
vn 0.00000000 -1.00000000 0.00000000
vn 1.00000000 0.00000000 0.00000000
vn 0.00000000 0.00000000 1.00000000
vn -1.00000000 0.00000000 0.00000000
vn -1.00000000 0.00000000 0.00000000
vn 0.00000000 0.00000000 1.00000000
vn -1.00000000 0.00000000 0.00000000
vn 0.00000000 0.00000000 1.00000000
vn -1.00000000 0.00000000 0.00000000
vn 0.00000000 0.00000000 1.00000000
vn 0.00000000 0.00000000 1.00000000
vn 0.00000000 0.00000000 1.00000000
vn 1.00000000 0.00000000 0.00000000
vn 0.00000000 0.00000000 1.00000000
vn 1.00000000 0.00000000 0.00000000
vn 1.00000000 0.00000000 0.00000000
vn 0.00000000 0.00000000 1.00000000
vn 0.00000000 0.00000000 1.00000000
vn 1.00000000 0.00000000 0.00000000
vn -1.00000000 0.00000000 0.00000000
vn 0.00000000 1.00000000 0.00000000
vn 0.00000000 -1.00000000 0.00000000
vn -1.00000000 0.00000000 0.00000000
vn 0.00000000 1.00000000 0.00000000
vn 1.00000000 0.00000000 0.00000000
vn -1.00000000 0.00000000 0.00000000
vn 0.00000000 0.00000000 1.00000000
vn 0.00000000 1.00000000 0.00000000
vn 0.00000000 -1.00000000 0.00000000
vn 1.00000000 0.00000000 0.00000000
vn 0.00000000 1.00000000 0.00000000
vn 1.00000000 0.00000000 0.00000000
vn 0.00000000 0.00000000 1.00000000
vn 0.00000000 -0.70710000 0.70710000
vn 0.00000000 -1.00000000 0.00000000
vn -1.00000000 0.00000000 0.00000000
vn -1.00000000 0.00000000 0.00000000
vn 0.00000000 -0.70710000 0.70710000
vn 0.00000000 0.00000000 1.00000000
vn 0.00000000 0.00000000 1.00000000
vn 1.00000000 0.00000000 0.00000000
vn 0.00000000 -0.70710000 0.70710000
vn 0.00000000 -1.00000000 0.00000000
vn 1.00000000 0.00000000 0.00000000
vn 0.00000000 -0.70710000 0.70710000
vn 0.00000000 0.00000000 1.00000000
vn 0.00000000 0.00000000 1.00000000
vn -1.00000000 0.00000000 0.00000000
vn 0.00000000 -1.00000000 0.00000000
vn 0.00000000 0.00000000 1.00000000
vn -1.00000000 0.00000000 0.00000000
vn 0.00000000 0.00000000 1.00000000
vn 0.00000000 1.00000000 0.00000000
vn 1.00000000 0.00000000 0.00000000
vn 0.00000000 0.00000000 1.00000000
vn 0.00000000 -1.00000000 0.00000000
vn 1.00000000 0.00000000 0.00000000
vn 0.00000000 0.00000000 1.00000000
vn 0.00000000 1.00000000 0.00000000
vn 0.00000000 -1.00000000 0.00000000
vn -1.00000000 0.00000000 0.00000000
vn 0.00000000 1.00000000 0.00000000
vn -1.00000000 0.00000000 0.00000000
vn 0.00000000 -1.00000000 0.00000000
vn 1.00000000 0.00000000 0.00000000
vn 1.00000000 0.00000000 0.00000000
vn 0.00000000 1.00000000 0.00000000
vn 0.00000000 0.00000000 1.00000000
vn 0.00000000 -1.00000000 0.00000000
vn -1.00000000 0.00000000 0.00000000
vn 0.00000000 1.00000000 0.00000000
vn 0.00000000 0.00000000 1.00000000
vn -1.00000000 0.00000000 0.00000000
vn 1.00000000 0.00000000 0.00000000
vn 0.00000000 -1.00000000 0.00000000
vn 0.00000000 0.00000000 1.00000000
vn 1.00000000 0.00000000 0.00000000
vn 0.00000000 1.00000000 0.00000000
vn 0.00000000 0.00000000 1.00000000
vn 0.00000000 -1.00000000 0.00000000
vn -1.00000000 0.00000000 0.00000000
vn -1.00000000 0.00000000 0.00000000
vn 0.00000000 1.00000000 0.00000000
vn 1.00000000 0.00000000 0.00000000
vn 0.00000000 -1.00000000 0.00000000
vn 1.00000000 0.00000000 0.00000000
vn 0.00000000 1.00000000 0.00000000
vn 0.00000000 0.00000000 -1.00000000
vn 1.00000000 0.00000000 0.00000000
vn 1.00000000 0.00000000 0.00000000
vn 0.00000000 0.00000000 -1.00000000
vn 0.00000000 0.00000000 -1.00000000
vn 0.00000000 0.00000000 -1.00000000
vn 0.00000000 0.00000000 -1.00000000
vn 0.00000000 0.00000000 -1.00000000
vn 0.00000000 0.00000000 -1.00000000
vn 0.00000000 0.00000000 -1.00000000
vn 0.00000000 0.00000000 -1.00000000
vn 0.00000000 0.00000000 -1.00000000
vn -1.00000000 0.00000000 0.00000000
vn 0.00000000 0.00000000 -1.00000000
vn 0.00000000 0.00000000 -1.00000000
vn -1.00000000 0.00000000 0.00000000
vn 1.00000000 0.00000000 0.00000000
vn 1.00000000 0.00000000 0.00000000
vn 1.00000000 0.00000000 0.00000000
vn 1.00000000 0.00000000 0.00000000
vn 1.00000000 0.00000000 0.00000000
vn 1.00000000 0.00000000 0.00000000
vn 1.00000000 0.00000000 0.00000000
vn 1.00000000 0.00000000 0.00000000
vn -1.00000000 0.00000000 0.00000000
vn -1.00000000 0.00000000 0.00000000
vn -1.00000000 0.00000000 0.00000000
vn -1.00000000 0.00000000 0.00000000
vn -1.00000000 0.00000000 0.00000000
vn -1.00000000 0.00000000 0.00000000
vn -1.00000000 0.00000000 0.00000000
vn -1.00000000 0.00000000 0.00000000
vn 0.00000000 0.00000000 -1.00000000
vn 0.00000000 0.00000000 -1.00000000
vn 0.00000000 0.00000000 -1.00000000
vn 0.00000000 0.00000000 -1.00000000
vn 0.00000000 0.00000000 -1.00000000
vn 0.00000000 0.00000000 -1.00000000
vn 0.00000000 0.00000000 -1.00000000
vn 0.00000000 0.00000000 -1.00000000
vn 0.00000000 0.00000000 -1.00000000
vn 0.00000000 0.00000000 -1.00000000
vn 0.00000000 0.00000000 -1.00000000
vn 0.00000000 0.00000000 -1.00000000
vn 0.00000000 0.00000000 -1.00000000
vn 0.00000000 0.00000000 -1.00000000
vn 0.00000000 0.00000000 -1.00000000
vn 0.00000000 0.00000000 -1.00000000
vn -1.00000000 0.00000000 0.00000000
vn -1.00000000 0.00000000 0.00000000
vn -1.00000000 0.00000000 0.00000000
vn -1.00000000 0.00000000 0.00000000
vn 1.00000000 0.00000000 0.00000000
vn 1.00000000 0.00000000 0.00000000
vn 1.00000000 0.00000000 0.00000000
vn 1.00000000 0.00000000 0.00000000
vn 0.00000000 -1.00000000 0.00000000
vn 0.00000000 -0.28260000 0.95920000
vn -0.95920000 -0.28260000 0.00000000
vn -1.00000000 0.00000000 0.00000000
vn 0.00000000 0.00000000 1.00000000
vn -0.95920000 -0.28260000 0.00000000
vn 0.00000000 -0.28260000 0.95920000
vn 0.00000000 -0.28260000 -0.95920000
vn -0.95920000 -0.28260000 0.00000000
vn 0.00000000 -1.00000000 0.00000000
vn -1.00000000 0.00000000 0.00000000
vn -0.95920000 -0.28260000 0.00000000
vn 0.00000000 -0.28260000 -0.95920000
vn 0.00000000 0.00000000 -1.00000000
vn 0.00000000 -1.00000000 0.00000000
vn 0.00000000 -0.28260000 0.95920000
vn 0.95920000 -0.28260000 0.00000000
vn 0.00000000 0.00000000 1.00000000
vn 0.00000000 -0.28260000 0.95920000
vn 1.00000000 0.00000000 0.00000000
vn 0.95920000 -0.28260000 0.00000000
vn 0.95920000 -0.28260000 0.00000000
vn 0.00000000 -1.00000000 0.00000000
vn 0.00000000 -0.28260000 -0.95920000
vn 0.95920000 -0.28260000 0.00000000
vn 0.00000000 -0.28260000 -0.95920000
vn 0.00000000 0.00000000 -1.00000000
vn 1.00000000 0.00000000 0.00000000
vn -1.00000000 0.00000000 0.00000000
vn 0.00000000 0.00000000 1.00000000
vn 0.00000000 1.00000000 0.00000000
vn -1.00000000 0.00000000 0.00000000
vn 0.00000000 1.00000000 0.00000000
vn 0.00000000 0.00000000 -1.00000000
vn 0.00000000 0.00000000 -1.00000000
vn 0.00000000 1.00000000 0.00000000
vn 1.00000000 0.00000000 0.00000000
vn 1.00000000 0.00000000 0.00000000
vn 0.00000000 0.00000000 1.00000000
vn 0.00000000 1.00000000 0.00000000
vn 0.00000000 1.00000000 0.00000000
vn 0.00000000 0.83220000 0.55440000
vn -0.55440000 0.83220000 0.00000000
vn 0.00000000 1.00000000 0.00000000
vn 0.00000000 0.83220000 0.55440000
vn 0.55440000 0.83220000 0.00000000
vn 0.00000000 1.00000000 0.00000000
vn 0.55440000 0.83220000 0.00000000
vn 0.00000000 0.83220000 -0.55440000
vn 0.00000000 1.00000000 0.00000000
vn -0.55440000 0.83220000 0.00000000
vn 0.00000000 0.83220000 -0.55440000
vn 0.00000000 0.83220000 -0.55440000
vn -0.55440000 0.83220000 0.00000000
vn 0.55440000 0.83220000 0.00000000
vn 0.00000000 0.83220000 0.55440000
vn 0.23390000 0.55470000 0.79850000
vn 0.48010000 -0.57270000 -0.66450000
vn 0.71400000 0.08140000 0.69540000
vn 0.77990000 -0.56470000 0.26990000
vn 0.23380000 -0.96470000 -0.12070000
vn -0.20410000 -0.97420000 0.09590000
vn -0.80640000 -0.53300000 0.25620000
vn 0.01670000 -0.57830000 0.81570000
vn -0.69680000 -0.59810000 -0.39590000
vn -0.50370000 0.11010000 0.85680000
vn -0.89320000 0.02510000 -0.44900000
vn 0.98850000 0.09920000 -0.11410000
vn 0.05210000 0.10420000 0.99320000
vn 0.12550000 0.08390000 -0.98850000
vn 0.77540000 0.63140000 0.00810000
vn -0.91340000 0.40430000 0.04710000
vn -0.63200000 0.62300000 -0.46090000
vn 0.24290000 0.63000000 -0.73760000
vn -0.46700000 0.04460000 -0.88310000
vn 0.71380000 0.12600000 -0.68890000
vn -0.88780000 0.12580000 0.44270000
vn -0.29380000 -0.61640000 -0.73060000
vn -0.22440000 0.68740000 -0.69070000
vn 0.55390000 0.72880000 -0.40240000
vn 0.56980000 0.64800000 0.50540000
vn -0.66570000 0.56390000 0.48880000
vn 0.00000000 0.00000000 1.00000000
vn -1.00000000 0.00000000 0.00000000
vn 0.00000000 0.00000000 1.00000000
vn -1.00000000 0.00000000 0.00000000
vn -1.00000000 0.00000000 0.00000000
vn 0.00000000 0.00000000 -1.00000000
vn -1.00000000 0.00000000 0.00000000
vn 0.00000000 0.00000000 -1.00000000
vn 1.00000000 0.00000000 0.00000000
vn 0.00000000 0.00000000 1.00000000
vn 0.00000000 0.00000000 1.00000000
vn 1.00000000 0.00000000 0.00000000
vn 0.00000000 0.00000000 -1.00000000
vn 1.00000000 0.00000000 0.00000000
vn 0.00000000 0.00000000 -1.00000000
vn 1.00000000 0.00000000 0.00000000
vn -1.00000000 0.00000000 0.00000000
vn 0.00000000 0.00000000 1.00000000
vn -1.00000000 0.00000000 0.00000000
vn 0.00000000 0.00000000 1.00000000
vn 0.00000000 0.00000000 -1.00000000
vn -1.00000000 0.00000000 0.00000000
vn 0.00000000 0.00000000 -1.00000000
vn -1.00000000 0.00000000 0.00000000
vn 1.00000000 0.00000000 0.00000000
vn 0.00000000 0.00000000 1.00000000
vn 0.00000000 0.00000000 1.00000000
vn 1.00000000 0.00000000 0.00000000
vn 1.00000000 0.00000000 0.00000000
vn 0.00000000 0.00000000 -1.00000000
vn 0.00000000 0.00000000 -1.00000000
vn 1.00000000 0.00000000 0.00000000
vn -0.70710000 0.00000000 0.70710000
vn 0.00000000 0.00000000 1.00000000
vn 0.00000000 -1.00000000 0.00000000
vn -0.92390000 0.00000000 0.38270000
vn 0.00000000 -1.00000000 0.00000000
vn 0.00000000 1.00000000 0.00000000
vn -0.92390000 0.00000000 0.38270000
vn 0.00000000 0.00000000 1.00000000
vn 0.00000000 1.00000000 0.00000000
vn -0.70710000 0.00000000 0.70710000
vn -0.92390000 0.00000000 -0.38270000
vn 0.00000000 -1.00000000 0.00000000
vn 0.00000000 -1.00000000 0.00000000
vn 0.00000000 0.00000000 -1.00000000
vn -0.70710000 0.00000000 -0.70710000
vn 0.00000000 1.00000000 0.00000000
vn 0.00000000 0.00000000 -1.00000000
vn -0.70710000 0.00000000 -0.70710000
vn 0.00000000 1.00000000 0.00000000
vn -0.92390000 0.00000000 -0.38270000
vn 0.00000000 -1.00000000 0.00000000
vn 0.92390000 0.00000000 0.38270000
vn 0.00000000 -1.00000000 0.00000000
vn 0.00000000 0.00000000 1.00000000
vn 0.70710000 0.00000000 0.70710000
vn 0.00000000 0.00000000 1.00000000
vn 0.00000000 1.00000000 0.00000000
vn 0.70710000 0.00000000 0.70710000
vn 0.92390000 0.00000000 0.38270000
vn 0.00000000 1.00000000 0.00000000
vn 0.38270000 0.00000000 -0.92390000
vn 0.00000000 -1.00000000 0.00000000
vn 0.70710000 0.00000000 -0.70710000
vn 1.00000000 0.00000000 0.00000000
vn 0.00000000 -1.00000000 0.00000000
vn 1.00000000 0.00000000 0.00000000
vn 0.00000000 1.00000000 0.00000000
vn 0.70710000 0.00000000 -0.70710000
vn 0.00000000 1.00000000 0.00000000
vn 0.38270000 0.00000000 -0.92390000
vn -1.00000000 0.00000000 0.00000000
vn 0.00000000 0.00000000 1.00000000
vn -1.00000000 0.00000000 0.00000000
vn 0.00000000 0.00000000 1.00000000
vn -1.00000000 0.00000000 0.00000000
vn 0.00000000 0.00000000 -1.00000000
vn 0.00000000 0.00000000 -1.00000000
vn -1.00000000 0.00000000 0.00000000
vn 1.00000000 0.00000000 0.00000000
vn 0.00000000 0.00000000 1.00000000
vn 0.00000000 0.00000000 1.00000000
vn 1.00000000 0.00000000 0.00000000
vn 1.00000000 0.00000000 0.00000000
vn 0.00000000 0.00000000 -1.00000000
vn 0.00000000 0.00000000 -1.00000000
vn 1.00000000 0.00000000 0.00000000
vn -1.00000000 0.00000000 0.00000000
vn 0.00000000 0.00000000 1.00000000
vn 0.00000000 0.00000000 1.00000000
vn -1.00000000 0.00000000 0.00000000
vn -1.00000000 0.00000000 0.00000000
vn 0.00000000 0.00000000 -1.00000000
vn 0.00000000 0.00000000 -1.00000000
vn -1.00000000 0.00000000 0.00000000
vn 1.00000000 0.00000000 0.00000000
vn 0.00000000 0.00000000 1.00000000
vn 0.00000000 0.00000000 1.00000000
vn 1.00000000 0.00000000 0.00000000
vn 1.00000000 0.00000000 0.00000000
vn 0.00000000 0.00000000 -1.00000000
vn 0.00000000 0.00000000 -1.00000000
vn 1.00000000 0.00000000 0.00000000
vn -0.70710000 0.00000000 0.70710000
vn 0.00000000 -1.00000000 0.00000000
vn 0.00000000 0.00000000 1.00000000
vn -0.92390000 0.00000000 0.38270000
vn 0.00000000 -1.00000000 0.00000000
vn 0.00000000 1.00000000 0.00000000
vn -0.92390000 0.00000000 0.38270000
vn -0.70710000 0.00000000 0.70710000
vn 0.00000000 1.00000000 0.00000000
vn 0.00000000 0.00000000 1.00000000
vn -1.00000000 0.00000000 0.00000000
vn -0.70710000 0.00000000 -0.70710000
vn 0.00000000 -1.00000000 0.00000000
vn 0.00000000 -1.00000000 0.00000000
vn -0.38270000 0.00000000 -0.92390000
vn 0.00000000 1.00000000 0.00000000
vn -0.38270000 0.00000000 -0.92390000
vn -0.70710000 0.00000000 -0.70710000
vn 0.00000000 1.00000000 0.00000000
vn -1.00000000 0.00000000 0.00000000
vn 0.92390000 0.00000000 0.38270000
vn 0.00000000 -1.00000000 0.00000000
vn 0.00000000 -1.00000000 0.00000000
vn 0.00000000 0.00000000 1.00000000
vn 0.70710000 0.00000000 0.70710000
vn 0.00000000 1.00000000 0.00000000
vn 0.00000000 0.00000000 1.00000000
vn 0.70710000 0.00000000 0.70710000
vn 0.00000000 1.00000000 0.00000000
vn 0.92390000 0.00000000 0.38270000
vn 0.38270000 0.00000000 -0.92390000
vn 0.00000000 -1.00000000 0.00000000
vn 0.00000000 -1.00000000 0.00000000
vn 0.70710000 0.00000000 -0.70710000
vn 1.00000000 0.00000000 0.00000000
vn 0.00000000 1.00000000 0.00000000
vn 0.70710000 0.00000000 -0.70710000
vn 1.00000000 0.00000000 0.00000000
vn 0.00000000 1.00000000 0.00000000
vn 0.38270000 0.00000000 -0.92390000
vn 0.00000000 -1.00000000 0.00000000
vn 0.00000000 -0.28260000 0.95920000
vn -0.95920000 -0.28260000 0.00000000
vn 0.00000000 -0.28260000 0.95920000
vn 0.00000000 0.00000000 1.00000000
vn -0.95920000 -0.28260000 0.00000000
vn -1.00000000 0.00000000 0.00000000
vn -0.95920000 -0.28260000 0.00000000
vn 0.00000000 -1.00000000 0.00000000
vn 0.00000000 -0.28260000 -0.95920000
vn -1.00000000 0.00000000 0.00000000
vn -0.95920000 -0.28260000 0.00000000
vn 0.00000000 0.00000000 -1.00000000
vn 0.00000000 -0.28260000 -0.95920000
vn 0.00000000 -0.28260000 0.95920000
vn 0.95920000 -0.28260000 0.00000000
vn 0.00000000 -1.00000000 0.00000000
vn 1.00000000 0.00000000 0.00000000
vn 0.00000000 -0.28260000 0.95920000
vn 0.95920000 -0.28260000 0.00000000
vn 0.00000000 0.00000000 1.00000000
vn 0.00000000 -0.28260000 -0.95920000
vn 0.00000000 -1.00000000 0.00000000
vn 0.95920000 -0.28260000 0.00000000
vn 0.95920000 -0.28260000 0.00000000
vn 0.00000000 -0.28260000 -0.95920000
vn 0.00000000 0.00000000 -1.00000000
vn 1.00000000 0.00000000 0.00000000
vn 0.00000000 0.00000000 1.00000000
vn 0.00000000 1.00000000 0.00000000
vn -1.00000000 0.00000000 0.00000000
vn 0.00000000 0.00000000 -1.00000000
vn 0.00000000 1.00000000 0.00000000
vn -1.00000000 0.00000000 0.00000000
vn 0.00000000 0.00000000 -1.00000000
vn 1.00000000 0.00000000 0.00000000
vn 0.00000000 1.00000000 0.00000000
vn 0.00000000 0.00000000 1.00000000
vn 1.00000000 0.00000000 0.00000000
vn 0.00000000 1.00000000 0.00000000
vn -0.55440000 0.83220000 0.00000000
vn 0.00000000 0.83220000 0.55440000
vn 0.00000000 1.00000000 0.00000000
vn 0.00000000 0.83220000 0.55440000
vn 0.55440000 0.83220000 0.00000000
vn 0.00000000 1.00000000 0.00000000
vn 0.00000000 1.00000000 0.00000000
vn 0.55440000 0.83220000 0.00000000
vn 0.00000000 0.83220000 -0.55440000
vn 0.00000000 0.83220000 -0.55440000
vn 0.00000000 1.00000000 0.00000000
vn -0.55440000 0.83220000 0.00000000
vn 0.55440000 0.83220000 0.00000000
vn 0.00000000 0.83220000 -0.55440000
vn 0.00000000 0.83220000 0.55440000
vn -0.55440000 0.83220000 0.00000000
vn 0.23390000 0.55470000 0.79850000
vn 0.48010000 -0.57270000 -0.66450000
vn 0.71400000 0.08140000 0.69540000
vn 0.77990000 -0.56470000 0.26990000
vn 0.23380000 -0.96470000 -0.12070000
vn -0.20410000 -0.97420000 0.09590000
vn -0.80640000 -0.53300000 0.25620000
vn 0.01670000 -0.57830000 0.81570000
vn -0.69680000 -0.59810000 -0.39590000
vn -0.50370000 0.11010000 0.85680000
vn -0.89320000 0.02510000 -0.44900000
vn 0.98850000 0.09920000 -0.11410000
vn 0.05210000 0.10420000 0.99320000
vn 0.12550000 0.08390000 -0.98850000
vn 0.77540000 0.63140000 0.00810000
vn -0.91340000 0.40430000 0.04710000
vn -0.63200000 0.62300000 -0.46090000
vn 0.24290000 0.63000000 -0.73760000
vn -0.46700000 0.04460000 -0.88310000
vn 0.71380000 0.12600000 -0.68890000
vn -0.88780000 0.12580000 0.44270000
vn -0.29380000 -0.61640000 -0.73060000
vn 0.55390000 0.72880000 -0.40240000
vn -0.22440000 0.68740000 -0.69070000
vn 0.56980000 0.64800000 0.50540000
vn -0.66570000 0.56390000 0.48880000
vt 0.27891000 0.78046700
vt 0.27891000 0.82734200
vt 0.27891000 0.82734200
vt 0.27891000 0.84765600
vt 0.27891000 0.84765600
vt 0.27891000 0.87890600
vt 0.27891000 0.82734200
vt 0.27891000 0.78046700
vt 0.27891000 0.82734200
vt 0.27891000 0.84765600
vt 0.27891000 0.87890600
vt 0.27891000 0.84765600
vt 0.33437100 0.82734200
vt 0.33437100 0.82734200
vt 0.33437100 0.78046700
vt 0.33437100 0.87890600
vt 0.33437100 0.84765600
vt 0.33437100 0.84765600
vt 0.33437100 0.82734200
vt 0.33437100 0.82734200
vt 0.33437100 0.78046700
vt 0.33437100 0.84765600
vt 0.33437100 0.84765600
vt 0.33437100 0.87890600
vt 0.33159800 0.81171700
vt 0.33159800 0.82734200
vt 0.33159800 0.78046700
vt 0.28168300 0.81171700
vt 0.28168300 0.82734200
vt 0.28168300 0.78046700
vt 0.28168300 0.84765600
vt 0.28168300 0.86328100
vt 0.28168300 0.83203100
vt 0.28168300 0.87890600
vt 0.33159800 0.83203100
vt 0.33159800 0.84765600
vt 0.33159800 0.87890600
vt 0.33159800 0.86328100
vt 0.28168300 0.82734200
vt 0.28168300 0.78046700
vt 0.28168300 0.81171700
vt 0.33159800 0.78046700
vt 0.33159800 0.81171700
vt 0.33159800 0.82734200
vt 0.33159800 0.84765600
vt 0.33159800 0.87890600
vt 0.33159800 0.83203100
vt 0.33159800 0.86328100
vt 0.28168300 0.87890600
vt 0.28168300 0.84765600
vt 0.28168300 0.86328100
vt 0.28168300 0.83203100
vt 0.27891000 0.78046700
vt 0.27891000 0.82734200
vt 0.27891000 0.81171700
vt 0.27891000 0.78046700
vt 0.27891000 0.82734200
vt 0.27891000 0.81171700
vt 0.27891000 0.84765600
vt 0.27891000 0.86328100
vt 0.27891000 0.87890600
vt 0.27891000 0.83203100
vt 0.27891000 0.84765600
vt 0.27891000 0.86328100
vt 0.27891000 0.83203100
vt 0.27891000 0.87890600
vt 0.33437100 0.78046700
vt 0.33437100 0.81171700
vt 0.33437100 0.82734200
vt 0.33437100 0.78046700
vt 0.33437100 0.81171700
vt 0.33437100 0.82734200
vt 0.33437100 0.86328100
vt 0.33437100 0.83203100
vt 0.33437100 0.87890600
vt 0.33437100 0.84765600
vt 0.33437100 0.84765600
vt 0.33437100 0.87890600
vt 0.33437100 0.86328100
vt 0.33437100 0.83203100
vt 0.33159800 0.84765600
vt 0.33159800 0.86328100
vt 0.33159800 0.87890600
vt 0.33159800 0.84765600
vt 0.33159800 0.86328100
vt 0.33159800 0.87890600
vt 0.28168300 0.86328100
vt 0.28168300 0.84765600
vt 0.28168300 0.87890600
vt 0.28168300 0.86328100
vt 0.28168300 0.87890600
vt 0.28168300 0.84765600
vt 0.28168300 0.78046700
vt 0.28168300 0.78046700
vt 0.33159800 0.78046700
vt 0.33159800 0.78046700
vt 0.43750000 0.56587400
vt 0.43750000 0.56587400
vt 0.40625000 0.51899900
vt 0.43750000 0.64456700
vt 0.40625000 0.59769200
vt 0.43750000 0.64456700
vt 0.40625000 0.56096900
vt 0.43750000 0.60784400
vt 0.43750000 0.60784400
vt 0.40625000 0.56096900
vt 0.46875000 0.52818000
vt 0.46875000 0.52818000
vt 0.43750000 0.57505500
vt 0.46875000 0.52818000
vt 0.43750000 0.57505500
vt 0.46875000 0.52818000
vt 0.46875000 0.54654200
vt 0.43750000 0.59341700
vt 0.46875000 0.54654200
vt 0.43750000 0.59341700
vt 0.46875000 0.54654200
vt 0.46875000 0.54654200
vt 0.46875000 0.58851100
vt 0.43750000 0.63538600
vt 0.46875000 0.58851100
vt 0.46875000 0.57014900
vt 0.43750000 0.61702400
vt 0.46875000 0.57014900
vt 0.46875000 0.57014900
vt 0.43750000 0.61702400
vt 0.46875000 0.57014900
vt 0.43750000 0.63538600
vt 0.46875000 0.58851100
vt 0.46875000 0.58851100
vt 0.46875000 0.52818000
vt 0.46875000 0.52818000
vt 0.46875000 0.52818000
vt 0.46875000 0.52818000
vt 0.46875000 0.54654200
vt 0.46875000 0.54654200
vt 0.46875000 0.54654200
vt 0.46875000 0.54654200
vt 0.46875000 0.58851100
vt 0.46875000 0.58851100
vt 0.46875000 0.57014900
vt 0.46875000 0.57014900
vt 0.46875000 0.58851100
vt 0.46875000 0.58851100
vt 0.46875000 0.57014900
vt 0.46875000 0.57014900
vt 0.46875000 0.57014900
vt 0.46875000 0.57014900
vt 0.46875000 0.58851100
vt 0.46875000 0.58851100
vt 0.46875000 0.57014900
vt 0.46875000 0.57014900
vt 0.46875000 0.58851100
vt 0.46875000 0.58851100
vt 0.46875000 0.54654200
vt 0.46875000 0.54654200
vt 0.46875000 0.54654200
vt 0.46875000 0.54654200
vt 0.46875000 0.52818000
vt 0.46875000 0.52818000
vt 0.46875000 0.52818000
vt 0.46875000 0.52818000
vt 0.46875000 0.58851100
vt 0.46875000 0.58851100
vt 0.43750000 0.63538600
vt 0.46875000 0.57014900
vt 0.43750000 0.61702400
vt 0.46875000 0.57014900
vt 0.46875000 0.57014900
vt 0.43750000 0.61702400
vt 0.46875000 0.57014900
vt 0.46875000 0.58851100
vt 0.46875000 0.58851100
vt 0.43750000 0.63538600
vt 0.43750000 0.59341700
vt 0.46875000 0.54654200
vt 0.46875000 0.54654200
vt 0.46875000 0.54654200
vt 0.43750000 0.59341700
vt 0.46875000 0.54654200
vt 0.43750000 0.57505500
vt 0.46875000 0.52818000
vt 0.46875000 0.52818000
vt 0.43750000 0.57505500
vt 0.46875000 0.52818000
vt 0.46875000 0.52818000
vt 0.43750000 0.60784400
vt 0.40625000 0.56096900
vt 0.43750000 0.60784400
vt 0.43750000 0.64456700
vt 0.40625000 0.59769200
vt 0.40625000 0.51899900
vt 0.43750000 0.56587400
vt 0.43750000 0.67866700
vt 0.40625000 0.63179200
vt 0.43750000 0.67866700
vt 0.43750000 0.67866700
vt 0.40625000 0.63179200
vt 0.43750000 0.67210900
vt 0.46875000 0.62523400
vt 0.46875000 0.62523400
vt 0.46875000 0.60687300
vt 0.43750000 0.65374800
vt 0.46875000 0.60687300
vt 0.46875000 0.60687300
vt 0.43750000 0.65374800
vt 0.46875000 0.60687300
vt 0.43750000 0.67210900
vt 0.46875000 0.62523400
vt 0.46875000 0.62523400
vt 0.46875000 0.62523400
vt 0.46875000 0.62523400
vt 0.46875000 0.60687300
vt 0.46875000 0.60687300
vt 0.46875000 0.62523400
vt 0.46875000 0.62523400
vt 0.46875000 0.60687300
vt 0.46875000 0.60687300
vt 0.46875000 0.60687300
vt 0.46875000 0.60687300
vt 0.46875000 0.62523400
vt 0.46875000 0.62523400
vt 0.46875000 0.60687300
vt 0.46875000 0.60687300
vt 0.46875000 0.62523400
vt 0.46875000 0.62523400
vt 0.46875000 0.62523400
vt 0.46875000 0.62523400
vt 0.43750000 0.67210900
vt 0.43750000 0.65374800
vt 0.46875000 0.60687300
vt 0.46875000 0.60687300
vt 0.46875000 0.60687300
vt 0.46875000 0.60687300
vt 0.43750000 0.65374800
vt 0.46875000 0.62523400
vt 0.43750000 0.67210900
vt 0.46875000 0.62523400
vt 0.40625000 0.63179200
vt 0.43750000 0.67866700
vt 0.68750000 0.64456700
vt 0.40625000 0.59769200
vt 0.04100300 0.01579700
vt 0.27583000 0.66677600
vt 0.34918200 0.66677600
vt 0.20899700 0.01579700
vt 0.14663700 0.95910000
vt 0.14663700 0.92785000
vt 0.14663700 0.91734100
vt 0.14663700 0.91734100
vt 0.14663700 0.88609100
vt 0.14663700 0.91734100
vt 0.14663700 0.88609100
vt 0.21498300 0.92785000
vt 0.21498300 0.95910000
vt 0.14663700 0.95910000
vt 0.14663700 0.92785000
vt 0.14663700 0.92785000
vt 0.21498300 0.91734100
vt 0.21498300 0.88609100
vt 0.21498300 0.95910000
vt 0.21498300 0.92785000
vt 0.21498300 0.92785000
vt 0.21498300 0.88609100
vt 0.21498300 0.91734100
vt 0.21498300 0.91734100
vt 0.20005600 0.92325500
vt 0.20005600 0.83745400
vt 0.20005600 0.83745400
vt 0.20005600 0.83745400
vt 0.20005600 0.92325500
vt 0.20005600 0.92325500
vt 0.20947300 0.92325500
vt 0.20947300 0.83745400
vt 0.15214500 0.83745400
vt 0.16156400 0.92325500
vt 0.15214500 0.92325500
vt 0.16156400 0.83745400
vt 0.16156400 0.92325500
vt 0.16156400 0.92325500
vt 0.16156400 0.83745400
vt 0.16156400 0.83745400
vt 0.14663700 0.87068000
vt 0.14663700 0.83943000
vt 0.14663700 0.79089800
vt 0.14663700 0.82214800
vt 0.21498300 0.83943000
vt 0.21498300 0.87068000
vt 0.14663700 0.83943000
vt 0.14663700 0.87068000
vt 0.14663700 0.83943000
vt 0.21498300 0.79089800
vt 0.21498300 0.82214800
vt 0.21498300 0.87068000
vt 0.21498300 0.83943000
vt 0.21498300 0.83943000
vt 0.14663700 0.79089800
vt 0.14663700 0.82214800
vt 0.14663700 0.79089800
vt 0.14663700 0.83199700
vt 0.14663700 0.80074700
vt 0.14663700 0.83199700
vt 0.21498300 0.80074700
vt 0.21498300 0.83199700
vt 0.21498300 0.83199700
vt 0.21498300 0.82214800
vt 0.21498300 0.79089800
vt 0.21498300 0.79089800
vt 0.15438700 0.92954200
vt 0.15438700 0.86101900
vt 0.15438700 0.89226900
vt 0.15438700 0.86101900
vt 0.20723200 0.92954200
vt 0.15438700 0.89829200
vt 0.15438700 0.92954200
vt 0.20723200 0.86101900
vt 0.20723200 0.92954200
vt 0.20723200 0.89829200
vt 0.20723200 0.89226900
vt 0.20723200 0.86101900
vt 0.20899700 0.23420600
vt 0.34918200 0.58322400
vt 0.27583000 0.58322400
vt 0.04100300 0.23420600
vt 0.04100300 0.01579700
vt 0.27583000 0.66677600
vt 0.34918200 0.66677600
vt 0.20899700 0.01579700
vt 0.14663700 0.95910000
vt 0.14663700 0.92785000
vt 0.14663700 0.91734100
vt 0.14663700 0.88609100
vt 0.14663700 0.91734100
vt 0.14663700 0.91734100
vt 0.14663700 0.88609100
vt 0.21498300 0.92785000
vt 0.21498300 0.95910000
vt 0.14663700 0.92785000
vt 0.14663700 0.95910000
vt 0.14663700 0.92785000
vt 0.21498300 0.91734100
vt 0.21498300 0.88609100
vt 0.21498300 0.92785000
vt 0.21498300 0.92785000
vt 0.21498300 0.95910000
vt 0.21498300 0.91734100
vt 0.21498300 0.88609100
vt 0.21498300 0.91734100
vt 0.20005600 0.92325500
vt 0.20005600 0.83745400
vt 0.20005600 0.83745400
vt 0.20005600 0.83745400
vt 0.20005600 0.92325500
vt 0.20005600 0.92325500
vt 0.20947300 0.92325500
vt 0.20947300 0.83745400
vt 0.15214500 0.83745400
vt 0.16156400 0.92325500
vt 0.15214500 0.92325500
vt 0.16156400 0.83745400
vt 0.16156400 0.92325500
vt 0.16156400 0.92325500
vt 0.16156400 0.83745400
vt 0.16156400 0.83745400
vt 0.14663700 0.83943000
vt 0.14663700 0.87068000
vt 0.14663700 0.82214800
vt 0.14663700 0.79089800
vt 0.21498300 0.87068000
vt 0.21498300 0.83943000
vt 0.14663700 0.83943000
vt 0.14663700 0.87068000
vt 0.14663700 0.83943000
vt 0.21498300 0.79089800
vt 0.21498300 0.82214800
vt 0.21498300 0.83943000
vt 0.21498300 0.87068000
vt 0.21498300 0.83943000
vt 0.14663700 0.82214800
vt 0.14663700 0.79089800
vt 0.14663700 0.79089800
vt 0.14663700 0.83199700
vt 0.14663700 0.80074700
vt 0.14663700 0.83199700
vt 0.21498300 0.80074700
vt 0.21498300 0.83199700
vt 0.21498300 0.83199700
vt 0.21498300 0.79089800
vt 0.21498300 0.79089800
vt 0.21498300 0.82214800
vt 0.15438700 0.92954200
vt 0.15438700 0.89226900
vt 0.15438700 0.86101900
vt 0.15438700 0.86101900
vt 0.20723200 0.92954200
vt 0.15438700 0.89829200
vt 0.15438700 0.92954200
vt 0.20723200 0.86101900
vt 0.20723200 0.92954200
vt 0.20723200 0.89829200
vt 0.20723200 0.86101900
vt 0.20723200 0.89226900
vt 0.20899700 0.23420600
vt 0.34918200 0.58322400
vt 0.04100300 0.23420600
vt 0.27583000 0.58322400
vt 0.04100300 0.01579700
vt 0.27583000 0.66677600
vt 0.34918200 0.66677600
vt 0.20899700 0.01579700
vt 0.14663700 0.92785000
vt 0.14663700 0.95910000
vt 0.14663700 0.88609100
vt 0.14663700 0.91734100
vt 0.14663700 0.91734100
vt 0.14663700 0.91734100
vt 0.14663700 0.88609100
vt 0.21498300 0.95910000
vt 0.21498300 0.92785000
vt 0.14663700 0.92785000
vt 0.14663700 0.95910000
vt 0.14663700 0.92785000
vt 0.21498300 0.88609100
vt 0.21498300 0.91734100
vt 0.21498300 0.92785000
vt 0.21498300 0.95910000
vt 0.21498300 0.92785000
vt 0.21498300 0.91734100
vt 0.21498300 0.88609100
vt 0.21498300 0.91734100
vt 0.20005600 0.92325500
vt 0.20005600 0.83745400
vt 0.20005600 0.83745400
vt 0.20005600 0.83745400
vt 0.20005600 0.92325500
vt 0.20005600 0.92325500
vt 0.20947300 0.92325500
vt 0.20947300 0.83745400
vt 0.15214500 0.83745400
vt 0.16156400 0.92325500
vt 0.15214500 0.92325500
vt 0.16156400 0.83745400
vt 0.16156400 0.92325500
vt 0.16156400 0.92325500
vt 0.16156400 0.83745400
vt 0.16156400 0.83745400
vt 0.14663700 0.87068000
vt 0.14663700 0.83943000
vt 0.14663700 0.79089800
vt 0.14663700 0.82214800
vt 0.21498300 0.83943000
vt 0.21498300 0.87068000
vt 0.14663700 0.87068000
vt 0.14663700 0.83943000
vt 0.14663700 0.83943000
vt 0.21498300 0.79089800
vt 0.21498300 0.82214800
vt 0.21498300 0.87068000
vt 0.21498300 0.83943000
vt 0.21498300 0.83943000
vt 0.14663700 0.82214800
vt 0.14663700 0.79089800
vt 0.14663700 0.79089800
vt 0.14663700 0.83199700
vt 0.14663700 0.80074700
vt 0.14663700 0.83199700
vt 0.21498300 0.83199700
vt 0.21498300 0.80074700
vt 0.21498300 0.83199700
vt 0.21498300 0.79089800
vt 0.21498300 0.82214800
vt 0.21498300 0.79089800
vt 0.15438700 0.92954200
vt 0.15438700 0.86101900
vt 0.15438700 0.89226900
vt 0.15438700 0.86101900
vt 0.20723200 0.92954200
vt 0.15438700 0.92954200
vt 0.15438700 0.89829200
vt 0.20723200 0.86101900
vt 0.20723200 0.92954200
vt 0.20723200 0.89829200
vt 0.20723200 0.89226900
vt 0.20723200 0.86101900
vt 0.20899700 0.23420600
vt 0.34918200 0.58322400
vt 0.04100300 0.23420600
vt 0.27583000 0.58322400
vt 0.04100300 0.01579700
vt 0.27583000 0.66677600
vt 0.34918200 0.66677600
vt 0.20899700 0.01579700
vt 0.14663700 0.95910000
vt 0.14663700 0.92785000
vt 0.14663700 0.88609100
vt 0.14663700 0.91734100
vt 0.14663700 0.91734100
vt 0.14663700 0.91734100
vt 0.14663700 0.88609100
vt 0.21498300 0.92785000
vt 0.21498300 0.95910000
vt 0.14663700 0.92785000
vt 0.14663700 0.95910000
vt 0.14663700 0.92785000
vt 0.21498300 0.91734100
vt 0.21498300 0.88609100
vt 0.21498300 0.95910000
vt 0.21498300 0.92785000
vt 0.21498300 0.92785000
vt 0.21498300 0.91734100
vt 0.21498300 0.88609100
vt 0.21498300 0.91734100
vt 0.20005600 0.92325500
vt 0.20005600 0.83745400
vt 0.20005600 0.83745400
vt 0.20005600 0.83745400
vt 0.20005600 0.92325500
vt 0.20005600 0.92325500
vt 0.20947300 0.92325500
vt 0.20947300 0.83745400
vt 0.15214500 0.83745400
vt 0.16156400 0.92325500
vt 0.15214500 0.92325500
vt 0.16156400 0.83745400
vt 0.16156400 0.92325500
vt 0.16156400 0.92325500
vt 0.16156400 0.83745400
vt 0.16156400 0.83745400
vt 0.14663700 0.83943000
vt 0.14663700 0.87068000
vt 0.14663700 0.82214800
vt 0.14663700 0.79089800
vt 0.21498300 0.83943000
vt 0.21498300 0.87068000
vt 0.14663700 0.87068000
vt 0.14663700 0.83943000
vt 0.14663700 0.83943000
vt 0.21498300 0.82214800
vt 0.21498300 0.79089800
vt 0.21498300 0.83943000
vt 0.21498300 0.83943000
vt 0.21498300 0.87068000
vt 0.14663700 0.79089800
vt 0.14663700 0.79089800
vt 0.14663700 0.82214800
vt 0.14663700 0.80074700
vt 0.14663700 0.83199700
vt 0.14663700 0.83199700
vt 0.21498300 0.83199700
vt 0.21498300 0.83199700
vt 0.21498300 0.80074700
vt 0.21498300 0.79089800
vt 0.21498300 0.79089800
vt 0.21498300 0.82214800
vt 0.15438700 0.92954200
vt 0.15438700 0.86101900
vt 0.15438700 0.89226900
vt 0.15438700 0.86101900
vt 0.20723200 0.92954200
vt 0.15438700 0.89829200
vt 0.15438700 0.92954200
vt 0.20723200 0.86101900
vt 0.20723200 0.89829200
vt 0.20723200 0.92954200
vt 0.20723200 0.86101900
vt 0.20723200 0.89226900
vt 0.34918200 0.58322400
vt 0.20899700 0.23420600
vt 0.27583000 0.58322400
vt 0.04100300 0.23420600
vt 0.04100300 0.01579700
vt 0.27583000 0.66677600
vt 0.34918200 0.66677600
vt 0.20899700 0.01579700
vt 0.14663700 0.92785000
vt 0.14663700 0.95910000
vt 0.14663700 0.91734100
vt 0.14663700 0.88609100
vt 0.14663700 0.91734100
vt 0.14663700 0.91734100
vt 0.14663700 0.88609100
vt 0.21498300 0.92785000
vt 0.21498300 0.95910000
vt 0.14663700 0.92785000
vt 0.14663700 0.92785000
vt 0.14663700 0.95910000
vt 0.21498300 0.88609100
vt 0.21498300 0.91734100
vt 0.21498300 0.95910000
vt 0.21498300 0.92785000
vt 0.21498300 0.92785000
vt 0.21498300 0.88609100
vt 0.21498300 0.91734100
vt 0.21498300 0.91734100
vt 0.20005600 0.92325500
vt 0.20005600 0.83745400
vt 0.20005600 0.83745400
vt 0.20005600 0.83745400
vt 0.20005600 0.92325500
vt 0.20005600 0.92325500
vt 0.20947300 0.92325500
vt 0.20947300 0.83745400
vt 0.15214500 0.83745400
vt 0.16156400 0.92325500
vt 0.15214500 0.92325500
vt 0.16156400 0.83745400
vt 0.16156400 0.92325500
vt 0.16156400 0.92325500
vt 0.16156400 0.83745400
vt 0.16156400 0.83745400
vt 0.14663700 0.87068000
vt 0.14663700 0.83943000
vt 0.14663700 0.82214800
vt 0.14663700 0.79089800
vt 0.21498300 0.87068000
vt 0.21498300 0.83943000
vt 0.14663700 0.83943000
vt 0.14663700 0.87068000
vt 0.14663700 0.83943000
vt 0.21498300 0.82214800
vt 0.21498300 0.79089800
vt 0.21498300 0.87068000
vt 0.21498300 0.83943000
vt 0.21498300 0.83943000
vt 0.14663700 0.79089800
vt 0.14663700 0.82214800
vt 0.14663700 0.79089800
vt 0.14663700 0.83199700
vt 0.14663700 0.83199700
vt 0.14663700 0.80074700
vt 0.21498300 0.80074700
vt 0.21498300 0.83199700
vt 0.21498300 0.83199700
vt 0.21498300 0.79089800
vt 0.21498300 0.82214800
vt 0.21498300 0.79089800
vt 0.15438700 0.92954200
vt 0.15438700 0.89226900
vt 0.15438700 0.86101900
vt 0.15438700 0.86101900
vt 0.20723200 0.92954200
vt 0.15438700 0.92954200
vt 0.15438700 0.89829200
vt 0.20723200 0.86101900
vt 0.20723200 0.89829200
vt 0.20723200 0.92954200
vt 0.20723200 0.89226900
vt 0.20723200 0.86101900
vt 0.20899700 0.23420600
vt 0.34918200 0.58322400
vt 0.04100300 0.23420600
vt 0.27583000 0.58322400
vt 0.04100300 0.01579700
vt 0.27583000 0.66677600
vt 0.34918200 0.66677600
vt 0.20899700 0.01579700
vt 0.14663700 0.95910000
vt 0.14663700 0.92785000
vt 0.14663700 0.88609100
vt 0.14663700 0.91734100
vt 0.14663700 0.91734100
vt 0.14663700 0.88609100
vt 0.14663700 0.91734100
vt 0.21498300 0.95910000
vt 0.21498300 0.92785000
vt 0.14663700 0.92785000
vt 0.14663700 0.95910000
vt 0.14663700 0.92785000
vt 0.21498300 0.88609100
vt 0.21498300 0.91734100
vt 0.21498300 0.92785000
vt 0.21498300 0.92785000
vt 0.21498300 0.95910000
vt 0.21498300 0.91734100
vt 0.21498300 0.91734100
vt 0.21498300 0.88609100
vt 0.20005600 0.92325500
vt 0.20005600 0.83745400
vt 0.20005600 0.83745400
vt 0.20005600 0.83745400
vt 0.20005600 0.92325500
vt 0.20005600 0.92325500
vt 0.20947300 0.92325500
vt 0.20947300 0.83745400
vt 0.15214500 0.83745400
vt 0.16156400 0.92325500
vt 0.15214500 0.92325500
vt 0.16156400 0.83745400
vt 0.16156400 0.92325500
vt 0.16156400 0.92325500
vt 0.16156400 0.83745400
vt 0.16156400 0.83745400
vt 0.14663700 0.83943000
vt 0.14663700 0.87068000
vt 0.14663700 0.79089800
vt 0.14663700 0.82214800
vt 0.21498300 0.87068000
vt 0.21498300 0.83943000
vt 0.14663700 0.83943000
vt 0.14663700 0.83943000
vt 0.14663700 0.87068000
vt 0.21498300 0.79089800
vt 0.21498300 0.82214800
vt 0.21498300 0.83943000
vt 0.21498300 0.87068000
vt 0.21498300 0.83943000
vt 0.14663700 0.79089800
vt 0.14663700 0.79089800
vt 0.14663700 0.82214800
vt 0.14663700 0.80074700
vt 0.14663700 0.83199700
vt 0.14663700 0.83199700
vt 0.21498300 0.83199700
vt 0.21498300 0.83199700
vt 0.21498300 0.80074700
vt 0.21498300 0.79089800
vt 0.21498300 0.82214800
vt 0.21498300 0.79089800
vt 0.15438700 0.92954200
vt 0.15438700 0.86101900
vt 0.15438700 0.89226900
vt 0.15438700 0.86101900
vt 0.20723200 0.92954200
vt 0.15438700 0.89829200
vt 0.15438700 0.92954200
vt 0.20723200 0.86101900
vt 0.20723200 0.92954200
vt 0.20723200 0.89829200
vt 0.20723200 0.89226900
vt 0.20723200 0.86101900
vt 0.34918200 0.58322400
vt 0.20899700 0.23420600
vt 0.04100300 0.23420600
vt 0.27583000 0.58322400
vt 0.26216900 0.83864100
vt 0.26216900 0.83864100
vt 0.26216900 0.80739100
vt 0.26216900 0.88916100
vt 0.26216900 0.85791100
vt 0.26216900 0.85791100
vt 0.30381700 0.83864100
vt 0.30381700 0.83864100
vt 0.30381700 0.80739100
vt 0.30381700 0.85791100
vt 0.30381700 0.88916100
vt 0.30381700 0.85791100
vt 0.33158200 0.80739100
vt 0.33158200 0.83864100
vt 0.33158200 0.83864100
vt 0.33158200 0.88916100
vt 0.33158200 0.85791100
vt 0.33158200 0.85791100
vt 0.26216900 0.80739100
vt 0.26216900 0.80739100
vt 0.26216900 0.83864100
vt 0.26216900 0.80739100
vt 0.26216900 0.88916100
vt 0.26216900 0.85791100
vt 0.26216900 0.88916100
vt 0.26216900 0.88916100
vt 0.30381700 0.83864100
vt 0.30381700 0.80739100
vt 0.33158200 0.80739100
vt 0.33158200 0.83864100
vt 0.33158200 0.88916100
vt 0.33158200 0.85791100
vt 0.30381700 0.85791100
vt 0.30381700 0.88916100
vt 0.26216900 0.86703500
vt 0.26216900 0.86703500
vt 0.26216900 0.83578500
vt 0.26216900 0.88630600
vt 0.26216900 0.91755600
vt 0.26216900 0.88630600
vt 0.30381700 0.83578500
vt 0.30381700 0.86703500
vt 0.30381700 0.86703500
vt 0.30381700 0.88630600
vt 0.30381700 0.88630600
vt 0.30381700 0.91755600
vt 0.33158200 0.86703500
vt 0.33158200 0.86703500
vt 0.33158200 0.83578500
vt 0.33158200 0.88630600
vt 0.33158200 0.91755600
vt 0.33158200 0.88630600
vt 0.26216900 0.83578500
vt 0.26216900 0.83578500
vt 0.26216900 0.86703500
vt 0.26216900 0.83578500
vt 0.26216900 0.88630600
vt 0.26216900 0.91755600
vt 0.26216900 0.91755600
vt 0.26216900 0.91755600
vt 0.30381700 0.83578500
vt 0.30381700 0.86703500
vt 0.33158200 0.86703500
vt 0.33158200 0.83578500
vt 0.33158200 0.88630600
vt 0.33158200 0.91755600
vt 0.30381700 0.88630600
vt 0.30381700 0.91755600
vt 0.68750000 0.56587400
vt 0.90625000 0.26899900
vt 0.93750000 0.31587400
vt 0.90625000 0.26899900
vt 0.93750000 0.31587400
vt 0.68750000 0.64456700
vt 0.90625000 0.34769200
vt 0.93750000 0.39456700
vt 0.90625000 0.34769200
vt 0.93750000 0.39456700
vt 0.68750000 0.60784400
vt 0.90625000 0.31096900
vt 0.93750000 0.35784400
vt 0.90625000 0.31096900
vt 0.96875000 0.27818000
vt 0.93750000 0.32505500
vt 0.96875000 0.27818000
vt 0.96875000 0.27818000
vt 0.96875000 0.27818000
vt 0.93750000 0.32505500
vt 0.96875000 0.29654200
vt 0.96875000 0.29654200
vt 0.93750000 0.34341700
vt 0.96875000 0.29654200
vt 0.96875000 0.29654200
vt 0.93750000 0.34341700
vt 0.93750000 0.38538600
vt 0.96875000 0.33851100
vt 0.96875000 0.33851100
vt 0.93750000 0.36702400
vt 0.96875000 0.32014900
vt 0.96875000 0.32014900
vt 0.96875000 0.32014900
vt 0.93750000 0.36702400
vt 0.96875000 0.32014900
vt 0.93750000 0.38538600
vt 0.96875000 0.33851100
vt 0.96875000 0.33851100
vt 0.96875000 0.27818000
vt 0.96875000 0.27818000
vt 0.96875000 0.27818000
vt 0.96875000 0.27818000
vt 0.96875000 0.29654200
vt 0.96875000 0.29654200
vt 0.96875000 0.29654200
vt 0.96875000 0.29654200
vt 0.96875000 0.33851100
vt 0.96875000 0.33851100
vt 0.96875000 0.32014900
vt 0.96875000 0.32014900
vt 0.96875000 0.33851100
vt 0.96875000 0.33851100
vt 0.96875000 0.32014900
vt 0.96875000 0.32014900
vt 0.96875000 0.32014900
vt 0.96875000 0.32014900
vt 0.96875000 0.33851100
vt 0.96875000 0.33851100
vt 0.96875000 0.32014900
vt 0.96875000 0.32014900
vt 0.96875000 0.33851100
vt 0.96875000 0.33851100
vt 0.96875000 0.29654200
vt 0.96875000 0.29654200
vt 0.96875000 0.29654200
vt 0.96875000 0.29654200
vt 0.96875000 0.27818000
vt 0.96875000 0.27818000
vt 0.96875000 0.27818000
vt 0.96875000 0.27818000
vt 0.96875000 0.33851100
vt 0.96875000 0.33851100
vt 0.93750000 0.38538600
vt 0.93750000 0.36702400
vt 0.96875000 0.32014900
vt 0.96875000 0.32014900
vt 0.96875000 0.32014900
vt 0.96875000 0.32014900
vt 0.93750000 0.36702400
vt 0.93750000 0.38538600
vt 0.96875000 0.33851100
vt 0.96875000 0.33851100
vt 0.93750000 0.34341700
vt 0.96875000 0.29654200
vt 0.96875000 0.29654200
vt 0.96875000 0.29654200
vt 0.93750000 0.34341700
vt 0.96875000 0.29654200
vt 0.93750000 0.32505500
vt 0.96875000 0.27818000
vt 0.96875000 0.27818000
vt 0.96875000 0.27818000
vt 0.96875000 0.27818000
vt 0.93750000 0.32505500
vt 0.93750000 0.35784400
vt 0.90625000 0.31096900
vt 0.93750000 0.35784400
vt 0.93750000 0.39456700
vt 0.90625000 0.34769200
vt 0.93750000 0.31587400
vt 0.90625000 0.26899900
vt 0.68750000 0.68129000
vt 0.90625000 0.38179200
vt 0.93750000 0.42866700
vt 0.93750000 0.42866700
vt 0.90625000 0.38179200
vt 0.96875000 0.37523400
vt 0.96875000 0.37523400
vt 0.93750000 0.42210900
vt 0.96875000 0.35687300
vt 0.96875000 0.35687300
vt 0.93750000 0.40374800
vt 0.96875000 0.35687300
vt 0.96875000 0.35687300
vt 0.93750000 0.40374800
vt 0.96875000 0.37523400
vt 0.93750000 0.42210900
vt 0.96875000 0.37523400
vt 0.96875000 0.37523400
vt 0.96875000 0.37523400
vt 0.96875000 0.35687300
vt 0.96875000 0.35687300
vt 0.96875000 0.37523400
vt 0.96875000 0.37523400
vt 0.96875000 0.35687300
vt 0.96875000 0.35687300
vt 0.96875000 0.35687300
vt 0.96875000 0.35687300
vt 0.96875000 0.37523400
vt 0.96875000 0.37523400
vt 0.96875000 0.35687300
vt 0.96875000 0.35687300
vt 0.96875000 0.37523400
vt 0.96875000 0.37523400
vt 0.93750000 0.42210900
vt 0.96875000 0.37523400
vt 0.96875000 0.37523400
vt 0.93750000 0.40374800
vt 0.96875000 0.35687300
vt 0.96875000 0.35687300
vt 0.93750000 0.40374800
vt 0.96875000 0.35687300
vt 0.96875000 0.35687300
vt 0.96875000 0.37523400
vt 0.93750000 0.42210900
vt 0.96875000 0.37523400
vt 0.93750000 0.42866700
vt 0.90625000 0.38179200
vt 0.93750000 0.35784400
vt 0.90625000 0.31096900
vt 0.90625000 0.26899900
vt 0.93750000 0.31587400
vt 0.04100300 0.01579700
vt 0.27583000 0.66677600
vt 0.34918200 0.66677600
vt 0.20899700 0.01579700
vt 0.14663700 0.95910000
vt 0.14663700 0.92785000
vt 0.14663700 0.91734100
vt 0.14663700 0.91734100
vt 0.14663700 0.88609100
vt 0.14663700 0.88609100
vt 0.14663700 0.91734100
vt 0.21498300 0.92785000
vt 0.21498300 0.95910000
vt 0.14663700 0.95910000
vt 0.14663700 0.92785000
vt 0.14663700 0.92785000
vt 0.21498300 0.91734100
vt 0.21498300 0.88609100
vt 0.21498300 0.92785000
vt 0.21498300 0.95910000
vt 0.21498300 0.92785000
vt 0.21498300 0.91734100
vt 0.21498300 0.91734100
vt 0.21498300 0.88609100
vt 0.20005600 0.92325500
vt 0.20005600 0.83745400
vt 0.20005600 0.83745400
vt 0.20005600 0.83745400
vt 0.20005600 0.92325500
vt 0.20005600 0.92325500
vt 0.20947300 0.92325500
vt 0.20947300 0.83745400
vt 0.15214500 0.83745400
vt 0.16156400 0.92325500
vt 0.15214500 0.92325500
vt 0.16156400 0.83745400
vt 0.16156400 0.92325500
vt 0.16156400 0.92325500
vt 0.16156400 0.83745400
vt 0.16156400 0.83745400
vt 0.14663700 0.83943000
vt 0.14663700 0.87068000
vt 0.14663700 0.82214800
vt 0.14663700 0.79089800
vt 0.21498300 0.83943000
vt 0.21498300 0.87068000
vt 0.14663700 0.83943000
vt 0.14663700 0.83943000
vt 0.14663700 0.87068000
vt 0.21498300 0.82214800
vt 0.21498300 0.79089800
vt 0.21498300 0.87068000
vt 0.21498300 0.83943000
vt 0.21498300 0.83943000
vt 0.14663700 0.79089800
vt 0.14663700 0.82214800
vt 0.14663700 0.79089800
vt 0.14663700 0.83199700
vt 0.14663700 0.83199700
vt 0.14663700 0.80074700
vt 0.21498300 0.83199700
vt 0.21498300 0.83199700
vt 0.21498300 0.80074700
vt 0.21498300 0.82214800
vt 0.21498300 0.79089800
vt 0.21498300 0.79089800
vt 0.15438700 0.92954200
vt 0.15438700 0.86101900
vt 0.15438700 0.89226900
vt 0.15438700 0.86101900
vt 0.20723200 0.92954200
vt 0.15438700 0.89829200
vt 0.15438700 0.92954200
vt 0.20723200 0.86101900
vt 0.20723200 0.89829200
vt 0.20723200 0.92954200
vt 0.20723200 0.86101900
vt 0.20723200 0.89226900
vt 0.34918200 0.58322400
vt 0.20899700 0.23420600
vt 0.04100300 0.23420600
vt 0.27583000 0.58322400
vt 0.04100300 0.01579700
vt 0.27583000 0.66677600
vt 0.34918200 0.66677600
vt 0.20899700 0.01579700
vt 0.14663700 0.92785000
vt 0.14663700 0.95910000
vt 0.14663700 0.91734100
vt 0.14663700 0.91734100
vt 0.14663700 0.88609100
vt 0.14663700 0.91734100
vt 0.14663700 0.88609100
vt 0.21498300 0.92785000
vt 0.21498300 0.95910000
vt 0.14663700 0.95910000
vt 0.14663700 0.92785000
vt 0.14663700 0.92785000
vt 0.21498300 0.88609100
vt 0.21498300 0.91734100
vt 0.21498300 0.95910000
vt 0.21498300 0.92785000
vt 0.21498300 0.92785000
vt 0.21498300 0.88609100
vt 0.21498300 0.91734100
vt 0.21498300 0.91734100
vt 0.20005600 0.92325500
vt 0.20005600 0.83745400
vt 0.20005600 0.83745400
vt 0.20005600 0.83745400
vt 0.20005600 0.92325500
vt 0.20005600 0.92325500
vt 0.20947300 0.92325500
vt 0.20947300 0.83745400
vt 0.15214500 0.83745400
vt 0.16156400 0.92325500
vt 0.15214500 0.92325500
vt 0.16156400 0.83745400
vt 0.16156400 0.92325500
vt 0.16156400 0.92325500
vt 0.16156400 0.83745400
vt 0.16156400 0.83745400
vt 0.14663700 0.83943000
vt 0.14663700 0.87068000
vt 0.14663700 0.79089800
vt 0.14663700 0.82214800
vt 0.21498300 0.87068000
vt 0.21498300 0.83943000
vt 0.14663700 0.83943000
vt 0.14663700 0.83943000
vt 0.14663700 0.87068000
vt 0.21498300 0.79089800
vt 0.21498300 0.82214800
vt 0.21498300 0.83943000
vt 0.21498300 0.87068000
vt 0.21498300 0.83943000
vt 0.14663700 0.79089800
vt 0.14663700 0.82214800
vt 0.14663700 0.79089800
vt 0.14663700 0.83199700
vt 0.14663700 0.83199700
vt 0.14663700 0.80074700
vt 0.21498300 0.83199700
vt 0.21498300 0.83199700
vt 0.21498300 0.80074700
vt 0.21498300 0.79089800
vt 0.21498300 0.79089800
vt 0.21498300 0.82214800
vt 0.15438700 0.92954200
vt 0.15438700 0.89226900
vt 0.15438700 0.86101900
vt 0.15438700 0.86101900
vt 0.20723200 0.92954200
vt 0.15438700 0.92954200
vt 0.15438700 0.89829200
vt 0.20723200 0.86101900
vt 0.20723200 0.89829200
vt 0.20723200 0.92954200
vt 0.20723200 0.86101900
vt 0.20723200 0.89226900
vt 0.34918200 0.58322400
vt 0.20899700 0.23420600
vt 0.04100300 0.23420600
vt 0.27583000 0.58322400
vt 0.04100300 0.01579700
vt 0.27583000 0.66677600
vt 0.34918200 0.66677600
vt 0.20899700 0.01579700
vt 0.14663700 0.92785000
vt 0.14663700 0.95910000
vt 0.14663700 0.91734100
vt 0.14663700 0.88609100
vt 0.14663700 0.91734100
vt 0.14663700 0.91734100
vt 0.14663700 0.88609100
vt 0.21498300 0.92785000
vt 0.21498300 0.95910000
vt 0.14663700 0.95910000
vt 0.14663700 0.92785000
vt 0.14663700 0.92785000
vt 0.21498300 0.91734100
vt 0.21498300 0.88609100
vt 0.21498300 0.92785000
vt 0.21498300 0.92785000
vt 0.21498300 0.95910000
vt 0.21498300 0.88609100
vt 0.21498300 0.91734100
vt 0.21498300 0.91734100
vt 0.20005600 0.92325500
vt 0.20005600 0.83745400
vt 0.20005600 0.83745400
vt 0.20005600 0.83745400
vt 0.20005600 0.92325500
vt 0.20005600 0.92325500
vt 0.20947300 0.92325500
vt 0.20947300 0.83745400
vt 0.15214500 0.83745400
vt 0.16156400 0.92325500
vt 0.15214500 0.92325500
vt 0.16156400 0.83745400
vt 0.16156400 0.92325500
vt 0.16156400 0.92325500
vt 0.16156400 0.83745400
vt 0.16156400 0.83745400
vt 0.14663700 0.87068000
vt 0.14663700 0.83943000
vt 0.14663700 0.79089800
vt 0.14663700 0.82214800
vt 0.21498300 0.83943000
vt 0.21498300 0.87068000
vt 0.14663700 0.83943000
vt 0.14663700 0.87068000
vt 0.14663700 0.83943000
vt 0.21498300 0.79089800
vt 0.21498300 0.82214800
vt 0.21498300 0.83943000
vt 0.21498300 0.87068000
vt 0.21498300 0.83943000
vt 0.14663700 0.79089800
vt 0.14663700 0.82214800
vt 0.14663700 0.79089800
vt 0.14663700 0.80074700
vt 0.14663700 0.83199700
vt 0.14663700 0.83199700
vt 0.21498300 0.80074700
vt 0.21498300 0.83199700
vt 0.21498300 0.83199700
vt 0.21498300 0.79089800
vt 0.21498300 0.79089800
vt 0.21498300 0.82214800
vt 0.15438700 0.92954200
vt 0.15438700 0.86101900
vt 0.15438700 0.89226900
vt 0.15438700 0.86101900
vt 0.20723200 0.92954200
vt 0.15438700 0.89829200
vt 0.15438700 0.92954200
vt 0.20723200 0.86101900
vt 0.20723200 0.92954200
vt 0.20723200 0.89829200
vt 0.20723200 0.89226900
vt 0.20723200 0.86101900
vt 0.34918200 0.58322400
vt 0.20899700 0.23420600
vt 0.04100300 0.23420600
vt 0.27583000 0.58322400
vt 0.04100300 0.01579700
vt 0.27583000 0.66677600
vt 0.34918200 0.66677600
vt 0.20899700 0.01579700
vt 0.14663700 0.95910000
vt 0.14663700 0.92785000
vt 0.14663700 0.88609100
vt 0.14663700 0.91734100
vt 0.14663700 0.91734100
vt 0.14663700 0.88609100
vt 0.14663700 0.91734100
vt 0.21498300 0.95910000
vt 0.21498300 0.92785000
vt 0.14663700 0.92785000
vt 0.14663700 0.95910000
vt 0.14663700 0.92785000
vt 0.21498300 0.91734100
vt 0.21498300 0.88609100
vt 0.21498300 0.92785000
vt 0.21498300 0.95910000
vt 0.21498300 0.92785000
vt 0.21498300 0.91734100
vt 0.21498300 0.91734100
vt 0.21498300 0.88609100
vt 0.20005600 0.92325500
vt 0.20005600 0.83745400
vt 0.20005600 0.83745400
vt 0.20005600 0.83745400
vt 0.20005600 0.92325500
vt 0.20005600 0.92325500
vt 0.20947300 0.92325500
vt 0.20947300 0.83745400
vt 0.15214500 0.83745400
vt 0.16156400 0.92325500
vt 0.15214500 0.92325500
vt 0.16156400 0.83745400
vt 0.16156400 0.92325500
vt 0.16156400 0.92325500
vt 0.16156400 0.83745400
vt 0.16156400 0.83745400
vt 0.14663700 0.83943000
vt 0.14663700 0.87068000
vt 0.14663700 0.79089800
vt 0.14663700 0.82214800
vt 0.21498300 0.87068000
vt 0.21498300 0.83943000
vt 0.14663700 0.87068000
vt 0.14663700 0.83943000
vt 0.14663700 0.83943000
vt 0.21498300 0.79089800
vt 0.21498300 0.82214800
vt 0.21498300 0.87068000
vt 0.21498300 0.83943000
vt 0.21498300 0.83943000
vt 0.14663700 0.79089800
vt 0.14663700 0.82214800
vt 0.14663700 0.79089800
vt 0.14663700 0.80074700
vt 0.14663700 0.83199700
vt 0.14663700 0.83199700
vt 0.21498300 0.83199700
vt 0.21498300 0.83199700
vt 0.21498300 0.80074700
vt 0.21498300 0.82214800
vt 0.21498300 0.79089800
vt 0.21498300 0.79089800
vt 0.15438700 0.92954200
vt 0.15438700 0.89226900
vt 0.15438700 0.86101900
vt 0.15438700 0.86101900
vt 0.20723200 0.92954200
vt 0.15438700 0.92954200
vt 0.15438700 0.89829200
vt 0.20723200 0.86101900
vt 0.20723200 0.89829200
vt 0.20723200 0.92954200
vt 0.20723200 0.86101900
vt 0.20723200 0.89226900
vt 0.34918200 0.58322400
vt 0.20899700 0.23420600
vt 0.04100300 0.23420600
vt 0.27583000 0.58322400
vt 0.04100300 0.01579700
vt 0.27583000 0.66677600
vt 0.34918200 0.66677600
vt 0.20899700 0.01579700
vt 0.14663700 0.92785000
vt 0.14663700 0.95910000
vt 0.14663700 0.91734100
vt 0.14663700 0.91734100
vt 0.14663700 0.88609100
vt 0.14663700 0.91734100
vt 0.14663700 0.88609100
vt 0.21498300 0.95910000
vt 0.21498300 0.92785000
vt 0.14663700 0.95910000
vt 0.14663700 0.92785000
vt 0.14663700 0.92785000
vt 0.21498300 0.88609100
vt 0.21498300 0.91734100
vt 0.21498300 0.92785000
vt 0.21498300 0.95910000
vt 0.21498300 0.92785000
vt 0.21498300 0.88609100
vt 0.21498300 0.91734100
vt 0.21498300 0.91734100
vt 0.20005600 0.92325500
vt 0.20005600 0.83745400
vt 0.20005600 0.83745400
vt 0.20005600 0.83745400
vt 0.20005600 0.92325500
vt 0.20005600 0.92325500
vt 0.20947300 0.92325500
vt 0.20947300 0.83745400
vt 0.15214500 0.83745400
vt 0.16156400 0.92325500
vt 0.15214500 0.92325500
vt 0.16156400 0.83745400
vt 0.16156400 0.92325500
vt 0.16156400 0.92325500
vt 0.16156400 0.83745400
vt 0.16156400 0.83745400
vt 0.14663700 0.83943000
vt 0.14663700 0.87068000
vt 0.14663700 0.82214800
vt 0.14663700 0.79089800
vt 0.21498300 0.83943000
vt 0.21498300 0.87068000
vt 0.14663700 0.83943000
vt 0.14663700 0.87068000
vt 0.14663700 0.83943000
vt 0.21498300 0.79089800
vt 0.21498300 0.82214800
vt 0.21498300 0.87068000
vt 0.21498300 0.83943000
vt 0.21498300 0.83943000
vt 0.14663700 0.79089800
vt 0.14663700 0.82214800
vt 0.14663700 0.79089800
vt 0.14663700 0.80074700
vt 0.14663700 0.83199700
vt 0.14663700 0.83199700
vt 0.21498300 0.80074700
vt 0.21498300 0.83199700
vt 0.21498300 0.83199700
vt 0.21498300 0.82214800
vt 0.21498300 0.79089800
vt 0.21498300 0.79089800
vt 0.15438700 0.92954200
vt 0.15438700 0.86101900
vt 0.15438700 0.89226900
vt 0.15438700 0.86101900
vt 0.20723200 0.92954200
vt 0.15438700 0.89829200
vt 0.15438700 0.92954200
vt 0.20723200 0.86101900
vt 0.20723200 0.89829200
vt 0.20723200 0.92954200
vt 0.20723200 0.86101900
vt 0.20723200 0.89226900
vt 0.34918200 0.58322400
vt 0.20899700 0.23420600
vt 0.04100300 0.23420600
vt 0.27583000 0.58322400
vt 0.04100300 0.01579700
vt 0.27583000 0.66677600
vt 0.34918200 0.66677600
vt 0.20899700 0.01579700
vt 0.14663700 0.92785000
vt 0.14663700 0.95910000
vt 0.14663700 0.88609100
vt 0.14663700 0.91734100
vt 0.14663700 0.91734100
vt 0.14663700 0.88609100
vt 0.14663700 0.91734100
vt 0.21498300 0.92785000
vt 0.21498300 0.95910000
vt 0.14663700 0.92785000
vt 0.14663700 0.95910000
vt 0.14663700 0.92785000
vt 0.21498300 0.88609100
vt 0.21498300 0.91734100
vt 0.21498300 0.92785000
vt 0.21498300 0.92785000
vt 0.21498300 0.95910000
vt 0.21498300 0.91734100
vt 0.21498300 0.91734100
vt 0.21498300 0.88609100
vt 0.20005600 0.92325500
vt 0.20005600 0.83745400
vt 0.20005600 0.83745400
vt 0.20005600 0.83745400
vt 0.20005600 0.92325500
vt 0.20005600 0.92325500
vt 0.20947300 0.92325500
vt 0.20947300 0.83745400
vt 0.15214500 0.83745400
vt 0.16156400 0.92325500
vt 0.15214500 0.92325500
vt 0.16156400 0.83745400
vt 0.16156400 0.92325500
vt 0.16156400 0.92325500
vt 0.16156400 0.83745400
vt 0.16156400 0.83745400
vt 0.14663700 0.87068000
vt 0.14663700 0.83943000
vt 0.14663700 0.79089800
vt 0.14663700 0.82214800
vt 0.21498300 0.83943000
vt 0.21498300 0.87068000
vt 0.14663700 0.83943000
vt 0.14663700 0.83943000
vt 0.14663700 0.87068000
vt 0.21498300 0.82214800
vt 0.21498300 0.79089800
vt 0.21498300 0.83943000
vt 0.21498300 0.87068000
vt 0.21498300 0.83943000
vt 0.14663700 0.82214800
vt 0.14663700 0.79089800
vt 0.14663700 0.79089800
vt 0.14663700 0.80074700
vt 0.14663700 0.83199700
vt 0.14663700 0.83199700
vt 0.21498300 0.83199700
vt 0.21498300 0.83199700
vt 0.21498300 0.80074700
vt 0.21498300 0.82214800
vt 0.21498300 0.79089800
vt 0.21498300 0.79089800
vt 0.15438700 0.92954200
vt 0.15438700 0.86101900
vt 0.15438700 0.89226900
vt 0.15438700 0.86101900
vt 0.20723200 0.92954200
vt 0.15438700 0.89829200
vt 0.15438700 0.92954200
vt 0.20723200 0.86101900
vt 0.20723200 0.89829200
vt 0.20723200 0.92954200
vt 0.20723200 0.86101900
vt 0.20723200 0.89226900
vt 0.34918200 0.58322400
vt 0.20899700 0.23420600
vt 0.04100300 0.23420600
vt 0.27583000 0.58322400
vt 0.26216900 0.83864100
vt 0.26216900 0.80739100
vt 0.26216900 0.83864100
vt 0.26216900 0.85791100
vt 0.26216900 0.85791100
vt 0.26216900 0.88916100
vt 0.26216900 0.80739100
vt 0.26216900 0.83864100
vt 0.26216900 0.83864100
vt 0.26216900 0.85791100
vt 0.26216900 0.88916100
vt 0.26216900 0.85791100
vt 0.30381700 0.83864100
vt 0.30381700 0.80739100
vt 0.30381700 0.83864100
vt 0.30381700 0.88916100
vt 0.30381700 0.85791100
vt 0.30381700 0.85791100
vt 0.26216900 0.80739100
vt 0.26216900 0.83864100
vt 0.26216900 0.80739100
vt 0.26216900 0.83864100
vt 0.26216900 0.88916100
vt 0.26216900 0.85791100
vt 0.26216900 0.85791100
vt 0.26216900 0.88916100
vt 0.30381700 0.80739100
vt 0.30381700 0.83864100
vt 0.33158200 0.80739100
vt 0.33158200 0.80739100
vt 0.33158200 0.88916100
vt 0.33158200 0.88916100
vt 0.30381700 0.88916100
vt 0.30381700 0.85791100
vt 0.26216900 0.86703500
vt 0.26216900 0.86703500
vt 0.26216900 0.83578500
vt 0.26216900 0.88630600
vt 0.26216900 0.88630600
vt 0.26216900 0.91755600
vt 0.26216900 0.83578500
vt 0.26216900 0.86703500
vt 0.26216900 0.86703500
vt 0.26216900 0.88630600
vt 0.26216900 0.88630600
vt 0.26216900 0.91755600
vt 0.30381700 0.86703500
vt 0.30381700 0.83578500
vt 0.30381700 0.86703500
vt 0.30381700 0.88630600
vt 0.30381700 0.91755600
vt 0.30381700 0.88630600
vt 0.26216900 0.86703500
vt 0.26216900 0.83578500
vt 0.26216900 0.83578500
vt 0.26216900 0.86703500
vt 0.26216900 0.88630600
vt 0.26216900 0.91755600
vt 0.26216900 0.91755600
vt 0.26216900 0.88630600
vt 0.30381700 0.86703500
vt 0.30381700 0.83578500
vt 0.33158200 0.83578500
vt 0.33158200 0.83578500
vt 0.33158200 0.91755600
vt 0.33158200 0.91755600
vt 0.30381700 0.88630600
vt 0.30381700 0.91755600
vt 0.26216900 0.89543000
vt 0.26216900 0.89543000
vt 0.26216900 0.86418000
vt 0.26216900 0.91470000
vt 0.26216900 0.91470000
vt 0.26216900 0.94595000
vt 0.26216900 0.89543000
vt 0.26216900 0.89543000
vt 0.26216900 0.86418000
vt 0.26216900 0.91470000
vt 0.26216900 0.94595000
vt 0.26216900 0.91470000
vt 0.30381700 0.89543000
vt 0.30381700 0.89543000
vt 0.30381700 0.86418000
vt 0.30381700 0.94595000
vt 0.30381700 0.91470000
vt 0.30381700 0.91470000
vt 0.30381700 0.86418000
vt 0.30381700 0.86418000
vt 0.30381700 0.89543000
vt 0.30381700 0.91470000
vt 0.30381700 0.94595000
vt 0.30381700 0.94595000
vt 0.30029400 0.94595000
vt 0.30029400 0.91470000
vt 0.30029400 0.91470000
vt 0.26569200 0.91470000
vt 0.26569200 0.91470000
vt 0.26569200 0.94595000
vt 0.26569200 0.91470000
vt 0.26569200 0.91470000
vt 0.26569200 0.94595000
vt 0.30029400 0.91470000
vt 0.30029400 0.91470000
vt 0.30029400 0.94595000
vt 0.26657600 0.93759100
vt 0.26657600 0.90634100
vt 0.26657600 0.90634100
vt 0.29940900 0.93759100
vt 0.29940900 0.90634100
vt 0.29940900 0.90634100
vt 0.29940900 0.90634100
vt 0.29940900 0.93759100
vt 0.29940900 0.90634100
vt 0.26657600 0.93759100
vt 0.26657600 0.90634100
vt 0.26657600 0.90634100
vt 0.68750000 0.56587400
vt 0.40625000 0.51899900
vt 0.40625000 0.56096900
vt 0.68750000 0.60784400
vt 0.71875000 0.57014900
vt 0.68750000 0.61702400
vt 0.71875000 0.57014900
vt 0.71875000 0.58851100
vt 0.71875000 0.58851100
vt 0.68750000 0.63538600
vt 0.71875000 0.58851100
vt 0.68750000 0.63538600
vt 0.71875000 0.58851100
vt 0.68750000 0.61702400
vt 0.71875000 0.57014900
vt 0.71875000 0.57014900
vt 0.71875000 0.51926200
vt 0.68750000 0.56613700
vt 0.71875000 0.51926200
vt 0.71875000 0.54654200
vt 0.71875000 0.54654200
vt 0.68750000 0.59341700
vt 0.71875000 0.54654200
vt 0.68750000 0.59341700
vt 0.71875000 0.54654200
vt 0.68750000 0.56613700
vt 0.71875000 0.51926200
vt 0.71875000 0.51926200
vt 0.71875000 0.51926200
vt 0.71875000 0.51926200
vt 0.71875000 0.51926200
vt 0.71875000 0.51926200
vt 0.71875000 0.58851100
vt 0.71875000 0.58851100
vt 0.71875000 0.57014900
vt 0.71875000 0.57014900
vt 0.71875000 0.57014900
vt 0.71875000 0.57014900
vt 0.71875000 0.58851100
vt 0.71875000 0.58851100
vt 0.71875000 0.54654200
vt 0.71875000 0.54654200
vt 0.71875000 0.54654200
vt 0.71875000 0.54654200
vt 0.68750000 0.68129000
vt 0.40625000 0.63179200
vt 0.71875000 0.60687200
vt 0.68750000 0.65374700
vt 0.71875000 0.60687200
vt 0.68750000 0.67210900
vt 0.71875000 0.62523400
vt 0.71875000 0.62523400
vt 0.71875000 0.62523400
vt 0.68750000 0.67210900
vt 0.71875000 0.62523400
vt 0.71875000 0.60687200
vt 0.68750000 0.65374700
vt 0.71875000 0.60687200
vt 0.71875000 0.62523400
vt 0.71875000 0.62523400
vt 0.71875000 0.60687200
vt 0.71875000 0.60687200
vt 0.71875000 0.60687200
vt 0.71875000 0.60687200
vt 0.71875000 0.62523400
vt 0.71875000 0.62523400
vt 0.76764300 0.83230900
vt 0.76764300 0.81668400
vt 0.85735700 0.83230900
vt 0.85735700 0.81668400
vt 0.14663700 0.95910000
vt 0.14663700 0.92785000
vt 0.14663700 0.91734100
vt 0.14663700 0.88609100
vt 0.14663700 0.91734100
vt 0.14663700 0.88609100
vt 0.14663700 0.91734100
vt 0.21498300 0.92785000
vt 0.21498300 0.95910000
vt 0.14663700 0.95910000
vt 0.14663700 0.92785000
vt 0.14663700 0.92785000
vt 0.21498300 0.88609100
vt 0.21498300 0.91734100
vt 0.21498300 0.92785000
vt 0.21498300 0.95910000
vt 0.21498300 0.92785000
vt 0.21498300 0.91734100
vt 0.21498300 0.88609100
vt 0.21498300 0.91734100
vt 0.20005600 0.92325500
vt 0.20005600 0.83745400
vt 0.20005600 0.83745400
vt 0.20005600 0.83745400
vt 0.20005600 0.92325500
vt 0.20005600 0.92325500
vt 0.20947300 0.92325500
vt 0.20947300 0.83745400
vt 0.15214500 0.83745400
vt 0.16156400 0.92325500
vt 0.15214500 0.92325500
vt 0.16156400 0.83745400
vt 0.16156400 0.92325500
vt 0.16156400 0.92325500
vt 0.16156400 0.83745400
vt 0.16156400 0.83745400
vt 0.27163700 0.83943000
vt 0.27163700 0.87068000
vt 0.27163700 0.82214800
vt 0.33998300 0.87068000
vt 0.33998300 0.83943000
vt 0.27163700 0.83943000
vt 0.27163700 0.83943000
vt 0.27163700 0.87068000
vt 0.33998300 0.82214800
vt 0.33998300 0.83943000
vt 0.33998300 0.87068000
vt 0.33998300 0.83943000
vt 0.27163700 0.83199700
vt 0.27163700 0.83199700
vt 0.33998300 0.83199700
vt 0.33998300 0.83199700
vt 0.15438700 0.92954200
vt 0.15438700 0.89226900
vt 0.15438700 0.86101900
vt 0.15438700 0.86101900
vt 0.20723200 0.92954200
vt 0.15438700 0.92954200
vt 0.15438700 0.89829200
vt 0.20723200 0.86101900
vt 0.20723200 0.89829200
vt 0.20723200 0.92954200
vt 0.20723200 0.86101900
vt 0.20723200 0.89226900
vt 0.85735700 0.91769500
vt 0.85735700 0.93332000
vt 0.76764300 0.93332000
vt 0.76764300 0.91769500
vt 0.01661800 0.18080800
vt 0.23338200 0.18080800
vt 0.23338200 0.06919100
vt 0.01661800 0.06919100
vt 0.85735700 0.85937700
vt 0.85735700 0.89062700
vt 0.85735700 0.87500200
vt 0.76764300 0.85937700
vt 0.76764300 0.87500200
vt 0.76764300 0.89062700
vt 0.84030600 0.89676400
vt 0.84030600 0.86551400
vt 0.84030600 0.84988900
vt 0.78469400 0.86551400
vt 0.78469400 0.89676400
vt 0.78469400 0.84988900
vt 0.78469400 0.82617100
vt 0.78469400 0.84179600
vt 0.78469400 0.85742100
vt 0.84030600 0.85742100
vt 0.84030600 0.84179600
vt 0.84030600 0.82617100
vt 0.84030600 0.92383200
vt 0.84030600 0.90820700
vt 0.84030600 0.95508200
vt 0.78469400 0.92383200
vt 0.78469400 0.90820700
vt 0.78469400 0.95508200
vt 0.78469400 0.91573900
vt 0.78469400 0.88448900
vt 0.78469400 0.90011400
vt 0.84030600 0.88448900
vt 0.84030600 0.90011400
vt 0.84030600 0.91573900
vt 0.69715100 0.81886500
vt 0.69715100 0.87367600
vt 0.69715100 0.85805100
vt 0.68921300 0.85805100
vt 0.68921300 0.87367600
vt 0.68921300 0.87367600
vt 0.69715100 0.91296900
vt 0.69715100 0.89734400
vt 0.69715100 0.95215500
vt 0.68921300 0.89734400
vt 0.68921300 0.91296900
vt 0.68921300 0.89734400
vt 0.69715100 0.81886500
vt 0.68921300 0.85805100
vt 0.68921300 0.87367600
vt 0.68921300 0.87367600
vt 0.69715100 0.87367600
vt 0.69715100 0.85805100
vt 0.69715100 0.95215500
vt 0.69715100 0.91296900
vt 0.69715100 0.89734400
vt 0.68921300 0.91296900
vt 0.68921300 0.89734400
vt 0.68921300 0.89734400
vt 0.72081700 0.81886500
vt 0.72875400 0.87367600
vt 0.72875400 0.85805100
vt 0.72081700 0.85805100
vt 0.72081700 0.87367600
vt 0.72081700 0.87367600
vt 0.72081700 0.95215500
vt 0.72081700 0.89734400
vt 0.72081700 0.89734400
vt 0.72081700 0.91296900
vt 0.72875400 0.89734400
vt 0.72875400 0.91296900
vt 0.72081700 0.81886500
vt 0.72081700 0.87367600
vt 0.72081700 0.85805100
vt 0.72875400 0.87367600
vt 0.72875400 0.85805100
vt 0.72081700 0.95215500
vt 0.72875400 0.91296900
vt 0.72875400 0.89734400
vt 0.72081700 0.89734400
vt 0.72081700 0.91296900
vt 0.04100300 0.01579700
vt 0.27583000 0.66677600
vt 0.34918200 0.66677600
vt 0.20899700 0.01579700
vt 0.14663700 0.92785000
vt 0.14663700 0.95910000
vt 0.14663700 0.91734100
vt 0.14663700 0.88609100
vt 0.14663700 0.91734100
vt 0.14663700 0.88609100
vt 0.14663700 0.91734100
vt 0.21498300 0.92785000
vt 0.21498300 0.95910000
vt 0.14663700 0.92785000
vt 0.14663700 0.95910000
vt 0.14663700 0.92785000
vt 0.21498300 0.88609100
vt 0.21498300 0.91734100
vt 0.21498300 0.95910000
vt 0.21498300 0.92785000
vt 0.21498300 0.92785000
vt 0.21498300 0.91734100
vt 0.21498300 0.88609100
vt 0.21498300 0.91734100
vt 0.20005600 0.92325500
vt 0.20005600 0.83745400
vt 0.20005600 0.83745400
vt 0.20005600 0.83745400
vt 0.20005600 0.92325500
vt 0.20005600 0.92325500
vt 0.20947300 0.92325500
vt 0.20947300 0.83745400
vt 0.15214500 0.83745400
vt 0.16156400 0.92325500
vt 0.15214500 0.92325500
vt 0.16156400 0.83745400
vt 0.16156400 0.92325500
vt 0.16156400 0.92325500
vt 0.16156400 0.83745400
vt 0.16156400 0.83745400
vt 0.14663700 0.83943000
vt 0.14663700 0.87068000
vt 0.14663700 0.79089800
vt 0.14663700 0.82214800
vt 0.21498300 0.83943000
vt 0.21498300 0.87068000
vt 0.14663700 0.87068000
vt 0.14663700 0.83943000
vt 0.14663700 0.83943000
vt 0.21498300 0.82214800
vt 0.21498300 0.79089800
vt 0.21498300 0.87068000
vt 0.21498300 0.83943000
vt 0.21498300 0.83943000
vt 0.14663700 0.82214800
vt 0.14663700 0.79089800
vt 0.14663700 0.79089800
vt 0.14663700 0.83199700
vt 0.14663700 0.80074700
vt 0.14663700 0.83199700
vt 0.21498300 0.83199700
vt 0.21498300 0.83199700
vt 0.21498300 0.80074700
vt 0.21498300 0.82214800
vt 0.21498300 0.79089800
vt 0.21498300 0.79089800
vt 0.15438700 0.92954200
vt 0.15438700 0.86101900
vt 0.15438700 0.89226900
vt 0.15438700 0.86101900
vt 0.20723200 0.92954200
vt 0.15438700 0.92954200
vt 0.15438700 0.89829200
vt 0.20723200 0.86101900
vt 0.20723200 0.92954200
vt 0.20723200 0.89829200
vt 0.20723200 0.89226900
vt 0.20723200 0.86101900
vt 0.34918200 0.58322400
vt 0.20899700 0.23420600
vt 0.04100300 0.23420600
vt 0.27583000 0.58322400
vt 0.27583000 0.66677600
vt 0.34918200 0.66677600
vt 0.14663700 0.92785000
vt 0.14663700 0.95910000
vt 0.14663700 0.91734100
vt 0.14663700 0.91734100
vt 0.14663700 0.88609100
vt 0.14663700 0.88609100
vt 0.14663700 0.91734100
vt 0.21498300 0.95910000
vt 0.21498300 0.92785000
vt 0.14663700 0.92785000
vt 0.14663700 0.95910000
vt 0.14663700 0.92785000
vt 0.21498300 0.88609100
vt 0.21498300 0.91734100
vt 0.21498300 0.92785000
vt 0.21498300 0.95910000
vt 0.21498300 0.92785000
vt 0.21498300 0.88609100
vt 0.21498300 0.91734100
vt 0.21498300 0.91734100
vt 0.20005600 0.92325500
vt 0.20005600 0.83745400
vt 0.20005600 0.83745400
vt 0.20005600 0.83745400
vt 0.20005600 0.92325500
vt 0.20005600 0.92325500
vt 0.20947300 0.92325500
vt 0.20947300 0.83745400
vt 0.15214500 0.83745400
vt 0.16156400 0.92325500
vt 0.15214500 0.92325500
vt 0.16156400 0.83745400
vt 0.16156400 0.92325500
vt 0.16156400 0.92325500
vt 0.16156400 0.83745400
vt 0.16156400 0.83745400
vt 0.14663700 0.83943000
vt 0.14663700 0.87068000
vt 0.14663700 0.79089800
vt 0.14663700 0.82214800
vt 0.21498300 0.87068000
vt 0.21498300 0.83943000
vt 0.14663700 0.83943000
vt 0.14663700 0.83943000
vt 0.14663700 0.87068000
vt 0.21498300 0.79089800
vt 0.21498300 0.82214800
vt 0.21498300 0.87068000
vt 0.21498300 0.83943000
vt 0.21498300 0.83943000
vt 0.14663700 0.79089800
vt 0.14663700 0.79089800
vt 0.14663700 0.82214800
vt 0.14663700 0.83199700
vt 0.14663700 0.80074700
vt 0.14663700 0.83199700
vt 0.21498300 0.83199700
vt 0.21498300 0.83199700
vt 0.21498300 0.80074700
vt 0.21498300 0.79089800
vt 0.21498300 0.82214800
vt 0.21498300 0.79089800
vt 0.34918200 0.58322400
vt 0.27583000 0.58322400
vt 0.26216900 0.83864100
vt 0.26216900 0.80739100
vt 0.26216900 0.83864100
vt 0.26216900 0.85791100
vt 0.26216900 0.85791100
vt 0.26216900 0.88916100
vt 0.30381700 0.83864100
vt 0.30381700 0.83864100
vt 0.30381700 0.80739100
vt 0.30381700 0.85791100
vt 0.30381700 0.85791100
vt 0.30381700 0.88916100
vt 0.26216900 0.80739100
vt 0.26216900 0.83864100
vt 0.26216900 0.88916100
vt 0.26216900 0.85791100
vt 0.30381700 0.80739100
vt 0.30381700 0.83864100
vt 0.30381700 0.85791100
vt 0.30381700 0.88916100
vt 0.26216900 0.86703500
vt 0.26216900 0.83578500
vt 0.26216900 0.86703500
vt 0.26216900 0.91755600
vt 0.26216900 0.88630600
vt 0.26216900 0.88630600
vt 0.30381700 0.86703500
vt 0.30381700 0.83578500
vt 0.30381700 0.86703500
vt 0.30381700 0.88630600
vt 0.30381700 0.91755600
vt 0.30381700 0.88630600
vt 0.26216900 0.83578500
vt 0.26216900 0.86703500
vt 0.26216900 0.88630600
vt 0.26216900 0.91755600
vt 0.30381700 0.86703500
vt 0.30381700 0.83578500
vt 0.30381700 0.88630600
vt 0.30381700 0.91755600
vt 0.43750000 0.56587400
vt 0.40625000 0.51899900
vt 0.40625000 0.59769200
vt 0.43750000 0.64456700
vt 0.93750000 0.31587400
vt 0.43750000 0.56587400
vt 0.93750000 0.39456700
vt 0.43750000 0.64456700
vt 0.43750000 0.60784400
vt 0.93750000 0.35784400
vt 0.43750000 0.67866700
vt 0.93750000 0.42866700
vt 0.90625000 0.34769200
vt 0.93750000 0.39456700
vt 0.93750000 0.42866700
vt 0.90625000 0.38179200
vt 0.38581000 0.59278100
vt 0.38581000 0.62465000
vt 0.39538900 0.62465000
vt 0.39538900 0.59278100
vt 0.38586100 0.59272100
vt 0.38586100 0.62459000
vt 0.39543900 0.62459000
vt 0.39543900 0.59272100
vt 0.38581000 0.64295200
vt 0.38581000 0.67482100
vt 0.39538900 0.67482100
vt 0.39538900 0.64295200
vt 0.38586100 0.64289200
vt 0.38586100 0.67476100
vt 0.39543900 0.67476100
vt 0.39543900 0.64289200
vt 0.88581000 0.42749800
vt 0.88581000 0.45936700
vt 0.89538900 0.45936700
vt 0.89538900 0.42749800
vt 0.88586100 0.42743800
vt 0.88586100 0.45930700
vt 0.89543900 0.45930700
vt 0.89543900 0.42743800
vt 0.38581000 0.70258400
vt 0.38581000 0.73445200
vt 0.39538900 0.73445200
vt 0.39538900 0.70258400
vt 0.38586100 0.70252400
vt 0.38586100 0.73439200
vt 0.39543900 0.73439200
vt 0.39543900 0.70252400
vt 0.89543900 0.36780700
vt 0.89543900 0.39967500
vt 0.88586100 0.39967500
vt 0.88586100 0.36780700
vt 0.89538900 0.36786700
vt 0.89538900 0.39973500
vt 0.88581000 0.39973500
vt 0.88581000 0.36786700
vt 0.90817000 0.80868700
vt 0.90940100 0.83760200
vt 0.90940100 0.83760200
vt 0.90385900 0.88782200
vt 0.90385900 0.88782200
vt 0.90385900 0.88782200
vt 0.90385900 0.88782200
vt 0.90940100 0.83760200
vt 0.90940100 0.83760200
vt 0.90817000 0.80868700
vt 0.90385900 0.88782200
vt 0.90385900 0.88782200
vt 0.90385900 0.88782200
vt 0.90385900 0.88782200
vt 0.92676200 0.80868700
vt 0.92799200 0.83760200
vt 0.92799200 0.83760200
vt 0.93353300 0.88782200
vt 0.93353300 0.88782200
vt 0.93353300 0.88782200
vt 0.93353300 0.88782200
vt 0.92799200 0.83760200
vt 0.92676200 0.80868700
vt 0.92799200 0.83760200
vt 0.93353300 0.88782200
vt 0.93353300 0.88782200
vt 0.93353300 0.88782200
vt 0.93353300 0.88782200
vt 0.90385900 0.90309200
vt 0.90385900 0.90309200
vt 0.90385900 0.92893000
vt 0.90385900 0.90309200
vt 0.90385900 0.92893000
vt 0.90385900 0.90309200
vt 0.93353300 0.90309200
vt 0.93353300 0.92893000
vt 0.93353300 0.90309200
vt 0.93353300 0.90309200
vt 0.93353300 0.90309200
vt 0.93353300 0.92893000
vt 0.92850900 0.92893000
vt 0.82774700 0.84883500
vt 0.82774700 0.84883500
vt 0.90888400 0.92893000
vt 0.80812100 0.84883500
vt 0.80812100 0.84883500
vt 0.90888400 0.92893000
vt 0.80812100 0.84883500
vt 0.80812100 0.84883500
vt 0.92850900 0.92893000
vt 0.82774700 0.84883500
vt 0.82774700 0.84883500
vt 0.81793400 0.83138200
vt 0.81793400 0.83138200
vt 0.81793400 0.83138200
vt 0.81793400 0.83138200
vt 0.30876600 0.42532000
vt 0.32102700 0.31077700
vt 0.32816400 0.36478900
vt 0.33390900 0.31077700
vt 0.30967100 0.28270600
vt 0.29000600 0.28004800
vt 0.26560500 0.31077700
vt 0.29965700 0.31077700
vt 0.27142900 0.31077700
vt 0.28066300 0.36478900
vt 0.26363100 0.36478900
vt 0.34019000 0.36478900
vt 0.29980200 0.36478900
vt 0.30662400 0.36478900
vt 0.31986700 0.44744900
vt 0.26556700 0.39514900
vt 0.28356900 0.44744900
vt 0.30600200 0.44744900
vt 0.28066300 0.36478900
vt 0.32816400 0.36478900
vt 0.26363100 0.36478900
vt 0.29033600 0.31077700
vt 0.29720500 0.48198100
vt 0.29720500 0.48198100
vt 0.29720500 0.48198100
vt 0.29720500 0.48198100
vt 0.32393100 0.85291000
vt 0.32393100 0.82166000
vt 0.32393100 0.89751000
vt 0.32393100 0.86626000
vt 0.32393100 0.82166000
vt 0.32393100 0.85291000
vt 0.32393100 0.86626000
vt 0.32393100 0.89751000
vt 0.33048000 0.82166000
vt 0.33048000 0.85291000
vt 0.33048000 0.89751000
vt 0.33048000 0.86626000
vt 0.33048000 0.85291000
vt 0.33048000 0.82166000
vt 0.33048000 0.89751000
vt 0.33048000 0.86626000
vt 0.27890100 0.82166000
vt 0.27890100 0.85291000
vt 0.27890100 0.86626000
vt 0.27890100 0.89751000
vt 0.27890100 0.85291000
vt 0.27890100 0.82166000
vt 0.27890100 0.89751000
vt 0.27890100 0.86626000
vt 0.28545000 0.82166000
vt 0.28545000 0.85291000
vt 0.28545000 0.89751000
vt 0.28545000 0.86626000
vt 0.28545000 0.82166000
vt 0.28545000 0.85291000
vt 0.28545000 0.89751000
vt 0.28545000 0.86626000
vt 0.67318900 0.85988900
vt 0.67318900 0.85988900
vt 0.67318900 0.82863900
vt 0.66849000 0.85988900
vt 0.66849000 0.82863900
vt 0.66849000 0.90100000
vt 0.66849000 0.88537500
vt 0.67318900 0.88537500
vt 0.67318900 0.90100000
vt 0.67318900 0.88537500
vt 0.66849000 0.85988900
vt 0.66849000 0.82863900
vt 0.67318900 0.82863900
vt 0.67318900 0.85988900
vt 0.67318900 0.85988900
vt 0.67318900 0.90100000
vt 0.67318900 0.88537500
vt 0.67318900 0.88537500
vt 0.66849000 0.90100000
vt 0.66849000 0.88537500
vt 0.73776600 0.82863900
vt 0.73776600 0.85988900
vt 0.73306700 0.82863900
vt 0.73306700 0.85988900
vt 0.73306700 0.85988900
vt 0.73306700 0.88537500
vt 0.73306700 0.90100000
vt 0.73306700 0.88537500
vt 0.73776600 0.88537500
vt 0.73776600 0.90100000
vt 0.73306700 0.85988900
vt 0.73306700 0.82863900
vt 0.73776600 0.85988900
vt 0.73776600 0.85988900
vt 0.73776600 0.82863900
vt 0.73776600 0.88537500
vt 0.73776600 0.90100000
vt 0.73776600 0.88537500
vt 0.73306700 0.90100000
vt 0.73306700 0.88537500
vt 0.32393100 0.82166000
vt 0.32393100 0.85291000
vt 0.32393100 0.86626000
vt 0.32393100 0.89751000
vt 0.32393100 0.82166000
vt 0.32393100 0.85291000
vt 0.32393100 0.89751000
vt 0.32393100 0.86626000
vt 0.33048000 0.82166000
vt 0.33048000 0.85291000
vt 0.33048000 0.89751000
vt 0.33048000 0.86626000
vt 0.33048000 0.82166000
vt 0.33048000 0.85291000
vt 0.33048000 0.89751000
vt 0.33048000 0.86626000
vt 0.27890100 0.82166000
vt 0.27890100 0.85291000
vt 0.27890100 0.89751000
vt 0.27890100 0.86626000
vt 0.27890100 0.82166000
vt 0.27890100 0.85291000
vt 0.27890100 0.89751000
vt 0.27890100 0.86626000
vt 0.28545000 0.82166000
vt 0.28545000 0.85291000
vt 0.28545000 0.89751000
vt 0.28545000 0.86626000
vt 0.28545000 0.82166000
vt 0.28545000 0.85291000
vt 0.28545000 0.89751000
vt 0.28545000 0.86626000
vt 0.67318900 0.85988900
vt 0.67318900 0.82863900
vt 0.67318900 0.85988900
vt 0.66849000 0.85988900
vt 0.66849000 0.82863900
vt 0.66849000 0.90100000
vt 0.66849000 0.88537500
vt 0.67318900 0.88537500
vt 0.67318900 0.90100000
vt 0.67318900 0.88537500
vt 0.66849000 0.85988900
vt 0.66849000 0.85988900
vt 0.66849000 0.82863900
vt 0.67318900 0.82863900
vt 0.67318900 0.85988900
vt 0.67318900 0.90100000
vt 0.67318900 0.88537500
vt 0.66849000 0.88537500
vt 0.66849000 0.90100000
vt 0.66849000 0.88537500
vt 0.73776600 0.85988900
vt 0.73776600 0.82863900
vt 0.73306700 0.82863900
vt 0.73306700 0.85988900
vt 0.73306700 0.85988900
vt 0.73306700 0.90100000
vt 0.73306700 0.88537500
vt 0.73306700 0.88537500
vt 0.73776600 0.90100000
vt 0.73776600 0.88537500
vt 0.73306700 0.85988900
vt 0.73306700 0.82863900
vt 0.73776600 0.82863900
vt 0.73776600 0.85988900
vt 0.73776600 0.85988900
vt 0.73776600 0.90100000
vt 0.73776600 0.88537500
vt 0.73776600 0.88537500
vt 0.73306700 0.90100000
vt 0.73306700 0.88537500
vt 0.90817000 0.80868700
vt 0.90940100 0.83760200
vt 0.90940100 0.83760200
vt 0.90385900 0.88782200
vt 0.90385900 0.88782200
vt 0.90385900 0.88782200
vt 0.90385900 0.88782200
vt 0.90940100 0.83760200
vt 0.90817000 0.80868700
vt 0.90940100 0.83760200
vt 0.90385900 0.88782200
vt 0.90385900 0.88782200
vt 0.90385900 0.88782200
vt 0.90385900 0.88782200
vt 0.92799200 0.83760200
vt 0.92799200 0.83760200
vt 0.92676200 0.80868700
vt 0.93353300 0.88782200
vt 0.93353300 0.88782200
vt 0.93353300 0.88782200
vt 0.93353300 0.88782200
vt 0.92799200 0.83760200
vt 0.92676200 0.80868700
vt 0.92799200 0.83760200
vt 0.93353300 0.88782200
vt 0.93353300 0.88782200
vt 0.93353300 0.88782200
vt 0.93353300 0.88782200
vt 0.90385900 0.90309200
vt 0.90385900 0.92893000
vt 0.90385900 0.90309200
vt 0.90385900 0.90309200
vt 0.90385900 0.92893000
vt 0.90385900 0.90309200
vt 0.93353300 0.90309200
vt 0.93353300 0.90309200
vt 0.93353300 0.92893000
vt 0.93353300 0.90309200
vt 0.93353300 0.90309200
vt 0.93353300 0.92893000
vt 0.82774700 0.84883500
vt 0.82774700 0.84883500
vt 0.92850900 0.92893000
vt 0.80812100 0.84883500
vt 0.80812100 0.84883500
vt 0.90888400 0.92893000
vt 0.90888400 0.92893000
vt 0.80812100 0.84883500
vt 0.80812100 0.84883500
vt 0.82774700 0.84883500
vt 0.92850900 0.92893000
vt 0.82774700 0.84883500
vt 0.81793400 0.83138200
vt 0.81793400 0.83138200
vt 0.81793400 0.83138200
vt 0.81793400 0.83138200
vt 0.30876600 0.42532000
vt 0.32102700 0.31077700
vt 0.32816400 0.36478900
vt 0.33390900 0.31077700
vt 0.30967100 0.28270600
vt 0.29000600 0.28004800
vt 0.26560500 0.31077700
vt 0.29965700 0.31077700
vt 0.27142900 0.31077700
vt 0.28066300 0.36478900
vt 0.26363100 0.36478900
vt 0.34019000 0.36478900
vt 0.29980200 0.36478900
vt 0.30662400 0.36478900
vt 0.31986700 0.44744900
vt 0.26556700 0.39514900
vt 0.28356900 0.44744900
vt 0.30600200 0.44744900
vt 0.28066300 0.36478900
vt 0.32816400 0.36478900
vt 0.26363100 0.36478900
vt 0.29033600 0.31077700
vt 0.29720500 0.48198100
vt 0.29720500 0.48198100
vt 0.29720500 0.48198100
vt 0.29720500 0.48198100
f 54/54/54 63/63/63 12/12/12
f 12/12/12 9/9/9 54/54/54
f 26/26/26 36/36/36 22/22/22
f 22/22/22 20/20/20 26/26/26
f 69/69/69 77/77/77 18/18/18
f 18/18/18 13/13/13 69/69/69
f 39/39/39 50/50/50 5/5/5
f 5/5/5 2/2/2 39/39/39
f 96/96/96 67/67/67 15/15/15
f 15/15/15 42/42/42 96/96/96
f 91/91/91 61/61/61 6/6/6
f 6/6/6 49/49/49 91/91/91
f 78/78/78 86/86/86 46/46/46
f 46/46/46 16/16/16 78/78/78
f 96/96/96 42/42/42 40/40/40
f 40/40/40 94/94/94 96/96/96
f 47/47/47 52/52/52 41/41/41
f 41/41/41 43/43/43 47/47/47
f 56/56/56 94/94/94 40/40/40
f 40/40/40 1/1/1 56/56/56
f 14/14/14 17/17/17 45/45/45
f 45/45/45 44/44/44 14/14/14
f 33/33/33 35/35/35 25/25/25
f 25/25/25 28/28/28 33/33/33
f 38/38/38 32/32/32 87/87/87
f 87/87/87 82/82/82 38/38/38
f 7/7/7 10/10/10 31/31/31
f 31/31/31 29/29/29 7/7/7
f 48/48/48 85/85/85 90/90/90
f 90/90/90 51/51/51 48/48/48
f 95/95/95 96/96/96 94/94/94
f 94/94/94 93/93/93 95/95/95
f 8/8/8 30/30/30 93/93/93
f 93/93/93 53/53/53 8/8/8
f 93/93/93 94/94/94 56/56/56
f 56/56/56 53/53/53 93/93/93
f 27/27/27 95/95/95 93/93/93
f 93/93/93 30/30/30 27/27/27
f 88/88/88 92/92/92 84/84/84
f 84/84/84 81/81/81 88/88/88
f 24/24/24 37/37/37 83/83/83
f 83/83/83 75/75/75 24/24/24
f 82/82/82 85/85/85 79/79/79
f 79/79/79 73/73/73 82/82/82
f 34/34/34 11/11/11 66/66/66
f 66/66/66 89/89/89 34/34/34
f 87/87/87 64/64/64 60/60/60
f 60/60/60 90/90/90 87/87/87
f 27/27/27 21/21/21 70/70/70
f 70/70/70 95/95/95 27/27/27
f 95/95/95 70/70/70 67/67/67
f 67/67/67 96/96/96 95/95/95
f 19/19/19 23/23/23 76/76/76
f 76/76/76 72/72/72 19/19/19
f 74/74/74 80/80/80 68/68/68
f 68/68/68 71/71/71 74/74/74
f 3/3/3 4/4/4 59/59/59
f 59/59/59 57/57/57 3/3/3
f 62/62/62 65/65/65 55/55/55
f 55/55/55 58/58/58 62/62/62
f 124/124/124 125/125/125 145/145/145
f 145/145/145 141/141/141 124/124/124
f 187/187/187 126/126/126 123/123/123
f 123/123/123 105/105/105 187/187/187
f 115/115/115 118/118/118 136/136/136
f 136/136/136 137/137/137 115/115/115
f 98/98/98 97/97/97 111/111/111
f 111/111/111 109/109/109 98/98/98
f 97/97/97 187/187/187 114/114/114
f 114/114/114 111/111/111 97/97/97
f 105/105/105 98/98/98 109/109/109
f 109/109/109 116/116/116 105/105/105
f 102/102/102 105/105/105 123/123/123
f 123/123/123 120/120/120 102/102/102
f 187/187/187 100/100/100 128/128/128
f 128/128/128 126/126/126 187/187/187
f 100/100/100 102/102/102 120/120/120
f 120/120/120 128/128/128 100/100/100
f 127/127/127 130/130/130 143/143/143
f 143/143/143 146/146/146 127/127/127
f 107/107/107 112/112/112 132/132/132
f 132/132/132 133/133/133 107/107/107
f 117/117/117 108/108/108 134/134/134
f 134/134/134 135/135/135 117/117/117
f 121/121/121 122/122/122 142/142/142
f 142/142/142 139/139/139 121/121/121
f 110/110/110 113/113/113 138/138/138
f 138/138/138 131/131/131 110/110/110
f 129/129/129 119/119/119 140/140/140
f 140/140/140 144/144/144 129/129/129
f 114/114/114 187/187/187 105/105/105
f 105/105/105 116/116/116 114/114/114
f 103/103/103 188/188/188 192/192/192
f 192/192/192 1970/1970/1970 103/103/103
f 1971/1971/1971 191/191/191 188/188/188
f 188/188/188 103/103/103 1971/1971/1971
f 179/179/179 189/189/189 187/187/187
f 187/187/187 175/175/175 179/179/179
f 183/183/183 178/178/178 155/155/155
f 155/155/155 162/162/162 183/183/183
f 163/163/163 172/172/172 154/154/154
f 154/154/154 150/150/150 163/163/163
f 173/173/173 171/171/171 152/152/152
f 152/152/152 153/153/153 173/173/173
f 176/176/176 186/186/186 160/160/160
f 160/160/160 157/157/157 176/176/176
f 190/190/190 100/100/100 174/174/174
f 174/174/174 165/165/165 190/190/190
f 187/187/187 97/97/97 184/184/184
f 184/184/184 175/175/175 187/187/187
f 166/166/166 164/164/164 149/149/149
f 149/149/149 148/148/148 166/166/166
f 100/100/100 187/187/187 170/170/170
f 170/170/170 174/174/174 100/100/100
f 97/97/97 193/193/193 181/181/181
f 181/181/181 184/184/184 97/97/97
f 189/189/189 190/190/190 165/165/165
f 165/165/165 167/167/167 189/189/189
f 185/185/185 182/182/182 161/161/161
f 161/161/161 159/159/159 185/185/185
f 193/193/193 189/189/189 179/179/179
f 179/179/179 181/181/181 193/193/193
f 189/189/189 167/167/167 170/170/170
f 170/170/170 187/187/187 189/189/189
f 180/180/180 177/177/177 158/158/158
f 158/158/158 156/156/156 180/180/180
f 169/169/169 168/168/168 147/147/147
f 147/147/147 151/151/151 169/169/169
f 202/202/202 205/205/205 218/218/218
f 218/218/218 214/214/214 202/202/202
f 100/100/100 206/206/206 203/203/203
f 203/203/203 102/102/102 100/100/100
f 197/197/197 102/102/102 203/203/203
f 203/203/203 199/199/199 197/197/197
f 100/100/100 196/196/196 208/208/208
f 208/208/208 206/206/206 100/100/100
f 196/196/196 197/197/197 199/199/199
f 199/199/199 208/208/208 196/196/196
f 207/207/207 210/210/210 216/216/216
f 216/216/216 217/217/217 207/207/207
f 201/201/201 204/204/204 213/213/213
f 213/213/213 212/212/212 201/201/201
f 209/209/209 200/200/200 211/211/211
f 211/211/211 215/215/215 209/209/209
f 195/195/195 239/239/239 191/191/191
f 191/191/191 1971/1971/1971 195/195/195
f 227/227/227 236/236/236 225/225/225
f 225/225/225 221/221/221 227/227/227
f 238/238/238 233/233/233 224/224/224
f 224/224/224 226/226/226 238/238/238
f 240/240/240 196/196/196 237/237/237
f 237/237/237 229/229/229 240/240/240
f 231/231/231 228/228/228 222/222/222
f 222/222/222 219/219/219 231/231/231
f 196/196/196 100/100/100 235/235/235
f 235/235/235 237/237/237 196/196/196
f 190/190/190 240/240/240 229/229/229
f 229/229/229 230/230/230 190/190/190
f 190/190/190 230/230/230 235/235/235
f 235/235/235 100/100/100 190/190/190
f 234/234/234 232/232/232 220/220/220
f 220/220/220 223/223/223 234/234/234
f 321/321/321 324/324/324 243/243/243
f 243/243/243 246/246/246 321/321/321
f 263/263/263 257/257/257 250/250/250
f 250/250/250 265/265/265 263/263/263
f 259/259/259 254/254/254 262/262/262
f 262/262/262 266/266/266 259/259/259
f 248/248/248 252/252/252 249/249/249
f 249/249/249 258/258/258 248/248/248
f 255/255/255 247/247/247 256/256/256
f 256/256/256 261/261/261 255/255/255
f 253/253/253 260/260/260 264/264/264
f 264/264/264 251/251/251 253/253/253
f 273/273/273 271/271/271 269/269/269
f 269/269/269 274/274/274 273/273/273
f 267/267/267 270/270/270 268/268/268
f 268/268/268 272/272/272 267/267/267
f 279/279/279 277/277/277 275/275/275
f 275/275/275 282/282/282 279/279/279
f 278/278/278 276/276/276 280/280/280
f 280/280/280 281/281/281 278/278/278
f 285/285/285 292/292/292 307/307/307
f 307/307/307 297/297/297 285/285/285
f 295/295/295 289/289/289 300/300/300
f 300/300/300 304/304/304 295/295/295
f 288/288/288 283/283/283 290/290/290
f 290/290/290 294/294/294 288/288/288
f 293/293/293 287/287/287 296/296/296
f 296/296/296 305/305/305 293/293/293
f 303/303/303 301/301/301 299/299/299
f 299/299/299 308/308/308 303/303/303
f 286/286/286 298/298/298 302/302/302
f 284/284/284 286/286/286 302/302/302
f 302/302/302 291/291/291 284/284/284
f 306/306/306 293/293/293 305/305/305
f 318/318/318 314/314/314 311/311/311
f 311/311/311 319/319/319 318/318/318
f 245/245/245 244/244/244 323/323/323
f 323/323/323 322/322/322 245/245/245
f 313/313/313 309/309/309 315/315/315
f 315/315/315 317/317/317 313/313/313
f 312/312/312 316/316/316 320/320/320
f 320/320/320 310/310/310 312/312/312
f 403/403/403 405/405/405 325/325/325
f 325/325/325 328/328/328 403/403/403
f 343/343/343 340/340/340 331/331/331
f 331/331/331 348/348/348 343/343/343
f 341/341/341 336/336/336 344/344/344
f 344/344/344 346/346/346 341/341/341
f 330/330/330 334/334/334 333/333/333
f 333/333/333 338/338/338 330/330/330
f 337/337/337 329/329/329 339/339/339
f 339/339/339 345/345/345 337/337/337
f 335/335/335 342/342/342 347/347/347
f 347/347/347 332/332/332 335/335/335
f 355/355/355 354/354/354 351/351/351
f 351/351/351 356/356/356 355/355/355
f 349/349/349 352/352/352 350/350/350
f 350/350/350 353/353/353 349/349/349
f 361/361/361 359/359/359 357/357/357
f 357/357/357 364/364/364 361/361/361
f 360/360/360 358/358/358 362/362/362
f 362/362/362 363/363/363 360/360/360
f 368/368/368 374/374/374 388/388/388
f 388/388/388 380/380/380 368/368/368
f 378/378/378 373/373/373 384/384/384
f 384/384/384 386/386/386 378/378/378
f 369/369/369 366/366/366 372/372/372
f 372/372/372 377/377/377 369/369/369
f 375/375/375 370/370/370 376/376/376
f 376/376/376 387/387/387 375/375/375
f 385/385/385 383/383/383 381/381/381
f 381/381/381 389/389/389 385/385/385
f 367/367/367 379/379/379 382/382/382
f 365/365/365 367/367/367 382/382/382
f 382/382/382 371/371/371 365/365/365
f 390/390/390 375/375/375 387/387/387
f 400/400/400 396/396/396 392/392/392
f 392/392/392 402/402/402 400/400/400
f 327/327/327 326/326/326 406/406/406
f 406/406/406 404/404/404 327/327/327
f 395/395/395 391/391/391 397/397/397
f 397/397/397 399/399/399 395/395/395
f 394/394/394 398/398/398 401/401/401
f 401/401/401 393/393/393 394/394/394
f 485/485/485 487/487/487 407/407/407
f 407/407/407 410/410/410 485/485/485
f 427/427/427 422/422/422 414/414/414
f 414/414/414 428/428/428 427/427/427
f 424/424/424 419/419/419 425/425/425
f 425/425/425 430/430/430 424/424/424
f 411/411/411 416/416/416 415/415/415
f 415/415/415 420/420/420 411/411/411
f 418/418/418 412/412/412 421/421/421
f 421/421/421 426/426/426 418/418/418
f 417/417/417 423/423/423 429/429/429
f 429/429/429 413/413/413 417/417/417
f 437/437/437 436/436/436 433/433/433
f 433/433/433 438/438/438 437/437/437
f 431/431/431 434/434/434 432/432/432
f 432/432/432 435/435/435 431/431/431
f 443/443/443 441/441/441 439/439/439
f 439/439/439 446/446/446 443/443/443
f 442/442/442 440/440/440 444/444/444
f 444/444/444 445/445/445 442/442/442
f 449/449/449 456/456/456 472/472/472
f 472/472/472 462/462/462 449/449/449
f 459/459/459 454/454/454 464/464/464
f 464/464/464 469/469/469 459/459/459
f 452/452/452 447/447/447 453/453/453
f 453/453/453 458/458/458 452/452/452
f 457/457/457 451/451/451 460/460/460
f 460/460/460 467/467/467 457/457/457
f 468/468/468 465/465/465 463/463/463
f 463/463/463 470/470/470 468/468/468
f 450/450/450 461/461/461 466/466/466
f 448/448/448 450/450/450 466/466/466
f 466/466/466 455/455/455 448/448/448
f 471/471/471 457/457/457 467/467/467
f 482/482/482 479/479/479 475/475/475
f 475/475/475 483/483/483 482/482/482
f 409/409/409 408/408/408 488/488/488
f 488/488/488 486/486/486 409/409/409
f 477/477/477 473/473/473 478/478/478
f 478/478/478 481/481/481 477/477/477
f 476/476/476 480/480/480 484/484/484
f 484/484/484 474/474/474 476/476/476
f 568/568/568 570/570/570 489/489/489
f 489/489/489 492/492/492 568/568/568
f 508/508/508 502/502/502 497/497/497
f 497/497/497 510/510/510 508/508/508
f 505/505/505 500/500/500 509/509/509
f 509/509/509 512/512/512 505/505/505
f 494/494/494 498/498/498 496/496/496
f 496/496/496 504/504/504 494/494/494
f 501/501/501 493/493/493 503/503/503
f 503/503/503 507/507/507 501/501/501
f 499/499/499 506/506/506 511/511/511
f 511/511/511 495/495/495 499/499/499
f 519/519/519 517/517/517 515/515/515
f 515/515/515 520/520/520 519/519/519
f 513/513/513 516/516/516 514/514/514
f 514/514/514 518/518/518 513/513/513
f 526/526/526 523/523/523 521/521/521
f 521/521/521 527/527/527 526/526/526
f 524/524/524 522/522/522 525/525/525
f 525/525/525 528/528/528 524/524/524
f 532/532/532 539/539/539 553/553/553
f 553/553/553 544/544/544 532/532/532
f 540/540/540 537/537/537 547/547/547
f 547/547/547 550/550/550 540/540/540
f 534/534/534 530/530/530 535/535/535
f 535/535/535 542/542/542 534/534/534
f 538/538/538 533/533/533 541/541/541
f 541/541/541 549/549/549 538/538/538
f 551/551/551 546/546/546 543/543/543
f 543/543/543 552/552/552 551/551/551
f 531/531/531 545/545/545 548/548/548
f 529/529/529 531/531/531 548/548/548
f 548/548/548 536/536/536 529/529/529
f 554/554/554 538/538/538 549/549/549
f 563/563/563 560/560/560 557/557/557
f 557/557/557 566/566/566 563/563/563
f 491/491/491 490/490/490 569/569/569
f 569/569/569 567/567/567 491/491/491
f 559/559/559 555/555/555 561/561/561
f 561/561/561 564/564/564 559/559/559
f 558/558/558 562/562/562 565/565/565
f 565/565/565 556/556/556 558/558/558
f 649/649/649 651/651/651 571/571/571
f 571/571/571 574/574/574 649/649/649
f 591/591/591 584/584/584 577/577/577
f 577/577/577 594/594/594 591/591/591
f 588/588/588 582/582/582 590/590/590
f 590/590/590 593/593/593 588/588/588
f 575/575/575 580/580/580 579/579/579
f 579/579/579 585/585/585 575/575/575
f 583/583/583 576/576/576 586/586/586
f 586/586/586 589/589/589 583/583/583
f 581/581/581 587/587/587 592/592/592
f 592/592/592 578/578/578 581/581/581
f 601/601/601 599/599/599 596/596/596
f 596/596/596 602/602/602 601/601/601
f 595/595/595 598/598/598 597/597/597
f 597/597/597 600/600/600 595/595/595
f 607/607/607 605/605/605 603/603/603
f 603/603/603 610/610/610 607/607/607
f 606/606/606 604/604/604 608/608/608
f 608/608/608 609/609/609 606/606/606
f 614/614/614 621/621/621 636/636/636
f 636/636/636 627/627/627 614/614/614
f 624/624/624 619/619/619 628/628/628
f 628/628/628 633/633/633 624/624/624
f 615/615/615 611/611/611 618/618/618
f 618/618/618 622/622/622 615/615/615
f 620/620/620 616/616/616 623/623/623
f 623/623/623 632/632/632 620/620/620
f 631/631/631 630/630/630 625/625/625
f 625/625/625 634/634/634 631/631/631
f 613/613/613 626/626/626 629/629/629
f 612/612/612 613/613/613 629/629/629
f 629/629/629 617/617/617 612/612/612
f 635/635/635 620/620/620 632/632/632
f 645/645/645 643/643/643 638/638/638
f 638/638/638 647/647/647 645/645/645
f 573/573/573 572/572/572 652/652/652
f 652/652/652 650/650/650 573/573/573
f 641/641/641 637/637/637 642/642/642
f 642/642/642 646/646/646 641/641/641
f 640/640/640 644/644/644 648/648/648
f 648/648/648 639/639/639 640/640/640
f 732/732/732 733/733/733 653/653/653
f 653/653/653 656/656/656 732/732/732
f 671/671/671 668/668/668 661/661/661
f 661/661/661 674/674/674 671/671/671
f 670/670/670 665/665/665 672/672/672
f 672/672/672 675/675/675 670/670/670
f 658/658/658 663/663/663 660/660/660
f 660/660/660 666/666/666 658/658/658
f 664/664/664 657/657/657 667/667/667
f 667/667/667 673/673/673 664/664/664
f 662/662/662 669/669/669 676/676/676
f 676/676/676 659/659/659 662/662/662
f 683/683/683 682/682/682 679/679/679
f 679/679/679 684/684/684 683/683/683
f 677/677/677 680/680/680 678/678/678
f 678/678/678 681/681/681 677/677/677
f 689/689/689 687/687/687 685/685/685
f 685/685/685 692/692/692 689/689/689
f 688/688/688 686/686/686 690/690/690
f 690/690/690 691/691/691 688/688/688
f 695/695/695 702/702/702 716/716/716
f 716/716/716 707/707/707 695/695/695
f 706/706/706 700/700/700 712/712/712
f 712/712/712 713/713/713 706/706/706
f 697/697/697 694/694/694 701/701/701
f 701/701/701 705/705/705 697/697/697
f 703/703/703 698/698/698 704/704/704
f 704/704/704 714/714/714 703/703/703
f 715/715/715 710/710/710 708/708/708
f 708/708/708 718/718/718 715/715/715
f 696/696/696 709/709/709 711/711/711
f 693/693/693 696/696/696 711/711/711
f 711/711/711 699/699/699 693/693/693
f 717/717/717 703/703/703 714/714/714
f 728/728/728 724/724/724 721/721/721
f 721/721/721 729/729/729 728/728/728
f 655/655/655 654/654/654 734/734/734
f 734/734/734 731/731/731 655/655/655
f 723/723/723 719/719/719 725/725/725
f 725/725/725 727/727/727 723/723/723
f 722/722/722 726/726/726 730/730/730
f 730/730/730 720/720/720 722/722/722
f 761/761/761 767/767/767 746/746/746
f 746/746/746 741/741/741 761/761/761
f 742/742/742 744/744/744 739/739/739
f 739/739/739 735/735/735 742/742/742
f 756/756/756 762/762/762 743/743/743
f 743/743/743 737/737/737 756/756/756
f 768/768/768 757/757/757 738/738/738
f 738/738/738 745/745/745 768/768/768
f 1458/1458/1458 751/751/751 749/749/749
f 749/749/749 1455/1455/1455 1458/1458/1458
f 748/748/748 752/752/752 766/766/766
f 766/766/766 764/764/764 748/748/748
f 736/736/736 740/740/740 758/758/758
f 758/758/758 755/755/755 736/736/736
f 796/796/796 801/801/801 778/778/778
f 778/778/778 776/776/776 796/796/796
f 777/777/777 779/779/779 772/772/772
f 772/772/772 770/770/770 777/777/777
f 790/790/790 795/795/795 775/775/775
f 775/775/775 771/771/771 790/790/790
f 802/802/802 792/792/792 773/773/773
f 773/773/773 780/780/780 802/802/802
f 1491/1491/1491 786/786/786 781/781/781
f 781/781/781 1489/1489/1489 1491/1491/1491
f 782/782/782 784/784/784 799/799/799
f 799/799/799 797/797/797 782/782/782
f 769/769/769 774/774/774 791/791/791
f 791/791/791 789/789/789 769/769/769
f 1549/1549/1549 1541/1541/1541 1555/1555/1555
f 1555/1555/1555 1557/1557/1557 1549/1549/1549
f 101/101/101 198/198/198 1608/1608/1608
f 1608/1608/1608 242/242/242 101/101/101
f 106/106/106 101/101/101 242/242/242
f 242/242/242 1565/1565/1565 106/106/106
f 99/99/99 106/106/106 1565/1565/1565
f 1565/1565/1565 1564/1564/1564 99/99/99
f 833/833/833 835/835/835 855/855/855
f 855/855/855 852/852/852 833/833/833
f 897/897/897 836/836/836 832/832/832
f 832/832/832 815/815/815 897/897/897
f 823/823/823 826/826/826 845/845/845
f 845/845/845 847/847/847 823/823/823
f 807/807/807 805/805/805 822/822/822
f 822/822/822 818/818/818 807/807/807
f 805/805/805 897/897/897 825/825/825
f 825/825/825 822/822/822 805/805/805
f 815/815/815 807/807/807 818/818/818
f 818/818/818 828/828/828 815/815/815
f 812/812/812 815/815/815 832/832/832
f 832/832/832 829/829/829 812/812/812
f 897/897/897 810/810/810 838/838/838
f 838/838/838 836/836/836 897/897/897
f 810/810/810 812/812/812 829/829/829
f 829/829/829 838/838/838 810/810/810
f 837/837/837 839/839/839 853/853/853
f 853/853/853 856/856/856 837/837/837
f 819/819/819 821/821/821 841/841/841
f 841/841/841 843/843/843 819/819/819
f 827/827/827 817/817/817 844/844/844
f 844/844/844 846/846/846 827/827/827
f 830/830/830 834/834/834 851/851/851
f 851/851/851 849/849/849 830/830/830
f 820/820/820 824/824/824 848/848/848
f 848/848/848 842/842/842 820/820/820
f 840/840/840 831/831/831 850/850/850
f 850/850/850 854/854/854 840/840/840
f 825/825/825 897/897/897 815/815/815
f 815/815/815 828/828/828 825/825/825
f 814/814/814 898/898/898 903/903/903
f 903/903/903 804/804/804 814/814/814
f 809/809/809 901/901/901 898/898/898
f 898/898/898 814/814/814 809/809/809
f 889/889/889 899/899/899 897/897/897
f 897/897/897 885/885/885 889/889/889
f 893/893/893 888/888/888 866/866/866
f 866/866/866 872/872/872 893/893/893
f 874/874/874 884/884/884 864/864/864
f 864/864/864 859/859/859 874/874/874
f 883/883/883 880/880/880 862/862/862
f 862/862/862 863/863/863 883/883/883
f 886/886/886 894/894/894 869/869/869
f 869/869/869 867/867/867 886/886/886
f 900/900/900 810/810/810 882/882/882
f 882/882/882 875/875/875 900/900/900
f 897/897/897 805/805/805 896/896/896
f 896/896/896 885/885/885 897/897/897
f 877/877/877 873/873/873 860/860/860
f 860/860/860 857/857/857 877/877/877
f 810/810/810 897/897/897 881/881/881
f 881/881/881 882/882/882 810/810/810
f 805/805/805 902/902/902 891/891/891
f 891/891/891 896/896/896 805/805/805
f 899/899/899 900/900/900 875/875/875
f 875/875/875 876/876/876 899/899/899
f 895/895/895 892/892/892 871/871/871
f 871/871/871 870/870/870 895/895/895
f 902/902/902 899/899/899 889/889/889
f 889/889/889 891/891/891 902/902/902
f 899/899/899 876/876/876 881/881/881
f 881/881/881 897/897/897 899/899/899
f 890/890/890 887/887/887 868/868/868
f 868/868/868 865/865/865 890/890/890
f 879/879/879 878/878/878 858/858/858
f 858/858/858 861/861/861 879/879/879
f 913/913/913 916/916/916 928/928/928
f 928/928/928 923/923/923 913/913/913
f 810/810/810 917/917/917 914/914/914
f 914/914/914 812/812/812 810/810/810
f 907/907/907 812/812/812 914/914/914
f 914/914/914 911/911/911 907/907/907
f 810/810/810 906/906/906 919/919/919
f 919/919/919 917/917/917 810/810/810
f 906/906/906 907/907/907 911/911/911
f 911/911/911 919/919/919 906/906/906
f 915/915/915 918/918/918 926/926/926
f 926/926/926 927/927/927 915/915/915
f 909/909/909 912/912/912 924/924/924
f 924/924/924 921/921/921 909/909/909
f 920/920/920 910/910/910 922/922/922
f 922/922/922 925/925/925 920/920/920
f 905/905/905 950/950/950 901/901/901
f 901/901/901 809/809/809 905/905/905
f 939/939/939 946/946/946 935/935/935
f 935/935/935 932/932/932 939/939/939
f 948/948/948 944/944/944 933/933/933
f 933/933/933 936/936/936 948/948/948
f 949/949/949 906/906/906 947/947/947
f 947/947/947 937/937/937 949/949/949
f 942/942/942 938/938/938 931/931/931
f 931/931/931 930/930/930 942/942/942
f 906/906/906 810/810/810 943/943/943
f 943/943/943 947/947/947 906/906/906
f 900/900/900 949/949/949 937/937/937
f 937/937/937 940/940/940 900/900/900
f 900/900/900 940/940/940 943/943/943
f 943/943/943 810/810/810 900/900/900
f 945/945/945 941/941/941 929/929/929
f 929/929/929 934/934/934 945/945/945
f 1034/1034/1034 1035/1035/1035 955/955/955
f 955/955/955 958/958/958 1034/1034/1034
f 975/975/975 970/970/970 962/962/962
f 962/962/962 977/977/977 975/975/975
f 971/971/971 966/966/966 973/973/973
f 973/973/973 976/976/976 971/971/971
f 960/960/960 965/965/965 961/961/961
f 961/961/961 969/969/969 960/960/960
f 967/967/967 959/959/959 968/968/968
f 968/968/968 974/974/974 967/967/967
f 964/964/964 972/972/972 978/978/978
f 978/978/978 963/963/963 964/964/964
f 985/985/985 984/984/984 980/980/980
f 980/980/980 986/986/986 985/985/985
f 979/979/979 982/982/982 981/981/981
f 981/981/981 983/983/983 979/979/979
f 991/991/991 989/989/989 987/987/987
f 987/987/987 994/994/994 991/991/991
f 990/990/990 988/988/988 992/992/992
f 992/992/992 993/993/993 990/990/990
f 998/998/998 1005/1005/1005 1020/1020/1020
f 1020/1020/1020 1011/1011/1011 998/998/998
f 1008/1008/1008 1001/1001/1001 1012/1012/1012
f 1012/1012/1012 1015/1015/1015 1008/1008/1008
f 1000/1000/1000 996/996/996 1003/1003/1003
f 1003/1003/1003 1006/1006/1006 1000/1000/1000
f 1004/1004/1004 999/999/999 1007/1007/1007
f 1007/1007/1007 1016/1016/1016 1004/1004/1004
f 1017/1017/1017 1014/1014/1014 1009/1009/1009
f 1009/1009/1009 1019/1019/1019 1017/1017/1017
f 997/997/997 1010/1010/1010 1013/1013/1013
f 995/995/995 997/997/997 1013/1013/1013
f 1013/1013/1013 1002/1002/1002 995/995/995
f 1018/1018/1018 1004/1004/1004 1016/1016/1016
f 1029/1029/1029 1026/1026/1026 1023/1023/1023
f 1023/1023/1023 1032/1032/1032 1029/1029/1029
f 957/957/957 956/956/956 1036/1036/1036
f 1036/1036/1036 1033/1033/1033 957/957/957
f 1025/1025/1025 1021/1021/1021 1027/1027/1027
f 1027/1027/1027 1030/1030/1030 1025/1025/1025
f 1024/1024/1024 1028/1028/1028 1031/1031/1031
f 1031/1031/1031 1022/1022/1022 1024/1024/1024
f 1116/1116/1116 1117/1117/1117 1037/1037/1037
f 1037/1037/1037 1040/1040/1040 1116/1116/1116
f 1056/1056/1056 1052/1052/1052 1044/1044/1044
f 1044/1044/1044 1060/1060/1060 1056/1056/1056
f 1054/1054/1054 1048/1048/1048 1057/1057/1057
f 1057/1057/1057 1059/1059/1059 1054/1054/1054
f 1041/1041/1041 1046/1046/1046 1043/1043/1043
f 1043/1043/1043 1051/1051/1051 1041/1041/1041
f 1049/1049/1049 1042/1042/1042 1050/1050/1050
f 1050/1050/1050 1055/1055/1055 1049/1049/1049
f 1047/1047/1047 1053/1053/1053 1058/1058/1058
f 1058/1058/1058 1045/1045/1045 1047/1047/1047
f 1067/1067/1067 1066/1066/1066 1062/1062/1062
f 1062/1062/1062 1068/1068/1068 1067/1067/1067
f 1061/1061/1061 1064/1064/1064 1063/1063/1063
f 1063/1063/1063 1065/1065/1065 1061/1061/1061
f 1074/1074/1074 1071/1071/1071 1069/1069/1069
f 1069/1069/1069 1076/1076/1076 1074/1074/1074
f 1072/1072/1072 1070/1070/1070 1073/1073/1073
f 1073/1073/1073 1075/1075/1075 1072/1072/1072
f 1079/1079/1079 1086/1086/1086 1101/1101/1101
f 1101/1101/1101 1091/1091/1091 1079/1079/1079
f 1090/1090/1090 1084/1084/1084 1094/1094/1094
f 1094/1094/1094 1097/1097/1097 1090/1090/1090
f 1081/1081/1081 1078/1078/1078 1085/1085/1085
f 1085/1085/1085 1089/1089/1089 1081/1081/1081
f 1087/1087/1087 1082/1082/1082 1088/1088/1088
f 1088/1088/1088 1098/1098/1098 1087/1087/1087
f 1099/1099/1099 1096/1096/1096 1093/1093/1093
f 1093/1093/1093 1100/1100/1100 1099/1099/1099
f 1080/1080/1080 1092/1092/1092 1095/1095/1095
f 1077/1077/1077 1080/1080/1080 1095/1095/1095
f 1095/1095/1095 1083/1083/1083 1077/1077/1077
f 1102/1102/1102 1087/1087/1087 1098/1098/1098
f 1111/1111/1111 1109/1109/1109 1104/1104/1104
f 1104/1104/1104 1114/1114/1114 1111/1111/1111
f 1039/1039/1039 1038/1038/1038 1118/1118/1118
f 1118/1118/1118 1115/1115/1115 1039/1039/1039
f 1107/1107/1107 1103/1103/1103 1108/1108/1108
f 1108/1108/1108 1112/1112/1112 1107/1107/1107
f 1106/1106/1106 1110/1110/1110 1113/1113/1113
f 1113/1113/1113 1105/1105/1105 1106/1106/1106
f 1198/1198/1198 1199/1199/1199 1119/1119/1119
f 1119/1119/1119 1122/1122/1122 1198/1198/1198
f 1138/1138/1138 1133/1133/1133 1127/1127/1127
f 1127/1127/1127 1142/1142/1142 1138/1138/1138
f 1135/1135/1135 1130/1130/1130 1137/1137/1137
f 1137/1137/1137 1141/1141/1141 1135/1135/1135
f 1123/1123/1123 1128/1128/1128 1125/1125/1125
f 1125/1125/1125 1134/1134/1134 1123/1123/1123
f 1131/1131/1131 1124/1124/1124 1132/1132/1132
f 1132/1132/1132 1139/1139/1139 1131/1131/1131
f 1129/1129/1129 1136/1136/1136 1140/1140/1140
f 1140/1140/1140 1126/1126/1126 1129/1129/1129
f 1149/1149/1149 1148/1148/1148 1145/1145/1145
f 1145/1145/1145 1150/1150/1150 1149/1149/1149
f 1143/1143/1143 1146/1146/1146 1144/1144/1144
f 1144/1144/1144 1147/1147/1147 1143/1143/1143
f 1156/1156/1156 1153/1153/1153 1151/1151/1151
f 1151/1151/1151 1158/1158/1158 1156/1156/1156
f 1154/1154/1154 1152/1152/1152 1155/1155/1155
f 1155/1155/1155 1157/1157/1157 1154/1154/1154
f 1161/1161/1161 1168/1168/1168 1183/1183/1183
f 1183/1183/1183 1175/1175/1175 1161/1161/1161
f 1172/1172/1172 1167/1167/1167 1178/1178/1178
f 1178/1178/1178 1181/1181/1181 1172/1172/1172
f 1164/1164/1164 1159/1159/1159 1166/1166/1166
f 1166/1166/1166 1171/1171/1171 1164/1164/1164
f 1169/1169/1169 1163/1163/1163 1170/1170/1170
f 1170/1170/1170 1180/1180/1180 1169/1169/1169
f 1179/1179/1179 1176/1176/1176 1173/1173/1173
f 1173/1173/1173 1182/1182/1182 1179/1179/1179
f 1162/1162/1162 1174/1174/1174 1177/1177/1177
f 1160/1160/1160 1162/1162/1162 1177/1177/1177
f 1177/1177/1177 1165/1165/1165 1160/1160/1160
f 1184/1184/1184 1169/1169/1169 1180/1180/1180
f 1194/1194/1194 1190/1190/1190 1187/1187/1187
f 1187/1187/1187 1195/1195/1195 1194/1194/1194
f 1121/1121/1121 1120/1120/1120 1200/1200/1200
f 1200/1200/1200 1197/1197/1197 1121/1121/1121
f 1189/1189/1189 1185/1185/1185 1191/1191/1191
f 1191/1191/1191 1193/1193/1193 1189/1189/1189
f 1188/1188/1188 1192/1192/1192 1196/1196/1196
f 1196/1196/1196 1186/1186/1186 1188/1188/1188
f 1280/1280/1280 1281/1281/1281 1201/1201/1201
f 1201/1201/1201 1204/1204/1204 1280/1280/1280
f 1221/1221/1221 1214/1214/1214 1209/1209/1209
f 1209/1209/1209 1222/1222/1222 1221/1221/1221
f 1217/1217/1217 1213/1213/1213 1219/1219/1219
f 1219/1219/1219 1223/1223/1223 1217/1217/1217
f 1206/1206/1206 1211/1211/1211 1208/1208/1208
f 1208/1208/1208 1216/1216/1216 1206/1206/1206
f 1212/1212/1212 1205/1205/1205 1215/1215/1215
f 1215/1215/1215 1220/1220/1220 1212/1212/1212
f 1210/1210/1210 1218/1218/1218 1224/1224/1224
f 1224/1224/1224 1207/1207/1207 1210/1210/1210
f 1231/1231/1231 1230/1230/1230 1226/1226/1226
f 1226/1226/1226 1232/1232/1232 1231/1231/1231
f 1225/1225/1225 1228/1228/1228 1227/1227/1227
f 1227/1227/1227 1229/1229/1229 1225/1225/1225
f 1237/1237/1237 1235/1235/1235 1233/1233/1233
f 1233/1233/1233 1240/1240/1240 1237/1237/1237
f 1236/1236/1236 1234/1234/1234 1238/1238/1238
f 1238/1238/1238 1239/1239/1239 1236/1236/1236
f 1243/1243/1243 1250/1250/1250 1265/1265/1265
f 1265/1265/1265 1257/1257/1257 1243/1243/1243
f 1253/1253/1253 1248/1248/1248 1259/1259/1259
f 1259/1259/1259 1262/1262/1262 1253/1253/1253
f 1245/1245/1245 1242/1242/1242 1247/1247/1247
f 1247/1247/1247 1252/1252/1252 1245/1245/1245
f 1251/1251/1251 1246/1246/1246 1254/1254/1254
f 1254/1254/1254 1261/1261/1261 1251/1251/1251
f 1263/1263/1263 1258/1258/1258 1255/1255/1255
f 1255/1255/1255 1266/1266/1266 1263/1263/1263
f 1244/1244/1244 1256/1256/1256 1260/1260/1260
f 1241/1241/1241 1244/1244/1244 1260/1260/1260
f 1260/1260/1260 1249/1249/1249 1241/1241/1241
f 1264/1264/1264 1251/1251/1251 1261/1261/1261
f 1275/1275/1275 1273/1273/1273 1268/1268/1268
f 1268/1268/1268 1278/1278/1278 1275/1275/1275
f 1203/1203/1203 1202/1202/1202 1282/1282/1282
f 1282/1282/1282 1279/1279/1279 1203/1203/1203
f 1271/1271/1271 1267/1267/1267 1272/1272/1272
f 1272/1272/1272 1276/1276/1276 1271/1271/1271
f 1270/1270/1270 1274/1274/1274 1277/1277/1277
f 1277/1277/1277 1269/1269/1269 1270/1270/1270
f 1362/1362/1362 1363/1363/1363 1283/1283/1283
f 1283/1283/1283 1286/1286/1286 1362/1362/1362
f 1301/1301/1301 1297/1297/1297 1289/1289/1289
f 1289/1289/1289 1306/1306/1306 1301/1301/1301
f 1300/1300/1300 1295/1295/1295 1303/1303/1303
f 1303/1303/1303 1305/1305/1305 1300/1300/1300
f 1287/1287/1287 1292/1292/1292 1290/1290/1290
f 1290/1290/1290 1298/1298/1298 1287/1287/1287
f 1294/1294/1294 1288/1288/1288 1296/1296/1296
f 1296/1296/1296 1302/1302/1302 1294/1294/1294
f 1293/1293/1293 1299/1299/1299 1304/1304/1304
f 1304/1304/1304 1291/1291/1291 1293/1293/1293
f 1313/1313/1313 1311/1311/1311 1308/1308/1308
f 1308/1308/1308 1314/1314/1314 1313/1313/1313
f 1307/1307/1307 1310/1310/1310 1309/1309/1309
f 1309/1309/1309 1312/1312/1312 1307/1307/1307
f 1320/1320/1320 1317/1317/1317 1315/1315/1315
f 1315/1315/1315 1321/1321/1321 1320/1320/1320
f 1318/1318/1318 1316/1316/1316 1319/1319/1319
f 1319/1319/1319 1322/1322/1322 1318/1318/1318
f 1326/1326/1326 1332/1332/1332 1348/1348/1348
f 1348/1348/1348 1337/1337/1337 1326/1326/1326
f 1336/1336/1336 1329/1329/1329 1341/1341/1341
f 1341/1341/1341 1345/1345/1345 1336/1336/1336
f 1328/1328/1328 1324/1324/1324 1330/1330/1330
f 1330/1330/1330 1334/1334/1334 1328/1328/1328
f 1333/1333/1333 1327/1327/1327 1335/1335/1335
f 1335/1335/1335 1344/1344/1344 1333/1333/1333
f 1343/1343/1343 1340/1340/1340 1339/1339/1339
f 1339/1339/1339 1347/1347/1347 1343/1343/1343
f 1325/1325/1325 1338/1338/1338 1342/1342/1342
f 1323/1323/1323 1325/1325/1325 1342/1342/1342
f 1342/1342/1342 1331/1331/1331 1323/1323/1323
f 1346/1346/1346 1333/1333/1333 1344/1344/1344
f 1357/1357/1357 1354/1354/1354 1351/1351/1351
f 1351/1351/1351 1360/1360/1360 1357/1357/1357
f 1285/1285/1285 1284/1284/1284 1364/1364/1364
f 1364/1364/1364 1361/1361/1361 1285/1285/1285
f 1353/1353/1353 1349/1349/1349 1355/1355/1355
f 1355/1355/1355 1358/1358/1358 1353/1353/1353
f 1352/1352/1352 1356/1356/1356 1359/1359/1359
f 1359/1359/1359 1350/1350/1350 1352/1352/1352
f 1444/1444/1444 1445/1445/1445 1365/1365/1365
f 1365/1365/1365 1368/1368/1368 1444/1444/1444
f 1383/1383/1383 1378/1378/1378 1372/1372/1372
f 1372/1372/1372 1387/1387/1387 1383/1383/1383
f 1382/1382/1382 1376/1376/1376 1384/1384/1384
f 1384/1384/1384 1386/1386/1386 1382/1382/1382
f 1369/1369/1369 1375/1375/1375 1373/1373/1373
f 1373/1373/1373 1380/1380/1380 1369/1369/1369
f 1377/1377/1377 1370/1370/1370 1379/1379/1379
f 1379/1379/1379 1385/1385/1385 1377/1377/1377
f 1374/1374/1374 1381/1381/1381 1388/1388/1388
f 1388/1388/1388 1371/1371/1371 1374/1374/1374
f 1395/1395/1395 1394/1394/1394 1391/1391/1391
f 1391/1391/1391 1396/1396/1396 1395/1395/1395
f 1389/1389/1389 1392/1392/1392 1390/1390/1390
f 1390/1390/1390 1393/1393/1393 1389/1389/1389
f 1402/1402/1402 1399/1399/1399 1397/1397/1397
f 1397/1397/1397 1404/1404/1404 1402/1402/1402
f 1400/1400/1400 1398/1398/1398 1401/1401/1401
f 1401/1401/1401 1403/1403/1403 1400/1400/1400
f 1407/1407/1407 1415/1415/1415 1430/1430/1430
f 1430/1430/1430 1421/1421/1421 1407/1407/1407
f 1418/1418/1418 1411/1411/1411 1424/1424/1424
f 1424/1424/1424 1425/1425/1425 1418/1418/1418
f 1410/1410/1410 1405/1405/1405 1413/1413/1413
f 1413/1413/1413 1417/1417/1417 1410/1410/1410
f 1414/1414/1414 1409/1409/1409 1416/1416/1416
f 1416/1416/1416 1426/1426/1426 1414/1414/1414
f 1427/1427/1427 1422/1422/1422 1420/1420/1420
f 1420/1420/1420 1429/1429/1429 1427/1427/1427
f 1408/1408/1408 1419/1419/1419 1423/1423/1423
f 1406/1406/1406 1408/1408/1408 1423/1423/1423
f 1423/1423/1423 1412/1412/1412 1406/1406/1406
f 1428/1428/1428 1414/1414/1414 1426/1426/1426
f 1439/1439/1439 1436/1436/1436 1433/1433/1433
f 1433/1433/1433 1442/1442/1442 1439/1439/1439
f 1367/1367/1367 1366/1366/1366 1446/1446/1446
f 1446/1446/1446 1443/1443/1443 1367/1367/1367
f 1435/1435/1435 1431/1431/1431 1437/1437/1437
f 1437/1437/1437 1440/1440/1440 1435/1435/1435
f 1434/1434/1434 1438/1438/1438 1441/1441/1441
f 1441/1441/1441 1432/1432/1432 1434/1434/1434
f 1466/1466/1466 1471/1471/1471 1456/1456/1456
f 1456/1456/1456 1454/1454/1454 1466/1466/1466
f 1453/1453/1453 747/747/747 763/763/763
f 1453/1453/1453 763/763/763 753/753/753
f 1453/1453/1453 753/753/753 1475/1475/1475
f 1453/1453/1453 1475/1475/1475 1465/1465/1465
f 1474/1474/1474 1480/1480/1480 1464/1464/1464
f 1464/1464/1464 1459/1459/1459 1474/1474/1474
f 1461/1461/1461 1463/1463/1463 1451/1451/1451
f 1451/1451/1451 1447/1447/1447 1461/1461/1461
f 1467/1467/1467 1473/1473/1473 1460/1460/1460
f 1460/1460/1460 1448/1448/1448 1467/1467/1467
f 1479/1479/1479 1469/1469/1469 1452/1452/1452
f 1452/1452/1452 1462/1462/1462 1479/1479/1479
f 1477/1477/1477 760/760/760 765/765/765
f 1477/1477/1477 765/765/765 750/750/750
f 1477/1477/1477 750/750/750 1457/1457/1457
f 1477/1477/1477 1457/1457/1457 1472/1472/1472
f 1478/1478/1478 1476/1476/1476 754/754/754
f 754/754/754 759/759/759 1478/1478/1478
f 1449/1449/1449 1450/1450/1450 1470/1470/1470
f 1470/1470/1470 1468/1468/1468 1449/1449/1449
f 1499/1499/1499 1506/1506/1506 1490/1490/1490
f 1490/1490/1490 1488/1488/1488 1499/1499/1499
f 1487/1487/1487 783/783/783 798/798/798
f 1487/1487/1487 798/798/798 787/787/787
f 1487/1487/1487 787/787/787 1509/1509/1509
f 1487/1487/1487 1509/1509/1509 1500/1500/1500
f 1507/1507/1507 1513/1513/1513 1498/1498/1498
f 1498/1498/1498 1495/1495/1495 1507/1507/1507
f 1493/1493/1493 1496/1496/1496 1484/1484/1484
f 1484/1484/1484 1482/1482/1482 1493/1493/1493
f 1501/1501/1501 1508/1508/1508 1494/1494/1494
f 1494/1494/1494 1483/1483/1483 1501/1501/1501
f 1514/1514/1514 1504/1504/1504 1486/1486/1486
f 1486/1486/1486 1497/1497/1497 1514/1514/1514
f 1512/1512/1512 793/793/793 800/800/800
f 1512/1512/1512 800/800/800 785/785/785
f 1512/1512/1512 785/785/785 1492/1492/1492
f 1512/1512/1512 1492/1492/1492 1505/1505/1505
f 1511/1511/1511 1510/1510/1510 788/788/788
f 788/788/788 794/794/794 1511/1511/1511
f 1481/1481/1481 1485/1485/1485 1503/1503/1503
f 1503/1503/1503 1502/1502/1502 1481/1481/1481
f 1521/1521/1521 1524/1524/1524 1536/1536/1536
f 1536/1536/1536 1535/1535/1535 1521/1521/1521
f 1527/1527/1527 1531/1531/1531 1518/1518/1518
f 1518/1518/1518 1516/1516/1516 1527/1527/1527
f 1515/1515/1515 1519/1519/1519 1526/1526/1526
f 1526/1526/1526 1522/1522/1522 1515/1515/1515
f 1523/1523/1523 1533/1533/1533 1529/1529/1529
f 1529/1529/1529 1517/1517/1517 1523/1523/1523
f 1538/1538/1538 1525/1525/1525 1544/1544/1544
f 1544/1544/1544 1539/1539/1539 1538/1538/1538
f 1542/1542/1542 1545/1545/1545 1562/1562/1562
f 1562/1562/1562 1552/1552/1552 1542/1542/1542
f 1520/1520/1520 1530/1530/1530 1550/1550/1550
f 1550/1550/1550 1547/1547/1547 1520/1520/1520
f 1525/1525/1525 1520/1520/1520 1547/1547/1547
f 1547/1547/1547 1544/1544/1544 1525/1525/1525
f 1530/1530/1530 1538/1538/1538 1539/1539/1539
f 1539/1539/1539 1550/1550/1550 1530/1530/1530
f 1540/1540/1540 1543/1543/1543 1553/1553/1553
f 1553/1553/1553 1556/1556/1556 1540/1540/1540
f 1546/1546/1546 1548/1548/1548 1559/1559/1559
f 1559/1559/1559 1561/1561/1561 1546/1546/1546
f 1554/1554/1554 1551/1551/1551 1560/1560/1560
f 1560/1560/1560 1558/1558/1558 1554/1554/1554
f 811/811/811 908/908/908 1984/1984/1984
f 1984/1984/1984 1981/1981/1981 811/811/811
f 816/816/816 811/811/811 1981/1981/1981
f 1981/1981/1981 952/952/952 816/816/816
f 806/806/806 816/816/816 952/952/952
f 952/952/952 953/953/953 806/806/806
f 1534/1534/1534 1537/1537/1537 1532/1532/1532
f 1532/1532/1532 1528/1528/1528 1534/1534/1534
f 1976/1976/1976 1972/1972/1972 104/104/104
f 104/104/104 1977/1977/1977 1976/1976/1976
f 1979/1979/1979 194/194/194 1972/1972/1972
f 1972/1972/1972 1976/1976/1976 1979/1979/1979
f 813/813/813 1586/1586/1586 1584/1584/1584
f 1584/1584/1584 1566/1566/1566 813/813/813
f 1575/1575/1575 1577/1577/1577 1600/1600/1600
f 1600/1600/1600 1602/1602/1602 1575/1575/1575
f 1582/1582/1582 1585/1585/1585 1605/1605/1605
f 1605/1605/1605 1604/1604/1604 1582/1582/1582
f 1566/1566/1566 241/241/241 1572/1572/1572
f 1572/1572/1572 1568/1568/1568 1566/1566/1566
f 241/241/241 808/808/808 1574/1574/1574
f 1574/1574/1574 1572/1572/1572 241/241/241
f 808/808/808 813/813/813 1576/1576/1576
f 1576/1576/1576 1574/1574/1574 808/808/808
f 1563/1563/1563 1566/1566/1566 1584/1584/1584
f 1584/1584/1584 1580/1580/1580 1563/1563/1563
f 813/813/813 803/803/803 1588/1588/1588
f 1588/1588/1588 1586/1586/1586 813/813/813
f 803/803/803 1563/1563/1563 1580/1580/1580
f 1580/1580/1580 1588/1588/1588 803/803/803
f 1587/1587/1587 1590/1590/1590 1593/1593/1593
f 1593/1593/1593 1606/1606/1606 1587/1587/1587
f 1567/1567/1567 1571/1571/1571 1595/1595/1595
f 1595/1595/1595 1598/1598/1598 1567/1567/1567
f 1578/1578/1578 1569/1569/1569 1597/1597/1597
f 1597/1597/1597 1599/1599/1599 1578/1578/1578
f 1589/1589/1589 1581/1581/1581 1591/1591/1591
f 1591/1591/1591 1594/1594/1594 1589/1589/1589
f 1579/1579/1579 1583/1583/1583 1603/1603/1603
f 1603/1603/1603 1592/1592/1592 1579/1579/1579
f 1570/1570/1570 1573/1573/1573 1601/1601/1601
f 1601/1601/1601 1596/1596/1596 1570/1570/1570
f 1576/1576/1576 813/813/813 1566/1566/1566
f 1566/1566/1566 1568/1568/1568 1576/1576/1576
f 1617/1617/1617 1618/1618/1618 1626/1626/1626
f 1626/1626/1626 1627/1627/1627 1617/1617/1617
f 241/241/241 1607/1607/1607 1612/1612/1612
f 1612/1612/1612 1610/1610/1610 241/241/241
f 1607/1607/1607 904/904/904 1616/1616/1616
f 1616/1616/1616 1612/1612/1612 1607/1607/1607
f 904/904/904 808/808/808 1619/1619/1619
f 1619/1619/1619 1616/1616/1616 904/904/904
f 1609/1609/1609 1613/1613/1613 1621/1621/1621
f 1621/1621/1621 1624/1624/1624 1609/1609/1609
f 1620/1620/1620 1611/1611/1611 1623/1623/1623
f 1623/1623/1623 1625/1625/1625 1620/1620/1620
f 1614/1614/1614 1615/1615/1615 1628/1628/1628
f 1628/1628/1628 1622/1622/1622 1614/1614/1614
f 1619/1619/1619 808/808/808 241/241/241
f 241/241/241 1610/1610/1610 1619/1619/1619
f 1711/1711/1711 1715/1715/1715 1719/1719/1719
f 1719/1719/1719 1720/1720/1720 1711/1711/1711
f 1649/1649/1649 1644/1644/1644 1635/1635/1635
f 1635/1635/1635 1652/1652/1652 1649/1649/1649
f 1646/1646/1646 1640/1640/1640 1647/1647/1647
f 1647/1647/1647 1650/1650/1650 1646/1646/1646
f 1634/1634/1634 1639/1639/1639 1637/1637/1637
f 1637/1637/1637 1643/1643/1643 1634/1634/1634
f 1641/1641/1641 1633/1633/1633 1642/1642/1642
f 1642/1642/1642 1648/1648/1648 1641/1641/1641
f 1638/1638/1638 1645/1645/1645 1651/1651/1651
f 1651/1651/1651 1636/1636/1636 1638/1638/1638
f 1659/1659/1659 1658/1658/1658 1654/1654/1654
f 1654/1654/1654 1660/1660/1660 1659/1659/1659
f 1653/1653/1653 1656/1656/1656 1655/1655/1655
f 1655/1655/1655 1657/1657/1657 1653/1653/1653
f 1665/1665/1665 1663/1663/1663 1661/1661/1661
f 1661/1661/1661 1668/1668/1668 1665/1665/1665
f 1664/1664/1664 1662/1662/1662 1666/1666/1666
f 1666/1666/1666 1667/1667/1667 1664/1664/1664
f 1680/1680/1680 1674/1674/1674 1682/1682/1682
f 1682/1682/1682 1683/1683/1683 1680/1680/1680
f 1672/1672/1672 1670/1670/1670 1676/1676/1676
f 1676/1676/1676 1679/1679/1679 1672/1672/1672
f 1677/1677/1677 1673/1673/1673 1678/1678/1678
f 1678/1678/1678 1684/1684/1684 1677/1677/1677
f 1669/1669/1669 1671/1671/1671 1681/1681/1681
f 1681/1681/1681 1675/1675/1675 1669/1669/1669
f 1693/1693/1693 1691/1691/1691 1686/1686/1686
f 1686/1686/1686 1696/1696/1696 1693/1693/1693
f 1689/1689/1689 1685/1685/1685 1690/1690/1690
f 1690/1690/1690 1694/1694/1694 1689/1689/1689
f 1688/1688/1688 1692/1692/1692 1695/1695/1695
f 1695/1695/1695 1687/1687/1687 1688/1688/1688
f 1702/1702/1702 1701/1701/1701 1704/1704/1704
f 1704/1704/1704 1703/1703/1703 1702/1702/1702
f 1725/1725/1725 1728/1728/1728 1729/1729/1729
f 1729/1729/1729 1734/1734/1734 1725/1725/1725
f 1705/1705/1705 1708/1708/1708 1716/1716/1716
f 1716/1716/1716 1713/1713/1713 1705/1705/1705
f 1709/1709/1709 1630/1630/1630 1717/1717/1717
f 1717/1717/1717 1714/1714/1714 1709/1709/1709
f 1629/1629/1629 1631/1631/1631 1721/1721/1721
f 1721/1721/1721 1718/1718/1718 1629/1629/1629
f 1632/1632/1632 1707/1707/1707 1712/1712/1712
f 1712/1712/1712 1722/1722/1722 1632/1632/1632
f 1697/1697/1697 1700/1700/1700 1727/1727/1727
f 1727/1727/1727 1724/1724/1724 1697/1697/1697
f 1699/1699/1699 1709/1709/1709 1730/1730/1730
f 1730/1730/1730 1726/1726/1726 1699/1699/1699
f 1710/1710/1710 1706/1706/1706 1733/1733/1733
f 1733/1733/1733 1731/1731/1731 1710/1710/1710
f 1707/1707/1707 1698/1698/1698 1723/1723/1723
f 1723/1723/1723 1732/1732/1732 1707/1707/1707
f 1763/1763/1763 1766/1766/1766 1742/1742/1742
f 1742/1742/1742 1736/1736/1736 1763/1763/1763
f 1774/1774/1774 1778/1778/1778 1769/1769/1769
f 1769/1769/1769 1760/1760/1760 1774/1774/1774
f 1776/1776/1776 1753/1753/1753 1743/1743/1743
f 1743/1743/1743 1765/1765/1765 1776/1776/1776
f 1740/1740/1740 1744/1744/1744 1758/1758/1758
f 1758/1758/1758 1749/1749/1749 1740/1740/1740
f 1735/1735/1735 1737/1737/1737 1738/1738/1738
f 1741/1741/1741 1743/1743/1743 1745/1745/1745
f 1747/1747/1747 1748/1748/1748 1752/1752/1752
f 1753/1753/1753 1754/1754/1754 1756/1756/1756
f 1759/1759/1759 1761/1761/1761 1762/1762/1762
f 1765/1765/1765 1768/1768/1768 1770/1770/1770
f 1771/1771/1771 1773/1773/1773 1775/1775/1775
f 1776/1776/1776 1777/1777/1777 1780/1780/1780
f 1747/1747/1747 1735/1735/1735 1738/1738/1738
f 1738/1738/1738 1748/1748/1748 1747/1747/1747
f 1736/1736/1736 1742/1742/1742 1746/1746/1746
f 1746/1746/1746 1739/1739/1739 1736/1736/1736
f 1743/1743/1743 1753/1753/1753 1756/1756/1756
f 1756/1756/1756 1745/1745/1745 1743/1743/1743
f 1755/1755/1755 1751/1751/1751 1750/1750/1750
f 1750/1750/1750 1757/1757/1757 1755/1755/1755
f 1771/1771/1771 1747/1747/1747 1752/1752/1752
f 1752/1752/1752 1773/1773/1773 1771/1771/1771
f 1753/1753/1753 1776/1776/1776 1780/1780/1780
f 1780/1780/1780 1754/1754/1754 1753/1753/1753
f 1778/1778/1778 1774/1774/1774 1772/1772/1772
f 1772/1772/1772 1779/1779/1779 1778/1778/1778
f 1759/1759/1759 1771/1771/1771 1775/1775/1775
f 1775/1775/1775 1761/1761/1761 1759/1759/1759
f 1776/1776/1776 1765/1765/1765 1770/1770/1770
f 1770/1770/1770 1777/1777/1777 1776/1776/1776
f 1767/1767/1767 1764/1764/1764 1760/1760/1760
f 1760/1760/1760 1769/1769/1769 1767/1767/1767
f 1735/1735/1735 1759/1759/1759 1762/1762/1762
f 1762/1762/1762 1737/1737/1737 1735/1735/1735
f 1765/1765/1765 1743/1743/1743 1741/1741/1741
f 1741/1741/1741 1768/1768/1768 1765/1765/1765
f 1747/1747/1747 1771/1771/1771 1759/1759/1759
f 1759/1759/1759 1735/1735/1735 1747/1747/1747
f 1860/1860/1860 1861/1861/1861 1781/1781/1781
f 1781/1781/1781 1784/1784/1784 1860/1860/1860
f 1800/1800/1800 1794/1794/1794 1787/1787/1787
f 1787/1787/1787 1804/1804/1804 1800/1800/1800
f 1798/1798/1798 1792/1792/1792 1801/1801/1801
f 1801/1801/1801 1802/1802/1802 1798/1798/1798
f 1785/1785/1785 1791/1791/1791 1789/1789/1789
f 1789/1789/1789 1796/1796/1796 1785/1785/1785
f 1793/1793/1793 1786/1786/1786 1795/1795/1795
f 1795/1795/1795 1799/1799/1799 1793/1793/1793
f 1790/1790/1790 1797/1797/1797 1803/1803/1803
f 1803/1803/1803 1788/1788/1788 1790/1790/1790
f 1811/1811/1811 1810/1810/1810 1806/1806/1806
f 1806/1806/1806 1812/1812/1812 1811/1811/1811
f 1805/1805/1805 1808/1808/1808 1807/1807/1807
f 1807/1807/1807 1809/1809/1809 1805/1805/1805
f 1817/1817/1817 1815/1815/1815 1813/1813/1813
f 1813/1813/1813 1820/1820/1820 1817/1817/1817
f 1816/1816/1816 1814/1814/1814 1818/1818/1818
f 1818/1818/1818 1819/1819/1819 1816/1816/1816
f 1823/1823/1823 1831/1831/1831 1846/1846/1846
f 1846/1846/1846 1837/1837/1837 1823/1823/1823
f 1834/1834/1834 1829/1829/1829 1838/1838/1838
f 1838/1838/1838 1842/1842/1842 1834/1834/1834
f 1826/1826/1826 1822/1822/1822 1827/1827/1827
f 1827/1827/1827 1832/1832/1832 1826/1826/1826
f 1830/1830/1830 1825/1825/1825 1833/1833/1833
f 1833/1833/1833 1841/1841/1841 1830/1830/1830
f 1843/1843/1843 1839/1839/1839 1836/1836/1836
f 1836/1836/1836 1845/1845/1845 1843/1843/1843
f 1824/1824/1824 1835/1835/1835 1840/1840/1840
f 1821/1821/1821 1824/1824/1824 1840/1840/1840
f 1840/1840/1840 1828/1828/1828 1821/1821/1821
f 1844/1844/1844 1830/1830/1830 1841/1841/1841
f 1856/1856/1856 1853/1853/1853 1849/1849/1849
f 1849/1849/1849 1857/1857/1857 1856/1856/1856
f 1783/1783/1783 1782/1782/1782 1862/1862/1862
f 1862/1862/1862 1859/1859/1859 1783/1783/1783
f 1851/1851/1851 1847/1847/1847 1852/1852/1852
f 1852/1852/1852 1855/1855/1855 1851/1851/1851
f 1850/1850/1850 1854/1854/1854 1858/1858/1858
f 1858/1858/1858 1848/1848/1848 1850/1850/1850
f 1798/1798/1798 1792/1792/1792 1801/1801/1801
f 1801/1801/1801 1802/1802/1802 1798/1798/1798
f 1830/1830/1830 1825/1825/1825 1833/1833/1833
f 1833/1833/1833 1841/1841/1841 1830/1830/1830
f 1844/1844/1844 1830/1830/1830 1841/1841/1841
f 1879/1879/1879 1876/1876/1876 1867/1867/1867
f 1867/1867/1867 1884/1884/1884 1879/1879/1879
f 1878/1878/1878 1873/1873/1873 1881/1881/1881
f 1881/1881/1881 1883/1883/1883 1878/1878/1878
f 1865/1865/1865 1871/1871/1871 1868/1868/1868
f 1868/1868/1868 1874/1874/1874 1865/1865/1865
f 1872/1872/1872 1866/1866/1866 1875/1875/1875
f 1875/1875/1875 1880/1880/1880 1872/1872/1872
f 1870/1870/1870 1877/1877/1877 1882/1882/1882
f 1882/1882/1882 1869/1869/1869 1870/1870/1870
f 1891/1891/1891 1889/1889/1889 1887/1887/1887
f 1887/1887/1887 1892/1892/1892 1891/1891/1891
f 1885/1885/1885 1888/1888/1888 1886/1886/1886
f 1886/1886/1886 1890/1890/1890 1885/1885/1885
f 1898/1898/1898 1895/1895/1895 1893/1893/1893
f 1893/1893/1893 1899/1899/1899 1898/1898/1898
f 1896/1896/1896 1894/1894/1894 1897/1897/1897
f 1897/1897/1897 1900/1900/1900 1896/1896/1896
f 1903/1903/1903 1910/1910/1910 1924/1924/1924
f 1924/1924/1924 1916/1916/1916 1903/1903/1903
f 1914/1914/1914 1908/1908/1908 1920/1920/1920
f 1920/1920/1920 1921/1921/1921 1914/1914/1914
f 1905/1905/1905 1902/1902/1902 1909/1909/1909
f 1909/1909/1909 1912/1912/1912 1905/1905/1905
f 1911/1911/1911 1906/1906/1906 1913/1913/1913
f 1913/1913/1913 1922/1922/1922 1911/1911/1911
f 1923/1923/1923 1919/1919/1919 1915/1915/1915
f 1915/1915/1915 1926/1926/1926 1923/1923/1923
f 1904/1904/1904 1917/1917/1917 1918/1918/1918
f 1901/1901/1901 1904/1904/1904 1918/1918/1918
f 1918/1918/1918 1907/1907/1907 1901/1901/1901
f 1925/1925/1925 1911/1911/1911 1922/1922/1922
f 1864/1864/1864 1863/1863/1863 1928/1928/1928
f 1928/1928/1928 1927/1927/1927 1864/1864/1864
f 1946/1946/1946 1947/1947/1947 1938/1938/1938
f 1938/1938/1938 1935/1935/1935 1946/1946/1946
f 1936/1936/1936 1939/1939/1939 1933/1933/1933
f 1933/1933/1933 1931/1931/1931 1936/1936/1936
f 1941/1941/1941 1945/1945/1945 1937/1937/1937
f 1937/1937/1937 1930/1930/1930 1941/1941/1941
f 1948/1948/1948 1943/1943/1943 1934/1934/1934
f 1934/1934/1934 1940/1940/1940 1948/1948/1948
f 1929/1929/1929 1932/1932/1932 1944/1944/1944
f 1944/1944/1944 1942/1942/1942 1929/1929/1929
f 1965/1965/1965 1967/1967/1967 1958/1958/1958
f 1958/1958/1958 1955/1955/1955 1965/1965/1965
f 1957/1957/1957 1960/1960/1960 1953/1953/1953
f 1953/1953/1953 1949/1949/1949 1957/1957/1957
f 1961/1961/1961 1966/1966/1966 1956/1956/1956
f 1956/1956/1956 1950/1950/1950 1961/1961/1961
f 1968/1968/1968 1964/1964/1964 1952/1952/1952
f 1952/1952/1952 1959/1959/1959 1968/1968/1968
f 1951/1951/1951 1954/1954/1954 1963/1963/1963
f 1963/1963/1963 1962/1962/1962 1951/1951/1951
f 951/951/951 1978/1978/1978 1973/1973/1973
f 1973/1973/1973 954/954/954 951/951/951
f 1982/1982/1982 1975/1975/1975 1978/1978/1978
f 1978/1978/1978 951/951/951 1982/1982/1982
f 1983/1983/1983 1980/1980/1980 1975/1975/1975
f 1975/1975/1975 1982/1982/1982 1983/1983/1983
f 1987/1987/1987 1988/1988/1988 1985/1985/1985
f 1985/1985/1985 1986/1986/1986 1987/1987/1987
f 1991/1991/1991 1992/1992/1992 1989/1989/1989
f 1989/1989/1989 1990/1990/1990 1991/1991/1991
f 1995/1995/1995 1996/1996/1996 1993/1993/1993
f 1993/1993/1993 1994/1994/1994 1995/1995/1995
f 1999/1999/1999 2000/2000/2000 1997/1997/1997
f 1997/1997/1997 1998/1998/1998 1999/1999/1999
f 2003/2003/2003 2002/2002/2002 2001/2001/2001
f 2001/2001/2001 2004/2004/2004 2003/2003/2003
f 2007/2007/2007 2006/2006/2006 2005/2005/2005
f 2005/2005/2005 2008/2008/2008 2007/2007/2007
f 2011/2011/2011 2010/2010/2010 2009/2009/2009
f 2009/2009/2009 2012/2012/2012 2011/2011/2011
f 2015/2015/2015 2014/2014/2014 2013/2013/2013
f 2013/2013/2013 2016/2016/2016 2015/2015/2015
f 2018/2018/2018 2017/2017/2017 2020/2020/2020
f 2020/2020/2020 2019/2019/2019 2018/2018/2018
f 2022/2022/2022 2023/2023/2023 2024/2024/2024
f 2024/2024/2024 2021/2021/2021 2022/2022/2022
f 1977/1977/1977 104/104/104 1969/1969/1969
f 1969/1969/1969 1974/1974/1974 1977/1977/1977
f 2027/2027/2027 2030/2030/2030 2036/2036/2036
f 2036/2036/2036 2033/2033/2033 2027/2027/2027
f 2032/2032/2032 2037/2037/2037 2050/2050/2050
f 2050/2050/2050 2048/2048/2048 2032/2032/2032
f 2046/2046/2046 2049/2049/2049 2045/2045/2045
f 2045/2045/2045 2041/2041/2041 2046/2046/2046
f 2040/2040/2040 2043/2043/2043 2031/2031/2031
f 2031/2031/2031 2026/2026/2026 2040/2040/2040
f 2034/2034/2034 2047/2047/2047 2039/2039/2039
f 2039/2039/2039 2025/2025/2025 2034/2034/2034
f 2051/2051/2051 2038/2038/2038 2058/2058/2058
f 2058/2058/2058 2059/2059/2059 2051/2051/2051
f 2066/2066/2066 2069/2069/2069 2080/2080/2080
f 2044/2044/2044 2052/2052/2052 2061/2061/2061
f 2061/2061/2061 2062/2062/2062 2044/2044/2044
f 2035/2035/2035 2028/2028/2028 2053/2053/2053
f 2053/2053/2053 2056/2056/2056 2035/2035/2035
f 2029/2029/2029 2042/2042/2042 2063/2063/2063
f 2063/2063/2063 2054/2054/2054 2029/2029/2029
f 2060/2060/2060 2057/2057/2057 2068/2068/2068
f 2068/2068/2068 2065/2065/2065 2060/2060/2060
f 2057/2057/2057 2055/2055/2055 2071/2071/2071
f 2071/2071/2071 2068/2068/2068 2057/2057/2057
f 2055/2055/2055 2064/2064/2064 2074/2074/2074
f 2074/2074/2074 2071/2071/2071 2055/2055/2055
f 2064/2064/2064 2060/2060/2060 2065/2065/2065
f 2065/2065/2065 2074/2074/2074 2064/2064/2064
f 2073/2073/2073 2076/2076/2076 2077/2077/2077
f 2075/2075/2075 2067/2067/2067 2078/2078/2078
f 2070/2070/2070 2072/2072/2072 2079/2079/2079
f 2085/2085/2085 2084/2084/2084 2088/2088/2088
f 2095/2095/2095 2100/2100/2100 2098/2098/2098
f 2085/2085/2085 2102/2102/2102 2082/2082/2082
f 2086/2086/2086 2088/2088/2088 2087/2087/2087
f 2099/2099/2099 2091/2091/2091 2097/2097/2097
f 2081/2081/2081 2095/2095/2095 2105/2105/2105
f 2089/2089/2089 2087/2087/2087 2091/2091/2091
f 2106/2106/2106 2090/2090/2090 2081/2081/2081
f 2091/2091/2091 2096/2096/2096 2097/2097/2097
f 2102/2102/2102 2099/2099/2099 2094/2094/2094
f 2088/2088/2088 2093/2093/2093 2090/2090/2090
f 2092/2092/2092 2083/2083/2083 2084/2084/2084
f 2086/2086/2086 2089/2089/2089 2102/2102/2102
f 2084/2084/2084 2085/2085/2085 2082/2082/2082
f 2086/2086/2086 2085/2085/2085 2088/2088/2088
f 2100/2100/2100 2094/2094/2094 2098/2098/2098
f 2091/2091/2091 2101/2101/2101 2096/2096/2096
f 2098/2098/2098 2099/2099/2099 2097/2097/2097
f 2099/2099/2099 2089/2089/2089 2091/2091/2091
f 2086/2086/2086 2102/2102/2102 2085/2085/2085
f 2092/2092/2092 2100/2100/2100 2095/2095/2095
f 2094/2094/2094 2099/2099/2099 2098/2098/2098
f 2087/2087/2087 2101/2101/2101 2091/2091/2091
f 2102/2102/2102 2089/2089/2089 2099/2099/2099
f 2082/2082/2082 2100/2100/2100 2092/2092/2092
f 2101/2101/2101 2090/2090/2090 2106/2106/2106
f 2089/2089/2089 2086/2086/2086 2087/2087/2087
f 2084/2084/2084 2082/2082/2082 2092/2092/2092
f 2093/2093/2093 2083/2083/2083 2081/2081/2081
f 2093/2093/2093 2088/2088/2088 2083/2083/2083
f 2088/2088/2088 2084/2084/2084 2083/2083/2083
f 2101/2101/2101 2087/2087/2087 2090/2090/2090
f 2087/2087/2087 2088/2088/2088 2090/2090/2090
f 2100/2100/2100 2082/2082/2082 2094/2094/2094
f 2082/2082/2082 2102/2102/2102 2094/2094/2094
f 2093/2093/2093 2081/2081/2081 2090/2090/2090
f 2097/2097/2097 2096/2096/2096 2106/2106/2106
f 2096/2096/2096 2101/2101/2101 2106/2106/2106
f 2081/2081/2081 2083/2083/2083 2095/2095/2095
f 2083/2083/2083 2092/2092/2092 2095/2095/2095
f 2095/2095/2095 2098/2098/2098 2104/2104/2104
f 2098/2098/2098 2097/2097/2097 2103/2103/2103
f 2162/2162/2162 2164/2164/2164 2146/2146/2146
f 2146/2146/2146 2140/2140/2140 2162/2162/2162
f 2172/2172/2172 2174/2174/2174 2167/2167/2167
f 2167/2167/2167 2160/2160/2160 2172/2172/2172
f 2175/2175/2175 2177/2177/2177 2165/2165/2165
f 2165/2165/2165 2168/2168/2168 2175/2175/2175
f 2154/2154/2154 2157/2157/2157 2144/2144/2144
f 2144/2144/2144 2147/2147/2147 2154/2154/2154
f 2142/2142/2142 2145/2145/2145 2158/2158/2158
f 2158/2158/2158 2149/2149/2149 2142/2142/2142
f 2152/2152/2152 2155/2155/2155 2178/2178/2178
f 2178/2178/2178 2169/2169/2169 2152/2152/2152
f 2112/2112/2112 2114/2114/2114 2121/2121/2121
f 2121/2121/2121 2119/2119/2119 2112/2112/2112
f 2108/2108/2108 2110/2110/2110 2113/2113/2113
f 2113/2113/2113 2111/2111/2111 2108/2108/2108
f 2120/2120/2120 2122/2122/2122 2118/2118/2118
f 2118/2118/2118 2115/2115/2115 2120/2120/2120
f 2116/2116/2116 2117/2117/2117 2109/2109/2109
f 2109/2109/2109 2107/2107/2107 2116/2116/2116
f 2127/2127/2127 2129/2129/2129 2137/2137/2137
f 2137/2137/2137 2136/2136/2136 2127/2127/2127
f 2123/2123/2123 2125/2125/2125 2130/2130/2130
f 2130/2130/2130 2128/2128/2128 2123/2123/2123
f 2135/2135/2135 2138/2138/2138 2134/2134/2134
f 2134/2134/2134 2131/2131/2131 2135/2135/2135
f 2132/2132/2132 2133/2133/2133 2126/2126/2126
f 2126/2126/2126 2124/2124/2124 2132/2132/2132
f 2139/2139/2139 2148/2148/2148 2145/2145/2145
f 2145/2145/2145 2142/2142/2142 2139/2139/2139
f 2156/2156/2156 2153/2153/2153 2149/2149/2149
f 2149/2149/2149 2158/2158/2158 2156/2156/2156
f 2176/2176/2176 2171/2171/2171 2169/2169/2169
f 2169/2169/2169 2178/2178/2178 2176/2176/2176
f 2166/2166/2166 2163/2163/2163 2160/2160/2160
f 2160/2160/2160 2167/2167/2167 2166/2166/2166
f 2170/2170/2170 2173/2173/2173 2159/2159/2159
f 2159/2159/2159 2161/2161/2161 2170/2170/2170
f 2177/2177/2177 2154/2154/2154 2147/2147/2147
f 2147/2147/2147 2165/2165/2165 2177/2177/2177
f 2150/2150/2150 2151/2151/2151 2141/2141/2141
f 2141/2141/2141 2143/2143/2143 2150/2150/2150
f 2151/2151/2151 2170/2170/2170 2161/2161/2161
f 2161/2161/2161 2141/2141/2141 2151/2151/2151
f 2234/2234/2234 2237/2237/2237 2220/2220/2220
f 2220/2220/2220 2213/2213/2213 2234/2234/2234
f 2245/2245/2245 2248/2248/2248 2240/2240/2240
f 2240/2240/2240 2231/2231/2231 2245/2245/2245
f 2246/2246/2246 2249/2249/2249 2236/2236/2236
f 2236/2236/2236 2239/2239/2239 2246/2246/2246
f 2226/2226/2226 2229/2229/2229 2216/2216/2216
f 2216/2216/2216 2219/2219/2219 2226/2226/2226
f 2214/2214/2214 2217/2217/2217 2230/2230/2230
f 2230/2230/2230 2221/2221/2221 2214/2214/2214
f 2225/2225/2225 2227/2227/2227 2250/2250/2250
f 2250/2250/2250 2241/2241/2241 2225/2225/2225
f 2184/2184/2184 2185/2185/2185 2193/2193/2193
f 2193/2193/2193 2192/2192/2192 2184/2184/2184
f 2179/2179/2179 2181/2181/2181 2186/2186/2186
f 2186/2186/2186 2183/2183/2183 2179/2179/2179
f 2191/2191/2191 2194/2194/2194 2190/2190/2190
f 2190/2190/2190 2187/2187/2187 2191/2191/2191
f 2188/2188/2188 2189/2189/2189 2182/2182/2182
f 2182/2182/2182 2180/2180/2180 2188/2188/2188
f 2200/2200/2200 2201/2201/2201 2209/2209/2209
f 2209/2209/2209 2208/2208/2208 2200/2200/2200
f 2195/2195/2195 2198/2198/2198 2202/2202/2202
f 2202/2202/2202 2199/2199/2199 2195/2195/2195
f 2207/2207/2207 2210/2210/2210 2206/2206/2206
f 2206/2206/2206 2203/2203/2203 2207/2207/2207
f 2204/2204/2204 2205/2205/2205 2197/2197/2197
f 2197/2197/2197 2196/2196/2196 2204/2204/2204
f 2211/2211/2211 2218/2218/2218 2217/2217/2217
f 2217/2217/2217 2214/2214/2214 2211/2211/2211
f 2227/2227/2227 2225/2225/2225 2222/2222/2222
f 2222/2222/2222 2228/2228/2228 2227/2227/2227
f 2247/2247/2247 2244/2244/2244 2241/2241/2241
f 2241/2241/2241 2250/2250/2250 2247/2247/2247
f 2238/2238/2238 2235/2235/2235 2231/2231/2231
f 2231/2231/2231 2240/2240/2240 2238/2238/2238
f 2242/2242/2242 2243/2243/2243 2232/2232/2232
f 2232/2232/2232 2233/2233/2233 2242/2242/2242
f 2249/2249/2249 2226/2226/2226 2219/2219/2219
f 2219/2219/2219 2236/2236/2236 2249/2249/2249
f 2223/2223/2223 2224/2224/2224 2212/2212/2212
f 2212/2212/2212 2215/2215/2215 2223/2223/2223
f 2224/2224/2224 2242/2242/2242 2233/2233/2233
f 2233/2233/2233 2212/2212/2212 2224/2224/2224
f 2253/2253/2253 2256/2256/2256 2262/2262/2262
f 2262/2262/2262 2258/2258/2258 2253/2253/2253
f 2260/2260/2260 2264/2264/2264 2276/2276/2276
f 2276/2276/2276 2272/2272/2272 2260/2260/2260
f 2274/2274/2274 2275/2275/2275 2270/2270/2270
f 2270/2270/2270 2266/2266/2266 2274/2274/2274
f 2265/2265/2265 2269/2269/2269 2254/2254/2254
f 2254/2254/2254 2252/2252/2252 2265/2265/2265
f 2259/2259/2259 2273/2273/2273 2267/2267/2267
f 2267/2267/2267 2251/2251/2251 2259/2259/2259
f 2277/2277/2277 2263/2263/2263 2282/2282/2282
f 2282/2282/2282 2285/2285/2285 2277/2277/2277
f 2292/2292/2292 2294/2294/2294 2305/2305/2305
f 2268/2268/2268 2278/2278/2278 2286/2286/2286
f 2286/2286/2286 2289/2289/2289 2268/2268/2268
f 2261/2261/2261 2257/2257/2257 2281/2281/2281
f 2281/2281/2281 2284/2284/2284 2261/2261/2261
f 2255/2255/2255 2271/2271/2271 2288/2288/2288
f 2288/2288/2288 2279/2279/2279 2255/2255/2255
f 2287/2287/2287 2283/2283/2283 2296/2296/2296
f 2296/2296/2296 2293/2293/2293 2287/2287/2287
f 2283/2283/2283 2280/2280/2280 2297/2297/2297
f 2297/2297/2297 2296/2296/2296 2283/2283/2283
f 2280/2280/2280 2290/2290/2290 2301/2301/2301
f 2301/2301/2301 2297/2297/2297 2280/2280/2280
f 2290/2290/2290 2287/2287/2287 2293/2293/2293
f 2293/2293/2293 2301/2301/2301 2290/2290/2290
f 2299/2299/2299 2300/2300/2300 2304/2304/2304
f 2302/2302/2302 2291/2291/2291 2306/2306/2306
f 2295/2295/2295 2298/2298/2298 2303/2303/2303
f 2311/2311/2311 2310/2310/2310 2314/2314/2314
f 2321/2321/2321 2326/2326/2326 2324/2324/2324
f 2311/2311/2311 2328/2328/2328 2308/2308/2308
f 2312/2312/2312 2314/2314/2314 2313/2313/2313
f 2325/2325/2325 2317/2317/2317 2323/2323/2323
f 2307/2307/2307 2321/2321/2321 2331/2331/2331
f 2315/2315/2315 2313/2313/2313 2317/2317/2317
f 2332/2332/2332 2316/2316/2316 2307/2307/2307
f 2317/2317/2317 2322/2322/2322 2323/2323/2323
f 2328/2328/2328 2325/2325/2325 2320/2320/2320
f 2314/2314/2314 2319/2319/2319 2316/2316/2316
f 2318/2318/2318 2309/2309/2309 2310/2310/2310
f 2312/2312/2312 2315/2315/2315 2328/2328/2328
f 2310/2310/2310 2311/2311/2311 2308/2308/2308
f 2312/2312/2312 2311/2311/2311 2314/2314/2314
f 2326/2326/2326 2320/2320/2320 2324/2324/2324
f 2317/2317/2317 2327/2327/2327 2322/2322/2322
f 2324/2324/2324 2325/2325/2325 2323/2323/2323
f 2325/2325/2325 2315/2315/2315 2317/2317/2317
f 2312/2312/2312 2328/2328/2328 2311/2311/2311
f 2318/2318/2318 2326/2326/2326 2321/2321/2321
f 2320/2320/2320 2325/2325/2325 2324/2324/2324
f 2313/2313/2313 2327/2327/2327 2317/2317/2317
f 2328/2328/2328 2315/2315/2315 2325/2325/2325
f 2308/2308/2308 2326/2326/2326 2318/2318/2318
f 2327/2327/2327 2316/2316/2316 2332/2332/2332
f 2315/2315/2315 2312/2312/2312 2313/2313/2313
f 2310/2310/2310 2308/2308/2308 2318/2318/2318
f 2319/2319/2319 2309/2309/2309 2307/2307/2307
f 2319/2319/2319 2314/2314/2314 2309/2309/2309
f 2314/2314/2314 2310/2310/2310 2309/2309/2309
f 2327/2327/2327 2313/2313/2313 2316/2316/2316
f 2313/2313/2313 2314/2314/2314 2316/2316/2316
f 2326/2326/2326 2308/2308/2308 2320/2320/2320
f 2308/2308/2308 2328/2328/2328 2320/2320/2320
f 2319/2319/2319 2307/2307/2307 2316/2316/2316
f 2323/2323/2323 2322/2322/2322 2332/2332/2332
f 2322/2322/2322 2327/2327/2327 2332/2332/2332
f 2307/2307/2307 2309/2309/2309 2321/2321/2321
f 2309/2309/2309 2318/2318/2318 2321/2321/2321
f 2321/2321/2321 2324/2324/2324 2329/2329/2329
f 2324/2324/2324 2323/2323/2323 2330/2330/2330

