# https://github.com/mikedh/trimesh
mtllib material.mtl
usemtl material_0
v -1.00000000 0.00000000 1.00000000
v -1.00000000 0.00000000 1.00000000
v -1.00000000 0.00000000 1.00000000
v -1.00000000 0.10000000 1.00000000
v -1.00000000 0.10000000 1.00000000
v -1.00000000 0.10000000 1.00000000
v -1.00000000 0.00000000 -1.00000000
v -1.00000000 0.00000000 -1.00000000
v -1.00000000 0.00000000 -1.00000000
v -1.00000000 0.10000000 -1.00000000
v -1.00000000 0.10000000 -1.00000000
v -1.00000000 0.10000000 -1.00000000
v 1.00000000 0.00000000 1.00000000
v 1.00000000 0.00000000 1.00000000
v 1.00000000 0.00000000 1.00000000
v 1.00000000 0.10000000 1.00000000
v 1.00000000 0.10000000 1.00000000
v 1.00000000 0.10000000 1.00000000
v 1.00000000 0.00000000 -1.00000000
v 1.00000000 0.00000000 -1.00000000
v 1.00000000 0.00000000 -1.00000000
v 1.00000000 0.10000000 -1.00000000
v 1.00000000 0.10000000 -1.00000000
v 1.00000000 0.10000000 -1.00000000
v 0.90000000 0.00000000 -1.00000000
v 0.90000000 0.00000000 -1.00000000
v 0.90000000 0.00000000 -1.00000000
v -0.90000000 0.00000000 -1.00000000
v -0.90000000 0.00000000 -1.00000000
v -0.90000000 0.00000000 -1.00000000
v -0.90000000 0.10000000 -1.00000000
v -0.90000000 0.10000000 -1.00000000
v -0.90000000 0.10000000 -1.00000000
v -0.90000000 0.10000000 -1.00000000
v 0.90000000 0.10000000 -1.00000000
v 0.90000000 0.10000000 -1.00000000
v 0.90000000 0.10000000 -1.00000000
v 0.90000000 0.10000000 -1.00000000
v -0.90000000 0.00000000 1.00000000
v -0.90000000 0.00000000 1.00000000
v -0.90000000 0.00000000 1.00000000
v 0.90000000 0.00000000 1.00000000
v 0.90000000 0.00000000 1.00000000
v 0.90000000 0.00000000 1.00000000
v 0.90000000 0.10000000 1.00000000
v 0.90000000 0.10000000 1.00000000
v 0.90000000 0.10000000 1.00000000
v 0.90000000 0.10000000 1.00000000
v -0.90000000 0.10000000 1.00000000
v -0.90000000 0.10000000 1.00000000
v -0.90000000 0.10000000 1.00000000
v -0.90000000 0.10000000 1.00000000
v -1.00000000 0.00000000 -0.90000000
v -1.00000000 0.00000000 -0.90000000
v -1.00000000 0.00000000 -0.90000000
v -1.00000000 0.00000000 0.90000000
v -1.00000000 0.00000000 0.90000000
v -1.00000000 0.00000000 0.90000000
v -1.00000000 0.10000000 0.90000000
v -1.00000000 0.10000000 0.90000000
v -1.00000000 0.10000000 0.90000000
v -1.00000000 0.10000000 0.90000000
v -1.00000000 0.10000000 -0.90000000
v -1.00000000 0.10000000 -0.90000000
v -1.00000000 0.10000000 -0.90000000
v -1.00000000 0.10000000 -0.90000000
v 1.00000000 0.00000000 0.90000000
v 1.00000000 0.00000000 0.90000000
v 1.00000000 0.00000000 0.90000000
v 1.00000000 0.00000000 -0.90000000
v 1.00000000 0.00000000 -0.90000000
v 1.00000000 0.00000000 -0.90000000
v 1.00000000 0.10000000 -0.90000000
v 1.00000000 0.10000000 -0.90000000
v 1.00000000 0.10000000 -0.90000000
v 1.00000000 0.10000000 -0.90000000
v 1.00000000 0.10000000 0.90000000
v 1.00000000 0.10000000 0.90000000
v 1.00000000 0.10000000 0.90000000
v 1.00000000 0.10000000 0.90000000
v 0.90000000 0.10000000 -0.90000000
v 0.90000000 0.10000000 -0.90000000
v 0.90000000 0.10000000 -0.90000000
v 0.90000000 0.10000000 0.90000000
v 0.90000000 0.10000000 0.90000000
v 0.90000000 0.10000000 0.90000000
v -0.90000000 0.10000000 -0.90000000
v -0.90000000 0.10000000 -0.90000000
v -0.90000000 0.10000000 -0.90000000
v -0.90000000 0.10000000 0.90000000
v -0.90000000 0.10000000 0.90000000
v -0.90000000 0.10000000 0.90000000
v -0.90000000 0.00000000 -0.90000000
v -0.90000000 0.00000000 0.90000000
v 0.90000000 0.00000000 -0.90000000
v 0.90000000 0.00000000 0.90000000
v -0.80000000 0.10000000 -0.60000000
v -0.80000000 0.10000000 -0.60000000
v 0.80000000 0.10000000 -0.60000000
v 0.80000000 0.10000000 -0.60000000
v 0.40000000 0.10000000 0.60000000
v -0.80000000 0.10000000 0.60000000
v -0.80000000 0.10000000 0.60000000
v -0.00000000 0.10000000 0.60000000
v -0.40000000 0.10000000 0.60000000
v 0.80000000 1.55000100 -0.60000000
v 0.80000000 1.55000100 -0.60000000
v 0.40000000 1.55000100 0.60000000
v -0.80000000 1.55000100 0.60000000
v -0.80000000 1.55000100 0.60000000
v -0.80000000 1.55000100 -0.60000000
v -0.80000000 1.55000100 -0.60000000
v -0.00000000 1.55000100 0.60000000
v -0.40000000 1.55000100 0.60000000
v -0.80000000 0.90000000 0.60000000
v -0.80000000 0.90000000 0.60000000
v -0.80000000 0.90000000 0.60000000
v -0.80000000 0.90000000 0.60000000
v -0.40000000 0.90000000 0.60000000
v -0.40000000 0.90000000 0.60000000
v -0.00000000 0.90000000 0.60000000
v -0.00000000 0.90000000 0.60000000
v -0.50000000 1.07500000 0.60000000
v -0.50000000 1.07500000 0.60000000
v -0.50000000 1.07500000 0.60000000
v -0.50000000 1.42500000 0.60000000
v -0.50000000 1.42500000 0.60000000
v -0.50000000 1.42500000 0.60000000
v -0.70000000 1.42500000 0.60000000
v -0.70000000 1.42500000 0.60000000
v -0.70000000 1.42500000 0.60000000
v -0.70000000 1.07500000 0.60000000
v -0.70000000 1.07500000 0.60000000
v -0.70000000 1.07500000 0.60000000
v 0.10000000 0.27500000 0.60000000
v 0.10000000 0.27500000 0.60000000
v 0.10000000 0.27500000 0.60000000
v 0.30000000 0.27500000 0.60000000
v 0.30000000 0.27500000 0.60000000
v 0.30000000 0.27500000 0.60000000
v 0.30000000 0.62500000 0.60000000
v 0.30000000 0.62500000 0.60000000
v 0.30000000 0.62500000 0.60000000
v 0.10000000 0.62500000 0.60000000
v 0.10000000 0.62500000 0.60000000
v 0.10000000 0.62500000 0.60000000
v 0.10000000 1.42500000 0.60000000
v 0.10000000 1.42500000 0.60000000
v 0.10000000 1.42500000 0.60000000
v 0.10000000 1.07500000 0.60000000
v 0.10000000 1.07500000 0.60000000
v 0.10000000 1.07500000 0.60000000
v 0.30000000 1.07500000 0.60000000
v 0.30000000 1.07500000 0.60000000
v 0.30000000 1.07500000 0.60000000
v 0.30000000 1.42500000 0.60000000
v 0.30000000 1.42500000 0.60000000
v 0.30000000 1.42500000 0.60000000
v -0.50000000 0.10500000 0.60000000
v -0.50000000 0.10500000 0.60000000
v -0.50000000 0.10500000 0.60000000
v -0.50000000 0.62500000 0.60000000
v -0.50000000 0.62500000 0.60000000
v -0.50000000 0.62500000 0.60000000
v -0.70000000 0.62500000 0.60000000
v -0.70000000 0.62500000 0.60000000
v -0.70000000 0.62500000 0.60000000
v -0.70000000 0.10500000 0.60000000
v -0.70000000 0.10500000 0.60000000
v -0.70000000 0.10500000 0.60000000
v -0.10000000 0.27500000 0.60000000
v -0.10000000 0.27500000 0.60000000
v -0.10000000 0.27500000 0.60000000
v -0.10000000 0.62500000 0.60000000
v -0.10000000 0.62500000 0.60000000
v -0.10000000 0.62500000 0.60000000
v -0.30000000 0.62500000 0.60000000
v -0.30000000 0.62500000 0.60000000
v -0.30000000 0.62500000 0.60000000
v -0.30000000 0.27500000 0.60000000
v -0.30000000 0.27500000 0.60000000
v -0.30000000 0.27500000 0.60000000
v -0.10000000 1.07500000 0.60000000
v -0.10000000 1.07500000 0.60000000
v -0.10000000 1.07500000 0.60000000
v -0.10000000 1.42500000 0.60000000
v -0.10000000 1.42500000 0.60000000
v -0.10000000 1.42500000 0.60000000
v -0.30000000 1.42500000 0.60000000
v -0.30000000 1.42500000 0.60000000
v -0.30000000 1.42500000 0.60000000
v -0.30000000 1.07500000 0.60000000
v -0.30000000 1.07500000 0.60000000
v -0.30000000 1.07500000 0.60000000
v 0.30000000 0.27500000 0.50000000
v 0.30000000 0.27500000 0.50000000
v 0.10000000 0.27500000 0.50000000
v 0.10000000 0.27500000 0.50000000
v -0.10000000 0.27500000 0.50000000
v -0.10000000 0.27500000 0.50000000
v -0.30000000 0.27500000 0.50000000
v -0.30000000 0.27500000 0.50000000
v -0.50000000 0.10500000 0.50000000
v -0.50000000 0.10500000 0.50000000
v -0.70000000 0.10500000 0.50000000
v -0.70000000 0.10500000 0.50000000
v -0.50000000 1.42500000 0.50000000
v -0.50000000 1.42500000 0.50000000
v -0.50000000 1.07500000 0.50000000
v -0.50000000 1.07500000 0.50000000
v -0.70000000 1.07500000 0.50000000
v -0.70000000 1.07500000 0.50000000
v -0.70000000 1.42500000 0.50000000
v -0.70000000 1.42500000 0.50000000
v 0.10000000 0.62500000 0.50000000
v 0.10000000 0.62500000 0.50000000
v 0.30000000 0.62500000 0.50000000
v 0.30000000 0.62500000 0.50000000
v 0.10000000 1.42500000 0.50000000
v 0.10000000 1.42500000 0.50000000
v 0.10000000 1.07500000 0.50000000
v 0.10000000 1.07500000 0.50000000
v 0.30000000 1.42500000 0.50000000
v 0.30000000 1.42500000 0.50000000
v 0.30000000 1.07500000 0.50000000
v 0.30000000 1.07500000 0.50000000
v -0.50000000 0.62500000 0.50000000
v -0.50000000 0.62500000 0.50000000
v -0.70000000 0.62500000 0.50000000
v -0.70000000 0.62500000 0.50000000
v -0.10000000 0.62500000 0.50000000
v -0.10000000 0.62500000 0.50000000
v -0.30000000 0.62500000 0.50000000
v -0.30000000 0.62500000 0.50000000
v -0.10000000 1.42500000 0.50000000
v -0.10000000 1.42500000 0.50000000
v -0.10000000 1.07500000 0.50000000
v -0.10000000 1.07500000 0.50000000
v -0.30000000 1.07500000 0.50000000
v -0.30000000 1.07500000 0.50000000
v -0.30000000 1.42500000 0.50000000
v -0.30000000 1.42500000 0.50000000
v 0.70000000 1.07500000 0.50000000
v 0.70000000 1.07500000 0.50000000
v 0.70000000 1.42500000 0.50000000
v 0.70000000 1.42500000 0.50000000
v 0.50000000 1.07500000 0.50000000
v 0.50000000 1.07500000 0.50000000
v 0.50000000 1.42500000 0.50000000
v 0.50000000 1.42500000 0.50000000
v 0.70000000 0.62500000 0.50000000
v 0.70000000 0.62500000 0.50000000
v 0.50000000 0.62500000 0.50000000
v 0.50000000 0.62500000 0.50000000
v 0.50000000 0.27500000 0.50000000
v 0.50000000 0.27500000 0.50000000
v 0.70000000 0.27500000 0.50000000
v 0.70000000 0.27500000 0.50000000
v 0.70000000 1.42500000 0.60000000
v 0.70000000 1.42500000 0.60000000
v 0.70000000 1.42500000 0.60000000
v 0.70000000 1.07500000 0.60000000
v 0.70000000 1.07500000 0.60000000
v 0.70000000 1.07500000 0.60000000
v 0.50000000 1.07500000 0.60000000
v 0.50000000 1.07500000 0.60000000
v 0.50000000 1.07500000 0.60000000
v 0.50000000 1.42500000 0.60000000
v 0.50000000 1.42500000 0.60000000
v 0.50000000 1.42500000 0.60000000
v 0.50000000 0.62500000 0.60000000
v 0.50000000 0.62500000 0.60000000
v 0.50000000 0.62500000 0.60000000
v 0.70000000 0.62500000 0.60000000
v 0.70000000 0.62500000 0.60000000
v 0.70000000 0.62500000 0.60000000
v 0.70000000 0.27500000 0.60000000
v 0.70000000 0.27500000 0.60000000
v 0.70000000 0.27500000 0.60000000
v 0.50000000 0.27500000 0.60000000
v 0.50000000 0.27500000 0.60000000
v 0.50000000 0.27500000 0.60000000
v 0.40000000 0.90000000 0.60000000
v 0.40000000 0.90000000 0.60000000
v 0.80000000 0.90000000 0.60000000
v 0.80000000 0.90000000 0.60000000
v 0.80000000 0.90000000 0.60000000
v 0.80000000 0.90000000 0.60000000
v 0.80000000 1.55000100 0.60000000
v 0.80000000 1.55000100 0.60000000
v 0.80000000 0.10000000 0.60000000
v 0.80000000 0.10000000 0.60000000
v -0.68201700 0.13150000 0.54194800
v -0.68201700 0.13150000 0.54194800
v -0.51797900 0.13150000 0.54194800
v -0.51797900 0.13150000 0.54194800
v -0.72692300 0.63624500 0.50616700
v -0.72692300 0.63624500 0.50616700
v -0.72692300 0.59721000 0.62487000
v -0.72692300 0.59721000 0.62487000
v -0.72692300 0.59721000 0.62487000
v -0.72692300 0.59721000 0.50616700
v -0.72692300 0.59721000 0.50616700
v -0.47307300 0.63624500 0.50616700
v -0.47307300 0.63624500 0.50616700
v -0.72692300 0.63624500 0.62487000
v -0.72692300 0.63624500 0.62487000
v -0.72692300 0.63624500 0.62487000
v -0.47307300 0.59721000 0.50616700
v -0.47307300 0.59721000 0.50616700
v -0.47307300 0.63624500 0.62487000
v -0.47307300 0.63624500 0.62487000
v -0.47307300 0.63624500 0.62487000
v -0.47307300 0.59721000 0.62487000
v -0.47307300 0.59721000 0.62487000
v -0.47307300 0.59721000 0.62487000
v -0.52851400 0.61917400 0.51597000
v -0.52851400 0.13048900 0.56306400
v -0.52851400 0.13048900 0.56306400
v -0.52851400 0.13048900 0.51597000
v -0.52851400 0.61917400 0.56306400
v -0.52851400 0.61917400 0.56306400
v -0.49353200 0.61917400 0.56306400
v -0.49353200 0.13048900 0.56306400
v -0.70646500 0.13048900 0.56306400
v -0.67148300 0.61917400 0.51597000
v -0.70646500 0.61917400 0.56306400
v -0.67148300 0.13048900 0.51597000
v -0.67148300 0.61917400 0.56306400
v -0.67148300 0.61917400 0.56306400
v -0.67148300 0.13048900 0.56306400
v -0.67148300 0.13048900 0.56306400
v -0.72692300 0.13783100 0.47549100
v -0.72692300 0.13783100 0.47549100
v -0.72692300 0.09993000 0.47549100
v -0.47307300 0.13783100 0.47549100
v -0.47307300 0.13783100 0.47549100
v -0.72692300 0.13783100 0.64257600
v -0.72692300 0.13783100 0.64257600
v -0.72692300 0.13783100 0.64257600
v -0.47307300 0.09993000 0.47549100
v -0.47307300 0.13783100 0.64257600
v -0.47307300 0.13783100 0.64257600
v -0.47307300 0.13783100 0.64257600
v -0.72692300 0.09993000 0.64257600
v -0.72692300 0.09993000 0.64257600
v -0.47307300 0.09993000 0.64257600
v -0.47307300 0.09993000 0.64257600
v -0.69813900 0.52645800 0.52393700
v -0.69813900 0.50408600 0.55211900
v -0.69813900 0.50408600 0.55211900
v -0.69813900 0.50408600 0.52393700
v -0.50185700 0.52645800 0.52393700
v -0.69813900 0.52645800 0.55211900
v -0.69813900 0.52645800 0.55211900
v -0.50185700 0.50408600 0.52393700
v -0.50185700 0.52645800 0.55211900
v -0.50185700 0.52645800 0.55211900
v -0.50185700 0.50408600 0.55211900
v -0.50185700 0.50408600 0.55211900
v -0.51797900 0.51476400 0.54194800
v -0.51797900 0.51476400 0.54194800
v -0.68201700 0.51476400 0.54194800
v -0.68201700 0.51476400 0.54194800
v -0.68201700 0.59923300 0.54194800
v -0.51797900 0.59923300 0.54194800
v -0.51797900 0.51476400 0.54194800
v -0.68201700 0.51476400 0.54194800
v -0.51797900 0.28313200 0.54194800
v -0.51797900 0.28313200 0.54194800
v -0.51797900 0.28313200 0.54194800
v -0.68201700 0.28313200 0.54194800
v -0.68201700 0.28313200 0.54194800
v -0.68201700 0.28313200 0.54194800
v -0.54915500 0.25195600 0.54194800
v -0.54915500 0.25195600 0.54194800
v -0.54915500 0.25195600 0.54194800
v -0.65084100 0.25195600 0.54194800
v -0.65084100 0.25195600 0.54194800
v -0.65084100 0.25195600 0.54194800
v -0.65084100 0.16267600 0.54194800
v -0.65084100 0.16267600 0.54194800
v -0.65084100 0.16267600 0.54194800
v -0.54915500 0.16267600 0.54194800
v -0.54915500 0.16267600 0.54194800
v -0.54915500 0.16267600 0.54194800
v -0.54915500 0.48358800 0.54194800
v -0.54915500 0.48358800 0.54194800
v -0.54915500 0.48358800 0.54194800
v -0.65084100 0.48358800 0.54194800
v -0.65084100 0.48358800 0.54194800
v -0.65084100 0.48358800 0.54194800
v -0.65084100 0.31430800 0.54194800
v -0.65084100 0.31430800 0.54194800
v -0.65084100 0.31430800 0.54194800
v -0.54915500 0.31430800 0.54194800
v -0.54915500 0.31430800 0.54194800
v -0.54915500 0.31430800 0.54194800
v -0.56073600 0.26991200 0.56206400
v -0.56073600 0.27521900 0.56737000
v -0.56073600 0.27521900 0.56737000
v -0.56073600 0.27521900 0.56737000
v -0.56604200 0.27521900 0.56206400
v -0.56604200 0.27521900 0.56206400
v -0.56073600 0.29104500 0.56737000
v -0.56073600 0.29104500 0.56737000
v -0.56073600 0.29104500 0.56737000
v -0.56073600 0.29635200 0.56206400
v -0.56604200 0.29104500 0.56206400
v -0.56604200 0.29104500 0.56206400
v -0.56073600 0.26991200 0.54623700
v -0.56604200 0.27521900 0.54623700
v -0.56604200 0.27521900 0.54623700
v -0.56073600 0.27521900 0.54093000
v -0.56073600 0.27521900 0.54093000
v -0.56073600 0.29635200 0.54623700
v -0.56073600 0.29104500 0.54093000
v -0.56073600 0.29104500 0.54093000
v -0.56604200 0.29104500 0.54623700
v -0.56604200 0.29104500 0.54623700
v -0.54490900 0.26991200 0.56206400
v -0.53960300 0.27521900 0.56206400
v -0.53960300 0.27521900 0.56206400
v -0.54490900 0.27521900 0.56737000
v -0.54490900 0.27521900 0.56737000
v -0.54490900 0.27521900 0.56737000
v -0.54490900 0.29635200 0.56206400
v -0.54490900 0.29104500 0.56737000
v -0.54490900 0.29104500 0.56737000
v -0.54490900 0.29104500 0.56737000
v -0.53960300 0.29104500 0.56206400
v -0.53960300 0.29104500 0.56206400
v -0.54490900 0.26991200 0.54623700
v -0.54490900 0.27521900 0.54093000
v -0.54490900 0.27521900 0.54093000
v -0.53960300 0.27521900 0.54623700
v -0.53960300 0.27521900 0.54623700
v -0.54490900 0.29635200 0.54623700
v -0.53960300 0.29104500 0.54623700
v -0.53960300 0.29104500 0.54623700
v -0.54490900 0.29104500 0.54093000
v -0.54490900 0.29104500 0.54093000
v -0.68201900 1.10150000 0.54194800
v -0.68201900 1.39923300 0.54194800
v -0.51798100 1.39923300 0.54194800
v -0.51798100 1.10150000 0.54194800
v -0.72692400 1.43624500 0.50616700
v -0.72692400 1.43624500 0.50616700
v -0.72692400 1.39721000 0.62487000
v -0.72692400 1.39721000 0.62487000
v -0.72692400 1.39721000 0.62487000
v -0.72692400 1.39721000 0.50616700
v -0.72692400 1.39721000 0.50616700
v -0.47307500 1.43624500 0.50616700
v -0.47307500 1.43624500 0.50616700
v -0.72692400 1.43624500 0.62487000
v -0.72692400 1.43624500 0.62487000
v -0.72692400 1.43624500 0.62487000
v -0.47307500 1.39721000 0.50616700
v -0.47307500 1.39721000 0.50616700
v -0.47307500 1.43624500 0.62487000
v -0.47307500 1.43624500 0.62487000
v -0.47307500 1.43624500 0.62487000
v -0.47307500 1.39721000 0.62487000
v -0.47307500 1.39721000 0.62487000
v -0.47307500 1.39721000 0.62487000
v -0.52851600 1.41917400 0.51597000
v -0.52851600 1.10048900 0.56306400
v -0.52851600 1.10048900 0.56306400
v -0.52851600 1.10048900 0.51597000
v -0.52851600 1.41917400 0.56306400
v -0.52851600 1.41917400 0.56306400
v -0.49353400 1.41917400 0.56306400
v -0.49353400 1.10048900 0.56306400
v -0.70646700 1.10048900 0.56306400
v -0.67148400 1.41917400 0.51597000
v -0.70646700 1.41917400 0.56306400
v -0.67148400 1.10048900 0.51597000
v -0.67148400 1.41917400 0.56306400
v -0.67148400 1.41917400 0.56306400
v -0.67148400 1.10048900 0.56306400
v -0.67148400 1.10048900 0.56306400
v -0.72692400 1.10783100 0.47549100
v -0.72692400 1.10783100 0.47549100
v -0.72692400 1.04363900 0.47549100
v -0.72692400 1.04363900 0.47549100
v -0.47307500 1.10783100 0.47549100
v -0.47307500 1.10783100 0.47549100
v -0.72692400 1.10783100 0.64257600
v -0.72692400 1.10783100 0.64257600
v -0.72692400 1.10783100 0.64257600
v -0.47307500 1.04363900 0.47549100
v -0.47307500 1.04363900 0.47549100
v -0.47307500 1.10783100 0.64257600
v -0.47307500 1.10783100 0.64257600
v -0.47307500 1.10783100 0.64257600
v -0.72692400 1.04363900 0.60599300
v -0.72692400 1.04363900 0.60599300
v -0.72692400 1.04363900 0.60599300
v -0.72692400 1.08022100 0.64257600
v -0.72692400 1.08022100 0.64257600
v -0.72692400 1.08022100 0.64257600
v -0.47307500 1.08022100 0.64257600
v -0.47307500 1.08022100 0.64257600
v -0.47307500 1.08022100 0.64257600
v -0.47307500 1.04363900 0.60599300
v -0.47307500 1.04363900 0.60599300
v -0.47307500 1.04363900 0.60599300
v -0.69814000 1.27914700 0.52393700
v -0.69814000 1.25677500 0.55211900
v -0.69814000 1.25677500 0.55211900
v -0.69814000 1.25677500 0.52393700
v -0.50185900 1.27914700 0.52393700
v -0.69814000 1.27914700 0.55211900
v -0.69814000 1.27914700 0.55211900
v -0.50185900 1.25677500 0.52393700
v -0.50185900 1.27914700 0.55211900
v -0.50185900 1.27914700 0.55211900
v -0.50185900 1.25677500 0.55211900
v -0.50185900 1.25677500 0.55211900
v -0.51798100 1.26745300 0.54194800
v -0.51798100 1.26745300 0.54194800
v -0.68201900 1.26745300 0.54194800
v -0.68201900 1.26745300 0.54194800
v -0.28201900 1.10150000 0.54194800
v -0.28201900 1.39923300 0.54194800
v -0.11798100 1.39923300 0.54194800
v -0.11798100 1.10150000 0.54194800
v -0.32692400 1.43624500 0.50616700
v -0.32692400 1.43624500 0.50616700
v -0.32692400 1.39721000 0.62487000
v -0.32692400 1.39721000 0.62487000
v -0.32692400 1.39721000 0.62487000
v -0.32692400 1.39721000 0.50616700
v -0.32692400 1.39721000 0.50616700
v -0.07307500 1.43624500 0.50616700
v -0.07307500 1.43624500 0.50616700
v -0.32692400 1.43624500 0.62487000
v -0.32692400 1.43624500 0.62487000
v -0.32692400 1.43624500 0.62487000
v -0.07307500 1.39721000 0.50616700
v -0.07307500 1.39721000 0.50616700
v -0.07307500 1.43624500 0.62487000
v -0.07307500 1.43624500 0.62487000
v -0.07307500 1.43624500 0.62487000
v -0.07307500 1.39721000 0.62487000
v -0.07307500 1.39721000 0.62487000
v -0.07307500 1.39721000 0.62487000
v -0.12851600 1.41917400 0.51597000
v -0.12851600 1.10048900 0.56306400
v -0.12851600 1.10048900 0.56306400
v -0.12851600 1.10048900 0.51597000
v -0.12851600 1.41917400 0.56306400
v -0.12851600 1.41917400 0.56306400
v -0.09353400 1.41917400 0.56306400
v -0.09353400 1.10048900 0.56306400
v -0.30646700 1.10048900 0.56306400
v -0.27148400 1.41917400 0.51597000
v -0.30646700 1.41917400 0.56306400
v -0.27148400 1.10048900 0.51597000
v -0.27148400 1.41917400 0.56306400
v -0.27148400 1.41917400 0.56306400
v -0.27148400 1.10048900 0.56306400
v -0.27148400 1.10048900 0.56306400
v -0.32692400 1.10783100 0.47549100
v -0.32692400 1.10783100 0.47549100
v -0.32692400 1.04363900 0.47549100
v -0.32692400 1.04363900 0.47549100
v -0.07307500 1.10783100 0.47549100
v -0.07307500 1.10783100 0.47549100
v -0.32692400 1.10783100 0.64257600
v -0.32692400 1.10783100 0.64257600
v -0.32692400 1.10783100 0.64257600
v -0.07307500 1.04363900 0.47549100
v -0.07307500 1.04363900 0.47549100
v -0.07307500 1.10783100 0.64257600
v -0.07307500 1.10783100 0.64257600
v -0.07307500 1.10783100 0.64257600
v -0.32692400 1.04363900 0.60599300
v -0.32692400 1.04363900 0.60599300
v -0.32692400 1.04363900 0.60599300
v -0.32692400 1.08022100 0.64257600
v -0.32692400 1.08022100 0.64257600
v -0.32692400 1.08022100 0.64257600
v -0.07307500 1.08022100 0.64257600
v -0.07307500 1.08022100 0.64257600
v -0.07307500 1.08022100 0.64257600
v -0.07307500 1.04363900 0.60599300
v -0.07307500 1.04363900 0.60599300
v -0.07307500 1.04363900 0.60599300
v -0.29814000 1.32645800 0.52393700
v -0.29814000 1.30408600 0.55211900
v -0.29814000 1.30408600 0.55211900
v -0.29814000 1.30408600 0.52393700
v -0.10185900 1.32645800 0.52393700
v -0.29814000 1.32645800 0.55211900
v -0.29814000 1.32645800 0.55211900
v -0.10185900 1.30408600 0.52393700
v -0.10185900 1.32645800 0.55211900
v -0.10185900 1.32645800 0.55211900
v -0.10185900 1.30408600 0.55211900
v -0.10185900 1.30408600 0.55211900
v -0.11798100 1.31476400 0.54194800
v -0.11798100 1.31476400 0.54194800
v -0.28201900 1.31476400 0.54194800
v -0.28201900 1.31476400 0.54194800
v 0.11798100 1.10150000 0.54194800
v 0.11798100 1.39923300 0.54194800
v 0.28201900 1.39923300 0.54194800
v 0.28201900 1.10150000 0.54194800
v 0.07307600 1.43624500 0.50616700
v 0.07307600 1.43624500 0.50616700
v 0.07307600 1.39721000 0.62487000
v 0.07307600 1.39721000 0.62487000
v 0.07307600 1.39721000 0.62487000
v 0.07307600 1.39721000 0.50616700
v 0.07307600 1.39721000 0.50616700
v 0.32692500 1.43624500 0.50616700
v 0.32692500 1.43624500 0.50616700
v 0.07307600 1.43624500 0.62487000
v 0.07307600 1.43624500 0.62487000
v 0.07307600 1.43624500 0.62487000
v 0.32692500 1.39721000 0.50616700
v 0.32692500 1.39721000 0.50616700
v 0.32692500 1.43624500 0.62487000
v 0.32692500 1.43624500 0.62487000
v 0.32692500 1.43624500 0.62487000
v 0.32692500 1.39721000 0.62487000
v 0.32692500 1.39721000 0.62487000
v 0.32692500 1.39721000 0.62487000
v 0.27148400 1.41917400 0.51597000
v 0.27148400 1.10048900 0.56306400
v 0.27148400 1.10048900 0.56306400
v 0.27148400 1.10048900 0.51597000
v 0.27148400 1.41917400 0.56306400
v 0.27148400 1.41917400 0.56306400
v 0.30646600 1.41917400 0.56306400
v 0.30646600 1.10048900 0.56306400
v 0.09353300 1.10048900 0.56306400
v 0.12851600 1.41917400 0.51597000
v 0.09353300 1.41917400 0.56306400
v 0.12851600 1.10048900 0.51597000
v 0.12851600 1.41917400 0.56306400
v 0.12851600 1.41917400 0.56306400
v 0.12851600 1.10048900 0.56306400
v 0.12851600 1.10048900 0.56306400
v 0.07307600 1.10783100 0.47549100
v 0.07307600 1.10783100 0.47549100
v 0.07307600 1.04363900 0.47549100
v 0.07307600 1.04363900 0.47549100
v 0.32692500 1.10783100 0.47549100
v 0.32692500 1.10783100 0.47549100
v 0.07307600 1.10783100 0.64257600
v 0.07307600 1.10783100 0.64257600
v 0.07307600 1.10783100 0.64257600
v 0.32692500 1.04363900 0.47549100
v 0.32692500 1.04363900 0.47549100
v 0.32692500 1.10783100 0.64257600
v 0.32692500 1.10783100 0.64257600
v 0.32692500 1.10783100 0.64257600
v 0.07307600 1.04363900 0.60599300
v 0.07307600 1.04363900 0.60599300
v 0.07307600 1.04363900 0.60599300
v 0.07307600 1.08022100 0.64257600
v 0.07307600 1.08022100 0.64257600
v 0.07307600 1.08022100 0.64257600
v 0.32692500 1.08022100 0.64257600
v 0.32692500 1.08022100 0.64257600
v 0.32692500 1.08022100 0.64257600
v 0.32692500 1.04363900 0.60599300
v 0.32692500 1.04363900 0.60599300
v 0.32692500 1.04363900 0.60599300
v 0.10186000 1.27484600 0.52393700
v 0.10186000 1.25247400 0.55211900
v 0.10186000 1.25247400 0.55211900
v 0.10186000 1.25247400 0.52393700
v 0.29814100 1.27484600 0.52393700
v 0.10186000 1.27484600 0.55211900
v 0.10186000 1.27484600 0.55211900
v 0.29814100 1.25247400 0.52393700
v 0.29814100 1.27484600 0.55211900
v 0.29814100 1.27484600 0.55211900
v 0.29814100 1.25247400 0.55211900
v 0.29814100 1.25247400 0.55211900
v 0.28201900 1.26315200 0.54194800
v 0.28201900 1.26315200 0.54194800
v 0.11798100 1.26315200 0.54194800
v 0.11798100 1.26315200 0.54194800
v -0.28201900 0.30150000 0.54194800
v -0.28201900 0.59923300 0.54194800
v -0.11798100 0.59923300 0.54194800
v -0.11798100 0.30150000 0.54194800
v -0.32692500 0.63624500 0.50616700
v -0.32692500 0.63624500 0.50616700
v -0.32692500 0.59721000 0.62487000
v -0.32692500 0.59721000 0.62487000
v -0.32692500 0.59721000 0.62487000
v -0.32692500 0.59721000 0.50616700
v -0.32692500 0.59721000 0.50616700
v -0.07307500 0.63624500 0.50616700
v -0.07307500 0.63624500 0.50616700
v -0.32692500 0.63624500 0.62487000
v -0.32692500 0.63624500 0.62487000
v -0.32692500 0.63624500 0.62487000
v -0.07307500 0.59721000 0.50616700
v -0.07307500 0.59721000 0.50616700
v -0.07307500 0.63624500 0.62487000
v -0.07307500 0.63624500 0.62487000
v -0.07307500 0.63624500 0.62487000
v -0.07307500 0.59721000 0.62487000
v -0.07307500 0.59721000 0.62487000
v -0.07307500 0.59721000 0.62487000
v -0.12851600 0.61917400 0.51597000
v -0.12851600 0.30048900 0.56306400
v -0.12851600 0.30048900 0.56306400
v -0.12851600 0.30048900 0.51597000
v -0.12851600 0.61917400 0.56306400
v -0.12851600 0.61917400 0.56306400
v -0.09353400 0.61917400 0.56306400
v -0.09353400 0.30048900 0.56306400
v -0.30646700 0.30048900 0.56306400
v -0.27148400 0.61917400 0.51597000
v -0.30646700 0.61917400 0.56306400
v -0.27148400 0.30048900 0.51597000
v -0.27148400 0.61917400 0.56306400
v -0.27148400 0.61917400 0.56306400
v -0.27148400 0.30048900 0.56306400
v -0.27148400 0.30048900 0.56306400
v -0.32692500 0.30783100 0.47549100
v -0.32692500 0.30783100 0.47549100
v -0.32692500 0.24363900 0.47549100
v -0.32692500 0.24363900 0.47549100
v -0.07307500 0.30783100 0.47549100
v -0.07307500 0.30783100 0.47549100
v -0.32692500 0.30783100 0.64257600
v -0.32692500 0.30783100 0.64257600
v -0.32692500 0.30783100 0.64257600
v -0.07307500 0.24363900 0.47549100
v -0.07307500 0.24363900 0.47549100
v -0.07307500 0.30783100 0.64257600
v -0.07307500 0.30783100 0.64257600
v -0.07307500 0.30783100 0.64257600
v -0.32692500 0.24363900 0.60599300
v -0.32692500 0.24363900 0.60599300
v -0.32692500 0.24363900 0.60599300
v -0.32692500 0.28022100 0.64257600
v -0.32692500 0.28022100 0.64257600
v -0.32692500 0.28022100 0.64257600
v -0.07307500 0.28022100 0.64257600
v -0.07307500 0.28022100 0.64257600
v -0.07307500 0.28022100 0.64257600
v -0.07307500 0.24363900 0.60599300
v -0.07307500 0.24363900 0.60599300
v -0.07307500 0.24363900 0.60599300
v -0.29814000 0.50495300 0.52393700
v -0.29814000 0.48258100 0.55211900
v -0.29814000 0.48258100 0.55211900
v -0.29814000 0.48258100 0.52393700
v -0.10185900 0.50495300 0.52393700
v -0.29814000 0.50495300 0.55211900
v -0.29814000 0.50495300 0.55211900
v -0.10185900 0.48258100 0.52393700
v -0.10185900 0.50495300 0.55211900
v -0.10185900 0.50495300 0.55211900
v -0.10185900 0.48258100 0.55211900
v -0.10185900 0.48258100 0.55211900
v -0.11798100 0.49325900 0.54194800
v -0.11798100 0.49325900 0.54194800
v -0.28201900 0.49325900 0.54194800
v -0.28201900 0.49325900 0.54194800
v 0.11798100 0.30150000 0.54194800
v 0.11798100 0.59923300 0.54194800
v 0.28201900 0.59923300 0.54194800
v 0.28201900 0.30150000 0.54194800
v 0.07307600 0.63624500 0.50616700
v 0.07307600 0.63624500 0.50616700
v 0.07307600 0.59721000 0.62487000
v 0.07307600 0.59721000 0.62487000
v 0.07307600 0.59721000 0.62487000
v 0.07307600 0.59721000 0.50616700
v 0.07307600 0.59721000 0.50616700
v 0.32692500 0.63624500 0.50616700
v 0.32692500 0.63624500 0.50616700
v 0.07307600 0.63624500 0.62487000
v 0.07307600 0.63624500 0.62487000
v 0.07307600 0.63624500 0.62487000
v 0.32692500 0.59721000 0.50616700
v 0.32692500 0.59721000 0.50616700
v 0.32692500 0.63624500 0.62487000
v 0.32692500 0.63624500 0.62487000
v 0.32692500 0.63624500 0.62487000
v 0.32692500 0.59721000 0.62487000
v 0.32692500 0.59721000 0.62487000
v 0.32692500 0.59721000 0.62487000
v 0.27148400 0.61917400 0.51597000
v 0.27148400 0.30048900 0.56306400
v 0.27148400 0.30048900 0.56306400
v 0.27148400 0.30048900 0.51597000
v 0.27148400 0.61917400 0.56306400
v 0.27148400 0.61917400 0.56306400
v 0.30646600 0.61917400 0.56306400
v 0.30646600 0.30048900 0.56306400
v 0.09353300 0.30048900 0.56306400
v 0.12851600 0.61917400 0.51597000
v 0.09353300 0.61917400 0.56306400
v 0.12851600 0.30048900 0.51597000
v 0.12851600 0.61917400 0.56306400
v 0.12851600 0.61917400 0.56306400
v 0.12851600 0.30048900 0.56306400
v 0.12851600 0.30048900 0.56306400
v 0.07307600 0.30783100 0.47549100
v 0.07307600 0.30783100 0.47549100
v 0.07307600 0.24363900 0.47549100
v 0.07307600 0.24363900 0.47549100
v 0.32692500 0.30783100 0.47549100
v 0.32692500 0.30783100 0.47549100
v 0.07307600 0.30783100 0.64257600
v 0.07307600 0.30783100 0.64257600
v 0.07307600 0.30783100 0.64257600
v 0.32692500 0.24363900 0.47549100
v 0.32692500 0.24363900 0.47549100
v 0.32692500 0.30783100 0.64257600
v 0.32692500 0.30783100 0.64257600
v 0.32692500 0.30783100 0.64257600
v 0.07307600 0.24363900 0.60599300
v 0.07307600 0.24363900 0.60599300
v 0.07307600 0.24363900 0.60599300
v 0.07307600 0.28022100 0.64257600
v 0.07307600 0.28022100 0.64257600
v 0.07307600 0.28022100 0.64257600
v 0.32692500 0.28022100 0.64257600
v 0.32692500 0.28022100 0.64257600
v 0.32692500 0.28022100 0.64257600
v 0.32692500 0.24363900 0.60599300
v 0.32692500 0.24363900 0.60599300
v 0.32692500 0.24363900 0.60599300
v 0.10186000 0.44688900 0.52393700
v 0.10186000 0.42451700 0.55211900
v 0.10186000 0.42451700 0.55211900
v 0.10186000 0.42451700 0.52393700
v 0.29814100 0.44688900 0.52393700
v 0.10186000 0.44688900 0.55211900
v 0.10186000 0.44688900 0.55211900
v 0.29814100 0.42451700 0.52393700
v 0.29814100 0.44688900 0.55211900
v 0.29814100 0.44688900 0.55211900
v 0.29814100 0.42451700 0.55211900
v 0.29814100 0.42451700 0.55211900
v 0.28201900 0.43519500 0.54194800
v 0.28201900 0.43519500 0.54194800
v 0.11798100 0.43519500 0.54194800
v 0.11798100 0.43519500 0.54194800
v 0.51798100 0.54702200 0.54194800
v 0.51798100 0.54702200 0.54194800
v 0.68201900 0.54702200 0.54194800
v 0.68201900 0.54702200 0.54194800
v 0.69814100 0.53634400 0.55211900
v 0.69814100 0.53634400 0.55211900
v 0.69814100 0.55871600 0.55211900
v 0.69814100 0.55871600 0.55211900
v 0.69814100 0.53634400 0.52393700
v 0.50186000 0.55871600 0.55211900
v 0.50186000 0.55871600 0.55211900
v 0.69814100 0.55871600 0.52393700
v 0.50186000 0.53634400 0.52393700
v 0.50186000 0.53634400 0.55211900
v 0.50186000 0.53634400 0.55211900
v 0.50186000 0.55871600 0.52393700
v 0.72692500 0.24363900 0.60599300
v 0.72692500 0.24363900 0.60599300
v 0.72692500 0.24363900 0.60599300
v 0.72692500 0.28022100 0.64257600
v 0.72692500 0.28022100 0.64257600
v 0.72692500 0.28022100 0.64257600
v 0.47307600 0.28022100 0.64257600
v 0.47307600 0.28022100 0.64257600
v 0.47307600 0.28022100 0.64257600
v 0.47307600 0.24363900 0.60599300
v 0.47307600 0.24363900 0.60599300
v 0.47307600 0.24363900 0.60599300
v 0.72692500 0.30783100 0.64257600
v 0.72692500 0.30783100 0.64257600
v 0.72692500 0.30783100 0.64257600
v 0.72692500 0.24363900 0.47549100
v 0.72692500 0.24363900 0.47549100
v 0.47307600 0.30783100 0.64257600
v 0.47307600 0.30783100 0.64257600
v 0.47307600 0.30783100 0.64257600
v 0.72692500 0.30783100 0.47549100
v 0.72692500 0.30783100 0.47549100
v 0.47307600 0.24363900 0.47549100
v 0.47307600 0.24363900 0.47549100
v 0.47307600 0.30783100 0.47549100
v 0.47307600 0.30783100 0.47549100
v 0.52851600 0.30048900 0.56306400
v 0.52851600 0.30048900 0.56306400
v 0.52851600 0.61917400 0.56306400
v 0.52851600 0.61917400 0.56306400
v 0.52851600 0.30048900 0.51597000
v 0.49353300 0.61917400 0.56306400
v 0.52851600 0.61917400 0.51597000
v 0.49353300 0.30048900 0.56306400
v 0.70646600 0.30048900 0.56306400
v 0.70646600 0.61917400 0.56306400
v 0.67148400 0.61917400 0.56306400
v 0.67148400 0.61917400 0.56306400
v 0.67148400 0.30048900 0.51597000
v 0.67148400 0.30048900 0.56306400
v 0.67148400 0.30048900 0.56306400
v 0.67148400 0.61917400 0.51597000
v 0.72692500 0.59721000 0.62487000
v 0.72692500 0.59721000 0.62487000
v 0.72692500 0.59721000 0.62487000
v 0.72692500 0.63624500 0.62487000
v 0.72692500 0.63624500 0.62487000
v 0.72692500 0.63624500 0.62487000
v 0.72692500 0.59721000 0.50616700
v 0.72692500 0.59721000 0.50616700
v 0.47307600 0.63624500 0.62487000
v 0.47307600 0.63624500 0.62487000
v 0.47307600 0.63624500 0.62487000
v 0.72692500 0.63624500 0.50616700
v 0.72692500 0.63624500 0.50616700
v 0.47307600 0.59721000 0.50616700
v 0.47307600 0.59721000 0.50616700
v 0.47307600 0.59721000 0.62487000
v 0.47307600 0.59721000 0.62487000
v 0.47307600 0.59721000 0.62487000
v 0.47307600 0.63624500 0.50616700
v 0.47307600 0.63624500 0.50616700
v 0.68201900 0.30150000 0.54194800
v 0.68201900 0.59923300 0.54194800
v 0.51798100 0.59923300 0.54194800
v 0.51798100 0.30150000 0.54194800
v 0.51798100 1.08121600 0.54194800
v 0.68201900 1.08121600 0.54194800
v 0.72692500 1.04363900 0.60599300
v 0.72692500 1.04363900 0.60599300
v 0.72692500 1.04363900 0.60599300
v 0.72692500 1.08022100 0.64257600
v 0.72692500 1.08022100 0.64257600
v 0.72692500 1.08022100 0.64257600
v 0.47307600 1.08022100 0.64257600
v 0.47307600 1.08022100 0.64257600
v 0.47307600 1.08022100 0.64257600
v 0.47307600 1.04363900 0.60599300
v 0.47307600 1.04363900 0.60599300
v 0.47307600 1.04363900 0.60599300
v 0.72692500 1.10783100 0.64257600
v 0.72692500 1.10783100 0.64257600
v 0.72692500 1.10783100 0.64257600
v 0.72692500 1.04363900 0.47549100
v 0.72692500 1.04363900 0.47549100
v 0.47307600 1.10783100 0.64257600
v 0.47307600 1.10783100 0.64257600
v 0.47307600 1.10783100 0.64257600
v 0.72692500 1.10783100 0.47549100
v 0.72692500 1.10783100 0.47549100
v 0.47307600 1.04363900 0.47549100
v 0.47307600 1.04363900 0.47549100
v 0.47307600 1.10783100 0.47549100
v 0.47307600 1.10783100 0.47549100
v 0.52851600 1.10048900 0.56306400
v 0.52851600 1.10048900 0.56306400
v 0.52851600 1.41917400 0.56306400
v 0.52851600 1.41917400 0.56306400
v 0.52851600 1.10048900 0.51597000
v 0.49353300 1.41917400 0.56306400
v 0.52851600 1.41917400 0.51597000
v 0.49353300 1.10048900 0.56306400
v 0.70646600 1.10048900 0.56306400
v 0.70646600 1.41917400 0.56306400
v 0.67148400 1.41917400 0.56306400
v 0.67148400 1.41917400 0.56306400
v 0.67148400 1.10048900 0.51597000
v 0.67148400 1.10048900 0.56306400
v 0.67148400 1.10048900 0.56306400
v 0.67148400 1.41917400 0.51597000
v 0.72692500 1.39721000 0.62487000
v 0.72692500 1.39721000 0.62487000
v 0.72692500 1.39721000 0.62487000
v 0.72692500 1.43624500 0.62487000
v 0.72692500 1.43624500 0.62487000
v 0.72692500 1.43624500 0.62487000
v 0.72692500 1.39721000 0.50616700
v 0.72692500 1.39721000 0.50616700
v 0.47307600 1.43624500 0.62487000
v 0.47307600 1.43624500 0.62487000
v 0.47307600 1.43624500 0.62487000
v 0.72692500 1.43624500 0.50616700
v 0.72692500 1.43624500 0.50616700
v 0.47307600 1.39721000 0.50616700
v 0.47307600 1.39721000 0.50616700
v 0.47307600 1.39721000 0.62487000
v 0.47307600 1.39721000 0.62487000
v 0.47307600 1.39721000 0.62487000
v 0.47307600 1.43624500 0.50616700
v 0.47307600 1.43624500 0.50616700
v 0.68201900 1.39923300 0.54194800
v 0.51798100 1.39923300 0.54194800
v -0.80000000 1.55000000 0.65000000
v -0.80000000 1.55000000 0.65000000
v -0.80000000 1.55000000 0.65000000
v -0.80000000 1.65000000 0.65000000
v -0.80000000 1.65000000 0.65000000
v -0.80000000 1.65000000 0.65000000
v -0.80000000 1.55000000 -0.65000000
v -0.80000000 1.55000000 -0.65000000
v -0.80000000 1.55000000 -0.65000000
v -0.80000000 1.65000000 -0.65000000
v -0.80000000 1.65000000 -0.65000000
v -0.80000000 1.65000000 -0.65000000
v 0.80000000 1.55000000 0.65000000
v 0.80000000 1.55000000 0.65000000
v 0.80000000 1.55000000 0.65000000
v 0.80000000 1.65000000 0.65000000
v 0.80000000 1.65000000 0.65000000
v 0.80000000 1.65000000 0.65000000
v 0.80000000 1.55000000 -0.65000000
v 0.80000000 1.55000000 -0.65000000
v 0.80000000 1.55000000 -0.65000000
v 0.80000000 1.65000000 -0.65000000
v 0.80000000 1.65000000 -0.65000000
v 0.80000000 1.65000000 -0.65000000
v 0.69849800 1.65000000 -0.54849700
v 0.69849800 1.65000000 -0.54849700
v 0.69849800 1.65000000 -0.54849700
v -0.69849600 1.65000000 -0.54849700
v -0.69849600 1.65000000 -0.54849700
v -0.69849600 1.65000000 -0.54849700
v -0.69849600 1.65000000 0.54849700
v -0.69849600 1.65000000 0.54849700
v -0.69849600 1.65000000 0.54849700
v 0.69849800 1.65000000 0.54849700
v 0.69849800 1.65000000 0.54849700
v 0.69849800 1.65000000 0.54849700
v -0.67300700 1.60662100 -0.52300700
v -0.67300700 1.60662100 -0.52300700
v -0.67300700 1.60662100 -0.52300700
v 0.67300800 1.60662100 -0.52300700
v 0.67300800 1.60662100 -0.52300700
v 0.67300800 1.60662100 -0.52300700
v 0.67300800 1.60662100 0.52300700
v 0.67300800 1.60662100 0.52300700
v 0.67300800 1.60662100 0.52300700
v -0.67300700 1.60662100 0.52300700
v -0.67300700 1.60662100 0.52300700
v -0.67300700 1.60662100 0.52300700
v -0.80000000 0.85000000 0.65000000
v -0.80000000 0.85000000 0.65000000
v -0.80000000 0.85000000 0.65000000
v -0.80000000 0.95000000 0.65000000
v -0.80000000 0.95000000 0.65000000
v -0.80000000 0.95000000 0.65000000
v -0.80000000 0.85000000 -0.65000000
v -0.80000000 0.85000000 -0.65000000
v -0.80000000 0.85000000 -0.65000000
v -0.80000000 0.95000000 -0.65000000
v -0.80000000 0.95000000 -0.65000000
v -0.80000000 0.95000000 -0.65000000
v 0.80000000 0.85000000 0.65000000
v 0.80000000 0.85000000 0.65000000
v 0.80000000 0.85000000 0.65000000
v 0.80000000 0.95000000 0.65000000
v 0.80000000 0.95000000 0.65000000
v 0.80000000 0.95000000 0.65000000
v 0.80000000 0.85000000 -0.65000000
v 0.80000000 0.85000000 -0.65000000
v 0.80000000 0.85000000 -0.65000000
v 0.80000000 0.95000000 -0.65000000
v 0.80000000 0.95000000 -0.65000000
v 0.80000000 0.95000000 -0.65000000
v -0.80000000 0.85000000 -0.60000000
v -0.80000000 0.85000000 -0.60000000
v -0.80000000 0.85000000 0.60000000
v -0.80000000 0.85000000 0.60000000
v -0.80000000 0.95000000 0.60000000
v -0.80000000 0.95000000 0.60000000
v -0.80000000 0.95000000 -0.60000000
v -0.80000000 0.95000000 -0.60000000
v 0.80000000 0.85000000 0.60000000
v 0.80000000 0.85000000 0.60000000
v 0.80000000 0.85000000 -0.60000000
v 0.80000000 0.85000000 -0.60000000
v 0.80000000 0.95000000 -0.60000000
v 0.80000000 0.95000000 -0.60000000
v 0.80000000 0.95000000 0.60000000
v 0.80000000 0.95000000 0.60000000
v 0.80337000 0.29856700 -0.33697300
v 0.80337000 0.34212300 -0.33697300
v 0.80337000 0.34212300 -0.24973200
v 0.80337000 0.29856700 -0.24973200
v 0.80337000 0.36973900 -0.27173200
v 0.80337000 0.41329500 -0.27173200
v 0.80337000 0.41329500 -0.18449000
v 0.80337000 0.36973900 -0.18449000
v -0.41638300 0.28856700 -0.60672600
v -0.41638300 0.33212300 -0.60672600
v -0.50362500 0.33212300 -0.60672600
v -0.50362500 0.28856700 -0.60672600
v -0.48162500 0.35973900 -0.60672600
v -0.48162500 0.40329500 -0.60672600
v -0.56886600 0.40329500 -0.60672600
v -0.56886600 0.35973900 -0.60672600
v 0.38361700 1.18856700 -0.60672600
v 0.38361700 1.23212300 -0.60672600
v 0.29637500 1.23212300 -0.60672600
v 0.29637500 1.18856700 -0.60672600
v 0.31837500 1.25973900 -0.60672600
v 0.31837500 1.30329500 -0.60672600
v 0.23113400 1.30329500 -0.60672600
v 0.23113400 1.25973900 -0.60672600
v -0.80337000 1.26973900 -0.03697300
v -0.80337000 1.31329500 -0.03697300
v -0.80337000 1.31329500 0.05026900
v -0.80337000 1.26973900 0.05026900
v -0.80337000 1.19856700 0.02826800
v -0.80337000 1.24212300 0.02826800
v -0.80337000 1.24212300 0.11551000
v -0.80337000 1.19856700 0.11551000
v 0.80000000 0.90000000 -0.60000000
v 0.80000000 0.90000000 -0.60000000
v 0.80000000 0.90000000 -0.60000000
v 0.80000000 0.90000000 -0.60000000
v -0.80000000 0.90000000 -0.60000000
v -0.80000000 0.90000000 -0.60000000
v -0.80000000 0.90000000 -0.60000000
v -0.80000000 0.90000000 -0.60000000
v 0.05573000 0.26735300 -0.62360100
v 0.05573000 0.26735300 -0.62360100
v 0.05573000 0.26735300 -0.62360100
v 0.05573000 0.31264900 -0.62360100
v 0.05573000 0.31264900 -0.62360100
v 0.05573000 0.31264900 -0.62360100
v 0.05573000 0.31264900 -0.97639900
v 0.05573000 0.31264900 -0.97639900
v 0.05573000 0.31264900 -0.97639900
v 0.05573000 0.26735300 -0.97639900
v 0.05573000 0.26735300 -0.97639900
v 0.05573000 0.26735300 -0.97639900
v -0.12515600 0.37534200 -0.96725800
v -0.12515600 0.37534200 -0.96725800
v -0.12515600 0.37534200 -0.96725800
v -0.12515600 0.37534200 -0.96725800
v -0.08134000 0.37534200 -0.96725800
v -0.08134000 0.37534200 -0.96725800
v -0.08134000 0.37534200 -0.96725800
v -0.08134000 0.37534200 -0.96725800
v -0.08134100 0.41728000 -0.63590700
v -0.08134100 0.41728000 -0.63590700
v -0.08134100 0.41728000 -0.63590700
v -0.08134100 0.41728000 -0.63590700
v -0.12515600 0.41728000 -0.63590700
v -0.12515600 0.41728000 -0.63590700
v -0.12515600 0.41728000 -0.63590700
v -0.12515600 0.41728000 -0.63590700
v 0.02275700 0.25841300 -0.95000000
v 0.02275700 0.25841300 -0.95000000
v 0.02275700 0.25841300 -0.95000000
v 0.02275700 0.31897300 -0.95000000
v 0.02275700 0.31897300 -0.65000000
v 0.02275700 0.25841300 -0.65000000
v 0.02275700 0.25841300 -0.65000000
v 0.02275700 0.25841300 -0.65000000
v -0.47724300 0.31897300 -0.95000000
v -0.47724300 0.25841300 -0.95000000
v -0.47724300 0.25841300 -0.95000000
v -0.47724300 0.25841300 -0.95000000
v -0.47724300 0.31897300 -0.65000000
v -0.47724300 0.25841300 -0.65000000
v -0.47724300 0.25841300 -0.65000000
v -0.47724300 0.25841300 -0.65000000
v -0.51021700 0.31264900 -0.62360100
v -0.51021700 0.31264900 -0.62360100
v -0.51021700 0.31264900 -0.62360100
v -0.51021700 0.26735300 -0.62360100
v -0.51021700 0.26735300 -0.62360100
v -0.51021700 0.26735300 -0.62360100
v -0.51021700 0.31264900 -0.97639900
v -0.51021700 0.31264900 -0.97639900
v -0.51021700 0.31264900 -0.97639900
v -0.51021700 0.26735300 -0.97639900
v -0.51021700 0.26735300 -0.97639900
v -0.51021700 0.26735300 -0.97639900
v 0.00117400 0.10000100 -0.92051600
v 0.00117400 0.10000100 -0.92051600
v 0.02275700 0.11831000 -0.95000000
v 0.02275700 0.11831000 -0.95000000
v 0.02275700 0.11831000 -0.95000000
v 0.02275700 0.11831000 -0.95000000
v 0.02275700 0.11831000 -0.65000000
v 0.02275700 0.11831000 -0.65000000
v 0.02275700 0.11831000 -0.65000000
v 0.02275700 0.11831000 -0.65000000
v 0.00117400 0.10000100 -0.67948400
v 0.00117400 0.10000100 -0.67948400
v -0.47724300 0.11831000 -0.95000000
v -0.47724300 0.11831000 -0.95000000
v -0.47724300 0.11831000 -0.95000000
v -0.47724300 0.11831000 -0.95000000
v -0.45566100 0.10000100 -0.92051600
v -0.45566100 0.10000100 -0.92051600
v -0.47724300 0.11831000 -0.65000000
v -0.47724300 0.11831000 -0.65000000
v -0.47724300 0.11831000 -0.65000000
v -0.47724300 0.11831000 -0.65000000
v -0.45566100 0.10000100 -0.67948400
v -0.45566100 0.10000100 -0.67948400
v 0.01217900 0.36000100 -0.95000000
v 0.01217900 0.36000100 -0.95000000
v 0.01217900 0.36000100 -0.95000000
v 0.01217900 0.39877500 -0.65000000
v 0.01217900 0.39877500 -0.65000000
v 0.01217900 0.39877500 -0.65000000
v -0.46666600 0.39877500 -0.65000000
v -0.46666600 0.39877500 -0.65000000
v -0.46666600 0.39877500 -0.65000000
v -0.46666600 0.36000100 -0.95000000
v -0.46666600 0.36000100 -0.95000000
v -0.46666600 0.36000100 -0.95000000
v 0.02275700 0.30644600 -0.95000000
v 0.02275700 0.30644600 -0.95000000
v 0.02275700 0.30644600 -0.65000000
v 0.02275700 0.30644600 -0.65000000
v -0.47724300 0.30644600 -0.95000000
v -0.47724300 0.30644600 -0.95000000
v -0.47724300 0.30644600 -0.65000000
v -0.47724300 0.30644600 -0.65000000
v -0.37314400 0.37534200 -0.96725800
v -0.37314400 0.37534200 -0.96725800
v -0.37314400 0.37534200 -0.96725800
v -0.37314400 0.37534200 -0.96725800
v -0.32932900 0.37534200 -0.96725800
v -0.32932900 0.37534200 -0.96725800
v -0.32932900 0.37534200 -0.96725800
v -0.32932900 0.37534200 -0.96725800
v -0.32932900 0.41728000 -0.63590700
v -0.32932900 0.41728000 -0.63590700
v -0.32932900 0.41728000 -0.63590700
v -0.32932900 0.41728000 -0.63590700
v -0.37314500 0.41728000 -0.63590700
v -0.37314500 0.41728000 -0.63590700
v -0.37314500 0.41728000 -0.63590700
v -0.37314500 0.41728000 -0.63590700
v -0.07417300 0.36000100 -0.95000000
v -0.07417300 0.36000100 -0.95000000
v -0.07417300 0.36000100 -0.95000000
v -0.07417300 0.36000100 -0.95000000
v -0.13232400 0.36000100 -0.95000000
v -0.13232400 0.36000100 -0.95000000
v -0.13232400 0.36000100 -0.95000000
v -0.13232400 0.36000100 -0.95000000
v -0.32216100 0.36000100 -0.95000000
v -0.32216100 0.36000100 -0.95000000
v -0.32216100 0.36000100 -0.95000000
v -0.32216100 0.36000100 -0.95000000
v -0.38031200 0.36000100 -0.95000000
v -0.38031200 0.36000100 -0.95000000
v -0.38031200 0.36000100 -0.95000000
v -0.38031200 0.36000100 -0.95000000
v -0.38031200 0.39877500 -0.65000000
v -0.38031200 0.39877500 -0.65000000
v -0.38031200 0.39877500 -0.65000000
v -0.38031200 0.39877500 -0.65000000
v -0.32216100 0.39877500 -0.65000000
v -0.32216100 0.39877500 -0.65000000
v -0.32216100 0.39877500 -0.65000000
v -0.32216100 0.39877500 -0.65000000
v -0.13232400 0.39877500 -0.65000000
v -0.13232400 0.39877500 -0.65000000
v -0.13232400 0.39877500 -0.65000000
v -0.13232400 0.39877500 -0.65000000
v -0.07417300 0.39877500 -0.65000000
v -0.07417300 0.39877500 -0.65000000
v -0.07417300 0.39877500 -0.65000000
v -0.07417300 0.39877500 -0.65000000
v -0.07417300 0.30644900 -0.65000000
v -0.07417300 0.30644900 -0.65000000
v -0.13232400 0.30644900 -0.65000000
v -0.13232400 0.30644900 -0.65000000
v -0.32216100 0.30644900 -0.65000000
v -0.32216100 0.30644900 -0.65000000
v -0.38031200 0.30644900 -0.65000000
v -0.38031200 0.30644900 -0.65000000
v -0.38031200 0.30644900 -0.95000000
v -0.38031200 0.30644900 -0.95000000
v -0.32216100 0.30644900 -0.95000000
v -0.32216100 0.30644900 -0.95000000
v -0.13232400 0.30644900 -0.95000000
v -0.13232400 0.30644900 -0.95000000
v -0.07417300 0.30644900 -0.95000000
v -0.07417300 0.30644900 -0.95000000
v -0.37314500 0.30644900 -0.62962800
v -0.37314500 0.30644900 -0.62962800
v -0.32932900 0.30644900 -0.62962800
v -0.32932900 0.30644900 -0.62962800
v -0.12515600 0.30644900 -0.62962800
v -0.12515600 0.30644900 -0.62962800
v -0.08134100 0.30644900 -0.62962800
v -0.08134100 0.30644900 -0.62962800
v -0.08134000 0.30644900 -0.97037200
v -0.08134000 0.30644900 -0.97037200
v -0.12515600 0.30644900 -0.97037200
v -0.12515600 0.30644900 -0.97037200
v -0.32932900 0.30644900 -0.97037200
v -0.32932900 0.30644900 -0.97037200
v -0.37314400 0.30644900 -0.97037200
v -0.37314400 0.30644900 -0.97037200
v -0.47724300 0.19912300 -0.95000000
v -0.47724300 0.19912300 -0.95000000
v -0.47724300 0.19912300 -0.95000000
v -0.47724300 0.19912300 -0.95000000
v -0.47724300 0.17609000 -0.95000000
v -0.47724300 0.17609000 -0.95000000
v -0.47724300 0.17609000 -0.95000000
v -0.47724300 0.17609000 -0.95000000
v -0.47050200 0.18760700 -0.94325900
v -0.47050200 0.18760700 -0.94325900
v -0.47050200 0.18760700 -0.94325900
v -0.47050200 0.18760700 -0.94325900
v 0.02275700 0.17609000 -0.95000000
v 0.02275700 0.17609000 -0.95000000
v 0.02275700 0.17609000 -0.95000000
v 0.02275700 0.17609000 -0.95000000
v 0.02275700 0.19912300 -0.95000000
v 0.02275700 0.19912300 -0.95000000
v 0.02275700 0.19912300 -0.95000000
v 0.02275700 0.19912300 -0.95000000
v 0.01601500 0.18760700 -0.94325900
v 0.01601500 0.18760700 -0.94325900
v 0.01601500 0.18760700 -0.94325900
v 0.01601500 0.18760700 -0.94325900
v 0.02275700 0.19912300 -0.65000000
v 0.02275700 0.19912300 -0.65000000
v 0.02275700 0.19912300 -0.65000000
v 0.02275700 0.19912300 -0.65000000
v 0.02275700 0.17609000 -0.65000000
v 0.02275700 0.17609000 -0.65000000
v 0.02275700 0.17609000 -0.65000000
v 0.02275700 0.17609000 -0.65000000
v 0.01601500 0.18760700 -0.65674100
v 0.01601500 0.18760700 -0.65674100
v 0.01601500 0.18760700 -0.65674100
v 0.01601500 0.18760700 -0.65674100
v -0.47724300 0.17609000 -0.65000000
v -0.47724300 0.17609000 -0.65000000
v -0.47724300 0.17609000 -0.65000000
v -0.47724300 0.17609000 -0.65000000
v -0.47724300 0.19912300 -0.65000000
v -0.47724300 0.19912300 -0.65000000
v -0.47724300 0.19912300 -0.65000000
v -0.47724300 0.19912300 -0.65000000
v -0.47050200 0.18760700 -0.65674100
v -0.47050200 0.18760700 -0.65674100
v -0.47050200 0.18760700 -0.65674100
v -0.47050200 0.18760700 -0.65674100
v -0.35380100 0.24621000 -0.95360800
v -0.44368500 0.24621000 -0.95360800
v -0.44368500 0.21132600 -0.95360800
v -0.35380100 0.21132600 -0.95360800
v 0.45251400 0.10000100 -0.69758100
v 0.45251400 0.10000100 -0.69758100
v 0.45251400 0.10000100 -0.69758100
v 0.47852900 0.10000100 -0.84739800
v 0.47852900 0.10000100 -0.84739800
v 0.47852900 0.10000100 -0.84739800
v 0.60233100 0.10000100 -0.67156600
v 0.60233100 0.10000100 -0.67156600
v 0.60233100 0.10000100 -0.67156600
v 0.60233100 0.23363700 -0.67156600
v 0.60233100 0.23363700 -0.67156600
v 0.60233100 0.23363700 -0.67156600
v 0.62834600 0.10000100 -0.82138300
v 0.62834600 0.10000100 -0.82138300
v 0.62834600 0.10000100 -0.82138300
v 0.62834600 0.23363700 -0.82138300
v 0.62834600 0.23363700 -0.82138300
v 0.62834600 0.23363700 -0.82138300
v 0.46488700 0.20961200 -0.69305800
v 0.47007700 0.18118800 -0.69215700
v 0.50559200 0.21727000 -0.68599000
v 0.51078300 0.18884600 -0.68508800
v 0.52742300 0.26963400 -0.68457300
v 0.55343800 0.26963400 -0.83439000
v 0.47852900 0.23363700 -0.84739800
v 0.47852900 0.23363700 -0.84739800
v 0.47852900 0.23363700 -0.84739800
v 0.47852900 0.23363700 -0.84739800
v 0.45251400 0.23363700 -0.69758100
v 0.45251400 0.23363700 -0.69758100
v 0.45251400 0.23363700 -0.69758100
v 0.45251400 0.23363700 -0.69758100
v 0.55343800 0.23363700 -0.83439000
v 0.55343800 0.23363700 -0.83439000
v 0.55343800 0.23363700 -0.83439000
v 0.52742300 0.23363700 -0.68457300
v 0.52742300 0.23363700 -0.68457300
v 0.52742300 0.23363700 -0.68457300
v 0.19356600 0.10000100 -0.72921300
v 0.11521600 0.10000100 -0.70375500
v 0.11521600 0.10000100 -0.70375500
v 0.06679200 0.10000100 -0.77040300
v 0.06679200 0.10000100 -0.77040300
v 0.06679200 0.10000100 -0.77040300
v 0.11521600 0.10000100 -0.83705200
v 0.11521600 0.10000100 -0.83705200
v 0.19356600 0.10000100 -0.81159400
v 0.14229400 0.13014200 -0.72296600
v 0.14229400 0.13014200 -0.72296600
v 0.08652800 0.13014200 -0.74108600
v 0.08652800 0.13014200 -0.74108600
v 0.08652800 0.13014200 -0.74108600
v 0.08652800 0.13014200 -0.79972100
v 0.08652800 0.13014200 -0.79972100
v 0.08652800 0.13014200 -0.79972100
v 0.14229400 0.13014200 -0.81784100
v 0.14229400 0.13014200 -0.81784100
v 0.17676000 0.13014200 -0.77040300
v 0.17676000 0.13014200 -0.77040300
v 0.13346000 0.15237800 -0.77040300
v 0.44256400 0.10000100 -0.78258100
v 0.40086200 0.10000100 -0.79592200
v 0.40086200 0.10000100 -0.79592200
v 0.40066300 0.10000100 -0.83970500
v 0.44224200 0.10000100 -0.85342300
v 0.44224200 0.10000100 -0.85342300
v 0.46813800 0.10000100 -0.81811800
v 0.41850700 0.12324400 -0.79580300
v 0.41850700 0.12324400 -0.79580300
v 0.40007600 0.12324400 -0.82093100
v 0.40007600 0.12324400 -0.82093100
v 0.41827800 0.12324400 -0.84622500
v 0.41827800 0.12324400 -0.84622500
v 0.44795900 0.12324400 -0.83673000
v 0.44795900 0.12324400 -0.83673000
v 0.44810100 0.12324400 -0.80556700
v 0.44810100 0.12324400 -0.80556700
v 0.42942200 0.14039200 -0.81900900
v -0.08890600 0.10000000 0.74691100
v -0.08890600 0.10000000 0.74691100
v -0.08890600 0.17000000 0.74691100
v -0.08890600 0.17000000 0.74691100
v -0.08890600 0.10000000 0.65308900
v -0.08890600 0.10000000 0.65308900
v -0.08890600 0.17000000 0.65308900
v -0.08890600 0.17000000 0.65308900
v -0.05109600 0.10000000 0.74691100
v -0.05109600 0.10000000 0.74691100
v -0.05109600 0.17000000 0.74691100
v -0.05109600 0.17000000 0.74691100
v -0.05109600 0.10000000 0.65308900
v -0.05109600 0.10000000 0.65308900
v -0.05109600 0.17000000 0.65308900
v -0.05109600 0.17000000 0.65308900
v -0.34890600 0.10000000 0.74691100
v -0.34890600 0.10000000 0.74691100
v -0.34890600 0.17000000 0.74691100
v -0.34890600 0.17000000 0.74691100
v -0.34890600 0.10000000 0.65308900
v -0.34890600 0.10000000 0.65308900
v -0.34890600 0.17000000 0.65308900
v -0.34890600 0.17000000 0.65308900
v -0.31109600 0.10000000 0.74691100
v -0.31109600 0.10000000 0.74691100
v -0.31109600 0.17000000 0.74691100
v -0.31109600 0.17000000 0.74691100
v -0.31109600 0.10000000 0.65308900
v -0.31109600 0.10000000 0.65308900
v -0.31109600 0.17000000 0.65308900
v -0.31109600 0.17000000 0.65308900
v -0.37286800 0.16000000 0.77500000
v -0.37286800 0.16000000 0.77500000
v -0.37286800 0.16000000 0.77500000
v -0.40000100 0.16000000 0.74786700
v -0.40000100 0.16000000 0.74786700
v -0.40000100 0.20000000 0.74786700
v -0.40000100 0.20000000 0.74786700
v -0.37286800 0.20000000 0.77500000
v -0.37286800 0.20000000 0.77500000
v -0.37286800 0.20000000 0.77500000
v -0.40000100 0.16000000 0.65213300
v -0.40000100 0.16000000 0.65213300
v -0.37286800 0.16000000 0.62500000
v -0.37286800 0.16000000 0.62500000
v -0.37286800 0.16000000 0.62500000
v -0.37286800 0.20000000 0.62500000
v -0.37286800 0.20000000 0.62500000
v -0.37286800 0.20000000 0.62500000
v -0.40000100 0.20000000 0.65213300
v -0.40000100 0.20000000 0.65213300
v -0.00000100 0.16000000 0.74786700
v -0.00000100 0.16000000 0.74786700
v -0.02713400 0.16000000 0.77500000
v -0.02713400 0.16000000 0.77500000
v -0.02713400 0.16000000 0.77500000
v -0.02713400 0.20000000 0.77500000
v -0.02713400 0.20000000 0.77500000
v -0.02713400 0.20000000 0.77500000
v -0.00000100 0.20000000 0.74786700
v -0.00000100 0.20000000 0.74786700
v -0.02713400 0.16000000 0.62500000
v -0.02713400 0.16000000 0.62500000
v -0.02713400 0.16000000 0.62500000
v -0.00000100 0.16000000 0.65213300
v -0.00000100 0.16000000 0.65213300
v -0.00000100 0.20000000 0.65213300
v -0.00000100 0.20000000 0.65213300
v -0.02713400 0.20000000 0.62500000
v -0.02713400 0.20000000 0.62500000
v -0.02713400 0.20000000 0.62500000
v 0.83000000 0.13833900 0.78000000
v 0.83000000 0.13833900 0.78000000
v 0.83000000 0.13833900 0.78000000
v 0.83000000 0.24566900 0.78000000
v 0.83000000 0.24566900 0.78000000
v 0.83000000 0.24566900 0.78000000
v 0.86535500 0.13833900 0.79464500
v 0.86535500 0.13833900 0.79464500
v 0.86535500 0.24566900 0.79464500
v 0.86535500 0.24566900 0.79464500
v 0.88000000 0.13833900 0.83000000
v 0.88000000 0.13833900 0.83000000
v 0.88000000 0.13833900 0.83000000
v 0.88000000 0.24566900 0.83000000
v 0.88000000 0.24566900 0.83000000
v 0.88000000 0.24566900 0.83000000
v 0.86535500 0.13833900 0.86535500
v 0.86535500 0.13833900 0.86535500
v 0.86535500 0.13833900 0.86535500
v 0.86535500 0.24566900 0.86535500
v 0.86535500 0.24566900 0.86535500
v 0.83000000 0.13833900 0.88000000
v 0.83000000 0.13833900 0.88000000
v 0.83000000 0.13833900 0.88000000
v 0.83000000 0.24566900 0.88000000
v 0.83000000 0.24566900 0.88000000
v 0.83000000 0.24566900 0.88000000
v 0.79464500 0.13833900 0.86535500
v 0.79464500 0.13833900 0.86535500
v 0.79464500 0.13833900 0.86535500
v 0.79464500 0.24566900 0.86535500
v 0.79464500 0.24566900 0.86535500
v 0.78000000 0.13833900 0.83000000
v 0.78000000 0.13833900 0.83000000
v 0.78000000 0.13833900 0.83000000
v 0.78000000 0.24566900 0.83000000
v 0.78000000 0.24566900 0.83000000
v 0.78000000 0.24566900 0.83000000
v 0.79464500 0.13833900 0.79464500
v 0.79464500 0.13833900 0.79464500
v 0.79464500 0.24566900 0.79464500
v 0.79464500 0.24566900 0.79464500
v 0.86535500 0.28331600 0.79464500
v 0.86535500 0.28331600 0.79464500
v 0.86535500 0.28331600 0.79464500
v 0.83000000 0.28331600 0.78000000
v 0.83000000 0.28331600 0.78000000
v 0.83000000 0.28331600 0.78000000
v 0.88000000 0.28331600 0.83000000
v 0.88000000 0.28331600 0.83000000
v 0.88000000 0.28331600 0.83000000
v 0.86535500 0.28331600 0.86535500
v 0.86535500 0.28331600 0.86535500
v 0.86535500 0.28331600 0.86535500
v 0.83000000 0.28331600 0.88000000
v 0.83000000 0.28331600 0.88000000
v 0.83000000 0.28331600 0.88000000
v 0.79464500 0.28331600 0.86535500
v 0.79464500 0.28331600 0.86535500
v 0.79464500 0.28331600 0.86535500
v 0.78000000 0.28331600 0.83000000
v 0.78000000 0.28331600 0.83000000
v 0.78000000 0.28331600 0.83000000
v 0.79464500 0.28331600 0.79464500
v 0.79464500 0.28331600 0.79464500
v 0.79464500 0.28331600 0.79464500
v 0.85605200 0.31000000 0.80394900
v 0.83000000 0.31000000 0.79315800
v 0.86684200 0.31000000 0.83000000
v 0.85605200 0.31000000 0.85605100
v 0.83000000 0.31000000 0.86684200
v 0.80394900 0.31000000 0.85605100
v 0.79315800 0.31000000 0.83000000
v 0.80394900 0.31000000 0.80394900
v 0.83000000 0.32459500 0.83000000
v 0.76721000 0.25000000 0.83000000
v 0.76721000 0.25000000 0.83000000
v 0.76721000 0.25000000 0.83000000
v 0.78560100 0.25000000 0.87439900
v 0.78560100 0.25000000 0.87439900
v 0.83000000 0.25000000 0.89279000
v 0.83000000 0.25000000 0.89279000
v 0.83000000 0.25000000 0.89279000
v 0.87439900 0.25000000 0.87439900
v 0.87439900 0.25000000 0.87439900
v 0.89279000 0.25000000 0.83000000
v 0.89279000 0.25000000 0.83000000
v 0.89279000 0.25000000 0.83000000
v 0.83000000 0.25000000 0.76721000
v 0.83000000 0.25000000 0.76721000
v 0.87439900 0.25000000 0.78560100
v 0.87439900 0.25000000 0.78560100
v 0.87439900 0.25000000 0.78560100
v 0.78560100 0.25000000 0.78560100
v 0.78560100 0.25000000 0.78560100
v 0.78560100 0.25000000 0.78560100
v 0.87439900 0.28000000 0.78560100
v 0.87439900 0.28000000 0.78560100
v 0.87439900 0.28000000 0.78560100
v 0.83000000 0.28000000 0.76721000
v 0.83000000 0.28000000 0.76721000
v 0.89279000 0.28000000 0.83000000
v 0.89279000 0.28000000 0.83000000
v 0.89279000 0.28000000 0.83000000
v 0.87439900 0.28000000 0.87439900
v 0.87439900 0.28000000 0.87439900
v 0.83000000 0.28000000 0.89279000
v 0.83000000 0.28000000 0.89279000
v 0.83000000 0.28000000 0.89279000
v 0.78560100 0.28000000 0.87439900
v 0.78560100 0.28000000 0.87439900
v 0.76721000 0.28000000 0.83000000
v 0.76721000 0.28000000 0.83000000
v 0.76721000 0.28000000 0.83000000
v 0.78560100 0.28000000 0.78560100
v 0.78560100 0.28000000 0.78560100
v 0.78560100 0.28000000 0.78560100
v 0.84124100 0.18300000 0.89622200
v 0.84124100 0.18300000 0.89622200
v 0.84124100 0.18300000 0.89622200
v 0.84124100 0.18300000 0.83699700
v 0.84124100 0.18300000 0.83699700
v 0.85713700 0.19889700 0.89622200
v 0.85713700 0.19889700 0.89622200
v 0.85713700 0.19889700 0.89622200
v 0.85713700 0.19889700 0.83699700
v 0.85713700 0.19889700 0.83699700
v 0.85713700 0.22137800 0.89622200
v 0.85713700 0.22137800 0.89622200
v 0.85713700 0.22137800 0.89622200
v 0.85713700 0.22137800 0.83699700
v 0.85713700 0.22137800 0.83699700
v 0.84124100 0.23727500 0.89622200
v 0.84124100 0.23727500 0.89622200
v 0.84124100 0.23727500 0.89622200
v 0.84124100 0.23727500 0.83699700
v 0.84124100 0.23727500 0.83699700
v 0.83000000 0.13000000 0.76490200
v 0.83000000 0.13000000 0.76490200
v 0.87603200 0.13000000 0.78396900
v 0.87603200 0.13000000 0.78396900
v 0.87603200 0.13000000 0.78396900
v 0.89509800 0.13000000 0.83000000
v 0.89509800 0.13000000 0.83000000
v 0.89509800 0.13000000 0.83000000
v 0.87603200 0.13000000 0.87603100
v 0.87603200 0.13000000 0.87603100
v 0.83000000 0.13000000 0.89509800
v 0.83000000 0.13000000 0.89509800
v 0.83000000 0.13000000 0.89509800
v 0.78396900 0.13000000 0.87603100
v 0.78396900 0.13000000 0.87603100
v 0.76490200 0.13000000 0.83000000
v 0.76490200 0.13000000 0.83000000
v 0.76490200 0.13000000 0.83000000
v 0.78396900 0.13000000 0.78396900
v 0.78396900 0.13000000 0.78396900
v 0.78396900 0.13000000 0.78396900
v 0.83000000 0.10000000 0.76490200
v 0.87603200 0.10000000 0.78396900
v 0.87603200 0.10000000 0.78396900
v 0.89509800 0.10000000 0.83000000
v 0.89509800 0.10000000 0.83000000
v 0.87603200 0.10000000 0.87603100
v 0.83000000 0.10000000 0.89509800
v 0.83000000 0.10000000 0.89509800
v 0.78396900 0.10000000 0.87603100
v 0.76490200 0.10000000 0.83000000
v 0.76490200 0.10000000 0.83000000
v 0.78396900 0.10000000 0.78396900
v 0.78396900 0.10000000 0.78396900
v 0.81875900 0.18300000 0.83699700
v 0.81875900 0.18300000 0.89622200
v 0.81875900 0.18300000 0.89622200
v 0.80286300 0.19889700 0.83699700
v 0.80286300 0.19889700 0.83699700
v 0.80286300 0.19889700 0.89622200
v 0.80286300 0.19889700 0.89622200
v 0.80286300 0.19889700 0.89622200
v 0.80286300 0.22137800 0.83699700
v 0.80286300 0.22137800 0.83699700
v 0.80286300 0.22137800 0.89622200
v 0.80286300 0.22137800 0.89622200
v 0.80286300 0.22137800 0.89622200
v 0.81875900 0.23727500 0.83699700
v 0.81875900 0.23727500 0.83699700
v 0.81875900 0.23727500 0.89622200
v 0.81875900 0.23727500 0.89622200
v 0.81875900 0.23727500 0.89622200
v 0.83569700 0.19638400 0.89622200
v 0.83569700 0.19638400 0.89622200
v 0.84375300 0.20444100 0.89622200
v 0.84375300 0.20444100 0.89622200
v 0.84375300 0.20444100 0.89622200
v 0.84375300 0.21583400 0.89622200
v 0.84375300 0.21583400 0.89622200
v 0.83569700 0.22389100 0.89622200
v 0.83569700 0.22389100 0.89622200
v 0.82430300 0.22389100 0.89622200
v 0.82430300 0.22389100 0.89622200
v 0.81624700 0.21583400 0.89622200
v 0.81624700 0.21583400 0.89622200
v 0.81624700 0.20444100 0.89622200
v 0.81624700 0.20444100 0.89622200
v 0.81624700 0.20444100 0.89622200
v 0.82430300 0.19638400 0.89622200
v 0.82430300 0.19638400 0.89622200
v 0.83000000 0.21013800 0.88078800
v 0.83000000 0.21013800 0.88078800
v 0.76225400 0.19485100 0.84528700
v 0.76225400 0.19485100 0.84528700
v 0.76225400 0.19485100 0.84528700
v 0.76225400 0.22542500 0.84528700
v 0.76225400 0.22542500 0.84528700
v 0.76225400 0.22542500 0.84528700
v 0.76225400 0.19485100 0.81471300
v 0.76225400 0.19485100 0.81471300
v 0.76225400 0.19485100 0.81471300
v 0.76225400 0.22542500 0.81471300
v 0.76225400 0.22542500 0.81471300
v 0.76225400 0.22542500 0.81471300
v 0.89775000 0.19485100 0.84528700
v 0.89775000 0.19485100 0.84528700
v 0.89775000 0.19485100 0.84528700
v 0.89775000 0.22542500 0.84528700
v 0.89775000 0.22542500 0.84528700
v 0.89775000 0.22542500 0.84528700
v 0.89775000 0.19485100 0.81471300
v 0.89775000 0.19485100 0.81471300
v 0.89775000 0.19485100 0.81471300
v 0.89775000 0.22542500 0.81471300
v 0.89775000 0.22542500 0.81471300
v 0.89775000 0.22542500 0.81471300
v 0.41109400 0.10000000 0.74691100
v 0.41109400 0.10000000 0.74691100
v 0.41109400 0.17000000 0.74691100
v 0.41109400 0.17000000 0.74691100
v 0.41109400 0.10000000 0.65308900
v 0.41109400 0.10000000 0.65308900
v 0.41109400 0.17000000 0.65308900
v 0.41109400 0.17000000 0.65308900
v 0.44890400 0.10000000 0.74691100
v 0.44890400 0.10000000 0.74691100
v 0.44890400 0.17000000 0.74691100
v 0.44890400 0.17000000 0.74691100
v 0.44890400 0.10000000 0.65308900
v 0.44890400 0.10000000 0.65308900
v 0.44890400 0.17000000 0.65308900
v 0.44890400 0.17000000 0.65308900
v 0.15109400 0.10000000 0.74691100
v 0.15109400 0.10000000 0.74691100
v 0.15109400 0.17000000 0.74691100
v 0.15109400 0.17000000 0.74691100
v 0.15109400 0.10000000 0.65308900
v 0.15109400 0.10000000 0.65308900
v 0.15109400 0.17000000 0.65308900
v 0.15109400 0.17000000 0.65308900
v 0.18890400 0.10000000 0.74691100
v 0.18890400 0.10000000 0.74691100
v 0.18890400 0.17000000 0.74691100
v 0.18890400 0.17000000 0.74691100
v 0.18890400 0.10000000 0.65308900
v 0.18890400 0.10000000 0.65308900
v 0.18890400 0.17000000 0.65308900
v 0.18890400 0.17000000 0.65308900
v 0.12713200 0.16000000 0.77500000
v 0.12713200 0.16000000 0.77500000
v 0.12713200 0.16000000 0.77500000
v 0.09999900 0.16000000 0.74786700
v 0.09999900 0.16000000 0.74786700
v 0.09999900 0.20000000 0.74786700
v 0.09999900 0.20000000 0.74786700
v 0.12713200 0.20000000 0.77500000
v 0.12713200 0.20000000 0.77500000
v 0.12713200 0.20000000 0.77500000
v 0.09999900 0.16000000 0.65213300
v 0.09999900 0.16000000 0.65213300
v 0.12713200 0.16000000 0.62500000
v 0.12713200 0.16000000 0.62500000
v 0.12713200 0.16000000 0.62500000
v 0.12713200 0.20000000 0.62500000
v 0.12713200 0.20000000 0.62500000
v 0.12713200 0.20000000 0.62500000
v 0.09999900 0.20000000 0.65213300
v 0.09999900 0.20000000 0.65213300
v 0.49999900 0.16000000 0.74786700
v 0.49999900 0.16000000 0.74786700
v 0.47286600 0.16000000 0.77500000
v 0.47286600 0.16000000 0.77500000
v 0.47286600 0.16000000 0.77500000
v 0.47286600 0.20000000 0.77500000
v 0.47286600 0.20000000 0.77500000
v 0.47286600 0.20000000 0.77500000
v 0.49999900 0.20000000 0.74786700
v 0.49999900 0.20000000 0.74786700
v 0.47286600 0.16000000 0.62500000
v 0.47286600 0.16000000 0.62500000
v 0.47286600 0.16000000 0.62500000
v 0.49999900 0.16000000 0.65213300
v 0.49999900 0.16000000 0.65213300
v 0.49999900 0.20000000 0.65213300
v 0.49999900 0.20000000 0.65213300
v 0.47286600 0.20000000 0.62500000
v 0.47286600 0.20000000 0.62500000
v 0.47286600 0.20000000 0.62500000
vn -1.00000000 0.00000000 0.00000000
vn 0.00000000 0.00000000 1.00000000
vn 0.00000000 -1.00000000 0.00000000
vn 0.00000000 0.00000000 1.00000000
vn -1.00000000 0.00000000 0.00000000
vn 0.00000000 1.00000000 0.00000000
vn 0.00000000 -1.00000000 0.00000000
vn -1.00000000 0.00000000 0.00000000
vn 0.00000000 0.00000000 -1.00000000
vn 0.00000000 0.00000000 -1.00000000
vn -1.00000000 0.00000000 0.00000000
vn 0.00000000 1.00000000 0.00000000
vn 0.00000000 -1.00000000 0.00000000
vn 0.00000000 0.00000000 1.00000000
vn 1.00000000 0.00000000 0.00000000
vn 0.00000000 0.00000000 1.00000000
vn 1.00000000 0.00000000 0.00000000
vn 0.00000000 1.00000000 0.00000000
vn 0.00000000 0.00000000 -1.00000000
vn 1.00000000 0.00000000 0.00000000
vn 0.00000000 -1.00000000 0.00000000
vn 1.00000000 0.00000000 0.00000000
vn 0.00000000 1.00000000 0.00000000
vn 0.00000000 0.00000000 -1.00000000
vn 0.00000000 0.00000000 -1.00000000
vn 0.00000000 -1.00000000 0.00000000
vn 0.00000000 0.00000000 -1.00000000
vn 0.00000000 -1.00000000 0.00000000
vn 0.00000000 0.00000000 -1.00000000
vn 0.00000000 0.00000000 -1.00000000
vn 0.00000000 1.00000000 0.00000000
vn 0.00000000 0.00000000 -1.00000000
vn 0.00000000 0.00000000 -1.00000000
vn 0.00000000 1.00000000 0.00000000
vn 0.00000000 1.00000000 0.00000000
vn 0.00000000 0.00000000 -1.00000000
vn 0.00000000 0.00000000 -1.00000000
vn 0.00000000 1.00000000 0.00000000
vn 0.00000000 0.00000000 1.00000000
vn 0.00000000 0.00000000 1.00000000
vn 0.00000000 -1.00000000 0.00000000
vn 0.00000000 0.00000000 1.00000000
vn 0.00000000 -1.00000000 0.00000000
vn 0.00000000 0.00000000 1.00000000
vn 0.00000000 1.00000000 0.00000000
vn 0.00000000 1.00000000 0.00000000
vn 0.00000000 0.00000000 1.00000000
vn 0.00000000 0.00000000 1.00000000
vn 0.00000000 1.00000000 0.00000000
vn 0.00000000 1.00000000 0.00000000
vn 0.00000000 0.00000000 1.00000000
vn 0.00000000 0.00000000 1.00000000
vn -1.00000000 0.00000000 0.00000000
vn -1.00000000 0.00000000 0.00000000
vn 0.00000000 -1.00000000 0.00000000
vn -1.00000000 0.00000000 0.00000000
vn -1.00000000 0.00000000 0.00000000
vn 0.00000000 -1.00000000 0.00000000
vn -1.00000000 0.00000000 0.00000000
vn 0.00000000 1.00000000 0.00000000
vn 0.00000000 1.00000000 0.00000000
vn -1.00000000 0.00000000 0.00000000
vn -1.00000000 0.00000000 0.00000000
vn -1.00000000 0.00000000 0.00000000
vn 0.00000000 1.00000000 0.00000000
vn 0.00000000 1.00000000 0.00000000
vn 1.00000000 0.00000000 0.00000000
vn 1.00000000 0.00000000 0.00000000
vn 0.00000000 -1.00000000 0.00000000
vn 1.00000000 0.00000000 0.00000000
vn 1.00000000 0.00000000 0.00000000
vn 0.00000000 -1.00000000 0.00000000
vn 1.00000000 0.00000000 0.00000000
vn 1.00000000 0.00000000 0.00000000
vn 0.00000000 1.00000000 0.00000000
vn 0.00000000 1.00000000 0.00000000
vn 0.00000000 1.00000000 0.00000000
vn 1.00000000 0.00000000 0.00000000
vn 1.00000000 0.00000000 0.00000000
vn 0.00000000 1.00000000 0.00000000
vn 0.00000000 1.00000000 0.00000000
vn 0.00000000 1.00000000 0.00000000
vn 0.00000000 1.00000000 0.00000000
vn 0.00000000 1.00000000 0.00000000
vn 0.00000000 1.00000000 0.00000000
vn 0.00000000 1.00000000 0.00000000
vn 0.00000000 1.00000000 0.00000000
vn 0.00000000 1.00000000 0.00000000
vn 0.00000000 1.00000000 0.00000000
vn 0.00000000 1.00000000 0.00000000
vn 0.00000000 1.00000000 0.00000000
vn 0.00000000 1.00000000 0.00000000
vn 0.00000000 -1.00000000 0.00000000
vn 0.00000000 -1.00000000 0.00000000
vn 0.00000000 -1.00000000 0.00000000
vn 0.00000000 -1.00000000 0.00000000
vn -1.00000000 0.00000000 0.00000000
vn 0.00000000 0.00000000 -1.00000000
vn 1.00000000 0.00000000 0.00000000
vn 0.00000000 0.00000000 -1.00000000
vn 0.00000000 0.00000000 1.00000000
vn -1.00000000 0.00000000 0.00000000
vn 0.00000000 0.00000000 1.00000000
vn 0.00000000 0.00000000 1.00000000
vn 0.00000000 0.00000000 1.00000000
vn 0.00000000 0.00000000 -1.00000000
vn 1.00000000 0.00000000 0.00000000
vn 0.00000000 0.00000000 1.00000000
vn 0.00000000 0.00000000 1.00000000
vn -1.00000000 0.00000000 0.00000000
vn -1.00000000 0.00000000 0.00000000
vn 0.00000000 0.00000000 -1.00000000
vn 0.00000000 0.00000000 1.00000000
vn 0.00000000 0.00000000 1.00000000
vn -1.00000000 0.00000000 0.00000000
vn 0.00000000 0.00000000 1.00000000
vn 0.00000000 0.00000000 1.00000000
vn -1.00000000 0.00000000 0.00000000
vn 0.00000000 0.00000000 1.00000000
vn 0.00000000 0.00000000 1.00000000
vn 0.00000000 0.00000000 1.00000000
vn 0.00000000 0.00000000 1.00000000
vn 0.00000000 1.00000000 0.00000000
vn 0.00000000 0.00000000 1.00000000
vn -1.00000000 0.00000000 0.00000000
vn -1.00000000 0.00000000 0.00000000
vn 0.00000000 0.00000000 1.00000000
vn 0.00000000 -1.00000000 0.00000000
vn 0.00000000 0.00000000 1.00000000
vn 1.00000000 0.00000000 0.00000000
vn 0.00000000 -1.00000000 0.00000000
vn 0.00000000 0.00000000 1.00000000
vn 0.00000000 1.00000000 0.00000000
vn 1.00000000 0.00000000 0.00000000
vn 1.00000000 0.00000000 0.00000000
vn 0.00000000 0.00000000 1.00000000
vn 0.00000000 1.00000000 0.00000000
vn 0.00000000 0.00000000 1.00000000
vn 0.00000000 1.00000000 0.00000000
vn -1.00000000 0.00000000 0.00000000
vn -1.00000000 0.00000000 0.00000000
vn 0.00000000 -1.00000000 0.00000000
vn 0.00000000 0.00000000 1.00000000
vn 0.00000000 -1.00000000 0.00000000
vn 1.00000000 0.00000000 0.00000000
vn 0.00000000 0.00000000 1.00000000
vn 0.00000000 -1.00000000 0.00000000
vn 1.00000000 0.00000000 0.00000000
vn 0.00000000 0.00000000 1.00000000
vn 0.00000000 1.00000000 0.00000000
vn 1.00000000 0.00000000 0.00000000
vn 0.00000000 0.00000000 1.00000000
vn 0.00000000 0.00000000 1.00000000
vn -1.00000000 0.00000000 0.00000000
vn 0.00000000 1.00000000 0.00000000
vn -1.00000000 0.00000000 0.00000000
vn 0.00000000 -1.00000000 0.00000000
vn 0.00000000 0.00000000 1.00000000
vn 0.00000000 1.00000000 0.00000000
vn -1.00000000 0.00000000 0.00000000
vn 0.00000000 0.00000000 1.00000000
vn 0.00000000 -1.00000000 0.00000000
vn 0.00000000 0.00000000 1.00000000
vn -1.00000000 0.00000000 0.00000000
vn 1.00000000 0.00000000 0.00000000
vn 0.00000000 -1.00000000 0.00000000
vn 0.00000000 0.00000000 1.00000000
vn 1.00000000 0.00000000 0.00000000
vn 0.00000000 0.00000000 1.00000000
vn 0.00000000 1.00000000 0.00000000
vn 0.00000000 0.00000000 1.00000000
vn -1.00000000 0.00000000 0.00000000
vn 0.00000000 1.00000000 0.00000000
vn -1.00000000 0.00000000 0.00000000
vn 0.00000000 -1.00000000 0.00000000
vn 0.00000000 0.00000000 1.00000000
vn 1.00000000 0.00000000 0.00000000
vn 0.00000000 -1.00000000 0.00000000
vn 0.00000000 0.00000000 1.00000000
vn 1.00000000 0.00000000 0.00000000
vn 0.00000000 1.00000000 0.00000000
vn 0.00000000 0.00000000 1.00000000
vn 0.00000000 1.00000000 0.00000000
vn -1.00000000 0.00000000 0.00000000
vn 0.00000000 0.00000000 1.00000000
vn 0.00000000 -1.00000000 0.00000000
vn -1.00000000 0.00000000 0.00000000
vn 0.00000000 0.00000000 1.00000000
vn 1.00000000 0.00000000 0.00000000
vn 0.00000000 0.00000000 1.00000000
vn 0.00000000 -1.00000000 0.00000000
vn 1.00000000 0.00000000 0.00000000
vn 0.00000000 1.00000000 0.00000000
vn 0.00000000 0.00000000 1.00000000
vn -1.00000000 0.00000000 0.00000000
vn 0.00000000 1.00000000 0.00000000
vn 1.00000000 0.00000000 0.00000000
vn 0.00000000 1.00000000 0.00000000
vn 0.00000000 1.00000000 0.00000000
vn -1.00000000 0.00000000 0.00000000
vn 0.00000000 1.00000000 0.00000000
vn 1.00000000 0.00000000 0.00000000
vn -1.00000000 0.00000000 0.00000000
vn 0.00000000 1.00000000 0.00000000
vn 0.00000000 1.00000000 0.00000000
vn 1.00000000 0.00000000 0.00000000
vn 0.00000000 -1.00000000 0.00000000
vn -1.00000000 0.00000000 0.00000000
vn 0.00000000 1.00000000 0.00000000
vn -1.00000000 0.00000000 0.00000000
vn 0.00000000 1.00000000 0.00000000
vn 1.00000000 0.00000000 0.00000000
vn 1.00000000 0.00000000 0.00000000
vn 0.00000000 -1.00000000 0.00000000
vn 0.00000000 -1.00000000 0.00000000
vn 1.00000000 0.00000000 0.00000000
vn -1.00000000 0.00000000 0.00000000
vn 0.00000000 -1.00000000 0.00000000
vn 1.00000000 0.00000000 0.00000000
vn 0.00000000 -1.00000000 0.00000000
vn 1.00000000 0.00000000 0.00000000
vn 0.00000000 1.00000000 0.00000000
vn 0.00000000 -1.00000000 0.00000000
vn -1.00000000 0.00000000 0.00000000
vn 0.00000000 1.00000000 0.00000000
vn -1.00000000 0.00000000 0.00000000
vn 0.00000000 -1.00000000 0.00000000
vn -1.00000000 0.00000000 0.00000000
vn 1.00000000 0.00000000 0.00000000
vn 0.00000000 -1.00000000 0.00000000
vn 0.00000000 -1.00000000 0.00000000
vn -1.00000000 0.00000000 0.00000000
vn 1.00000000 0.00000000 0.00000000
vn 0.00000000 -1.00000000 0.00000000
vn 0.00000000 -1.00000000 0.00000000
vn -1.00000000 0.00000000 0.00000000
vn 0.00000000 1.00000000 0.00000000
vn -1.00000000 0.00000000 0.00000000
vn 0.00000000 1.00000000 0.00000000
vn 1.00000000 0.00000000 0.00000000
vn 1.00000000 0.00000000 0.00000000
vn 0.00000000 -1.00000000 0.00000000
vn -1.00000000 0.00000000 0.00000000
vn 0.00000000 1.00000000 0.00000000
vn 0.00000000 -1.00000000 0.00000000
vn -1.00000000 0.00000000 0.00000000
vn 0.00000000 1.00000000 0.00000000
vn 1.00000000 0.00000000 0.00000000
vn 1.00000000 0.00000000 0.00000000
vn 0.00000000 -1.00000000 0.00000000
vn -1.00000000 0.00000000 0.00000000
vn 0.00000000 -1.00000000 0.00000000
vn 0.00000000 -1.00000000 0.00000000
vn 1.00000000 0.00000000 0.00000000
vn 1.00000000 0.00000000 0.00000000
vn 0.00000000 1.00000000 0.00000000
vn 0.00000000 1.00000000 0.00000000
vn -1.00000000 0.00000000 0.00000000
vn -1.00000000 0.00000000 0.00000000
vn 0.00000000 -1.00000000 0.00000000
vn 0.00000000 0.00000000 1.00000000
vn 0.00000000 0.00000000 1.00000000
vn -1.00000000 0.00000000 0.00000000
vn 0.00000000 1.00000000 0.00000000
vn 1.00000000 0.00000000 0.00000000
vn 0.00000000 1.00000000 0.00000000
vn 0.00000000 0.00000000 1.00000000
vn 1.00000000 0.00000000 0.00000000
vn 0.00000000 0.00000000 1.00000000
vn 0.00000000 -1.00000000 0.00000000
vn 0.00000000 -1.00000000 0.00000000
vn 1.00000000 0.00000000 0.00000000
vn 0.00000000 0.00000000 1.00000000
vn 0.00000000 0.00000000 1.00000000
vn -1.00000000 0.00000000 0.00000000
vn 0.00000000 -1.00000000 0.00000000
vn 0.00000000 0.00000000 1.00000000
vn 0.00000000 1.00000000 0.00000000
vn -1.00000000 0.00000000 0.00000000
vn 0.00000000 0.00000000 1.00000000
vn 1.00000000 0.00000000 0.00000000
vn 0.00000000 1.00000000 0.00000000
vn 0.00000000 0.00000000 1.00000000
vn 0.00000000 0.00000000 1.00000000
vn 0.00000000 0.00000000 1.00000000
vn 0.00000000 0.00000000 1.00000000
vn 1.00000000 0.00000000 0.00000000
vn 1.00000000 0.00000000 0.00000000
vn 0.00000000 0.00000000 1.00000000
vn 1.00000000 0.00000000 0.00000000
vn 1.00000000 0.00000000 0.00000000
vn 0.00000000 0.00000000 1.00000000
vn 0.00000000 0.00000000 1.00000000
vn 0.00000000 0.00000000 1.00000000
vn 0.00000000 0.00000000 1.00000000
vn 0.00000000 0.00000000 1.00000000
vn 0.00000000 1.00000000 0.00000000
vn -1.00000000 0.00000000 0.00000000
vn 0.00000000 0.00000000 1.00000000
vn -1.00000000 0.00000000 0.00000000
vn 0.00000000 -1.00000000 0.00000000
vn -1.00000000 0.00000000 0.00000000
vn 0.00000000 -1.00000000 0.00000000
vn 1.00000000 0.00000000 0.00000000
vn 0.00000000 1.00000000 0.00000000
vn 0.00000000 0.00000000 1.00000000
vn -1.00000000 0.00000000 0.00000000
vn 0.00000000 1.00000000 0.00000000
vn 1.00000000 0.00000000 0.00000000
vn 0.00000000 -1.00000000 0.00000000
vn 0.00000000 1.00000000 0.00000000
vn 0.00000000 0.00000000 1.00000000
vn 1.00000000 0.00000000 0.00000000
vn 0.00000000 -1.00000000 0.00000000
vn 1.00000000 0.00000000 0.00000000
vn 0.00000000 0.00000000 1.00000000
vn -1.00000000 0.00000000 0.00000000
vn -1.00000000 0.00000000 0.00000000
vn 0.00000000 0.00000000 1.00000000
vn -1.00000000 0.00000000 0.00000000
vn -1.00000000 0.00000000 0.00000000
vn 0.00000000 0.00000000 1.00000000
vn 0.00000000 0.00000000 1.00000000
vn 0.00000000 0.00000000 1.00000000
vn 0.00000000 0.00000000 1.00000000
vn 1.00000000 0.00000000 0.00000000
vn 0.00000000 0.00000000 1.00000000
vn 1.00000000 0.00000000 0.00000000
vn 0.00000000 0.00000000 1.00000000
vn 1.00000000 0.00000000 0.00000000
vn 0.00000000 0.00000000 1.00000000
vn 1.00000000 0.00000000 0.00000000
vn -1.00000000 0.00000000 0.00000000
vn 0.00000000 1.00000000 0.00000000
vn -1.00000000 0.00000000 0.00000000
vn 1.00000000 0.00000000 0.00000000
vn 0.00000000 1.00000000 0.00000000
vn -1.00000000 0.00000000 0.00000000
vn 0.00000000 0.00000000 1.00000000
vn 0.00000000 1.00000000 0.00000000
vn 1.00000000 0.00000000 0.00000000
vn 1.00000000 0.00000000 0.00000000
vn 0.00000000 0.00000000 1.00000000
vn 0.00000000 1.00000000 0.00000000
vn 0.00000000 0.00000000 1.00000000
vn -1.00000000 0.00000000 0.00000000
vn 1.00000000 0.00000000 0.00000000
vn 0.00000000 0.00000000 1.00000000
vn 0.00000000 1.00000000 0.00000000
vn 0.00000000 0.00000000 1.00000000
vn 0.00000000 -1.00000000 0.00000000
vn 0.00000000 -1.00000000 0.00000000
vn 0.00000000 1.00000000 0.00000000
vn 0.00000000 1.00000000 0.00000000
vn 0.00000000 0.00000000 1.00000000
vn 0.00000000 -1.00000000 0.00000000
vn 0.00000000 0.00000000 1.00000000
vn 0.00000000 1.00000000 0.00000000
vn 0.00000000 -1.00000000 0.00000000
vn 0.00000000 0.00000000 1.00000000
vn 0.00000000 0.00000000 1.00000000
vn 0.00000000 0.00000000 1.00000000
vn 0.00000000 0.00000000 1.00000000
vn 0.00000000 0.00000000 1.00000000
vn 0.00000000 0.00000000 1.00000000
vn 0.00000000 0.00000000 1.00000000
vn 0.00000000 0.00000000 1.00000000
vn 0.00000000 0.00000000 1.00000000
vn 0.00000000 0.00000000 1.00000000
vn 0.00000000 0.00000000 1.00000000
vn 0.00000000 0.00000000 1.00000000
vn 0.00000000 0.00000000 1.00000000
vn 0.00000000 0.00000000 1.00000000
vn 0.00000000 0.00000000 1.00000000
vn 0.00000000 0.00000000 1.00000000
vn 0.00000000 0.00000000 1.00000000
vn 0.00000000 0.00000000 1.00000000
vn 0.00000000 0.00000000 1.00000000
vn 0.00000000 0.00000000 1.00000000
vn 0.00000000 0.00000000 1.00000000
vn 0.00000000 0.00000000 1.00000000
vn 0.00000000 0.00000000 1.00000000
vn 0.00000000 0.00000000 1.00000000
vn 0.00000000 0.00000000 1.00000000
vn 0.00000000 0.00000000 1.00000000
vn 0.00000000 0.00000000 1.00000000
vn 0.00000000 0.00000000 1.00000000
vn 0.00000000 0.00000000 1.00000000
vn 0.00000000 0.00000000 1.00000000
vn 0.00000000 0.00000000 1.00000000
vn 0.00000000 0.00000000 1.00000000
vn 0.00000000 0.00000000 1.00000000
vn 0.00000000 0.00000000 1.00000000
vn 0.00000000 0.00000000 1.00000000
vn 0.00000000 0.00000000 1.00000000
vn 0.00000000 0.00000000 1.00000000
vn 0.00000000 0.00000000 1.00000000
vn 0.00000000 0.00000000 1.00000000
vn -0.34160000 -0.87560000 0.34160000
vn -0.46060000 -0.46060000 0.75880000
vn -0.46060000 -0.46060000 0.75880000
vn 0.00000000 0.00000000 1.00000000
vn -0.87560000 -0.34160000 0.34160000
vn -0.87560000 -0.34160000 0.34160000
vn -0.46060000 0.46060000 0.75880000
vn -0.46060000 0.46060000 0.75880000
vn 0.00000000 0.00000000 1.00000000
vn -0.34160000 0.87560000 0.34160000
vn -0.87560000 0.34160000 0.34160000
vn -0.87560000 0.34160000 0.34160000
vn -0.34160000 -0.87560000 -0.34160000
vn -0.87560000 -0.34160000 -0.34160000
vn -0.87560000 -0.34160000 -0.34160000
vn -0.46060000 -0.46060000 -0.75880000
vn -0.46060000 -0.46060000 -0.75880000
vn -0.34160000 0.87560000 -0.34160000
vn -0.46060000 0.46060000 -0.75880000
vn -0.46060000 0.46060000 -0.75880000
vn -0.87560000 0.34160000 -0.34160000
vn -0.87560000 0.34160000 -0.34160000
vn 0.34160000 -0.87560000 0.34160000
vn 0.87560000 -0.34160000 0.34160000
vn 0.87560000 -0.34160000 0.34160000
vn 0.00000000 0.00000000 1.00000000
vn 0.46060000 -0.46060000 0.75880000
vn 0.46060000 -0.46060000 0.75880000
vn 0.34160000 0.87560000 0.34160000
vn 0.46060000 0.46060000 0.75880000
vn 0.00000000 0.00000000 1.00000000
vn 0.46060000 0.46060000 0.75880000
vn 0.87560000 0.34160000 0.34160000
vn 0.87560000 0.34160000 0.34160000
vn 0.34160000 -0.87560000 -0.34160000
vn 0.46060000 -0.46060000 -0.75880000
vn 0.46060000 -0.46060000 -0.75880000
vn 0.87560000 -0.34160000 -0.34160000
vn 0.87560000 -0.34160000 -0.34160000
vn 0.34160000 0.87560000 -0.34160000
vn 0.87560000 0.34160000 -0.34160000
vn 0.87560000 0.34160000 -0.34160000
vn 0.46060000 0.46060000 -0.75880000
vn 0.46060000 0.46060000 -0.75880000
vn 0.00000000 0.00000000 1.00000000
vn 0.00000000 0.00000000 1.00000000
vn 0.00000000 0.00000000 1.00000000
vn 0.00000000 0.00000000 1.00000000
vn 0.00000000 1.00000000 0.00000000
vn -1.00000000 0.00000000 0.00000000
vn 0.00000000 -1.00000000 0.00000000
vn -1.00000000 0.00000000 0.00000000
vn 0.00000000 0.00000000 1.00000000
vn -1.00000000 0.00000000 0.00000000
vn 0.00000000 -1.00000000 0.00000000
vn 1.00000000 0.00000000 0.00000000
vn 0.00000000 1.00000000 0.00000000
vn 0.00000000 0.00000000 1.00000000
vn 0.00000000 1.00000000 0.00000000
vn -1.00000000 0.00000000 0.00000000
vn 1.00000000 0.00000000 0.00000000
vn 0.00000000 -1.00000000 0.00000000
vn 1.00000000 0.00000000 0.00000000
vn 0.00000000 1.00000000 0.00000000
vn 0.00000000 0.00000000 1.00000000
vn 1.00000000 0.00000000 0.00000000
vn 0.00000000 -1.00000000 0.00000000
vn 0.00000000 0.00000000 1.00000000
vn -1.00000000 0.00000000 0.00000000
vn 0.00000000 0.00000000 1.00000000
vn -1.00000000 0.00000000 0.00000000
vn -1.00000000 0.00000000 0.00000000
vn -1.00000000 0.00000000 0.00000000
vn 0.00000000 0.00000000 1.00000000
vn 0.00000000 0.00000000 1.00000000
vn 0.00000000 0.00000000 1.00000000
vn 0.00000000 0.00000000 1.00000000
vn 1.00000000 0.00000000 0.00000000
vn 0.00000000 0.00000000 1.00000000
vn 1.00000000 0.00000000 0.00000000
vn 1.00000000 0.00000000 0.00000000
vn 0.00000000 0.00000000 1.00000000
vn 0.00000000 0.00000000 1.00000000
vn 1.00000000 0.00000000 0.00000000
vn -1.00000000 0.00000000 0.00000000
vn 0.00000000 1.00000000 0.00000000
vn 0.00000000 -1.00000000 0.00000000
vn -1.00000000 0.00000000 0.00000000
vn 0.00000000 1.00000000 0.00000000
vn 1.00000000 0.00000000 0.00000000
vn 0.00000000 0.00000000 1.00000000
vn -1.00000000 0.00000000 0.00000000
vn 0.00000000 1.00000000 0.00000000
vn 0.00000000 -1.00000000 0.00000000
vn 1.00000000 0.00000000 0.00000000
vn 1.00000000 0.00000000 0.00000000
vn 0.00000000 1.00000000 0.00000000
vn 0.00000000 0.00000000 1.00000000
vn 0.00000000 -0.70710000 0.70710000
vn -1.00000000 0.00000000 0.00000000
vn 0.00000000 -1.00000000 0.00000000
vn -1.00000000 0.00000000 0.00000000
vn 0.00000000 0.00000000 1.00000000
vn 0.00000000 -0.70710000 0.70710000
vn 0.00000000 0.00000000 1.00000000
vn 0.00000000 -0.70710000 0.70710000
vn 1.00000000 0.00000000 0.00000000
vn 0.00000000 -1.00000000 0.00000000
vn 1.00000000 0.00000000 0.00000000
vn 0.00000000 -0.70710000 0.70710000
vn 0.00000000 1.00000000 0.00000000
vn 0.00000000 -1.00000000 0.00000000
vn 0.00000000 0.00000000 1.00000000
vn 0.00000000 -1.00000000 0.00000000
vn 0.00000000 1.00000000 0.00000000
vn 0.00000000 0.00000000 1.00000000
vn 0.00000000 1.00000000 0.00000000
vn 0.00000000 -1.00000000 0.00000000
vn 0.00000000 1.00000000 0.00000000
vn 0.00000000 0.00000000 1.00000000
vn 0.00000000 0.00000000 1.00000000
vn 0.00000000 -1.00000000 0.00000000
vn 0.00000000 0.00000000 1.00000000
vn 0.00000000 0.00000000 1.00000000
vn 0.00000000 0.00000000 1.00000000
vn 0.00000000 0.00000000 1.00000000
vn 0.00000000 0.00000000 1.00000000
vn 0.00000000 0.00000000 1.00000000
vn 0.00000000 0.00000000 1.00000000
vn 0.00000000 0.00000000 1.00000000
vn -1.00000000 0.00000000 0.00000000
vn 0.00000000 1.00000000 0.00000000
vn -1.00000000 0.00000000 0.00000000
vn 0.00000000 0.00000000 1.00000000
vn 0.00000000 -1.00000000 0.00000000
vn 0.00000000 -1.00000000 0.00000000
vn -1.00000000 0.00000000 0.00000000
vn 1.00000000 0.00000000 0.00000000
vn 0.00000000 1.00000000 0.00000000
vn 0.00000000 1.00000000 0.00000000
vn 0.00000000 0.00000000 1.00000000
vn -1.00000000 0.00000000 0.00000000
vn 0.00000000 -1.00000000 0.00000000
vn 1.00000000 0.00000000 0.00000000
vn 0.00000000 0.00000000 1.00000000
vn 0.00000000 1.00000000 0.00000000
vn 1.00000000 0.00000000 0.00000000
vn 0.00000000 0.00000000 1.00000000
vn 0.00000000 -1.00000000 0.00000000
vn 1.00000000 0.00000000 0.00000000
vn -1.00000000 0.00000000 0.00000000
vn 0.00000000 0.00000000 1.00000000
vn -1.00000000 0.00000000 0.00000000
vn -1.00000000 0.00000000 0.00000000
vn 0.00000000 0.00000000 1.00000000
vn -1.00000000 0.00000000 0.00000000
vn 0.00000000 0.00000000 1.00000000
vn 0.00000000 0.00000000 1.00000000
vn 0.00000000 0.00000000 1.00000000
vn 1.00000000 0.00000000 0.00000000
vn 0.00000000 0.00000000 1.00000000
vn 1.00000000 0.00000000 0.00000000
vn 1.00000000 0.00000000 0.00000000
vn 0.00000000 0.00000000 1.00000000
vn 0.00000000 0.00000000 1.00000000
vn 1.00000000 0.00000000 0.00000000
vn 0.00000000 1.00000000 0.00000000
vn -1.00000000 0.00000000 0.00000000
vn -1.00000000 0.00000000 0.00000000
vn 0.00000000 -1.00000000 0.00000000
vn 1.00000000 0.00000000 0.00000000
vn 0.00000000 1.00000000 0.00000000
vn -1.00000000 0.00000000 0.00000000
vn 0.00000000 0.00000000 1.00000000
vn 0.00000000 1.00000000 0.00000000
vn 1.00000000 0.00000000 0.00000000
vn 0.00000000 -1.00000000 0.00000000
vn 1.00000000 0.00000000 0.00000000
vn 0.00000000 0.00000000 1.00000000
vn 0.00000000 1.00000000 0.00000000
vn -1.00000000 0.00000000 0.00000000
vn 0.00000000 -1.00000000 0.00000000
vn 0.00000000 -0.70710000 0.70710000
vn -1.00000000 0.00000000 0.00000000
vn 0.00000000 -0.70710000 0.70710000
vn 0.00000000 0.00000000 1.00000000
vn 0.00000000 0.00000000 1.00000000
vn 1.00000000 0.00000000 0.00000000
vn 0.00000000 -0.70710000 0.70710000
vn 1.00000000 0.00000000 0.00000000
vn 0.00000000 -1.00000000 0.00000000
vn 0.00000000 -0.70710000 0.70710000
vn 0.00000000 1.00000000 0.00000000
vn 0.00000000 -1.00000000 0.00000000
vn 0.00000000 0.00000000 1.00000000
vn 0.00000000 -1.00000000 0.00000000
vn 0.00000000 1.00000000 0.00000000
vn 0.00000000 1.00000000 0.00000000
vn 0.00000000 0.00000000 1.00000000
vn 0.00000000 -1.00000000 0.00000000
vn 0.00000000 1.00000000 0.00000000
vn 0.00000000 0.00000000 1.00000000
vn 0.00000000 -1.00000000 0.00000000
vn 0.00000000 0.00000000 1.00000000
vn 0.00000000 0.00000000 1.00000000
vn 0.00000000 0.00000000 1.00000000
vn 0.00000000 0.00000000 1.00000000
vn 0.00000000 0.00000000 1.00000000
vn 0.00000000 0.00000000 1.00000000
vn 0.00000000 0.00000000 1.00000000
vn 0.00000000 0.00000000 1.00000000
vn 0.00000000 0.00000000 1.00000000
vn 0.00000000 1.00000000 0.00000000
vn -1.00000000 0.00000000 0.00000000
vn 0.00000000 0.00000000 1.00000000
vn 0.00000000 -1.00000000 0.00000000
vn -1.00000000 0.00000000 0.00000000
vn 0.00000000 -1.00000000 0.00000000
vn -1.00000000 0.00000000 0.00000000
vn 0.00000000 1.00000000 0.00000000
vn 1.00000000 0.00000000 0.00000000
vn 0.00000000 0.00000000 1.00000000
vn 0.00000000 1.00000000 0.00000000
vn -1.00000000 0.00000000 0.00000000
vn 0.00000000 -1.00000000 0.00000000
vn 1.00000000 0.00000000 0.00000000
vn 0.00000000 0.00000000 1.00000000
vn 0.00000000 1.00000000 0.00000000
vn 1.00000000 0.00000000 0.00000000
vn 1.00000000 0.00000000 0.00000000
vn 0.00000000 -1.00000000 0.00000000
vn 0.00000000 0.00000000 1.00000000
vn -1.00000000 0.00000000 0.00000000
vn -1.00000000 0.00000000 0.00000000
vn 0.00000000 0.00000000 1.00000000
vn -1.00000000 0.00000000 0.00000000
vn 0.00000000 0.00000000 1.00000000
vn -1.00000000 0.00000000 0.00000000
vn 0.00000000 0.00000000 1.00000000
vn 0.00000000 0.00000000 1.00000000
vn 0.00000000 0.00000000 1.00000000
vn 1.00000000 0.00000000 0.00000000
vn 0.00000000 0.00000000 1.00000000
vn 1.00000000 0.00000000 0.00000000
vn 1.00000000 0.00000000 0.00000000
vn 0.00000000 0.00000000 1.00000000
vn 1.00000000 0.00000000 0.00000000
vn 0.00000000 0.00000000 1.00000000
vn 0.00000000 1.00000000 0.00000000
vn -1.00000000 0.00000000 0.00000000
vn -1.00000000 0.00000000 0.00000000
vn 0.00000000 -1.00000000 0.00000000
vn 0.00000000 1.00000000 0.00000000
vn 1.00000000 0.00000000 0.00000000
vn -1.00000000 0.00000000 0.00000000
vn 0.00000000 1.00000000 0.00000000
vn 0.00000000 0.00000000 1.00000000
vn 0.00000000 -1.00000000 0.00000000
vn 1.00000000 0.00000000 0.00000000
vn 1.00000000 0.00000000 0.00000000
vn 0.00000000 1.00000000 0.00000000
vn 0.00000000 0.00000000 1.00000000
vn 0.00000000 -0.70710000 0.70710000
vn 0.00000000 -1.00000000 0.00000000
vn -1.00000000 0.00000000 0.00000000
vn -1.00000000 0.00000000 0.00000000
vn 0.00000000 -0.70710000 0.70710000
vn 0.00000000 0.00000000 1.00000000
vn 0.00000000 0.00000000 1.00000000
vn 0.00000000 -0.70710000 0.70710000
vn 1.00000000 0.00000000 0.00000000
vn 0.00000000 -1.00000000 0.00000000
vn 1.00000000 0.00000000 0.00000000
vn 0.00000000 -0.70710000 0.70710000
vn 0.00000000 1.00000000 0.00000000
vn 0.00000000 0.00000000 1.00000000
vn 0.00000000 -1.00000000 0.00000000
vn 0.00000000 -1.00000000 0.00000000
vn 0.00000000 1.00000000 0.00000000
vn 0.00000000 1.00000000 0.00000000
vn 0.00000000 0.00000000 1.00000000
vn 0.00000000 -1.00000000 0.00000000
vn 0.00000000 1.00000000 0.00000000
vn 0.00000000 0.00000000 1.00000000
vn 0.00000000 0.00000000 1.00000000
vn 0.00000000 -1.00000000 0.00000000
vn 0.00000000 0.00000000 1.00000000
vn 0.00000000 0.00000000 1.00000000
vn 0.00000000 0.00000000 1.00000000
vn 0.00000000 0.00000000 1.00000000
vn 0.00000000 0.00000000 1.00000000
vn 0.00000000 0.00000000 1.00000000
vn 0.00000000 0.00000000 1.00000000
vn 0.00000000 0.00000000 1.00000000
vn 0.00000000 1.00000000 0.00000000
vn -1.00000000 0.00000000 0.00000000
vn -1.00000000 0.00000000 0.00000000
vn 0.00000000 -1.00000000 0.00000000
vn 0.00000000 0.00000000 1.00000000
vn 0.00000000 -1.00000000 0.00000000
vn -1.00000000 0.00000000 0.00000000
vn 0.00000000 1.00000000 0.00000000
vn 1.00000000 0.00000000 0.00000000
vn 0.00000000 1.00000000 0.00000000
vn 0.00000000 0.00000000 1.00000000
vn -1.00000000 0.00000000 0.00000000
vn 0.00000000 -1.00000000 0.00000000
vn 1.00000000 0.00000000 0.00000000
vn 1.00000000 0.00000000 0.00000000
vn 0.00000000 0.00000000 1.00000000
vn 0.00000000 1.00000000 0.00000000
vn 1.00000000 0.00000000 0.00000000
vn 0.00000000 0.00000000 1.00000000
vn 0.00000000 -1.00000000 0.00000000
vn -1.00000000 0.00000000 0.00000000
vn 0.00000000 0.00000000 1.00000000
vn -1.00000000 0.00000000 0.00000000
vn -1.00000000 0.00000000 0.00000000
vn -1.00000000 0.00000000 0.00000000
vn 0.00000000 0.00000000 1.00000000
vn 0.00000000 0.00000000 1.00000000
vn 0.00000000 0.00000000 1.00000000
vn 0.00000000 0.00000000 1.00000000
vn 1.00000000 0.00000000 0.00000000
vn 0.00000000 0.00000000 1.00000000
vn 1.00000000 0.00000000 0.00000000
vn 0.00000000 0.00000000 1.00000000
vn 1.00000000 0.00000000 0.00000000
vn 0.00000000 0.00000000 1.00000000
vn 1.00000000 0.00000000 0.00000000
vn 0.00000000 1.00000000 0.00000000
vn -1.00000000 0.00000000 0.00000000
vn -1.00000000 0.00000000 0.00000000
vn 0.00000000 -1.00000000 0.00000000
vn 1.00000000 0.00000000 0.00000000
vn 0.00000000 1.00000000 0.00000000
vn 0.00000000 0.00000000 1.00000000
vn 0.00000000 1.00000000 0.00000000
vn -1.00000000 0.00000000 0.00000000
vn 0.00000000 -1.00000000 0.00000000
vn 1.00000000 0.00000000 0.00000000
vn 0.00000000 0.00000000 1.00000000
vn 1.00000000 0.00000000 0.00000000
vn 0.00000000 1.00000000 0.00000000
vn -1.00000000 0.00000000 0.00000000
vn 0.00000000 -0.70710000 0.70710000
vn 0.00000000 -1.00000000 0.00000000
vn 0.00000000 -0.70710000 0.70710000
vn -1.00000000 0.00000000 0.00000000
vn 0.00000000 0.00000000 1.00000000
vn 1.00000000 0.00000000 0.00000000
vn 0.00000000 -0.70710000 0.70710000
vn 0.00000000 0.00000000 1.00000000
vn 0.00000000 -0.70710000 0.70710000
vn 1.00000000 0.00000000 0.00000000
vn 0.00000000 -1.00000000 0.00000000
vn 0.00000000 1.00000000 0.00000000
vn 0.00000000 -1.00000000 0.00000000
vn 0.00000000 0.00000000 1.00000000
vn 0.00000000 -1.00000000 0.00000000
vn 0.00000000 1.00000000 0.00000000
vn 0.00000000 0.00000000 1.00000000
vn 0.00000000 1.00000000 0.00000000
vn 0.00000000 -1.00000000 0.00000000
vn 0.00000000 1.00000000 0.00000000
vn 0.00000000 0.00000000 1.00000000
vn 0.00000000 0.00000000 1.00000000
vn 0.00000000 -1.00000000 0.00000000
vn 0.00000000 0.00000000 1.00000000
vn 0.00000000 0.00000000 1.00000000
vn 0.00000000 0.00000000 1.00000000
vn 0.00000000 0.00000000 1.00000000
vn 0.00000000 0.00000000 1.00000000
vn 0.00000000 0.00000000 1.00000000
vn 0.00000000 0.00000000 1.00000000
vn 0.00000000 0.00000000 1.00000000
vn 0.00000000 1.00000000 0.00000000
vn -1.00000000 0.00000000 0.00000000
vn 0.00000000 0.00000000 1.00000000
vn -1.00000000 0.00000000 0.00000000
vn 0.00000000 -1.00000000 0.00000000
vn -1.00000000 0.00000000 0.00000000
vn 0.00000000 -1.00000000 0.00000000
vn 1.00000000 0.00000000 0.00000000
vn 0.00000000 1.00000000 0.00000000
vn 0.00000000 1.00000000 0.00000000
vn 0.00000000 0.00000000 1.00000000
vn -1.00000000 0.00000000 0.00000000
vn 1.00000000 0.00000000 0.00000000
vn 0.00000000 -1.00000000 0.00000000
vn 0.00000000 1.00000000 0.00000000
vn 0.00000000 0.00000000 1.00000000
vn 1.00000000 0.00000000 0.00000000
vn 1.00000000 0.00000000 0.00000000
vn 0.00000000 0.00000000 1.00000000
vn 0.00000000 -1.00000000 0.00000000
vn -1.00000000 0.00000000 0.00000000
vn -1.00000000 0.00000000 0.00000000
vn 0.00000000 0.00000000 1.00000000
vn -1.00000000 0.00000000 0.00000000
vn -1.00000000 0.00000000 0.00000000
vn 0.00000000 0.00000000 1.00000000
vn 0.00000000 0.00000000 1.00000000
vn 0.00000000 0.00000000 1.00000000
vn 0.00000000 0.00000000 1.00000000
vn 1.00000000 0.00000000 0.00000000
vn 0.00000000 0.00000000 1.00000000
vn 1.00000000 0.00000000 0.00000000
vn 1.00000000 0.00000000 0.00000000
vn 0.00000000 0.00000000 1.00000000
vn 0.00000000 0.00000000 1.00000000
vn 1.00000000 0.00000000 0.00000000
vn 0.00000000 1.00000000 0.00000000
vn -1.00000000 0.00000000 0.00000000
vn -1.00000000 0.00000000 0.00000000
vn 0.00000000 -1.00000000 0.00000000
vn 0.00000000 1.00000000 0.00000000
vn 1.00000000 0.00000000 0.00000000
vn 0.00000000 1.00000000 0.00000000
vn 0.00000000 0.00000000 1.00000000
vn -1.00000000 0.00000000 0.00000000
vn 1.00000000 0.00000000 0.00000000
vn 0.00000000 -1.00000000 0.00000000
vn 1.00000000 0.00000000 0.00000000
vn 0.00000000 1.00000000 0.00000000
vn 0.00000000 0.00000000 1.00000000
vn 0.00000000 -0.70710000 0.70710000
vn -1.00000000 0.00000000 0.00000000
vn 0.00000000 -1.00000000 0.00000000
vn 0.00000000 0.00000000 1.00000000
vn 0.00000000 -0.70710000 0.70710000
vn -1.00000000 0.00000000 0.00000000
vn 0.00000000 0.00000000 1.00000000
vn 0.00000000 -0.70710000 0.70710000
vn 1.00000000 0.00000000 0.00000000
vn 1.00000000 0.00000000 0.00000000
vn 0.00000000 -1.00000000 0.00000000
vn 0.00000000 -0.70710000 0.70710000
vn 0.00000000 1.00000000 0.00000000
vn 0.00000000 -1.00000000 0.00000000
vn 0.00000000 0.00000000 1.00000000
vn 0.00000000 -1.00000000 0.00000000
vn 0.00000000 1.00000000 0.00000000
vn 0.00000000 1.00000000 0.00000000
vn 0.00000000 0.00000000 1.00000000
vn 0.00000000 -1.00000000 0.00000000
vn 0.00000000 0.00000000 1.00000000
vn 0.00000000 1.00000000 0.00000000
vn 0.00000000 -1.00000000 0.00000000
vn 0.00000000 0.00000000 1.00000000
vn 0.00000000 0.00000000 1.00000000
vn 0.00000000 0.00000000 1.00000000
vn 0.00000000 0.00000000 1.00000000
vn 0.00000000 0.00000000 1.00000000
vn 0.00000000 0.00000000 1.00000000
vn 0.00000000 0.00000000 1.00000000
vn 0.00000000 0.00000000 1.00000000
vn 0.00000000 0.00000000 1.00000000
vn 0.00000000 0.00000000 1.00000000
vn 0.00000000 -1.00000000 0.00000000
vn 0.00000000 1.00000000 0.00000000
vn 0.00000000 0.00000000 1.00000000
vn 0.00000000 -1.00000000 0.00000000
vn 0.00000000 0.00000000 1.00000000
vn 0.00000000 1.00000000 0.00000000
vn 0.00000000 1.00000000 0.00000000
vn 0.00000000 -1.00000000 0.00000000
vn 0.00000000 -1.00000000 0.00000000
vn 0.00000000 0.00000000 1.00000000
vn 0.00000000 1.00000000 0.00000000
vn 0.00000000 -1.00000000 0.00000000
vn 0.00000000 -0.70710000 0.70710000
vn 1.00000000 0.00000000 0.00000000
vn 0.00000000 -0.70710000 0.70710000
vn 0.00000000 0.00000000 1.00000000
vn 1.00000000 0.00000000 0.00000000
vn 0.00000000 -0.70710000 0.70710000
vn 0.00000000 0.00000000 1.00000000
vn -1.00000000 0.00000000 0.00000000
vn 0.00000000 -1.00000000 0.00000000
vn -1.00000000 0.00000000 0.00000000
vn 0.00000000 -0.70710000 0.70710000
vn 0.00000000 1.00000000 0.00000000
vn 1.00000000 0.00000000 0.00000000
vn 0.00000000 0.00000000 1.00000000
vn 0.00000000 -1.00000000 0.00000000
vn 1.00000000 0.00000000 0.00000000
vn -1.00000000 0.00000000 0.00000000
vn 0.00000000 0.00000000 1.00000000
vn 0.00000000 1.00000000 0.00000000
vn 1.00000000 0.00000000 0.00000000
vn 0.00000000 1.00000000 0.00000000
vn 0.00000000 -1.00000000 0.00000000
vn -1.00000000 0.00000000 0.00000000
vn -1.00000000 0.00000000 0.00000000
vn 0.00000000 1.00000000 0.00000000
vn 1.00000000 0.00000000 0.00000000
vn 0.00000000 0.00000000 1.00000000
vn 0.00000000 0.00000000 1.00000000
vn 1.00000000 0.00000000 0.00000000
vn 1.00000000 0.00000000 0.00000000
vn 0.00000000 0.00000000 1.00000000
vn 1.00000000 0.00000000 0.00000000
vn 0.00000000 0.00000000 1.00000000
vn 0.00000000 0.00000000 1.00000000
vn 0.00000000 0.00000000 1.00000000
vn 0.00000000 0.00000000 1.00000000
vn -1.00000000 0.00000000 0.00000000
vn -1.00000000 0.00000000 0.00000000
vn 0.00000000 0.00000000 1.00000000
vn -1.00000000 0.00000000 0.00000000
vn -1.00000000 0.00000000 0.00000000
vn 1.00000000 0.00000000 0.00000000
vn 0.00000000 -1.00000000 0.00000000
vn 0.00000000 0.00000000 1.00000000
vn 0.00000000 0.00000000 1.00000000
vn 1.00000000 0.00000000 0.00000000
vn 0.00000000 1.00000000 0.00000000
vn 1.00000000 0.00000000 0.00000000
vn 0.00000000 -1.00000000 0.00000000
vn 0.00000000 0.00000000 1.00000000
vn -1.00000000 0.00000000 0.00000000
vn 0.00000000 1.00000000 0.00000000
vn 1.00000000 0.00000000 0.00000000
vn 0.00000000 1.00000000 0.00000000
vn 0.00000000 -1.00000000 0.00000000
vn -1.00000000 0.00000000 0.00000000
vn 0.00000000 -1.00000000 0.00000000
vn 0.00000000 0.00000000 1.00000000
vn -1.00000000 0.00000000 0.00000000
vn -1.00000000 0.00000000 0.00000000
vn 0.00000000 1.00000000 0.00000000
vn 0.00000000 0.00000000 1.00000000
vn 0.00000000 0.00000000 1.00000000
vn 0.00000000 0.00000000 1.00000000
vn 0.00000000 0.00000000 1.00000000
vn 0.00000000 0.00000000 1.00000000
vn 0.00000000 0.00000000 1.00000000
vn 1.00000000 0.00000000 0.00000000
vn 0.00000000 -1.00000000 0.00000000
vn 0.00000000 -0.70710000 0.70710000
vn 1.00000000 0.00000000 0.00000000
vn 0.00000000 0.00000000 1.00000000
vn 0.00000000 -0.70710000 0.70710000
vn 0.00000000 -0.70710000 0.70710000
vn -1.00000000 0.00000000 0.00000000
vn 0.00000000 0.00000000 1.00000000
vn -1.00000000 0.00000000 0.00000000
vn 0.00000000 -0.70710000 0.70710000
vn 0.00000000 -1.00000000 0.00000000
vn 1.00000000 0.00000000 0.00000000
vn 0.00000000 1.00000000 0.00000000
vn 0.00000000 0.00000000 1.00000000
vn 0.00000000 -1.00000000 0.00000000
vn 1.00000000 0.00000000 0.00000000
vn 0.00000000 1.00000000 0.00000000
vn -1.00000000 0.00000000 0.00000000
vn 0.00000000 0.00000000 1.00000000
vn 1.00000000 0.00000000 0.00000000
vn 0.00000000 1.00000000 0.00000000
vn 0.00000000 -1.00000000 0.00000000
vn -1.00000000 0.00000000 0.00000000
vn -1.00000000 0.00000000 0.00000000
vn 0.00000000 1.00000000 0.00000000
vn 0.00000000 0.00000000 1.00000000
vn 1.00000000 0.00000000 0.00000000
vn 0.00000000 0.00000000 1.00000000
vn 1.00000000 0.00000000 0.00000000
vn 1.00000000 0.00000000 0.00000000
vn 0.00000000 0.00000000 1.00000000
vn 1.00000000 0.00000000 0.00000000
vn 0.00000000 0.00000000 1.00000000
vn 0.00000000 0.00000000 1.00000000
vn 0.00000000 0.00000000 1.00000000
vn 0.00000000 0.00000000 1.00000000
vn -1.00000000 0.00000000 0.00000000
vn -1.00000000 0.00000000 0.00000000
vn -1.00000000 0.00000000 0.00000000
vn 0.00000000 0.00000000 1.00000000
vn -1.00000000 0.00000000 0.00000000
vn 0.00000000 0.00000000 1.00000000
vn 0.00000000 -1.00000000 0.00000000
vn 1.00000000 0.00000000 0.00000000
vn 1.00000000 0.00000000 0.00000000
vn 0.00000000 0.00000000 1.00000000
vn 0.00000000 1.00000000 0.00000000
vn 0.00000000 -1.00000000 0.00000000
vn 1.00000000 0.00000000 0.00000000
vn 0.00000000 1.00000000 0.00000000
vn 0.00000000 0.00000000 1.00000000
vn -1.00000000 0.00000000 0.00000000
vn 0.00000000 1.00000000 0.00000000
vn 1.00000000 0.00000000 0.00000000
vn -1.00000000 0.00000000 0.00000000
vn 0.00000000 -1.00000000 0.00000000
vn 0.00000000 -1.00000000 0.00000000
vn -1.00000000 0.00000000 0.00000000
vn 0.00000000 0.00000000 1.00000000
vn 0.00000000 1.00000000 0.00000000
vn -1.00000000 0.00000000 0.00000000
vn 0.00000000 0.00000000 1.00000000
vn 0.00000000 0.00000000 1.00000000
vn 0.00000000 0.00000000 1.00000000
vn -1.00000000 0.00000000 0.00000000
vn 0.00000000 -1.00000000 0.00000000
vn 0.00000000 1.00000000 0.00000000
vn -1.00000000 0.00000000 0.00000000
vn 0.00000000 0.00000000 1.00000000
vn -1.00000000 0.00000000 0.00000000
vn 0.00000000 0.00000000 -1.00000000
vn 0.00000000 -1.00000000 0.00000000
vn 0.00000000 0.00000000 -1.00000000
vn 0.00000000 1.00000000 0.00000000
vn -1.00000000 0.00000000 0.00000000
vn 0.00000000 -1.00000000 0.00000000
vn 0.00000000 0.00000000 1.00000000
vn 1.00000000 0.00000000 0.00000000
vn 0.00000000 1.00000000 0.00000000
vn 0.00000000 0.00000000 1.00000000
vn 1.00000000 0.00000000 0.00000000
vn 0.00000000 0.00000000 -1.00000000
vn 1.00000000 0.00000000 0.00000000
vn 0.00000000 -1.00000000 0.00000000
vn 1.00000000 0.00000000 0.00000000
vn 0.00000000 1.00000000 0.00000000
vn 0.00000000 0.00000000 -1.00000000
vn 0.00000000 0.50660000 0.86220000
vn 0.00000000 1.00000000 0.00000000
vn -0.86220000 0.50660000 0.00000000
vn 0.00000000 1.00000000 0.00000000
vn 0.00000000 0.50660000 0.86220000
vn 0.86220000 0.50660000 0.00000000
vn 0.86220000 0.50660000 0.00000000
vn 0.00000000 0.50660000 -0.86220000
vn 0.00000000 1.00000000 0.00000000
vn 0.00000000 1.00000000 0.00000000
vn 0.00000000 0.50660000 -0.86220000
vn -0.86220000 0.50660000 0.00000000
vn 0.00000000 1.00000000 0.00000000
vn 0.86220000 0.50660000 0.00000000
vn 0.00000000 0.50660000 0.86220000
vn 0.00000000 0.50660000 0.86220000
vn 0.00000000 1.00000000 0.00000000
vn -0.86220000 0.50660000 0.00000000
vn 0.00000000 0.50660000 -0.86220000
vn 0.00000000 1.00000000 0.00000000
vn -0.86220000 0.50660000 0.00000000
vn 0.86220000 0.50660000 0.00000000
vn 0.00000000 0.50660000 -0.86220000
vn 0.00000000 1.00000000 0.00000000
vn -1.00000000 0.00000000 0.00000000
vn 0.00000000 0.00000000 1.00000000
vn 0.00000000 -1.00000000 0.00000000
vn 0.00000000 1.00000000 0.00000000
vn -1.00000000 0.00000000 0.00000000
vn 0.00000000 0.00000000 1.00000000
vn 0.00000000 -1.00000000 0.00000000
vn -1.00000000 0.00000000 0.00000000
vn 0.00000000 0.00000000 -1.00000000
vn 0.00000000 0.00000000 -1.00000000
vn -1.00000000 0.00000000 0.00000000
vn 0.00000000 1.00000000 0.00000000
vn 0.00000000 -1.00000000 0.00000000
vn 1.00000000 0.00000000 0.00000000
vn 0.00000000 0.00000000 1.00000000
vn 1.00000000 0.00000000 0.00000000
vn 0.00000000 1.00000000 0.00000000
vn 0.00000000 0.00000000 1.00000000
vn 1.00000000 0.00000000 0.00000000
vn 0.00000000 0.00000000 -1.00000000
vn 0.00000000 -1.00000000 0.00000000
vn 0.00000000 1.00000000 0.00000000
vn 0.00000000 0.00000000 -1.00000000
vn 1.00000000 0.00000000 0.00000000
vn -1.00000000 0.00000000 0.00000000
vn 0.00000000 -1.00000000 0.00000000
vn -1.00000000 0.00000000 0.00000000
vn 0.00000000 -1.00000000 0.00000000
vn -1.00000000 0.00000000 0.00000000
vn 0.00000000 1.00000000 0.00000000
vn -1.00000000 0.00000000 0.00000000
vn 0.00000000 1.00000000 0.00000000
vn 1.00000000 0.00000000 0.00000000
vn 0.00000000 -1.00000000 0.00000000
vn 0.00000000 -1.00000000 0.00000000
vn 1.00000000 0.00000000 0.00000000
vn 0.00000000 1.00000000 0.00000000
vn 1.00000000 0.00000000 0.00000000
vn 1.00000000 0.00000000 0.00000000
vn 0.00000000 1.00000000 0.00000000
vn 1.00000000 0.00000000 0.00000000
vn 1.00000000 0.00000000 0.00000000
vn 1.00000000 0.00000000 0.00000000
vn 1.00000000 0.00000000 0.00000000
vn 1.00000000 0.00000000 0.00000000
vn 1.00000000 0.00000000 0.00000000
vn 1.00000000 0.00000000 0.00000000
vn 1.00000000 0.00000000 0.00000000
vn 0.00000000 0.00000000 -1.00000000
vn 0.00000000 0.00000000 -1.00000000
vn 0.00000000 0.00000000 -1.00000000
vn 0.00000000 0.00000000 -1.00000000
vn 0.00000000 0.00000000 -1.00000000
vn 0.00000000 0.00000000 -1.00000000
vn 0.00000000 0.00000000 -1.00000000
vn 0.00000000 0.00000000 -1.00000000
vn 0.00000000 0.00000000 -1.00000000
vn 0.00000000 0.00000000 -1.00000000
vn 0.00000000 0.00000000 -1.00000000
vn 0.00000000 0.00000000 -1.00000000
vn 0.00000000 0.00000000 -1.00000000
vn 0.00000000 0.00000000 -1.00000000
vn 0.00000000 0.00000000 -1.00000000
vn 0.00000000 0.00000000 -1.00000000
vn -1.00000000 0.00000000 0.00000000
vn -1.00000000 0.00000000 0.00000000
vn -1.00000000 0.00000000 0.00000000
vn -1.00000000 0.00000000 0.00000000
vn -1.00000000 0.00000000 0.00000000
vn -1.00000000 0.00000000 0.00000000
vn -1.00000000 0.00000000 0.00000000
vn -1.00000000 0.00000000 0.00000000
vn 0.00000000 0.00000000 -1.00000000
vn 1.00000000 0.00000000 0.00000000
vn 1.00000000 0.00000000 0.00000000
vn 0.00000000 0.00000000 -1.00000000
vn -1.00000000 0.00000000 0.00000000
vn 0.00000000 0.00000000 -1.00000000
vn -1.00000000 0.00000000 0.00000000
vn 0.00000000 0.00000000 -1.00000000
vn 1.00000000 0.00000000 0.00000000
vn 0.15120000 -0.97820000 0.14240000
vn 0.00000000 0.00000000 1.00000000
vn 0.00000000 0.00000000 1.00000000
vn 0.10810000 0.98890000 0.10180000
vn 1.00000000 0.00000000 0.00000000
vn 0.00000000 0.00000000 -1.00000000
vn 1.00000000 0.00000000 0.00000000
vn 0.10810000 0.98890000 -0.10180000
vn 0.00000000 0.00000000 -1.00000000
vn 1.00000000 0.00000000 0.00000000
vn 0.15120000 -0.97820000 -0.14240000
vn -0.95710000 0.19970000 -0.21010000
vn -0.95710000 0.19970000 -0.21010000
vn 0.00000000 0.04520000 -0.99900000
vn 0.00000000 0.99210000 -0.12560000
vn 0.95710000 0.19970000 -0.21010000
vn 0.00000000 0.04520000 -0.99900000
vn 0.00000000 0.99210000 -0.12560000
vn 0.95710000 0.19970000 -0.21010000
vn 0.00000000 0.99210000 -0.12560000
vn 0.96290000 0.21680000 0.16070000
vn 0.96290000 0.21680000 0.16070000
vn 0.00000000 0.05660000 0.99840000
vn 0.00000000 0.05660000 0.99840000
vn -0.96290000 0.21680000 0.16070000
vn -0.96290000 0.21680000 0.16070000
vn 0.00000000 0.99210000 -0.12560000
vn 0.00000000 0.00000000 -1.00000000
vn 0.12770000 -0.97690000 -0.17130000
vn 1.00000000 0.00000000 0.00000000
vn 0.09090000 0.98820000 -0.12320000
vn 0.09090000 0.98820000 0.12320000
vn 1.00000000 0.00000000 0.00000000
vn 0.12770000 -0.97690000 0.17130000
vn 0.00000000 0.00000000 1.00000000
vn -0.09090000 0.98820000 -0.12320000
vn -0.12770000 -0.97690000 -0.17130000
vn 0.00000000 0.00000000 -1.00000000
vn -1.00000000 0.00000000 0.00000000
vn -0.09090000 0.98820000 0.12320000
vn -0.12770000 -0.97690000 0.17130000
vn -1.00000000 0.00000000 0.00000000
vn 0.00000000 0.00000000 1.00000000
vn -1.00000000 0.00000000 0.00000000
vn -0.10810000 0.98890000 0.10180000
vn 0.00000000 0.00000000 1.00000000
vn -1.00000000 0.00000000 0.00000000
vn 0.00000000 0.00000000 1.00000000
vn -0.15120000 -0.97820000 0.14240000
vn -1.00000000 0.00000000 0.00000000
vn -0.10810000 0.98890000 -0.10180000
vn 0.00000000 0.00000000 -1.00000000
vn -0.15120000 -0.97820000 -0.14240000
vn 0.00000000 0.00000000 -1.00000000
vn -1.00000000 0.00000000 0.00000000
vn 0.27810000 -0.93890000 -0.20300000
vn 0.27810000 -0.93890000 -0.20300000
vn 1.00000000 0.00000000 0.00000000
vn 0.00000000 -0.84950000 -0.52750000
vn 0.64690000 -0.76260000 0.00000000
vn 0.00000000 0.00000000 -1.00000000
vn -0.00000000 -0.84950000 0.52750000
vn 0.64690000 -0.76260000 0.00000000
vn 0.00000000 0.00000000 1.00000000
vn 1.00000000 0.00000000 0.00000000
vn 0.27810000 -0.93890000 0.20300000
vn 0.27810000 -0.93890000 0.20300000
vn -1.00000000 0.00000000 0.00000000
vn 0.00000000 0.00000000 -1.00000000
vn -0.64690000 -0.76260000 -0.00000000
vn 0.00000000 -0.84950000 -0.52750000
vn -0.27810000 -0.93890000 -0.20300000
vn -0.27810000 -0.93890000 -0.20300000
vn -1.00000000 0.00000000 0.00000000
vn 0.00000000 0.00000000 1.00000000
vn -0.00000000 -0.84950000 0.52750000
vn -0.64690000 -0.76260000 -0.00000000
vn -0.27810000 -0.93890000 0.20300000
vn -0.27810000 -0.93890000 0.20300000
vn 0.00000000 0.00000000 -1.00000000
vn 0.98960000 0.14350000 -0.00930000
vn 0.00000000 0.99180000 -0.12820000
vn 0.00000000 0.00000000 1.00000000
vn 0.98960000 0.14350000 -0.00930000
vn 0.00000000 0.99180000 -0.12820000
vn 0.00000000 0.00000000 1.00000000
vn 0.00000000 0.99180000 -0.12820000
vn -0.98960000 0.14350000 -0.00930000
vn 0.00000000 0.00000000 -1.00000000
vn 0.00000000 0.99180000 -0.12820000
vn -0.98960000 0.14350000 -0.00930000
vn 0.00000000 0.00000000 -1.00000000
vn 0.98960000 0.14350000 -0.00930000
vn 0.00000000 0.00000000 1.00000000
vn 0.98960000 0.14350000 -0.00930000
vn 0.00000000 0.00000000 -1.00000000
vn -0.98960000 0.14350000 -0.00930000
vn -0.98960000 0.14350000 -0.00930000
vn 0.00000000 0.00000000 1.00000000
vn -0.95710000 0.19970000 -0.21010000
vn -0.95710000 0.19970000 -0.21010000
vn 0.00000000 0.99210000 -0.12560000
vn 0.00000000 0.04520000 -0.99900000
vn 0.95710000 0.19970000 -0.21010000
vn 0.00000000 0.99210000 -0.12560000
vn 0.00000000 0.04520000 -0.99900000
vn 0.95710000 0.19970000 -0.21010000
vn 0.00000000 0.05660000 0.99840000
vn 0.96290000 0.21680000 0.16070000
vn 0.96290000 0.21680000 0.16070000
vn 0.00000000 0.99210000 -0.12560000
vn 0.00000000 0.05660000 0.99840000
vn -0.96290000 0.21680000 0.16070000
vn -0.96290000 0.21680000 0.16070000
vn 0.00000000 0.99210000 -0.12560000
vn 0.00000000 0.99180000 -0.12820000
vn 0.95690000 0.20290000 -0.20760000
vn 0.95690000 0.20290000 -0.20760000
vn 0.00000000 0.00000000 -1.00000000
vn 0.00000000 0.99180000 -0.12820000
vn 0.00000000 0.00000000 -1.00000000
vn -0.95690000 0.20290000 -0.20760000
vn -0.95690000 0.20290000 -0.20760000
vn 0.00000000 0.00000000 -1.00000000
vn 0.95690000 0.20290000 -0.20760000
vn 0.95690000 0.20290000 -0.20760000
vn 0.00000000 0.99180000 -0.12820000
vn 0.00000000 0.00000000 -1.00000000
vn -0.95690000 0.20290000 -0.20760000
vn 0.00000000 0.99180000 -0.12820000
vn -0.95690000 0.20290000 -0.20760000
vn 0.00000000 0.00000000 1.00000000
vn -0.96310000 0.20200000 0.17770000
vn -0.96310000 0.20200000 0.17770000
vn 0.00000000 0.99180000 -0.12820000
vn 0.96310000 0.20200000 0.17770000
vn 0.00000000 0.99180000 -0.12820000
vn 0.00000000 0.00000000 1.00000000
vn 0.96310000 0.20200000 0.17770000
vn -0.96310000 0.20200000 0.17770000
vn 0.00000000 0.99180000 -0.12820000
vn -0.96310000 0.20200000 0.17770000
vn 0.00000000 0.00000000 1.00000000
vn 0.96310000 0.20200000 0.17770000
vn 0.00000000 0.99180000 -0.12820000
vn 0.00000000 0.00000000 1.00000000
vn 0.96310000 0.20200000 0.17770000
vn 0.92550000 0.01170000 0.37870000
vn 0.00000000 0.00000000 1.00000000
vn 0.00000000 0.00000000 1.00000000
vn -0.92550000 0.01170000 0.37870000
vn 0.00000000 0.00000000 1.00000000
vn 0.92550000 0.01170000 0.37870000
vn -0.92550000 0.01170000 0.37860000
vn 0.00000000 0.00000000 1.00000000
vn 0.00000000 0.00000000 -1.00000000
vn -0.93570000 0.00900000 -0.35280000
vn 0.00000000 0.00000000 -1.00000000
vn 0.93570000 0.00900000 -0.35280000
vn 0.00000000 0.00000000 -1.00000000
vn -0.93570000 0.00900000 -0.35280000
vn 0.00000000 0.00000000 -1.00000000
vn 0.93570000 0.00900000 -0.35280000
vn -0.92550000 0.01170000 0.37860000
vn 0.00000000 0.05660000 0.99840000
vn 0.92550000 0.01170000 0.37870000
vn 0.00000000 0.05660000 0.99840000
vn -0.92550000 0.01170000 0.37870000
vn 0.00000000 0.05660000 0.99840000
vn 0.00000000 0.05660000 0.99840000
vn 0.92550000 0.01170000 0.37870000
vn 0.93570000 0.00900000 -0.35280000
vn 0.00000000 0.04520000 -0.99900000
vn 0.00000000 0.04520000 -0.99900000
vn -0.93570000 0.00900000 -0.35280000
vn 0.00000000 0.04520000 -0.99900000
vn 0.93570000 0.00900000 -0.35280000
vn -0.93570000 0.00900000 -0.35280000
vn 0.00000000 0.04520000 -0.99900000
vn -0.97650000 -0.21570000 -0.00000000
vn -0.97650000 -0.21570000 -0.00000000
vn 0.00000000 -0.21570000 -0.97650000
vn 0.00000000 -0.21570000 -0.97650000
vn -0.97650000 0.21570000 -0.00000000
vn -0.97650000 0.21570000 -0.00000000
vn 0.00000000 0.21570000 -0.97650000
vn 0.00000000 0.21570000 -0.97650000
vn 0.00000000 -0.50520000 -0.86300000
vn -0.86300000 -0.50520000 -0.00000000
vn 0.00000000 0.50520000 -0.86300000
vn -0.86300000 0.50520000 -0.00000000
vn 0.00000000 0.21570000 -0.97650000
vn 0.00000000 0.21570000 -0.97650000
vn 0.97650000 0.21570000 0.00000000
vn 0.97650000 0.21570000 0.00000000
vn 0.00000000 -0.21570000 -0.97650000
vn 0.00000000 -0.21570000 -0.97650000
vn 0.97650000 -0.21570000 0.00000000
vn 0.97650000 -0.21570000 0.00000000
vn 0.00000000 0.50520000 -0.86300000
vn 0.86300000 0.50520000 0.00000000
vn 0.00000000 -0.50520000 -0.86300000
vn 0.86300000 -0.50520000 0.00000000
vn 0.97650000 -0.21570000 0.00000000
vn 0.97650000 -0.21570000 0.00000000
vn -0.00000000 -0.21570000 0.97650000
vn -0.00000000 -0.21570000 0.97650000
vn -0.00000000 0.21570000 0.97650000
vn 0.97650000 0.21570000 0.00000000
vn 0.97650000 0.21570000 0.00000000
vn -0.00000000 0.21570000 0.97650000
vn 0.86300000 0.50520000 0.00000000
vn -0.00000000 0.50520000 0.86300000
vn -0.00000000 -0.50520000 0.86300000
vn 0.86300000 -0.50520000 0.00000000
vn -0.97650000 0.21570000 -0.00000000
vn -0.00000000 0.21570000 0.97650000
vn -0.00000000 0.21570000 0.97650000
vn -0.97650000 0.21570000 -0.00000000
vn -0.97650000 -0.21570000 -0.00000000
vn -0.97650000 -0.21570000 -0.00000000
vn -0.00000000 -0.21570000 0.97650000
vn -0.00000000 -0.21570000 0.97650000
vn -0.86300000 -0.50520000 -0.00000000
vn -0.00000000 -0.50520000 0.86300000
vn -0.86300000 0.50520000 -0.00000000
vn -0.00000000 0.50520000 0.86300000
vn 0.00000000 0.00000000 1.00000000
vn 0.00000000 0.00000000 1.00000000
vn 0.00000000 0.00000000 1.00000000
vn 0.00000000 0.00000000 1.00000000
vn -0.17110000 0.00000000 0.98530000
vn 0.00000000 -1.00000000 0.00000000
vn -0.98530000 0.00000000 -0.17110000
vn 0.17110000 0.00000000 -0.98530000
vn 0.00000000 -1.00000000 0.00000000
vn -0.98530000 0.00000000 -0.17110000
vn 0.00000000 -1.00000000 0.00000000
vn 0.98530000 0.00000000 0.17110000
vn -0.17110000 0.00000000 0.98530000
vn -0.17110000 0.00000000 0.98530000
vn 0.98530000 0.00000000 0.17110000
vn 0.00000000 1.00000000 0.00000000
vn 0.00000000 -1.00000000 0.00000000
vn 0.17110000 0.00000000 -0.98530000
vn 0.98530000 0.00000000 0.17110000
vn 0.17110000 0.00000000 -0.98530000
vn 0.00000000 1.00000000 0.00000000
vn 0.98530000 0.00000000 0.17110000
vn -0.17110000 0.00000000 0.98530000
vn -0.17110000 0.00000000 0.98530000
vn -0.17110000 0.00000000 0.98530000
vn -0.17110000 0.00000000 0.98530000
vn -0.42160000 0.90380000 -0.07320000
vn -0.42160000 0.90380000 -0.07320000
vn 0.00000000 1.00000000 0.00000000
vn -0.42160000 0.90380000 -0.07320000
vn 0.17110000 0.00000000 -0.98530000
vn -0.98530000 0.00000000 -0.17110000
vn 0.00000000 1.00000000 0.00000000
vn -0.42160000 0.90380000 -0.07320000
vn -0.17110000 0.00000000 0.98530000
vn -0.98530000 0.00000000 -0.17110000
vn 0.00000000 1.00000000 0.00000000
vn 0.00000000 1.00000000 0.00000000
vn 0.17110000 0.00000000 -0.98530000
vn -0.17110000 0.00000000 0.98530000
vn 0.00000000 1.00000000 0.00000000
vn 0.00000000 1.00000000 0.00000000
vn 0.62860000 0.64820000 0.42980000
vn -0.80830000 -0.04200000 0.58730000
vn -0.02780000 0.55490000 0.83140000
vn -0.83660000 0.54780000 0.00000000
vn -0.80830000 -0.04200000 -0.58730000
vn -0.80830000 -0.04200000 0.58730000
vn -0.80830000 -0.04200000 -0.58730000
vn -0.02780000 0.55490000 -0.83140000
vn 0.62860000 0.64820000 -0.42980000
vn 0.18440000 0.71780000 0.67140000
vn 0.18440000 0.71780000 0.67140000
vn -0.45480000 0.84010000 0.29540000
vn -0.45480000 0.84010000 0.29540000
vn -0.80830000 -0.04200000 0.58730000
vn -0.80830000 -0.04200000 -0.58730000
vn -0.45480000 0.84010000 -0.29540000
vn -0.45480000 0.84010000 -0.29540000
vn 0.18440000 0.71780000 -0.67140000
vn 0.18440000 0.71780000 -0.67140000
vn 0.63340000 0.77380000 -0.00000000
vn 0.63340000 0.77380000 -0.00000000
vn 0.06270000 0.99800000 -0.00000000
vn 0.29530000 0.48850000 0.82110000
vn -0.99960000 -0.02890000 0.00450000
vn -0.52770000 0.39680000 0.75110000
vn -0.80100000 0.16150000 -0.57640000
vn -0.31320000 -0.02890000 -0.94930000
vn 0.54460000 0.39680000 -0.73890000
vn 0.87230000 0.48850000 0.01920000
vn -0.26890000 0.63220000 0.72670000
vn -0.26890000 0.63220000 0.72670000
vn -0.83610000 0.54820000 -0.01780000
vn -0.83610000 0.54820000 -0.01780000
vn -0.28240000 0.54820000 -0.78720000
vn -0.28240000 0.54820000 -0.78720000
vn 0.60360000 0.63220000 -0.48580000
vn 0.60360000 0.63220000 -0.48580000
vn 0.59780000 0.67650000 0.43020000
vn 0.59780000 0.67650000 0.43020000
vn 0.05950000 0.99730000 0.04280000
vn -1.00000000 0.00000000 0.00000000
vn 0.00000000 0.00000000 1.00000000
vn -1.00000000 0.00000000 0.00000000
vn 0.00000000 0.00000000 1.00000000
vn 0.00000000 0.00000000 -1.00000000
vn -1.00000000 0.00000000 0.00000000
vn -1.00000000 0.00000000 0.00000000
vn 0.00000000 0.00000000 -1.00000000
vn 0.00000000 0.00000000 1.00000000
vn 1.00000000 0.00000000 0.00000000
vn 0.00000000 0.00000000 1.00000000
vn 1.00000000 0.00000000 0.00000000
vn 0.00000000 0.00000000 -1.00000000
vn 1.00000000 0.00000000 0.00000000
vn 1.00000000 0.00000000 0.00000000
vn 0.00000000 0.00000000 -1.00000000
vn -1.00000000 0.00000000 0.00000000
vn 0.00000000 0.00000000 1.00000000
vn -1.00000000 0.00000000 0.00000000
vn 0.00000000 0.00000000 1.00000000
vn 0.00000000 0.00000000 -1.00000000
vn -1.00000000 0.00000000 0.00000000
vn -1.00000000 0.00000000 0.00000000
vn 0.00000000 0.00000000 -1.00000000
vn 0.00000000 0.00000000 1.00000000
vn 1.00000000 0.00000000 0.00000000
vn 0.00000000 0.00000000 1.00000000
vn 1.00000000 0.00000000 0.00000000
vn 1.00000000 0.00000000 0.00000000
vn 0.00000000 0.00000000 -1.00000000
vn 0.00000000 0.00000000 -1.00000000
vn 1.00000000 0.00000000 0.00000000
vn 0.00000000 -1.00000000 0.00000000
vn -0.70710000 0.00000000 0.70710000
vn 0.00000000 0.00000000 1.00000000
vn -0.92390000 0.00000000 0.38270000
vn 0.00000000 -1.00000000 0.00000000
vn 0.00000000 1.00000000 0.00000000
vn -0.92390000 0.00000000 0.38270000
vn 0.00000000 0.00000000 1.00000000
vn -0.70710000 0.00000000 0.70710000
vn 0.00000000 1.00000000 0.00000000
vn 0.00000000 -1.00000000 0.00000000
vn -0.92390000 0.00000000 -0.38270000
vn 0.00000000 -1.00000000 0.00000000
vn 0.00000000 0.00000000 -1.00000000
vn -0.70710000 0.00000000 -0.70710000
vn 0.00000000 0.00000000 -1.00000000
vn 0.00000000 1.00000000 0.00000000
vn -0.70710000 0.00000000 -0.70710000
vn -0.92390000 0.00000000 -0.38270000
vn 0.00000000 1.00000000 0.00000000
vn 0.92390000 0.00000000 0.38270000
vn 0.00000000 -1.00000000 0.00000000
vn 0.00000000 -1.00000000 0.00000000
vn 0.70710000 0.00000000 0.70710000
vn 0.00000000 0.00000000 1.00000000
vn 0.00000000 0.00000000 1.00000000
vn 0.00000000 1.00000000 0.00000000
vn 0.70710000 0.00000000 0.70710000
vn 0.92390000 0.00000000 0.38270000
vn 0.00000000 1.00000000 0.00000000
vn 0.70710000 0.00000000 -0.70710000
vn 0.00000000 -1.00000000 0.00000000
vn 0.00000000 0.00000000 -1.00000000
vn 0.92390000 0.00000000 -0.38270000
vn 0.00000000 -1.00000000 0.00000000
vn 0.00000000 1.00000000 0.00000000
vn 0.92390000 0.00000000 -0.38270000
vn 0.00000000 1.00000000 0.00000000
vn 0.00000000 0.00000000 -1.00000000
vn 0.70710000 0.00000000 -0.70710000
vn 0.00000000 0.87540000 -0.48350000
vn -0.38270000 0.00000000 -0.92390000
vn 0.38270000 0.00000000 -0.92390000
vn 0.00000000 -0.94720000 -0.32080000
vn 0.38270000 0.00000000 -0.92390000
vn -0.38270000 0.00000000 -0.92390000
vn 0.70710000 0.00000000 -0.70710000
vn 0.34190000 0.87540000 -0.34190000
vn 0.70710000 0.00000000 -0.70710000
vn 0.22680000 -0.94720000 -0.22680000
vn 0.92390000 0.00000000 0.38270000
vn 0.48350000 0.87540000 0.00000000
vn 0.92390000 0.00000000 -0.38270000
vn 0.92390000 0.00000000 0.38270000
vn 0.32080000 -0.94720000 0.00000000
vn 0.92390000 0.00000000 -0.38270000
vn 0.70710000 0.00000000 0.70710000
vn 0.70710000 0.00000000 0.70710000
vn 0.34190000 0.87540000 0.34190000
vn 0.70710000 0.00000000 0.70710000
vn 0.22680000 -0.94720000 0.22680000
vn 0.38270000 0.00000000 0.92390000
vn 0.00000000 0.87540000 0.48350000
vn -0.38270000 0.00000000 0.92390000
vn -0.38270000 0.00000000 0.92390000
vn 0.00000000 -0.94720000 0.32080000
vn 0.38270000 0.00000000 0.92390000
vn -0.70710000 0.00000000 0.70710000
vn -0.34190000 0.87540000 0.34190000
vn -0.70710000 0.00000000 0.70710000
vn -0.70710000 0.00000000 0.70710000
vn -0.22680000 -0.94720000 0.22680000
vn -0.92390000 0.00000000 0.38270000
vn -0.92390000 0.00000000 -0.38270000
vn -0.48350000 0.87540000 0.00000000
vn -0.92390000 0.00000000 -0.38270000
vn -0.92390000 0.00000000 0.38270000
vn -0.32080000 -0.94720000 0.00000000
vn -0.34190000 0.87540000 -0.34190000
vn -0.70710000 0.00000000 -0.70710000
vn -0.22680000 -0.94720000 -0.22680000
vn -0.70710000 0.00000000 -0.70710000
vn 0.17740000 0.96800000 -0.17740000
vn 0.63420000 0.44220000 -0.63420000
vn 0.63420000 0.44220000 -0.63420000
vn 0.00000000 0.96800000 -0.25090000
vn -0.00000000 0.44220000 -0.89690000
vn -0.00000000 0.44220000 -0.89690000
vn 0.25090000 0.96800000 -0.00000000
vn 0.89690000 0.44220000 0.00000000
vn 0.89690000 0.44220000 0.00000000
vn 0.17740000 0.96800000 0.17740000
vn 0.63420000 0.44220000 0.63420000
vn 0.63420000 0.44220000 0.63420000
vn -0.00000000 0.44220000 0.89690000
vn -0.00000000 0.44220000 0.89690000
vn 0.00000000 0.96800000 0.25090000
vn -0.63420000 0.44220000 0.63420000
vn -0.63420000 0.44220000 0.63420000
vn -0.17740000 0.96800000 0.17740000
vn -0.89690000 0.44220000 0.00000000
vn -0.25090000 0.96800000 -0.00000000
vn -0.89690000 0.44220000 0.00000000
vn -0.17740000 0.96800000 -0.17740000
vn -0.63420000 0.44220000 -0.63420000
vn -0.63420000 0.44220000 -0.63420000
vn 0.50960000 0.69330000 -0.50960000
vn -0.00000000 0.69330000 -0.72060000
vn 0.72060000 0.69330000 0.00000000
vn 0.50960000 0.69330000 0.50960000
vn -0.00000000 0.69330000 0.72060000
vn -0.50960000 0.69330000 0.50960000
vn -0.72060000 0.69330000 -0.00000000
vn -0.50960000 0.69330000 -0.50960000
vn 0.00000000 1.00000000 0.00000000
vn -0.92390000 0.00000000 -0.38270000
vn -0.32080000 -0.94720000 0.00000000
vn -0.92390000 0.00000000 0.38270000
vn -0.70710000 0.00000000 0.70710000
vn -0.22680000 -0.94720000 0.22680000
vn 0.00000000 -0.94720000 0.32080000
vn -0.38270000 0.00000000 0.92390000
vn 0.38270000 0.00000000 0.92390000
vn 0.70710000 0.00000000 0.70710000
vn 0.22680000 -0.94720000 0.22680000
vn 0.32080000 -0.94720000 0.00000000
vn 0.92390000 0.00000000 0.38270000
vn 0.92390000 0.00000000 -0.38270000
vn 0.00000000 -0.94720000 -0.32080000
vn 0.00000000 0.00000000 -1.00000000
vn 0.92390000 0.00000000 -0.38270000
vn 0.38270000 0.00000000 -0.92390000
vn 0.22680000 -0.94720000 -0.22680000
vn -0.38270000 0.00000000 -0.92390000
vn -0.92390000 0.00000000 -0.38270000
vn -0.22680000 -0.94720000 -0.22680000
vn 0.92390000 0.00000000 -0.38270000
vn 0.38270000 0.00000000 -0.92390000
vn 0.17740000 0.96800000 -0.17740000
vn 0.00000000 0.00000000 -1.00000000
vn 0.00000000 0.96800000 -0.25090000
vn 0.25090000 0.96800000 -0.00000000
vn 0.92390000 0.00000000 0.38270000
vn 0.92390000 0.00000000 -0.38270000
vn 0.17740000 0.96800000 0.17740000
vn 0.70710000 0.00000000 0.70710000
vn 0.38270000 0.00000000 0.92390000
vn -0.38270000 0.00000000 0.92390000
vn 0.00000000 0.96800000 0.25090000
vn -0.17740000 0.96800000 0.17740000
vn -0.70710000 0.00000000 0.70710000
vn -0.25090000 0.96800000 -0.00000000
vn -0.92390000 0.00000000 0.38270000
vn -0.92390000 0.00000000 -0.38270000
vn -0.38270000 0.00000000 -0.92390000
vn -0.92390000 0.00000000 -0.38270000
vn -0.17740000 0.96800000 -0.17740000
vn 0.00000000 0.00000000 1.00000000
vn 0.70710000 -0.70710000 0.00000000
vn 0.00000000 -1.00000000 0.00000000
vn 0.00000000 -1.00000000 0.00000000
vn 0.70710000 -0.70710000 0.00000000
vn 0.92390000 -0.38270000 0.00000000
vn 0.00000000 0.00000000 1.00000000
vn 0.92390000 -0.38270000 0.00000000
vn 0.92390000 -0.38270000 0.00000000
vn 0.92390000 -0.38270000 0.00000000
vn 0.00000000 0.00000000 1.00000000
vn 0.92390000 0.38270000 0.00000000
vn 0.92390000 0.38270000 0.00000000
vn 0.92390000 0.38270000 0.00000000
vn 0.92390000 0.38270000 0.00000000
vn 0.00000000 1.00000000 0.00000000
vn 0.00000000 0.00000000 1.00000000
vn 0.70710000 0.70710000 0.00000000
vn 0.00000000 1.00000000 0.00000000
vn 0.70710000 0.70710000 0.00000000
vn 0.00000000 0.87540000 -0.48350000
vn 0.00000000 0.00000000 -1.00000000
vn 0.38270000 0.00000000 -0.92390000
vn 0.92390000 0.00000000 -0.38270000
vn 0.34190000 0.87540000 -0.34190000
vn 0.48350000 0.87540000 0.00000000
vn 0.92390000 0.00000000 0.38270000
vn 0.92390000 0.00000000 -0.38270000
vn 0.34190000 0.87540000 0.34190000
vn 0.70710000 0.00000000 0.70710000
vn 0.00000000 0.87540000 0.48350000
vn 0.38270000 0.00000000 0.92390000
vn -0.38270000 0.00000000 0.92390000
vn -0.34190000 0.87540000 0.34190000
vn -0.70710000 0.00000000 0.70710000
vn -0.92390000 0.00000000 0.38270000
vn -0.48350000 0.87540000 0.00000000
vn -0.92390000 0.00000000 -0.38270000
vn -0.92390000 0.00000000 -0.38270000
vn -0.38270000 0.00000000 -0.92390000
vn -0.34190000 0.87540000 -0.34190000
vn 0.00000000 0.00000000 -1.00000000
vn 0.38270000 0.00000000 -0.92390000
vn 0.92390000 0.00000000 -0.38270000
vn 0.92390000 0.00000000 0.38270000
vn 0.92390000 0.00000000 -0.38270000
vn 0.70710000 0.00000000 0.70710000
vn 0.38270000 0.00000000 0.92390000
vn -0.38270000 0.00000000 0.92390000
vn -0.70710000 0.00000000 0.70710000
vn -0.92390000 0.00000000 0.38270000
vn -0.92390000 0.00000000 -0.38270000
vn -0.38270000 0.00000000 -0.92390000
vn -0.92390000 0.00000000 -0.38270000
vn -0.38270000 -0.92390000 -0.00000000
vn -0.38270000 -0.92390000 -0.00000000
vn 0.00000000 0.00000000 1.00000000
vn -0.92390000 -0.38270000 -0.00000000
vn -0.92390000 -0.38270000 -0.00000000
vn -0.92390000 -0.38270000 -0.00000000
vn -0.92390000 -0.38270000 -0.00000000
vn 0.00000000 0.00000000 1.00000000
vn -0.92390000 0.38270000 0.00000000
vn -0.92390000 0.38270000 0.00000000
vn -0.92390000 0.38270000 0.00000000
vn 0.00000000 0.00000000 1.00000000
vn -0.92390000 0.38270000 0.00000000
vn 0.00000000 1.00000000 0.00000000
vn -0.70710000 0.70710000 0.00000000
vn 0.00000000 1.00000000 0.00000000
vn -0.70710000 0.70710000 0.00000000
vn 0.00000000 0.00000000 1.00000000
vn -0.27540000 0.66500000 0.69420000
vn 0.00000000 0.00000000 1.00000000
vn -0.66500000 0.27540000 0.69420000
vn -0.66500000 0.27540000 0.69420000
vn 0.00000000 0.00000000 1.00000000
vn 0.00000000 0.00000000 1.00000000
vn -0.66500000 -0.27540000 0.69420000
vn -0.27540000 -0.66500000 0.69420000
vn 0.00000000 0.00000000 1.00000000
vn 0.27540000 -0.66500000 0.69420000
vn 0.00000000 0.00000000 1.00000000
vn 0.66500000 -0.27540000 0.69420000
vn 0.00000000 0.00000000 1.00000000
vn 0.66500000 0.27540000 0.69420000
vn 0.66500000 0.27540000 0.69420000
vn 0.00000000 0.00000000 1.00000000
vn 0.00000000 0.00000000 1.00000000
vn 0.27540000 0.66500000 0.69420000
vn 0.00000000 0.00000000 1.00000000
vn 0.00000000 0.00000000 1.00000000
vn 0.00000000 0.00000000 1.00000000
vn 0.00000000 -1.00000000 0.00000000
vn -1.00000000 0.00000000 0.00000000
vn 0.00000000 0.00000000 1.00000000
vn 0.00000000 1.00000000 0.00000000
vn -1.00000000 0.00000000 0.00000000
vn -1.00000000 0.00000000 0.00000000
vn 0.00000000 0.00000000 -1.00000000
vn 0.00000000 -1.00000000 0.00000000
vn 0.00000000 1.00000000 0.00000000
vn 0.00000000 0.00000000 -1.00000000
vn -1.00000000 0.00000000 0.00000000
vn 0.00000000 0.00000000 1.00000000
vn 0.00000000 -1.00000000 0.00000000
vn 1.00000000 0.00000000 0.00000000
vn 0.00000000 0.00000000 1.00000000
vn 0.00000000 1.00000000 0.00000000
vn 1.00000000 0.00000000 0.00000000
vn 0.00000000 0.00000000 -1.00000000
vn 1.00000000 0.00000000 0.00000000
vn 0.00000000 -1.00000000 0.00000000
vn 0.00000000 0.00000000 -1.00000000
vn 1.00000000 0.00000000 0.00000000
vn 0.00000000 1.00000000 0.00000000
vn 0.00000000 0.00000000 1.00000000
vn -1.00000000 0.00000000 0.00000000
vn -1.00000000 0.00000000 0.00000000
vn 0.00000000 0.00000000 1.00000000
vn -1.00000000 0.00000000 0.00000000
vn 0.00000000 0.00000000 -1.00000000
vn -1.00000000 0.00000000 0.00000000
vn 0.00000000 0.00000000 -1.00000000
vn 0.00000000 0.00000000 1.00000000
vn 1.00000000 0.00000000 0.00000000
vn 1.00000000 0.00000000 0.00000000
vn 0.00000000 0.00000000 1.00000000
vn 0.00000000 0.00000000 -1.00000000
vn 1.00000000 0.00000000 0.00000000
vn 0.00000000 0.00000000 -1.00000000
vn 1.00000000 0.00000000 0.00000000
vn 0.00000000 0.00000000 1.00000000
vn -1.00000000 0.00000000 0.00000000
vn -1.00000000 0.00000000 0.00000000
vn 0.00000000 0.00000000 1.00000000
vn 0.00000000 0.00000000 -1.00000000
vn -1.00000000 0.00000000 0.00000000
vn -1.00000000 0.00000000 0.00000000
vn 0.00000000 0.00000000 -1.00000000
vn 1.00000000 0.00000000 0.00000000
vn 0.00000000 0.00000000 1.00000000
vn 0.00000000 0.00000000 1.00000000
vn 1.00000000 0.00000000 0.00000000
vn 0.00000000 0.00000000 -1.00000000
vn 1.00000000 0.00000000 0.00000000
vn 1.00000000 0.00000000 0.00000000
vn 0.00000000 0.00000000 -1.00000000
vn 0.00000000 -1.00000000 0.00000000
vn -0.70710000 0.00000000 0.70710000
vn 0.00000000 0.00000000 1.00000000
vn -0.92390000 0.00000000 0.38270000
vn 0.00000000 -1.00000000 0.00000000
vn 0.00000000 1.00000000 0.00000000
vn -0.92390000 0.00000000 0.38270000
vn 0.00000000 0.00000000 1.00000000
vn -0.70710000 0.00000000 0.70710000
vn 0.00000000 1.00000000 0.00000000
vn 0.00000000 -1.00000000 0.00000000
vn -0.92390000 0.00000000 -0.38270000
vn 0.00000000 -1.00000000 0.00000000
vn 0.00000000 0.00000000 -1.00000000
vn -0.70710000 0.00000000 -0.70710000
vn -0.70710000 0.00000000 -0.70710000
vn 0.00000000 1.00000000 0.00000000
vn 0.00000000 0.00000000 -1.00000000
vn 0.00000000 1.00000000 0.00000000
vn -0.92390000 0.00000000 -0.38270000
vn 0.92390000 0.00000000 0.38270000
vn 0.00000000 -1.00000000 0.00000000
vn 0.00000000 -1.00000000 0.00000000
vn 0.70710000 0.00000000 0.70710000
vn 0.00000000 0.00000000 1.00000000
vn 0.00000000 1.00000000 0.00000000
vn 0.70710000 0.00000000 0.70710000
vn 0.00000000 0.00000000 1.00000000
vn 0.92390000 0.00000000 0.38270000
vn 0.00000000 1.00000000 0.00000000
vn 0.70710000 0.00000000 -0.70710000
vn 0.00000000 -1.00000000 0.00000000
vn 0.00000000 0.00000000 -1.00000000
vn 0.00000000 -1.00000000 0.00000000
vn 0.92390000 0.00000000 -0.38270000
vn 0.00000000 1.00000000 0.00000000
vn 0.92390000 0.00000000 -0.38270000
vn 0.00000000 1.00000000 0.00000000
vn 0.70710000 0.00000000 -0.70710000
vn 0.00000000 0.00000000 -1.00000000
vt 0.27891000 0.82734200
vt 0.27891000 0.82734200
vt 0.27891000 0.78046700
vt 0.27891000 0.84765600
vt 0.27891000 0.84765600
vt 0.27891000 0.87890600
vt 0.27891000 0.78046700
vt 0.27891000 0.82734200
vt 0.27891000 0.82734200
vt 0.27891000 0.84765600
vt 0.27891000 0.84765600
vt 0.27891000 0.87890600
vt 0.33437100 0.78046700
vt 0.33437100 0.82734200
vt 0.33437100 0.82734200
vt 0.33437100 0.84765600
vt 0.33437100 0.84765600
vt 0.33437100 0.87890600
vt 0.33437100 0.82734200
vt 0.33437100 0.82734200
vt 0.33437100 0.78046700
vt 0.33437100 0.84765600
vt 0.33437100 0.87890600
vt 0.33437100 0.84765600
vt 0.33159800 0.81171700
vt 0.33159800 0.78046700
vt 0.33159800 0.82734200
vt 0.28168300 0.78046700
vt 0.28168300 0.82734200
vt 0.28168300 0.81171700
vt 0.28168300 0.87890600
vt 0.28168300 0.83203100
vt 0.28168300 0.84765600
vt 0.28168300 0.86328100
vt 0.33159800 0.86328100
vt 0.33159800 0.83203100
vt 0.33159800 0.84765600
vt 0.33159800 0.87890600
vt 0.28168300 0.81171700
vt 0.28168300 0.82734200
vt 0.28168300 0.78046700
vt 0.33159800 0.82734200
vt 0.33159800 0.78046700
vt 0.33159800 0.81171700
vt 0.33159800 0.87890600
vt 0.33159800 0.86328100
vt 0.33159800 0.84765600
vt 0.33159800 0.83203100
vt 0.28168300 0.86328100
vt 0.28168300 0.87890600
vt 0.28168300 0.83203100
vt 0.28168300 0.84765600
vt 0.27891000 0.81171700
vt 0.27891000 0.82734200
vt 0.27891000 0.78046700
vt 0.27891000 0.81171700
vt 0.27891000 0.82734200
vt 0.27891000 0.78046700
vt 0.27891000 0.83203100
vt 0.27891000 0.86328100
vt 0.27891000 0.87890600
vt 0.27891000 0.84765600
vt 0.27891000 0.83203100
vt 0.27891000 0.84765600
vt 0.27891000 0.87890600
vt 0.27891000 0.86328100
vt 0.33437100 0.81171700
vt 0.33437100 0.82734200
vt 0.33437100 0.78046700
vt 0.33437100 0.81171700
vt 0.33437100 0.82734200
vt 0.33437100 0.78046700
vt 0.33437100 0.83203100
vt 0.33437100 0.84765600
vt 0.33437100 0.87890600
vt 0.33437100 0.86328100
vt 0.33437100 0.86328100
vt 0.33437100 0.84765600
vt 0.33437100 0.83203100
vt 0.33437100 0.87890600
vt 0.33159800 0.86328100
vt 0.33159800 0.87890600
vt 0.33159800 0.84765600
vt 0.33159800 0.86328100
vt 0.33159800 0.87890600
vt 0.33159800 0.84765600
vt 0.28168300 0.87890600
vt 0.28168300 0.86328100
vt 0.28168300 0.84765600
vt 0.28168300 0.86328100
vt 0.28168300 0.87890600
vt 0.28168300 0.84765600
vt 0.28168300 0.78046700
vt 0.28168300 0.78046700
vt 0.33159800 0.78046700
vt 0.33159800 0.78046700
vt 0.28125000 0.51899900
vt 0.31250000 0.56587400
vt 0.28125000 0.51899900
vt 0.31250000 0.56587400
vt 0.31250000 0.56587400
vt 0.28125000 0.51899900
vt 0.31250000 0.56587400
vt 0.31250000 0.56587400
vt 0.31250000 0.56587400
vt 0.93750000 0.89456700
vt 0.90625000 0.84769200
vt 0.93750000 0.89456700
vt 0.93750000 0.89456700
vt 0.90625000 0.84769200
vt 0.90625000 0.84769200
vt 0.93750000 0.89456700
vt 0.93750000 0.89456700
vt 0.93750000 0.89456700
vt 0.90625000 0.81096900
vt 0.31250000 0.60784400
vt 0.93750000 0.85784400
vt 0.28125000 0.56096900
vt 0.93750000 0.85784400
vt 0.31250000 0.60784400
vt 0.93750000 0.85784400
vt 0.31250000 0.60784400
vt 0.96875000 0.82014900
vt 0.93750000 0.86702400
vt 0.96875000 0.82014900
vt 0.96875000 0.83851100
vt 0.93750000 0.88538600
vt 0.96875000 0.83851100
vt 0.93750000 0.88538600
vt 0.96875000 0.83851100
vt 0.96875000 0.83851100
vt 0.93750000 0.86702400
vt 0.96875000 0.82014900
vt 0.96875000 0.82014900
vt 0.34375000 0.52818000
vt 0.31250000 0.57505500
vt 0.34375000 0.52818000
vt 0.31250000 0.57505500
vt 0.34375000 0.52818000
vt 0.34375000 0.52818000
vt 0.34375000 0.54654200
vt 0.34375000 0.54654200
vt 0.31250000 0.59341700
vt 0.34375000 0.54654200
vt 0.34375000 0.54654200
vt 0.31250000 0.59341700
vt 0.96875000 0.83851100
vt 0.96875000 0.83851100
vt 0.93750000 0.88538600
vt 0.96875000 0.82014900
vt 0.96875000 0.82014900
vt 0.93750000 0.86702400
vt 0.93750000 0.86702400
vt 0.96875000 0.82014900
vt 0.96875000 0.82014900
vt 0.96875000 0.83851100
vt 0.96875000 0.83851100
vt 0.93750000 0.88538600
vt 0.34375000 0.51926200
vt 0.34375000 0.51926200
vt 0.31250000 0.56613700
vt 0.34375000 0.54654200
vt 0.31250000 0.59341700
vt 0.34375000 0.54654200
vt 0.34375000 0.54654200
vt 0.34375000 0.54654200
vt 0.31250000 0.59341700
vt 0.34375000 0.51926200
vt 0.31250000 0.56613700
vt 0.34375000 0.51926200
vt 0.31250000 0.57505500
vt 0.34375000 0.52818000
vt 0.34375000 0.52818000
vt 0.34375000 0.54654200
vt 0.34375000 0.54654200
vt 0.31250000 0.59341700
vt 0.34375000 0.54654200
vt 0.34375000 0.54654200
vt 0.31250000 0.59341700
vt 0.34375000 0.52818000
vt 0.34375000 0.52818000
vt 0.31250000 0.57505500
vt 0.96875000 0.82014900
vt 0.96875000 0.82014900
vt 0.93750000 0.86702400
vt 0.96875000 0.83851100
vt 0.96875000 0.83851100
vt 0.93750000 0.88538600
vt 0.96875000 0.83851100
vt 0.93750000 0.88538600
vt 0.96875000 0.83851100
vt 0.96875000 0.82014900
vt 0.96875000 0.82014900
vt 0.93750000 0.86702400
vt 0.34375000 0.52818000
vt 0.34375000 0.52818000
vt 0.34375000 0.52818000
vt 0.34375000 0.52818000
vt 0.34375000 0.52818000
vt 0.34375000 0.52818000
vt 0.34375000 0.52818000
vt 0.34375000 0.52818000
vt 0.34375000 0.51926200
vt 0.34375000 0.51926200
vt 0.34375000 0.51926200
vt 0.34375000 0.51926200
vt 0.96875000 0.83851100
vt 0.96875000 0.83851100
vt 0.96875000 0.82014900
vt 0.96875000 0.82014900
vt 0.96875000 0.82014900
vt 0.96875000 0.82014900
vt 0.96875000 0.83851100
vt 0.96875000 0.83851100
vt 0.34375000 0.54654200
vt 0.34375000 0.54654200
vt 0.34375000 0.54654200
vt 0.34375000 0.54654200
vt 0.96875000 0.83851100
vt 0.96875000 0.83851100
vt 0.96875000 0.82014900
vt 0.96875000 0.82014900
vt 0.96875000 0.83851100
vt 0.96875000 0.83851100
vt 0.96875000 0.82014900
vt 0.96875000 0.82014900
vt 0.34375000 0.54654200
vt 0.34375000 0.54654200
vt 0.34375000 0.54654200
vt 0.34375000 0.54654200
vt 0.34375000 0.54654200
vt 0.34375000 0.54654200
vt 0.34375000 0.54654200
vt 0.34375000 0.54654200
vt 0.96875000 0.83851100
vt 0.96875000 0.83851100
vt 0.96875000 0.82014900
vt 0.96875000 0.82014900
vt 0.96875000 0.82014900
vt 0.96875000 0.82014900
vt 0.96875000 0.83851100
vt 0.96875000 0.83851100
vt 0.96875000 0.82014900
vt 0.96875000 0.82014900
vt 0.96875000 0.83851100
vt 0.96875000 0.83851100
vt 0.96875000 0.82014900
vt 0.96875000 0.82014900
vt 0.96875000 0.83851100
vt 0.96875000 0.83851100
vt 0.34375000 0.54654200
vt 0.34375000 0.54654200
vt 0.34375000 0.54654200
vt 0.34375000 0.54654200
vt 0.34375000 0.52818000
vt 0.34375000 0.52818000
vt 0.34375000 0.52818000
vt 0.34375000 0.52818000
vt 0.96875000 0.83851100
vt 0.96875000 0.83851100
vt 0.93750000 0.88538600
vt 0.93750000 0.86702400
vt 0.96875000 0.82014900
vt 0.96875000 0.82014900
vt 0.96875000 0.82014900
vt 0.96875000 0.82014900
vt 0.93750000 0.86702400
vt 0.96875000 0.83851100
vt 0.93750000 0.88538600
vt 0.96875000 0.83851100
vt 0.34375000 0.54654200
vt 0.34375000 0.54654200
vt 0.31250000 0.59341700
vt 0.31250000 0.59341700
vt 0.34375000 0.54654200
vt 0.34375000 0.54654200
vt 0.31250000 0.57505500
vt 0.34375000 0.52818000
vt 0.34375000 0.52818000
vt 0.31250000 0.57505500
vt 0.34375000 0.52818000
vt 0.34375000 0.52818000
vt 0.31250000 0.60784400
vt 0.93750000 0.85784400
vt 0.93750000 0.85784400
vt 0.31250000 0.60784400
vt 0.28125000 0.56096900
vt 0.90625000 0.81096900
vt 0.93750000 0.89456700
vt 0.90625000 0.84769200
vt 0.28125000 0.51899900
vt 0.31250000 0.56587400
vt 0.76764300 0.81668400
vt 0.76764300 0.83230900
vt 0.85735700 0.83230900
vt 0.85735700 0.81668400
vt 0.14663700 0.95910000
vt 0.14663700 0.92785000
vt 0.14663700 0.91734100
vt 0.14663700 0.91734100
vt 0.14663700 0.88609100
vt 0.14663700 0.91734100
vt 0.14663700 0.88609100
vt 0.21498300 0.92785000
vt 0.21498300 0.95910000
vt 0.14663700 0.92785000
vt 0.14663700 0.92785000
vt 0.14663700 0.95910000
vt 0.21498300 0.91734100
vt 0.21498300 0.88609100
vt 0.21498300 0.95910000
vt 0.21498300 0.92785000
vt 0.21498300 0.92785000
vt 0.21498300 0.88609100
vt 0.21498300 0.91734100
vt 0.21498300 0.91734100
vt 0.20005600 0.92325500
vt 0.20005600 0.83745400
vt 0.20005600 0.83745400
vt 0.20005600 0.83745400
vt 0.20005600 0.92325500
vt 0.20005600 0.92325500
vt 0.20947300 0.92325500
vt 0.20947300 0.83745400
vt 0.15214500 0.83745400
vt 0.16156400 0.92325500
vt 0.15214500 0.92325500
vt 0.16156400 0.83745400
vt 0.16156400 0.92325500
vt 0.16156400 0.92325500
vt 0.16156400 0.83745400
vt 0.16156400 0.83745400
vt 0.27163700 0.83943000
vt 0.27163700 0.87068000
vt 0.27163700 0.82214800
vt 0.33998300 0.83943000
vt 0.33998300 0.87068000
vt 0.27163700 0.83943000
vt 0.27163700 0.83943000
vt 0.27163700 0.87068000
vt 0.33998300 0.82214800
vt 0.33998300 0.83943000
vt 0.33998300 0.83943000
vt 0.33998300 0.87068000
vt 0.27163700 0.83199700
vt 0.27163700 0.83199700
vt 0.33998300 0.83199700
vt 0.33998300 0.83199700
vt 0.15438700 0.92954200
vt 0.15438700 0.89226900
vt 0.15438700 0.86101900
vt 0.15438700 0.86101900
vt 0.20723200 0.92954200
vt 0.15438700 0.92954200
vt 0.15438700 0.89829200
vt 0.20723200 0.86101900
vt 0.20723200 0.89829200
vt 0.20723200 0.92954200
vt 0.20723200 0.86101900
vt 0.20723200 0.89226900
vt 0.85735700 0.91769500
vt 0.85735700 0.93332000
vt 0.76764300 0.91769500
vt 0.76764300 0.93332000
vt 0.01661800 0.18080800
vt 0.23338200 0.18080800
vt 0.23338200 0.06919100
vt 0.01661800 0.06919100
vt 0.85735700 0.85937700
vt 0.85735700 0.87500200
vt 0.85735700 0.89062700
vt 0.76764300 0.89062700
vt 0.76764300 0.87500200
vt 0.76764300 0.85937700
vt 0.84030600 0.86551400
vt 0.84030600 0.84988900
vt 0.84030600 0.89676400
vt 0.78469400 0.86551400
vt 0.78469400 0.84988900
vt 0.78469400 0.89676400
vt 0.78469400 0.85742100
vt 0.78469400 0.84179600
vt 0.78469400 0.82617100
vt 0.84030600 0.85742100
vt 0.84030600 0.84179600
vt 0.84030600 0.82617100
vt 0.84030600 0.95508200
vt 0.84030600 0.92383200
vt 0.84030600 0.90820700
vt 0.78469400 0.90820700
vt 0.78469400 0.92383200
vt 0.78469400 0.95508200
vt 0.78469400 0.91573900
vt 0.78469400 0.88448900
vt 0.78469400 0.90011400
vt 0.84030600 0.91573900
vt 0.84030600 0.88448900
vt 0.84030600 0.90011400
vt 0.69715100 0.81886500
vt 0.69715100 0.87367600
vt 0.69715100 0.85805100
vt 0.69715100 0.87367600
vt 0.68921300 0.87367600
vt 0.68921300 0.85805100
vt 0.69715100 0.91296900
vt 0.69715100 0.89734400
vt 0.69715100 0.89734400
vt 0.69715100 0.95215500
vt 0.68921300 0.89734400
vt 0.68921300 0.91296900
vt 0.69715100 0.81886500
vt 0.68921300 0.87367600
vt 0.68921300 0.85805100
vt 0.69715100 0.87367600
vt 0.69715100 0.85805100
vt 0.69715100 0.95215500
vt 0.69715100 0.91296900
vt 0.69715100 0.89734400
vt 0.68921300 0.91296900
vt 0.68921300 0.89734400
vt 0.72081700 0.81886500
vt 0.72875400 0.85805100
vt 0.72875400 0.87367600
vt 0.72081700 0.87367600
vt 0.72081700 0.85805100
vt 0.72081700 0.87367600
vt 0.72081700 0.95215500
vt 0.72081700 0.89734400
vt 0.72081700 0.89734400
vt 0.72081700 0.91296900
vt 0.72875400 0.91296900
vt 0.72875400 0.89734400
vt 0.72081700 0.81886500
vt 0.72081700 0.85805100
vt 0.72081700 0.87367600
vt 0.72875400 0.85805100
vt 0.72875400 0.87367600
vt 0.72081700 0.95215500
vt 0.72875400 0.89734400
vt 0.72875400 0.91296900
vt 0.72081700 0.89734400
vt 0.72081700 0.91296900
vt 0.04100300 0.01579700
vt 0.77583000 0.66677600
vt 0.84918200 0.66677600
vt 0.20899700 0.01579700
vt 0.14663700 0.95910000
vt 0.14663700 0.92785000
vt 0.14663700 0.88609100
vt 0.14663700 0.91734100
vt 0.14663700 0.91734100
vt 0.14663700 0.91734100
vt 0.14663700 0.88609100
vt 0.21498300 0.92785000
vt 0.21498300 0.95910000
vt 0.14663700 0.92785000
vt 0.14663700 0.95910000
vt 0.14663700 0.92785000
vt 0.21498300 0.91734100
vt 0.21498300 0.88609100
vt 0.21498300 0.92785000
vt 0.21498300 0.95910000
vt 0.21498300 0.92785000
vt 0.21498300 0.91734100
vt 0.21498300 0.88609100
vt 0.21498300 0.91734100
vt 0.20005600 0.92325500
vt 0.20005600 0.83745400
vt 0.20005600 0.83745400
vt 0.20005600 0.83745400
vt 0.20005600 0.92325500
vt 0.20005600 0.92325500
vt 0.20947300 0.92325500
vt 0.20947300 0.83745400
vt 0.15214500 0.83745400
vt 0.16156400 0.92325500
vt 0.15214500 0.92325500
vt 0.16156400 0.83745400
vt 0.16156400 0.92325500
vt 0.16156400 0.92325500
vt 0.16156400 0.83745400
vt 0.16156400 0.83745400
vt 0.14663700 0.83943000
vt 0.14663700 0.87068000
vt 0.14663700 0.79089800
vt 0.14663700 0.82214800
vt 0.21498300 0.87068000
vt 0.21498300 0.83943000
vt 0.14663700 0.83943000
vt 0.14663700 0.83943000
vt 0.14663700 0.87068000
vt 0.21498300 0.79089800
vt 0.21498300 0.82214800
vt 0.21498300 0.83943000
vt 0.21498300 0.87068000
vt 0.21498300 0.83943000
vt 0.14663700 0.79089800
vt 0.14663700 0.82214800
vt 0.14663700 0.79089800
vt 0.14663700 0.83199700
vt 0.14663700 0.83199700
vt 0.14663700 0.80074700
vt 0.21498300 0.83199700
vt 0.21498300 0.80074700
vt 0.21498300 0.83199700
vt 0.21498300 0.79089800
vt 0.21498300 0.82214800
vt 0.21498300 0.79089800
vt 0.15438700 0.92954200
vt 0.15438700 0.86101900
vt 0.15438700 0.89226900
vt 0.15438700 0.86101900
vt 0.20723200 0.92954200
vt 0.15438700 0.89829200
vt 0.15438700 0.92954200
vt 0.20723200 0.86101900
vt 0.20723200 0.92954200
vt 0.20723200 0.89829200
vt 0.20723200 0.89226900
vt 0.20723200 0.86101900
vt 0.20899700 0.23420600
vt 0.84918200 0.58322400
vt 0.77583000 0.58322400
vt 0.04100300 0.23420600
vt 0.04100300 0.01579700
vt 0.77583000 0.66677600
vt 0.84918200 0.66677600
vt 0.20899700 0.01579700
vt 0.14663700 0.92785000
vt 0.14663700 0.95910000
vt 0.14663700 0.91734100
vt 0.14663700 0.91734100
vt 0.14663700 0.88609100
vt 0.14663700 0.88609100
vt 0.14663700 0.91734100
vt 0.21498300 0.92785000
vt 0.21498300 0.95910000
vt 0.14663700 0.95910000
vt 0.14663700 0.92785000
vt 0.14663700 0.92785000
vt 0.21498300 0.88609100
vt 0.21498300 0.91734100
vt 0.21498300 0.92785000
vt 0.21498300 0.95910000
vt 0.21498300 0.92785000
vt 0.21498300 0.91734100
vt 0.21498300 0.88609100
vt 0.21498300 0.91734100
vt 0.20005600 0.92325500
vt 0.20005600 0.83745400
vt 0.20005600 0.83745400
vt 0.20005600 0.83745400
vt 0.20005600 0.92325500
vt 0.20005600 0.92325500
vt 0.20947300 0.92325500
vt 0.20947300 0.83745400
vt 0.15214500 0.83745400
vt 0.16156400 0.92325500
vt 0.15214500 0.92325500
vt 0.16156400 0.83745400
vt 0.16156400 0.92325500
vt 0.16156400 0.92325500
vt 0.16156400 0.83745400
vt 0.16156400 0.83745400
vt 0.14663700 0.87068000
vt 0.14663700 0.83943000
vt 0.14663700 0.82214800
vt 0.14663700 0.79089800
vt 0.21498300 0.83943000
vt 0.21498300 0.87068000
vt 0.14663700 0.83943000
vt 0.14663700 0.83943000
vt 0.14663700 0.87068000
vt 0.21498300 0.82214800
vt 0.21498300 0.79089800
vt 0.21498300 0.83943000
vt 0.21498300 0.83943000
vt 0.21498300 0.87068000
vt 0.14663700 0.82214800
vt 0.14663700 0.79089800
vt 0.14663700 0.79089800
vt 0.14663700 0.83199700
vt 0.14663700 0.80074700
vt 0.14663700 0.83199700
vt 0.21498300 0.83199700
vt 0.21498300 0.83199700
vt 0.21498300 0.80074700
vt 0.21498300 0.82214800
vt 0.21498300 0.79089800
vt 0.21498300 0.79089800
vt 0.15438700 0.92954200
vt 0.15438700 0.86101900
vt 0.15438700 0.89226900
vt 0.15438700 0.86101900
vt 0.20723200 0.92954200
vt 0.15438700 0.92954200
vt 0.15438700 0.89829200
vt 0.20723200 0.86101900
vt 0.20723200 0.92954200
vt 0.20723200 0.89829200
vt 0.20723200 0.86101900
vt 0.20723200 0.89226900
vt 0.84918200 0.58322400
vt 0.20899700 0.23420600
vt 0.04100300 0.23420600
vt 0.77583000 0.58322400
vt 0.04100300 0.01579700
vt 0.77583000 0.66677600
vt 0.84918200 0.66677600
vt 0.20899700 0.01579700
vt 0.14663700 0.95910000
vt 0.14663700 0.92785000
vt 0.14663700 0.91734100
vt 0.14663700 0.88609100
vt 0.14663700 0.91734100
vt 0.14663700 0.88609100
vt 0.14663700 0.91734100
vt 0.21498300 0.95910000
vt 0.21498300 0.92785000
vt 0.14663700 0.92785000
vt 0.14663700 0.95910000
vt 0.14663700 0.92785000
vt 0.21498300 0.88609100
vt 0.21498300 0.91734100
vt 0.21498300 0.92785000
vt 0.21498300 0.95910000
vt 0.21498300 0.92785000
vt 0.21498300 0.91734100
vt 0.21498300 0.88609100
vt 0.21498300 0.91734100
vt 0.20005600 0.92325500
vt 0.20005600 0.83745400
vt 0.20005600 0.83745400
vt 0.20005600 0.83745400
vt 0.20005600 0.92325500
vt 0.20005600 0.92325500
vt 0.20947300 0.92325500
vt 0.20947300 0.83745400
vt 0.15214500 0.83745400
vt 0.16156400 0.92325500
vt 0.15214500 0.92325500
vt 0.16156400 0.83745400
vt 0.16156400 0.92325500
vt 0.16156400 0.92325500
vt 0.16156400 0.83745400
vt 0.16156400 0.83745400
vt 0.14663700 0.87068000
vt 0.14663700 0.83943000
vt 0.14663700 0.82214800
vt 0.14663700 0.79089800
vt 0.21498300 0.87068000
vt 0.21498300 0.83943000
vt 0.14663700 0.83943000
vt 0.14663700 0.87068000
vt 0.14663700 0.83943000
vt 0.21498300 0.79089800
vt 0.21498300 0.82214800
vt 0.21498300 0.83943000
vt 0.21498300 0.87068000
vt 0.21498300 0.83943000
vt 0.14663700 0.79089800
vt 0.14663700 0.79089800
vt 0.14663700 0.82214800
vt 0.14663700 0.83199700
vt 0.14663700 0.80074700
vt 0.14663700 0.83199700
vt 0.21498300 0.83199700
vt 0.21498300 0.80074700
vt 0.21498300 0.83199700
vt 0.21498300 0.79089800
vt 0.21498300 0.82214800
vt 0.21498300 0.79089800
vt 0.15438700 0.92954200
vt 0.15438700 0.89226900
vt 0.15438700 0.86101900
vt 0.15438700 0.86101900
vt 0.20723200 0.92954200
vt 0.15438700 0.92954200
vt 0.15438700 0.89829200
vt 0.20723200 0.86101900
vt 0.20723200 0.92954200
vt 0.20723200 0.89829200
vt 0.20723200 0.89226900
vt 0.20723200 0.86101900
vt 0.84918200 0.58322400
vt 0.20899700 0.23420600
vt 0.77583000 0.58322400
vt 0.04100300 0.23420600
vt 0.04100300 0.01579700
vt 0.27583000 0.66677600
vt 0.34918200 0.66677600
vt 0.20899700 0.01579700
vt 0.14663700 0.95910000
vt 0.14663700 0.92785000
vt 0.14663700 0.91734100
vt 0.14663700 0.88609100
vt 0.14663700 0.91734100
vt 0.14663700 0.88609100
vt 0.14663700 0.91734100
vt 0.21498300 0.95910000
vt 0.21498300 0.92785000
vt 0.14663700 0.95910000
vt 0.14663700 0.92785000
vt 0.14663700 0.92785000
vt 0.21498300 0.88609100
vt 0.21498300 0.91734100
vt 0.21498300 0.92785000
vt 0.21498300 0.92785000
vt 0.21498300 0.95910000
vt 0.21498300 0.91734100
vt 0.21498300 0.91734100
vt 0.21498300 0.88609100
vt 0.20005600 0.92325500
vt 0.20005600 0.83745400
vt 0.20005600 0.83745400
vt 0.20005600 0.83745400
vt 0.20005600 0.92325500
vt 0.20005600 0.92325500
vt 0.20947300 0.92325500
vt 0.20947300 0.83745400
vt 0.15214500 0.83745400
vt 0.16156400 0.92325500
vt 0.15214500 0.92325500
vt 0.16156400 0.83745400
vt 0.16156400 0.92325500
vt 0.16156400 0.92325500
vt 0.16156400 0.83745400
vt 0.16156400 0.83745400
vt 0.14663700 0.87068000
vt 0.14663700 0.83943000
vt 0.14663700 0.82214800
vt 0.14663700 0.79089800
vt 0.21498300 0.83943000
vt 0.21498300 0.87068000
vt 0.14663700 0.83943000
vt 0.14663700 0.87068000
vt 0.14663700 0.83943000
vt 0.21498300 0.79089800
vt 0.21498300 0.82214800
vt 0.21498300 0.83943000
vt 0.21498300 0.83943000
vt 0.21498300 0.87068000
vt 0.14663700 0.82214800
vt 0.14663700 0.79089800
vt 0.14663700 0.79089800
vt 0.14663700 0.80074700
vt 0.14663700 0.83199700
vt 0.14663700 0.83199700
vt 0.21498300 0.83199700
vt 0.21498300 0.80074700
vt 0.21498300 0.83199700
vt 0.21498300 0.79089800
vt 0.21498300 0.82214800
vt 0.21498300 0.79089800
vt 0.15438700 0.92954200
vt 0.15438700 0.86101900
vt 0.15438700 0.89226900
vt 0.15438700 0.86101900
vt 0.20723200 0.92954200
vt 0.15438700 0.89829200
vt 0.15438700 0.92954200
vt 0.20723200 0.86101900
vt 0.20723200 0.92954200
vt 0.20723200 0.89829200
vt 0.20723200 0.89226900
vt 0.20723200 0.86101900
vt 0.34918200 0.58322400
vt 0.20899700 0.23420600
vt 0.04100300 0.23420600
vt 0.27583000 0.58322400
vt 0.04100300 0.01579700
vt 0.27583000 0.66677600
vt 0.34918200 0.66677600
vt 0.20899700 0.01579700
vt 0.14663700 0.95910000
vt 0.14663700 0.92785000
vt 0.14663700 0.91734100
vt 0.14663700 0.91734100
vt 0.14663700 0.88609100
vt 0.14663700 0.91734100
vt 0.14663700 0.88609100
vt 0.21498300 0.92785000
vt 0.21498300 0.95910000
vt 0.14663700 0.95910000
vt 0.14663700 0.92785000
vt 0.14663700 0.92785000
vt 0.21498300 0.91734100
vt 0.21498300 0.88609100
vt 0.21498300 0.95910000
vt 0.21498300 0.92785000
vt 0.21498300 0.92785000
vt 0.21498300 0.91734100
vt 0.21498300 0.91734100
vt 0.21498300 0.88609100
vt 0.20005600 0.92325500
vt 0.20005600 0.83745400
vt 0.20005600 0.83745400
vt 0.20005600 0.83745400
vt 0.20005600 0.92325500
vt 0.20005600 0.92325500
vt 0.20947300 0.92325500
vt 0.20947300 0.83745400
vt 0.15214500 0.83745400
vt 0.16156400 0.92325500
vt 0.15214500 0.92325500
vt 0.16156400 0.83745400
vt 0.16156400 0.92325500
vt 0.16156400 0.92325500
vt 0.16156400 0.83745400
vt 0.16156400 0.83745400
vt 0.14663700 0.87068000
vt 0.14663700 0.83943000
vt 0.14663700 0.82214800
vt 0.14663700 0.79089800
vt 0.21498300 0.87068000
vt 0.21498300 0.83943000
vt 0.14663700 0.87068000
vt 0.14663700 0.83943000
vt 0.14663700 0.83943000
vt 0.21498300 0.82214800
vt 0.21498300 0.79089800
vt 0.21498300 0.83943000
vt 0.21498300 0.87068000
vt 0.21498300 0.83943000
vt 0.14663700 0.79089800
vt 0.14663700 0.82214800
vt 0.14663700 0.79089800
vt 0.14663700 0.83199700
vt 0.14663700 0.80074700
vt 0.14663700 0.83199700
vt 0.21498300 0.83199700
vt 0.21498300 0.80074700
vt 0.21498300 0.83199700
vt 0.21498300 0.82214800
vt 0.21498300 0.79089800
vt 0.21498300 0.79089800
vt 0.15438700 0.92954200
vt 0.15438700 0.86101900
vt 0.15438700 0.89226900
vt 0.15438700 0.86101900
vt 0.20723200 0.92954200
vt 0.15438700 0.92954200
vt 0.15438700 0.89829200
vt 0.20723200 0.86101900
vt 0.20723200 0.89829200
vt 0.20723200 0.92954200
vt 0.20723200 0.86101900
vt 0.20723200 0.89226900
vt 0.34918200 0.58322400
vt 0.20899700 0.23420600
vt 0.27583000 0.58322400
vt 0.04100300 0.23420600
vt 0.04100300 0.23420600
vt 0.27583000 0.58322400
vt 0.34918200 0.58322400
vt 0.20899700 0.23420600
vt 0.20723200 0.89226900
vt 0.20723200 0.86101900
vt 0.20723200 0.92954200
vt 0.20723200 0.89829200
vt 0.20723200 0.86101900
vt 0.15438700 0.89829200
vt 0.15438700 0.92954200
vt 0.20723200 0.92954200
vt 0.15438700 0.86101900
vt 0.15438700 0.86101900
vt 0.15438700 0.89226900
vt 0.15438700 0.92954200
vt 0.21498300 0.79089800
vt 0.21498300 0.79089800
vt 0.21498300 0.82214800
vt 0.21498300 0.80074700
vt 0.21498300 0.83199700
vt 0.21498300 0.83199700
vt 0.14663700 0.80074700
vt 0.14663700 0.83199700
vt 0.14663700 0.83199700
vt 0.14663700 0.79089800
vt 0.14663700 0.82214800
vt 0.14663700 0.79089800
vt 0.21498300 0.87068000
vt 0.21498300 0.83943000
vt 0.21498300 0.83943000
vt 0.21498300 0.79089800
vt 0.21498300 0.82214800
vt 0.14663700 0.83943000
vt 0.14663700 0.83943000
vt 0.14663700 0.87068000
vt 0.21498300 0.83943000
vt 0.21498300 0.87068000
vt 0.14663700 0.79089800
vt 0.14663700 0.82214800
vt 0.14663700 0.83943000
vt 0.14663700 0.87068000
vt 0.16156400 0.83745400
vt 0.16156400 0.83745400
vt 0.16156400 0.92325500
vt 0.16156400 0.92325500
vt 0.16156400 0.83745400
vt 0.15214500 0.92325500
vt 0.16156400 0.92325500
vt 0.15214500 0.83745400
vt 0.20947300 0.83745400
vt 0.20947300 0.92325500
vt 0.20005600 0.92325500
vt 0.20005600 0.92325500
vt 0.20005600 0.83745400
vt 0.20005600 0.83745400
vt 0.20005600 0.83745400
vt 0.20005600 0.92325500
vt 0.21498300 0.91734100
vt 0.21498300 0.88609100
vt 0.21498300 0.91734100
vt 0.21498300 0.92785000
vt 0.21498300 0.92785000
vt 0.21498300 0.95910000
vt 0.21498300 0.91734100
vt 0.21498300 0.88609100
vt 0.14663700 0.92785000
vt 0.14663700 0.92785000
vt 0.14663700 0.95910000
vt 0.21498300 0.92785000
vt 0.21498300 0.95910000
vt 0.14663700 0.88609100
vt 0.14663700 0.91734100
vt 0.14663700 0.88609100
vt 0.14663700 0.91734100
vt 0.14663700 0.91734100
vt 0.14663700 0.92785000
vt 0.14663700 0.95910000
vt 0.20899700 0.01579700
vt 0.34918200 0.66677600
vt 0.27583000 0.66677600
vt 0.04100300 0.01579700
vt 0.77583000 0.58322400
vt 0.84918200 0.58322400
vt 0.21498300 0.82214800
vt 0.21498300 0.79089800
vt 0.21498300 0.79089800
vt 0.21498300 0.83199700
vt 0.21498300 0.83199700
vt 0.21498300 0.80074700
vt 0.14663700 0.80074700
vt 0.14663700 0.83199700
vt 0.14663700 0.83199700
vt 0.14663700 0.82214800
vt 0.14663700 0.79089800
vt 0.14663700 0.79089800
vt 0.21498300 0.83943000
vt 0.21498300 0.87068000
vt 0.21498300 0.83943000
vt 0.21498300 0.79089800
vt 0.21498300 0.82214800
vt 0.14663700 0.87068000
vt 0.14663700 0.83943000
vt 0.14663700 0.83943000
vt 0.21498300 0.83943000
vt 0.21498300 0.87068000
vt 0.14663700 0.79089800
vt 0.14663700 0.82214800
vt 0.14663700 0.83943000
vt 0.14663700 0.87068000
vt 0.16156400 0.83745400
vt 0.16156400 0.83745400
vt 0.16156400 0.92325500
vt 0.16156400 0.92325500
vt 0.16156400 0.83745400
vt 0.15214500 0.92325500
vt 0.16156400 0.92325500
vt 0.15214500 0.83745400
vt 0.20947300 0.83745400
vt 0.20947300 0.92325500
vt 0.20005600 0.92325500
vt 0.20005600 0.92325500
vt 0.20005600 0.83745400
vt 0.20005600 0.83745400
vt 0.20005600 0.83745400
vt 0.20005600 0.92325500
vt 0.21498300 0.91734100
vt 0.21498300 0.88609100
vt 0.21498300 0.91734100
vt 0.21498300 0.92785000
vt 0.21498300 0.92785000
vt 0.21498300 0.95910000
vt 0.21498300 0.88609100
vt 0.21498300 0.91734100
vt 0.14663700 0.95910000
vt 0.14663700 0.92785000
vt 0.14663700 0.92785000
vt 0.21498300 0.95910000
vt 0.21498300 0.92785000
vt 0.14663700 0.91734100
vt 0.14663700 0.88609100
vt 0.14663700 0.88609100
vt 0.14663700 0.91734100
vt 0.14663700 0.91734100
vt 0.14663700 0.95910000
vt 0.14663700 0.92785000
vt 0.84918200 0.66677600
vt 0.77583000 0.66677600
vt 0.26216900 0.89543000
vt 0.26216900 0.89543000
vt 0.26216900 0.86418000
vt 0.26216900 0.94595000
vt 0.26216900 0.91470000
vt 0.26216900 0.91470000
vt 0.26216900 0.89543000
vt 0.26216900 0.89543000
vt 0.26216900 0.86418000
vt 0.26216900 0.91470000
vt 0.26216900 0.94595000
vt 0.26216900 0.91470000
vt 0.30381700 0.86418000
vt 0.30381700 0.89543000
vt 0.30381700 0.89543000
vt 0.30381700 0.94595000
vt 0.30381700 0.91470000
vt 0.30381700 0.91470000
vt 0.30381700 0.89543000
vt 0.30381700 0.89543000
vt 0.30381700 0.86418000
vt 0.30381700 0.91470000
vt 0.30381700 0.94595000
vt 0.30381700 0.91470000
vt 0.30029400 0.91470000
vt 0.30029400 0.94595000
vt 0.30029400 0.91470000
vt 0.26569200 0.94595000
vt 0.26569200 0.91470000
vt 0.26569200 0.91470000
vt 0.26569200 0.91470000
vt 0.26569200 0.91470000
vt 0.26569200 0.94595000
vt 0.30029400 0.94595000
vt 0.30029400 0.91470000
vt 0.30029400 0.91470000
vt 0.26657600 0.93759100
vt 0.26657600 0.90634100
vt 0.26657600 0.90634100
vt 0.29940900 0.90634100
vt 0.29940900 0.93759100
vt 0.29940900 0.90634100
vt 0.29940900 0.90634100
vt 0.29940900 0.93759100
vt 0.29940900 0.90634100
vt 0.26657600 0.90634100
vt 0.26657600 0.90634100
vt 0.26657600 0.93759100
vt 0.26216900 0.83864100
vt 0.26216900 0.83864100
vt 0.26216900 0.80739100
vt 0.26216900 0.88916100
vt 0.26216900 0.85791100
vt 0.26216900 0.85791100
vt 0.26216900 0.80739100
vt 0.26216900 0.83864100
vt 0.26216900 0.83864100
vt 0.26216900 0.85791100
vt 0.26216900 0.85791100
vt 0.26216900 0.88916100
vt 0.30381700 0.80739100
vt 0.30381700 0.83864100
vt 0.30381700 0.83864100
vt 0.30381700 0.85791100
vt 0.30381700 0.88916100
vt 0.30381700 0.85791100
vt 0.33158200 0.83864100
vt 0.33158200 0.83864100
vt 0.33158200 0.80739100
vt 0.33158200 0.88916100
vt 0.33158200 0.85791100
vt 0.33158200 0.85791100
vt 0.26216900 0.83864100
vt 0.26216900 0.80739100
vt 0.26216900 0.83864100
vt 0.26216900 0.80739100
vt 0.26216900 0.85791100
vt 0.26216900 0.88916100
vt 0.26216900 0.85791100
vt 0.26216900 0.88916100
vt 0.30381700 0.83864100
vt 0.30381700 0.80739100
vt 0.33158200 0.80739100
vt 0.33158200 0.83864100
vt 0.33158200 0.88916100
vt 0.33158200 0.85791100
vt 0.30381700 0.85791100
vt 0.30381700 0.88916100
vt 0.26081000 0.59278100
vt 0.26081000 0.62465000
vt 0.27038900 0.62465000
vt 0.27038900 0.59278100
vt 0.26086100 0.59272100
vt 0.26086100 0.62459000
vt 0.27043900 0.62459000
vt 0.27043900 0.59272100
vt 0.26081000 0.67749800
vt 0.26081000 0.70936700
vt 0.27038900 0.70936700
vt 0.27038900 0.67749800
vt 0.26086100 0.67743800
vt 0.26086100 0.70930700
vt 0.27043900 0.70930700
vt 0.27043900 0.67743800
vt 0.88581000 0.95258400
vt 0.88581000 0.98445200
vt 0.89538900 0.98445200
vt 0.89538900 0.95258400
vt 0.88586100 0.95252400
vt 0.88586100 0.98439200
vt 0.89543900 0.98439200
vt 0.89543900 0.95252400
vt 0.89543900 0.86780700
vt 0.89543900 0.89967500
vt 0.88586100 0.89967500
vt 0.88586100 0.86780700
vt 0.89538900 0.86786700
vt 0.89538900 0.89973500
vt 0.88581000 0.89973500
vt 0.88581000 0.86786700
vt 0.93750000 0.85522000
vt 0.28125000 0.55834500
vt 0.90625000 0.80834500
vt 0.31250000 0.60522000
vt 0.90625000 0.80834500
vt 0.31250000 0.60522000
vt 0.28125000 0.55834500
vt 0.93750000 0.85522000
vt 0.26026200 0.40129000
vt 0.26026200 0.37004000
vt 0.26026200 0.40129000
vt 0.26026200 0.42180700
vt 0.26026200 0.45305700
vt 0.26026200 0.42180700
vt 0.26026200 0.42180700
vt 0.26026200 0.42180700
vt 0.26026200 0.45305700
vt 0.26026200 0.40129000
vt 0.26026200 0.40129000
vt 0.26026200 0.37004000
vt 0.56372800 0.88507500
vt 0.56372800 0.86945000
vt 0.56372800 0.86945000
vt 0.56372800 0.90070000
vt 0.55754900 0.88507500
vt 0.55754900 0.86945000
vt 0.55754900 0.90070000
vt 0.55754900 0.86945000
vt 0.55754900 0.95924100
vt 0.55754900 0.94361600
vt 0.55754900 0.92799100
vt 0.55754900 0.92799100
vt 0.56372800 0.92799100
vt 0.56372800 0.92799100
vt 0.56372800 0.94361600
vt 0.56372800 0.95924100
vt 0.28304900 0.39724100
vt 0.28304900 0.36599100
vt 0.28304900 0.39724100
vt 0.28304900 0.45592100
vt 0.28304900 0.45592100
vt 0.28304900 0.39724100
vt 0.28304900 0.36599100
vt 0.28304900 0.39724100
vt 0.32437500 0.45592100
vt 0.32437500 0.36599100
vt 0.32437500 0.39724100
vt 0.32437500 0.39724100
vt 0.32437500 0.45592100
vt 0.32437500 0.36599100
vt 0.32437500 0.39724100
vt 0.32437500 0.39724100
vt 0.34716000 0.42180700
vt 0.34716000 0.45305700
vt 0.34716000 0.42180700
vt 0.34716000 0.40129000
vt 0.34716000 0.40129000
vt 0.34716000 0.37004000
vt 0.34716000 0.42180700
vt 0.34716000 0.45305700
vt 0.34716000 0.42180700
vt 0.34716000 0.37004000
vt 0.34716000 0.40129000
vt 0.34716000 0.40129000
vt 0.29796400 0.29423900
vt 0.29796400 0.32548900
vt 0.28304900 0.33378200
vt 0.28304900 0.30253200
vt 0.28304900 0.30253200
vt 0.28304900 0.33378200
vt 0.28304900 0.30253200
vt 0.28304900 0.30253200
vt 0.28304900 0.33378200
vt 0.28304900 0.33378200
vt 0.29796400 0.32548900
vt 0.29796400 0.29423900
vt 0.32437500 0.33378200
vt 0.32437500 0.33378200
vt 0.32437500 0.30253200
vt 0.32437500 0.30253200
vt 0.30946000 0.32548900
vt 0.30946000 0.29423900
vt 0.32437500 0.33378200
vt 0.32437500 0.33378200
vt 0.32437500 0.30253200
vt 0.32437500 0.30253200
vt 0.30946000 0.29423900
vt 0.30946000 0.32548900
vt 0.54287000 0.84803700
vt 0.54287000 0.84803700
vt 0.54287000 0.87928700
vt 0.54287000 0.90216200
vt 0.54287000 0.90216200
vt 0.54287000 0.93341200
vt 0.61338000 0.90216200
vt 0.61338000 0.93341200
vt 0.61338000 0.90216200
vt 0.61338000 0.84803700
vt 0.61338000 0.87928700
vt 0.61338000 0.84803700
vt 0.54287000 0.79076300
vt 0.54287000 0.79076300
vt 0.54287000 0.79076300
vt 0.54287000 0.79076300
vt 0.61338000 0.79076300
vt 0.61338000 0.79076300
vt 0.61338000 0.79076300
vt 0.61338000 0.79076300
vt 0.59870000 0.86945000
vt 0.59870000 0.88507500
vt 0.59870000 0.90070000
vt 0.59870000 0.86945000
vt 0.59252100 0.88507500
vt 0.59252100 0.90070000
vt 0.59252100 0.86945000
vt 0.59252100 0.86945000
vt 0.59252100 0.92799100
vt 0.59252100 0.92799100
vt 0.59252100 0.94361600
vt 0.59252100 0.95924100
vt 0.59870000 0.92799100
vt 0.59870000 0.92799100
vt 0.59870000 0.94361600
vt 0.59870000 0.95924100
vt 0.55653900 0.87928700
vt 0.55653900 0.84803700
vt 0.55653900 0.86366200
vt 0.55653900 0.84803700
vt 0.56473900 0.87928700
vt 0.56473900 0.84803700
vt 0.56473900 0.84803700
vt 0.56473900 0.86366200
vt 0.59151000 0.84803700
vt 0.59151000 0.84803700
vt 0.59151000 0.86366200
vt 0.59151000 0.87928700
vt 0.59971100 0.84803700
vt 0.59971100 0.84803700
vt 0.59971100 0.87928700
vt 0.59971100 0.86366200
vt 0.59971100 0.90216200
vt 0.59971100 0.91778700
vt 0.59971100 0.90216200
vt 0.59971100 0.93341200
vt 0.59151000 0.90216200
vt 0.59151000 0.93341200
vt 0.59151000 0.90216200
vt 0.59151000 0.91778700
vt 0.56473900 0.90216200
vt 0.56473900 0.93341200
vt 0.56473900 0.91778700
vt 0.56473900 0.90216200
vt 0.55653900 0.90216200
vt 0.55653900 0.93341200
vt 0.55653900 0.90216200
vt 0.55653900 0.91778700
vt 0.55653900 0.79076800
vt 0.55653900 0.79076800
vt 0.56473900 0.79076800
vt 0.56473900 0.79076800
vt 0.59151000 0.79076800
vt 0.59151000 0.79076800
vt 0.59971100 0.79076800
vt 0.59971100 0.79076800
vt 0.59971100 0.79076800
vt 0.59971100 0.79076800
vt 0.59151000 0.79076800
vt 0.59151000 0.79076800
vt 0.56473900 0.79076800
vt 0.56473900 0.79076800
vt 0.55653900 0.79076800
vt 0.55653900 0.79076800
vt 0.59870000 0.79076800
vt 0.59870000 0.79076800
vt 0.59252100 0.79076800
vt 0.59252100 0.79076800
vt 0.56372800 0.79076800
vt 0.56372800 0.79076800
vt 0.55754900 0.79076800
vt 0.55754900 0.79076800
vt 0.55754900 0.79076800
vt 0.55754900 0.79076800
vt 0.56372800 0.79076800
vt 0.56372800 0.79076800
vt 0.59252100 0.79076800
vt 0.59252100 0.79076800
vt 0.59870000 0.79076800
vt 0.59870000 0.79076800
vt 0.32437500 0.33913600
vt 0.32437500 0.37038600
vt 0.32437500 0.37038600
vt 0.32437500 0.33913600
vt 0.32437500 0.39120300
vt 0.32437500 0.35995300
vt 0.32437500 0.39120300
vt 0.32437500 0.35995300
vt 0.31971500 0.33391900
vt 0.31971500 0.33391900
vt 0.31971500 0.39641900
vt 0.31971500 0.39641900
vt 0.28304900 0.35995300
vt 0.28304900 0.39120300
vt 0.28304900 0.35995300
vt 0.28304900 0.39120300
vt 0.28304900 0.37038600
vt 0.28304900 0.33913600
vt 0.28304900 0.33913600
vt 0.28304900 0.37038600
vt 0.28770700 0.39641900
vt 0.28770700 0.39641900
vt 0.28770700 0.33391900
vt 0.28770700 0.33391900
vt 0.28304900 0.37038600
vt 0.28304900 0.33913600
vt 0.28304900 0.33913600
vt 0.28304900 0.37038600
vt 0.28304900 0.39120300
vt 0.28304900 0.39120300
vt 0.28304900 0.35995300
vt 0.28304900 0.35995300
vt 0.28770700 0.39641900
vt 0.28770700 0.39641900
vt 0.28770700 0.33391900
vt 0.28770700 0.33391900
vt 0.32437500 0.35995300
vt 0.32437500 0.39120300
vt 0.32437500 0.35995300
vt 0.32437500 0.39120300
vt 0.32437500 0.33913600
vt 0.32437500 0.37038600
vt 0.32437500 0.33913600
vt 0.32437500 0.37038600
vt 0.31971500 0.33391900
vt 0.31971500 0.33391900
vt 0.31971500 0.39641900
vt 0.31971500 0.39641900
vt 0.29265900 0.46952000
vt 0.31798100 0.46952000
vt 0.31798100 0.46292100
vt 0.29265900 0.46292100
vt 0.65125000 0.59369500
vt 0.65125000 0.56832100
vt 0.65125000 0.59369500
vt 0.65125000 0.59369500
vt 0.65125000 0.56832100
vt 0.65125000 0.59369500
vt 0.71458700 0.56832100
vt 0.71458700 0.59369500
vt 0.71458700 0.59369500
vt 0.71458700 0.63889100
vt 0.71458700 0.63889100
vt 0.71458700 0.67695300
vt 0.71458700 0.56832100
vt 0.71458700 0.59369500
vt 0.71458700 0.59369500
vt 0.71458700 0.63889100
vt 0.71458700 0.67695300
vt 0.71458700 0.63889100
vt 0.65665100 0.70301500
vt 0.65884500 0.69340200
vt 0.67385900 0.70560500
vt 0.67605300 0.69599200
vt 0.68291800 0.68912700
vt 0.68291800 0.68912700
vt 0.65125000 0.53926600
vt 0.65125000 0.67695300
vt 0.65125000 0.63889100
vt 0.65125000 0.63889100
vt 0.65125000 0.53926600
vt 0.65125000 0.67695300
vt 0.65125000 0.63889100
vt 0.65125000 0.63889100
vt 0.68291800 0.53926600
vt 0.68291800 0.67695300
vt 0.68291800 0.63889100
vt 0.68291800 0.63889100
vt 0.68291800 0.53926600
vt 0.68291800 0.67695300
vt 0.97011000 0.58896600
vt 0.93111900 0.58896600
vt 0.93111900 0.58896600
vt 0.90701800 0.58896600
vt 0.90701800 0.58896600
vt 0.90701800 0.58896600
vt 0.93111900 0.58896600
vt 0.93111900 0.58896600
vt 0.97011000 0.58896600
vt 0.94459300 0.66349400
vt 0.94459300 0.62241300
vt 0.91684200 0.66349400
vt 0.91684200 0.62241300
vt 0.91684200 0.62241300
vt 0.91684200 0.62241300
vt 0.91684200 0.66349400
vt 0.91684200 0.62241300
vt 0.94459300 0.62241300
vt 0.94459300 0.66349400
vt 0.96174700 0.62241300
vt 0.96174700 0.66349400
vt 0.94872400 0.63003800
vt 0.95029600 0.58896600
vt 0.92954200 0.58896600
vt 0.92954200 0.58896600
vt 0.92944400 0.58896600
vt 0.95013700 0.58896600
vt 0.95013700 0.58896600
vt 0.96302300 0.58896600
vt 0.93832500 0.61475900
vt 0.93832500 0.65584000
vt 0.92915200 0.61475900
vt 0.92915200 0.65584000
vt 0.93821100 0.65584000
vt 0.93821100 0.61475900
vt 0.95298100 0.61475900
vt 0.95298100 0.65584000
vt 0.95305100 0.65584000
vt 0.95305100 0.61475900
vt 0.95228400 0.61673500
vt 0.32393100 0.82166000
vt 0.32393100 0.85291000
vt 0.32393100 0.86626000
vt 0.32393100 0.89751000
vt 0.32393100 0.85291000
vt 0.32393100 0.82166000
vt 0.32393100 0.86626000
vt 0.32393100 0.89751000
vt 0.33048000 0.85291000
vt 0.33048000 0.82166000
vt 0.33048000 0.89751000
vt 0.33048000 0.86626000
vt 0.33048000 0.85291000
vt 0.33048000 0.82166000
vt 0.33048000 0.86626000
vt 0.33048000 0.89751000
vt 0.27890100 0.82166000
vt 0.27890100 0.85291000
vt 0.27890100 0.86626000
vt 0.27890100 0.89751000
vt 0.27890100 0.85291000
vt 0.27890100 0.82166000
vt 0.27890100 0.86626000
vt 0.27890100 0.89751000
vt 0.28545000 0.85291000
vt 0.28545000 0.82166000
vt 0.28545000 0.89751000
vt 0.28545000 0.86626000
vt 0.28545000 0.82166000
vt 0.28545000 0.85291000
vt 0.28545000 0.89751000
vt 0.28545000 0.86626000
vt 0.67318900 0.82863900
vt 0.67318900 0.85988900
vt 0.67318900 0.85988900
vt 0.66849000 0.85988900
vt 0.66849000 0.82863900
vt 0.66849000 0.90100000
vt 0.66849000 0.88537500
vt 0.67318900 0.88537500
vt 0.67318900 0.88537500
vt 0.67318900 0.90100000
vt 0.66849000 0.82863900
vt 0.66849000 0.85988900
vt 0.67318900 0.82863900
vt 0.67318900 0.85988900
vt 0.67318900 0.85988900
vt 0.67318900 0.88537500
vt 0.67318900 0.90100000
vt 0.67318900 0.88537500
vt 0.66849000 0.88537500
vt 0.66849000 0.90100000
vt 0.73776600 0.85988900
vt 0.73776600 0.82863900
vt 0.73306700 0.82863900
vt 0.73306700 0.85988900
vt 0.73306700 0.85988900
vt 0.73306700 0.88537500
vt 0.73306700 0.90100000
vt 0.73306700 0.88537500
vt 0.73776600 0.88537500
vt 0.73776600 0.90100000
vt 0.73306700 0.85988900
vt 0.73306700 0.82863900
vt 0.73306700 0.85988900
vt 0.73776600 0.85988900
vt 0.73776600 0.82863900
vt 0.73776600 0.90100000
vt 0.73776600 0.88537500
vt 0.73306700 0.90100000
vt 0.73306700 0.88537500
vt 0.73306700 0.88537500
vt 0.56152200 0.60338700
vt 0.56152200 0.56598300
vt 0.56152200 0.56598300
vt 0.56152200 0.59014300
vt 0.56152200 0.61507900
vt 0.56152200 0.61507900
vt 0.58178800 0.56598300
vt 0.58178800 0.60338700
vt 0.58178800 0.61507900
vt 0.58178800 0.59014300
vt 0.59018400 0.56598300
vt 0.59018400 0.60338700
vt 0.59018400 0.54104800
vt 0.59018400 0.61507900
vt 0.59018400 0.59014300
vt 0.59018400 0.61507900
vt 0.58178800 0.54104800
vt 0.58178800 0.56598300
vt 0.58178800 0.60338700
vt 0.58178800 0.61507900
vt 0.58178800 0.59014300
vt 0.56152200 0.54104800
vt 0.56152200 0.60338700
vt 0.56152200 0.56598300
vt 0.56152200 0.61507900
vt 0.56152200 0.59014300
vt 0.56152200 0.61507900
vt 0.54125400 0.56598300
vt 0.54125400 0.60338700
vt 0.54125400 0.54104800
vt 0.54125400 0.61507900
vt 0.54125400 0.59014300
vt 0.53285900 0.54104800
vt 0.53285900 0.56598300
vt 0.53285900 0.60338700
vt 0.53285900 0.61507900
vt 0.53285900 0.61507900
vt 0.53285900 0.59014300
vt 0.54125400 0.60338700
vt 0.54125400 0.56598300
vt 0.54125400 0.59014300
vt 0.54125400 0.61507900
vt 0.58178800 0.68217100
vt 0.58178800 0.64476700
vt 0.58178800 0.63230000
vt 0.56152200 0.68217100
vt 0.56152200 0.63230000
vt 0.56152200 0.64476700
vt 0.59018400 0.68217100
vt 0.59018400 0.63230000
vt 0.59018400 0.64476700
vt 0.58178800 0.68217100
vt 0.58178800 0.63230000
vt 0.58178800 0.64476700
vt 0.56152200 0.63230000
vt 0.56152200 0.64476700
vt 0.56152200 0.68217100
vt 0.54125400 0.63230000
vt 0.54125400 0.64476700
vt 0.54125400 0.68217100
vt 0.53285900 0.64476700
vt 0.53285900 0.68217100
vt 0.53285900 0.63230000
vt 0.54125400 0.68217100
vt 0.54125400 0.64476700
vt 0.54125400 0.63230000
vt 0.57645500 0.65697300
vt 0.56152200 0.65697300
vt 0.58264200 0.65697300
vt 0.57645500 0.65697300
vt 0.56152200 0.65697300
vt 0.54658900 0.65697300
vt 0.54040200 0.65697300
vt 0.54658900 0.65697300
vt 0.56152200 0.68858600
vt 0.52552700 0.61706000
vt 0.52552700 0.59212400
vt 0.52552700 0.61706000
vt 0.53607000 0.61706000
vt 0.53607000 0.59212400
vt 0.56152200 0.59212400
vt 0.56152200 0.61706000
vt 0.56152200 0.61706000
vt 0.58697400 0.61706000
vt 0.58697400 0.59212400
vt 0.59751700 0.59212400
vt 0.59751700 0.61706000
vt 0.59751700 0.61706000
vt 0.56152200 0.59212400
vt 0.56152200 0.61706000
vt 0.58697400 0.61706000
vt 0.58697400 0.61706000
vt 0.58697400 0.59212400
vt 0.53607000 0.61706000
vt 0.53607000 0.61706000
vt 0.53607000 0.59212400
vt 0.58697400 0.63078300
vt 0.58697400 0.63078300
vt 0.58697400 0.66818700
vt 0.56152200 0.63078300
vt 0.56152200 0.66818700
vt 0.59751700 0.66818700
vt 0.59751700 0.63078300
vt 0.59751700 0.63078300
vt 0.58697400 0.66818700
vt 0.58697400 0.63078300
vt 0.56152200 0.63078300
vt 0.56152200 0.63078300
vt 0.56152200 0.66818700
vt 0.53607000 0.66818700
vt 0.53607000 0.63078300
vt 0.52552700 0.66818700
vt 0.52552700 0.63078300
vt 0.52552700 0.63078300
vt 0.53607000 0.63078300
vt 0.53607000 0.63078300
vt 0.53607000 0.66818700
vt 0.56796600 0.56147700
vt 0.56796600 0.53654100
vt 0.56796600 0.53654100
vt 0.56796600 0.53654100
vt 0.56796600 0.53654100
vt 0.57707800 0.56874800
vt 0.57707800 0.56874800
vt 0.57707800 0.54381300
vt 0.57707800 0.54381300
vt 0.57707800 0.56874800
vt 0.57707800 0.57903200
vt 0.57707800 0.61643600
vt 0.57707800 0.57903200
vt 0.57707800 0.57903200
vt 0.57707800 0.61643600
vt 0.56796600 0.62370800
vt 0.56796600 0.58630400
vt 0.56796600 0.62370800
vt 0.56796600 0.62370800
vt 0.56796600 0.62370800
vt 0.56152200 0.59957300
vt 0.56152200 0.56216900
vt 0.58790900 0.56216900
vt 0.58790900 0.56216900
vt 0.58790900 0.59957300
vt 0.59884000 0.59957300
vt 0.59884000 0.56216900
vt 0.59884000 0.56216900
vt 0.58790900 0.59957300
vt 0.58790900 0.56216900
vt 0.56152200 0.59957300
vt 0.56152200 0.56216900
vt 0.56152200 0.56216900
vt 0.53513300 0.59957300
vt 0.53513300 0.56216900
vt 0.52420400 0.56216900
vt 0.52420400 0.59957300
vt 0.52420400 0.56216900
vt 0.53513300 0.56216900
vt 0.53513300 0.56216900
vt 0.53513300 0.59957300
vt 0.56152200 0.54844600
vt 0.58790900 0.54844600
vt 0.58790900 0.54844600
vt 0.59884000 0.54844600
vt 0.59884000 0.54844600
vt 0.58790900 0.54844600
vt 0.56152200 0.54844600
vt 0.56152200 0.54844600
vt 0.53513300 0.54844600
vt 0.52420400 0.54844600
vt 0.52420400 0.54844600
vt 0.53513300 0.54844600
vt 0.53513300 0.54844600
vt 0.55507800 0.53654100
vt 0.55507800 0.53654100
vt 0.55507800 0.56147700
vt 0.54596400 0.56874800
vt 0.54596400 0.54381300
vt 0.54596400 0.54381300
vt 0.54596400 0.56874800
vt 0.54596400 0.56874800
vt 0.54596400 0.57903200
vt 0.54596400 0.61643600
vt 0.54596400 0.57903200
vt 0.54596400 0.57903200
vt 0.54596400 0.61643600
vt 0.55507800 0.62370800
vt 0.55507800 0.62370800
vt 0.55507800 0.62370800
vt 0.55507800 0.62370800
vt 0.55507800 0.58630400
vt 0.56478700 0.60500300
vt 0.56478700 0.56759900
vt 0.56940500 0.57128400
vt 0.56940500 0.60868800
vt 0.56940500 0.57128400
vt 0.56940500 0.57649600
vt 0.56940500 0.57649600
vt 0.56478700 0.58018100
vt 0.56478700 0.58018100
vt 0.55825700 0.58018100
vt 0.55825700 0.58018100
vt 0.55363800 0.57649600
vt 0.55363800 0.57649600
vt 0.55363800 0.57128400
vt 0.55363800 0.60868800
vt 0.55363800 0.57128400
vt 0.55825700 0.56759900
vt 0.55825700 0.60500300
vt 0.56152200 0.61129400
vt 0.56152200 0.57389100
vt 0.52268600 0.56689700
vt 0.52268600 0.54196200
vt 0.52268600 0.56689700
vt 0.52268600 0.58088400
vt 0.52268600 0.61828700
vt 0.52268600 0.58088400
vt 0.52268600 0.56689700
vt 0.52268600 0.56689700
vt 0.52268600 0.54196200
vt 0.52268600 0.61828700
vt 0.52268600 0.58088400
vt 0.52268600 0.58088400
vt 0.60035900 0.56689700
vt 0.60035900 0.54196200
vt 0.60035900 0.56689700
vt 0.60035900 0.58088400
vt 0.60035900 0.61828700
vt 0.60035900 0.58088400
vt 0.60035900 0.56689700
vt 0.60035900 0.56689700
vt 0.60035900 0.54196200
vt 0.60035900 0.58088400
vt 0.60035900 0.58088400
vt 0.60035900 0.61828700
vt 0.32393100 0.85291000
vt 0.32393100 0.82166000
vt 0.32393100 0.86626000
vt 0.32393100 0.89751000
vt 0.32393100 0.82166000
vt 0.32393100 0.85291000
vt 0.32393100 0.86626000
vt 0.32393100 0.89751000
vt 0.33048000 0.85291000
vt 0.33048000 0.82166000
vt 0.33048000 0.86626000
vt 0.33048000 0.89751000
vt 0.33048000 0.85291000
vt 0.33048000 0.82166000
vt 0.33048000 0.89751000
vt 0.33048000 0.86626000
vt 0.27890100 0.85291000
vt 0.27890100 0.82166000
vt 0.27890100 0.86626000
vt 0.27890100 0.89751000
vt 0.27890100 0.85291000
vt 0.27890100 0.82166000
vt 0.27890100 0.86626000
vt 0.27890100 0.89751000
vt 0.28545000 0.82166000
vt 0.28545000 0.85291000
vt 0.28545000 0.89751000
vt 0.28545000 0.86626000
vt 0.28545000 0.85291000
vt 0.28545000 0.82166000
vt 0.28545000 0.86626000
vt 0.28545000 0.89751000
vt 0.67318900 0.82863900
vt 0.67318900 0.85988900
vt 0.67318900 0.85988900
vt 0.66849000 0.85988900
vt 0.66849000 0.82863900
vt 0.66849000 0.90100000
vt 0.66849000 0.88537500
vt 0.67318900 0.88537500
vt 0.67318900 0.88537500
vt 0.67318900 0.90100000
vt 0.66849000 0.82863900
vt 0.66849000 0.85988900
vt 0.67318900 0.82863900
vt 0.67318900 0.85988900
vt 0.67318900 0.85988900
vt 0.67318900 0.88537500
vt 0.67318900 0.90100000
vt 0.67318900 0.88537500
vt 0.66849000 0.90100000
vt 0.66849000 0.88537500
vt 0.73776600 0.85988900
vt 0.73776600 0.82863900
vt 0.73306700 0.82863900
vt 0.73306700 0.85988900
vt 0.73306700 0.85988900
vt 0.73306700 0.90100000
vt 0.73306700 0.88537500
vt 0.73306700 0.88537500
vt 0.73776600 0.88537500
vt 0.73776600 0.90100000
vt 0.73306700 0.85988900
vt 0.73306700 0.82863900
vt 0.73306700 0.85988900
vt 0.73776600 0.82863900
vt 0.73776600 0.85988900
vt 0.73776600 0.90100000
vt 0.73776600 0.88537500
vt 0.73306700 0.90100000
vt 0.73306700 0.88537500
vt 0.73306700 0.88537500
f 54/54/54 64/64/64 11/11/11
f 11/11/11 8/8/8 54/54/54
f 27/27/27 37/37/37 24/24/24
f 24/24/24 19/19/19 27/27/27
f 68/68/68 78/78/78 17/17/17
f 17/17/17 15/15/15 68/68/68
f 40/40/40 52/52/52 4/4/4
f 4/4/4 2/2/2 40/40/40
f 96/96/96 69/69/69 13/13/13
f 13/13/13 43/43/43 96/96/96
f 91/91/91 61/61/61 6/6/6
f 6/6/6 50/50/50 91/91/91
f 80/80/80 85/85/85 45/45/45
f 45/45/45 18/18/18 80/80/80
f 96/96/96 43/43/43 41/41/41
f 41/41/41 94/94/94 96/96/96
f 48/48/48 51/51/51 39/39/39
f 39/39/39 44/44/44 48/48/48
f 58/58/58 94/94/94 41/41/41
f 41/41/41 3/3/3 58/58/58
f 14/14/14 16/16/16 47/47/47
f 47/47/47 42/42/42 14/14/14
f 32/32/32 36/36/36 25/25/25
f 25/25/25 30/30/30 32/32/32
f 35/35/35 34/34/34 88/88/88
f 88/88/88 81/81/81 35/35/35
f 9/9/9 10/10/10 33/33/33
f 33/33/33 29/29/29 9/9/9
f 46/46/46 84/84/84 90/90/90
f 90/90/90 49/49/49 46/46/46
f 95/95/95 96/96/96 94/94/94
f 94/94/94 93/93/93 95/95/95
f 7/7/7 28/28/28 93/93/93
f 93/93/93 55/55/55 7/7/7
f 93/93/93 94/94/94 58/58/58
f 58/58/58 55/55/55 93/93/93
f 26/26/26 95/95/95 93/93/93
f 93/93/93 28/28/28 26/26/26
f 89/89/89 92/92/92 86/86/86
f 86/86/86 83/83/83 89/89/89
f 23/23/23 38/38/38 82/82/82
f 82/82/82 75/75/75 23/23/23
f 81/81/81 84/84/84 77/77/77
f 77/77/77 76/76/76 81/81/81
f 31/31/31 12/12/12 65/65/65
f 65/65/65 87/87/87 31/31/31
f 88/88/88 66/66/66 60/60/60
f 60/60/60 90/90/90 88/88/88
f 26/26/26 21/21/21 72/72/72
f 72/72/72 95/95/95 26/26/26
f 95/95/95 72/72/72 69/69/69
f 69/69/69 96/96/96 95/95/95
f 20/20/20 22/22/22 74/74/74
f 74/74/74 71/71/71 20/20/20
f 73/73/73 79/79/79 67/67/67
f 67/67/67 70/70/70 73/73/73
f 1/1/1 5/5/5 62/62/62
f 62/62/62 57/57/57 1/1/1
f 59/59/59 63/63/63 53/53/53
f 53/53/53 56/56/56 59/59/59
f 150/150/150 155/155/155 225/225/225
f 225/225/225 222/222/222 150/150/150
f 116/116/116 167/167/167 163/163/163
f 163/163/163 120/120/120 116/116/116
f 102/102/102 118/118/118 1127/1127/1127
f 1127/1127/1127 97/97/97 102/102/102
f 130/130/130 134/134/134 212/212/212
f 212/212/212 213/213/213 130/130/130
f 284/284/284 153/153/153 152/152/152
f 152/152/152 121/121/121 284/284/284
f 121/121/121 185/185/185 194/194/194
f 194/194/194 119/119/119 121/121/121
f 184/184/184 187/187/187 236/236/236
f 236/236/236 238/238/238 184/184/184
f 162/162/162 166/166/166 230/230/230
f 230/230/230 227/227/227 162/162/162
f 142/142/142 144/144/144 215/215/215
f 215/215/215 218/218/218 142/142/142
f 172/172/172 174/174/174 232/232/232
f 232/232/232 200/200/200 172/172/172
f 119/119/119 114/114/114 127/127/127
f 127/127/127 124/124/124 119/119/119
f 114/114/114 109/109/109 129/129/129
f 129/129/129 127/127/127 114/114/114
f 109/109/109 117/117/117 132/132/132
f 132/132/132 129/129/129 109/109/109
f 1126/1126/1126 1124/1124/1124 100/100/100
f 100/100/100 98/98/98 1126/1126/1126
f 104/104/104 101/101/101 138/138/138
f 138/138/138 136/136/136 104/104/104
f 101/101/101 283/283/283 143/143/143
f 143/143/143 138/138/138 101/101/101
f 122/122/122 104/104/104 136/136/136
f 136/136/136 146/146/146 122/122/122
f 113/113/113 121/121/121 152/152/152
f 152/152/152 149/149/149 113/113/113
f 284/284/284 108/108/108 158/158/158
f 158/158/158 153/153/153 284/284/284
f 108/108/108 113/113/113 149/149/149
f 149/149/149 158/158/158 108/108/108
f 105/105/105 120/120/120 163/163/163
f 163/163/163 161/161/161 105/105/105
f 116/116/116 103/103/103 169/169/169
f 169/169/169 167/167/167 116/116/116
f 103/103/103 105/105/105 161/161/161
f 161/161/161 169/169/169 103/103/103
f 104/104/104 122/122/122 176/176/176
f 176/176/176 171/171/171 104/104/104
f 120/120/120 105/105/105 182/182/182
f 182/182/182 179/179/179 120/120/120
f 105/105/105 104/104/104 171/171/171
f 171/171/171 182/182/182 105/105/105
f 121/121/121 113/113/113 188/188/188
f 188/188/188 185/185/185 121/121/121
f 113/113/113 114/114/114 190/190/190
f 190/190/190 188/188/188 113/113/113
f 114/114/114 119/119/119 194/194/194
f 194/194/194 190/190/190 114/114/114
f 175/175/175 178/178/178 234/234/234
f 234/234/234 231/231/231 175/175/175
f 165/165/165 168/168/168 206/206/206
f 206/206/206 229/229/229 165/165/165
f 193/193/193 183/183/183 237/237/237
f 237/237/237 239/239/239 193/193/193
f 154/154/154 156/156/156 224/224/224
f 224/224/224 226/226/226 154/154/154
f 177/177/177 180/180/180 202/202/202
f 202/202/202 233/233/233 177/177/177
f 186/186/186 191/191/191 242/242/242
f 242/242/242 235/235/235 186/186/186
f 189/189/189 192/192/192 240/240/240
f 240/240/240 241/241/241 189/189/189
f 137/137/137 139/139/139 196/196/196
f 196/196/196 198/198/198 137/137/137
f 181/181/181 173/173/173 199/199/199
f 199/199/199 201/201/201 181/181/181
f 125/125/125 126/126/126 208/208/208
f 208/208/208 210/210/210 125/125/125
f 145/145/145 135/135/135 197/197/197
f 197/197/197 216/216/216 145/145/145
f 133/133/133 123/123/123 209/209/209
f 209/209/209 211/211/211 133/133/133
f 170/170/170 159/159/159 204/204/204
f 204/204/204 205/205/205 170/170/170
f 148/148/148 151/151/151 221/221/221
f 221/221/221 219/219/219 148/148/148
f 140/140/140 141/141/141 217/217/217
f 217/217/217 195/195/195 140/140/140
f 160/160/160 164/164/164 228/228/228
f 228/228/228 203/203/203 160/160/160
f 128/128/128 131/131/131 214/214/214
f 214/214/214 207/207/207 128/128/128
f 157/157/157 147/147/147 220/220/220
f 220/220/220 223/223/223 157/157/157
f 132/132/132 117/117/117 119/119/119
f 119/119/119 124/124/124 132/132/132
f 176/176/176 122/122/122 120/120/120
f 120/120/120 179/179/179 176/176/176
f 143/143/143 283/283/283 122/122/122
f 122/122/122 146/146/146 143/143/143
f 291/291/291 99/99/99 1122/1122/1122
f 1122/1122/1122 287/287/287 291/291/291
f 274/274/274 286/286/286 283/283/283
f 283/283/283 273/273/273 274/274/274
f 279/279/279 275/275/275 251/251/251
f 251/251/251 258/258/258 279/279/279
f 260/260/260 270/270/270 250/250/250
f 250/250/250 245/245/245 260/260/260
f 268/268/268 265/265/265 248/248/248
f 248/248/248 249/249/249 268/268/268
f 272/272/272 281/281/281 255/255/255
f 255/255/255 254/254/254 272/272/272
f 289/289/289 108/108/108 269/269/269
f 269/269/269 261/261/261 289/289/289
f 283/283/283 101/101/101 280/280/280
f 280/280/280 273/273/273 283/283/283
f 263/263/263 259/259/259 246/246/246
f 246/246/246 243/243/243 263/263/263
f 108/108/108 284/284/284 267/267/267
f 267/267/267 269/269/269 108/108/108
f 101/101/101 292/292/292 277/277/277
f 277/277/277 280/280/280 101/101/101
f 285/285/285 289/289/289 261/261/261
f 261/261/261 262/262/262 285/285/285
f 282/282/282 278/278/278 257/257/257
f 257/257/257 256/256/256 282/282/282
f 292/292/292 286/286/286 274/274/274
f 274/274/274 277/277/277 292/292/292
f 285/285/285 262/262/262 267/267/267
f 267/267/267 284/284/284 285/285/285
f 276/276/276 271/271/271 253/253/253
f 253/253/253 252/252/252 276/276/276
f 266/266/266 264/264/264 244/244/244
f 244/244/244 247/247/247 266/266/266
f 377/377/377 380/380/380 381/381/381
f 381/381/381 384/384/384 377/377/377
f 312/312/312 306/306/306 299/299/299
f 299/299/299 316/316/316 312/312/312
f 309/309/309 304/304/304 313/313/313
f 313/313/313 315/315/315 309/309/309
f 298/298/298 302/302/302 300/300/300
f 300/300/300 307/307/307 298/298/298
f 305/305/305 297/297/297 308/308/308
f 308/308/308 311/311/311 305/305/305
f 303/303/303 310/310/310 314/314/314
f 314/314/314 301/301/301 303/303/303
f 323/323/323 322/322/322 319/319/319
f 319/319/319 324/324/324 323/323/323
f 317/317/317 320/320/320 318/318/318
f 318/318/318 321/321/321 317/317/317
f 329/329/329 327/327/327 325/325/325
f 325/325/325 331/331/331 329/329/329
f 328/328/328 326/326/326 330/330/330
f 330/330/330 332/332/332 328/328/328
f 343/343/343 339/339/339 345/345/345
f 345/345/345 348/348/348 343/343/343
f 337/337/337 334/334/334 340/340/340
f 340/340/340 344/344/344 337/337/337
f 341/341/341 336/336/336 342/342/342
f 342/342/342 347/347/347 341/341/341
f 333/333/333 335/335/335 346/346/346
f 346/346/346 338/338/338 333/333/333
f 357/357/357 355/355/355 350/350/350
f 350/350/350 360/360/360 357/357/357
f 353/353/353 349/349/349 354/354/354
f 354/354/354 358/358/358 353/353/353
f 352/352/352 356/356/356 359/359/359
f 359/359/359 351/351/351 352/352/352
f 366/366/366 365/365/365 368/368/368
f 368/368/368 367/367/367 366/366/366
f 387/387/387 392/392/392 393/393/393
f 393/393/393 396/396/396 387/387/387
f 369/369/369 374/374/374 379/379/379
f 379/379/379 376/376/376 369/369/369
f 373/373/373 293/293/293 383/383/383
f 383/383/383 378/378/378 373/373/373
f 294/294/294 295/295/295 385/385/385
f 385/385/385 382/382/382 294/294/294
f 296/296/296 370/370/370 375/375/375
f 375/375/375 386/386/386 296/296/296
f 361/361/361 363/363/363 390/390/390
f 390/390/390 389/389/389 361/361/361
f 364/364/364 373/373/373 394/394/394
f 394/394/394 391/391/391 364/364/364
f 372/372/372 371/371/371 398/398/398
f 398/398/398 395/395/395 372/372/372
f 370/370/370 362/362/362 388/388/388
f 388/388/388 397/397/397 370/370/370
f 424/424/424 429/429/429 407/407/407
f 407/407/407 402/402/402 424/424/424
f 437/437/437 439/439/439 432/432/432
f 432/432/432 423/423/423 437/437/437
f 438/438/438 416/416/416 408/408/408
f 408/408/408 427/427/427 438/438/438
f 403/403/403 409/409/409 420/420/420
f 420/420/420 412/412/412 403/403/403
f 399/399/399 401/401/401 404/404/404
f 405/405/405 408/408/408 410/410/410
f 411/411/411 413/413/413 415/415/415
f 416/416/416 417/417/417 419/419/419
f 421/421/421 422/422/422 425/425/425
f 427/427/427 430/430/430 431/431/431
f 433/433/433 434/434/434 436/436/436
f 438/438/438 440/440/440 442/442/442
f 411/411/411 399/399/399 404/404/404
f 404/404/404 413/413/413 411/411/411
f 400/400/400 406/406/406 409/409/409
f 409/409/409 403/403/403 400/400/400
f 408/408/408 416/416/416 419/419/419
f 419/419/419 410/410/410 408/408/408
f 418/418/418 414/414/414 412/412/412
f 412/412/412 420/420/420 418/418/418
f 433/433/433 411/411/411 415/415/415
f 415/415/415 434/434/434 433/433/433
f 416/416/416 438/438/438 442/442/442
f 442/442/442 417/417/417 416/416/416
f 439/439/439 437/437/437 435/435/435
f 435/435/435 441/441/441 439/439/439
f 421/421/421 433/433/433 436/436/436
f 436/436/436 422/422/422 421/421/421
f 438/438/438 427/427/427 431/431/431
f 431/431/431 440/440/440 438/438/438
f 428/428/428 426/426/426 423/423/423
f 423/423/423 432/432/432 428/428/428
f 399/399/399 421/421/421 425/425/425
f 425/425/425 401/401/401 399/399/399
f 427/427/427 408/408/408 405/405/405
f 405/405/405 430/430/430 427/427/427
f 411/411/411 433/433/433 421/421/421
f 421/421/421 399/399/399 411/411/411
f 521/521/521 524/524/524 443/443/443
f 443/443/443 446/446/446 521/521/521
f 463/463/463 456/456/456 451/451/451
f 451/451/451 466/466/466 463/463/463
f 459/459/459 454/454/454 461/461/461
f 461/461/461 464/464/464 459/459/459
f 448/448/448 452/452/452 450/450/450
f 450/450/450 458/458/458 448/448/448
f 455/455/455 447/447/447 457/457/457
f 457/457/457 462/462/462 455/455/455
f 453/453/453 460/460/460 465/465/465
f 465/465/465 449/449/449 453/453/453
f 473/473/473 472/472/472 468/468/468
f 468/468/468 474/474/474 473/473/473
f 467/467/467 470/470/470 469/469/469
f 469/469/469 471/471/471 467/467/467
f 480/480/480 477/477/477 475/475/475
f 475/475/475 481/481/481 480/480/480
f 478/478/478 476/476/476 479/479/479
f 479/479/479 482/482/482 478/478/478
f 485/485/485 492/492/492 506/506/506
f 506/506/506 499/499/499 485/485/485
f 496/496/496 489/489/489 501/501/501
f 501/501/501 503/503/503 496/496/496
f 487/487/487 484/484/484 491/491/491
f 491/491/491 495/495/495 487/487/487
f 493/493/493 488/488/488 494/494/494
f 494/494/494 505/505/505 493/493/493
f 504/504/504 502/502/502 497/497/497
f 497/497/497 508/508/508 504/504/504
f 486/486/486 498/498/498 500/500/500
f 483/483/483 486/486/486 500/500/500
f 500/500/500 490/490/490 483/483/483
f 507/507/507 493/493/493 505/505/505
f 518/518/518 514/514/514 511/511/511
f 511/511/511 519/519/519 518/518/518
f 445/445/445 444/444/444 523/523/523
f 523/523/523 522/522/522 445/445/445
f 513/513/513 509/509/509 515/515/515
f 515/515/515 517/517/517 513/513/513
f 512/512/512 516/516/516 520/520/520
f 520/520/520 510/510/510 512/512/512
f 604/604/604 605/605/605 525/525/525
f 525/525/525 528/528/528 604/604/604
f 543/543/543 539/539/539 532/532/532
f 532/532/532 546/546/546 543/543/543
f 542/542/542 536/536/536 545/545/545
f 545/545/545 548/548/548 542/542/542
f 529/529/529 535/535/535 531/531/531
f 531/531/531 540/540/540 529/529/529
f 537/537/537 530/530/530 538/538/538
f 538/538/538 544/544/544 537/537/537
f 534/534/534 541/541/541 547/547/547
f 547/547/547 533/533/533 534/534/534
f 555/555/555 553/553/553 550/550/550
f 550/550/550 556/556/556 555/555/555
f 549/549/549 552/552/552 551/551/551
f 551/551/551 554/554/554 549/549/549
f 562/562/562 559/559/559 557/557/557
f 557/557/557 563/563/563 562/562/562
f 560/560/560 558/558/558 561/561/561
f 561/561/561 564/564/564 560/560/560
f 568/568/568 575/575/575 589/589/589
f 589/589/589 580/580/580 568/568/568
f 577/577/577 572/572/572 584/584/584
f 584/584/584 585/585/585 577/577/577
f 570/570/570 565/565/565 573/573/573
f 573/573/573 578/578/578 570/570/570
f 574/574/574 569/569/569 576/576/576
f 576/576/576 586/586/586 574/574/574
f 587/587/587 583/583/583 581/581/581
f 581/581/581 590/590/590 587/587/587
f 567/567/567 579/579/579 582/582/582
f 566/566/566 567/567/567 582/582/582
f 582/582/582 571/571/571 566/566/566
f 588/588/588 574/574/574 586/586/586
f 600/600/600 597/597/597 593/593/593
f 593/593/593 602/602/602 600/600/600
f 527/527/527 526/526/526 606/606/606
f 606/606/606 603/603/603 527/527/527
f 595/595/595 591/591/591 596/596/596
f 596/596/596 599/599/599 595/595/595
f 594/594/594 598/598/598 601/601/601
f 601/601/601 592/592/592 594/594/594
f 686/686/686 688/688/688 607/607/607
f 607/607/607 610/610/610 686/686/686
f 625/625/625 620/620/620 613/613/613
f 613/613/613 630/630/630 625/625/625
f 624/624/624 619/619/619 627/627/627
f 627/627/627 628/628/628 624/624/624
f 612/612/612 617/617/617 615/615/615
f 615/615/615 622/622/622 612/612/612
f 618/618/618 611/611/611 621/621/621
f 621/621/621 626/626/626 618/618/618
f 616/616/616 623/623/623 629/629/629
f 629/629/629 614/614/614 616/616/616
f 637/637/637 635/635/635 633/633/633
f 633/633/633 638/638/638 637/637/637
f 631/631/631 634/634/634 632/632/632
f 632/632/632 636/636/636 631/631/631
f 644/644/644 641/641/641 639/639/639
f 639/639/639 646/646/646 644/644/644
f 642/642/642 640/640/640 643/643/643
f 643/643/643 645/645/645 642/642/642
f 650/650/650 656/656/656 670/670/670
f 670/670/670 662/662/662 650/650/650
f 660/660/660 655/655/655 666/666/666
f 666/666/666 667/667/667 660/660/660
f 651/651/651 647/647/647 654/654/654
f 654/654/654 659/659/659 651/651/651
f 657/657/657 652/652/652 658/658/658
f 658/658/658 669/669/669 657/657/657
f 668/668/668 665/665/665 661/661/661
f 661/661/661 672/672/672 668/668/668
f 649/649/649 663/663/663 664/664/664
f 648/648/648 649/649/649 664/664/664
f 664/664/664 653/653/653 648/648/648
f 671/671/671 657/657/657 669/669/669
f 682/682/682 679/679/679 674/674/674
f 674/674/674 683/683/683 682/682/682
f 609/609/609 608/608/608 687/687/687
f 687/687/687 685/685/685 609/609/609
f 677/677/677 673/673/673 678/678/678
f 678/678/678 681/681/681 677/677/677
f 676/676/676 680/680/680 684/684/684
f 684/684/684 675/675/675 676/676/676
f 768/768/768 769/769/769 689/689/689
f 689/689/689 692/692/692 768/768/768
f 708/708/708 703/703/703 697/697/697
f 697/697/697 711/711/711 708/708/708
f 706/706/706 701/701/701 707/707/707
f 707/707/707 710/710/710 706/706/706
f 694/694/694 699/699/699 695/695/695
f 695/695/695 704/704/704 694/694/694
f 700/700/700 693/693/693 702/702/702
f 702/702/702 709/709/709 700/700/700
f 698/698/698 705/705/705 712/712/712
f 712/712/712 696/696/696 698/698/698
f 719/719/719 718/718/718 714/714/714
f 714/714/714 720/720/720 719/719/719
f 713/713/713 716/716/716 715/715/715
f 715/715/715 717/717/717 713/713/713
f 725/725/725 723/723/723 721/721/721
f 721/721/721 727/727/727 725/725/725
f 724/724/724 722/722/722 726/726/726
f 726/726/726 728/728/728 724/724/724
f 732/732/732 738/738/738 754/754/754
f 754/754/754 745/745/745 732/732/732
f 740/740/740 735/735/735 748/748/748
f 748/748/748 751/751/751 740/740/740
f 734/734/734 729/729/729 736/736/736
f 736/736/736 742/742/742 734/734/734
f 739/739/739 733/733/733 741/741/741
f 741/741/741 749/749/749 739/739/739
f 750/750/750 746/746/746 744/744/744
f 744/744/744 752/752/752 750/750/750
f 731/731/731 743/743/743 747/747/747
f 730/730/730 731/731/731 747/747/747
f 747/747/747 737/737/737 730/730/730
f 753/753/753 739/739/739 749/749/749
f 764/764/764 760/760/760 757/757/757
f 757/757/757 765/765/765 764/764/764
f 691/691/691 690/690/690 770/770/770
f 770/770/770 767/767/767 691/691/691
f 759/759/759 755/755/755 761/761/761
f 761/761/761 763/763/763 759/759/759
f 758/758/758 762/762/762 766/766/766
f 766/766/766 756/756/756 758/758/758
f 850/850/850 852/852/852 771/771/771
f 771/771/771 774/774/774 850/850/850
f 790/790/790 785/785/785 777/777/777
f 777/777/777 793/793/793 790/790/790
f 787/787/787 782/782/782 791/791/791
f 791/791/791 792/792/792 787/787/787
f 776/776/776 780/780/780 778/778/778
f 778/778/778 786/786/786 776/776/776
f 783/783/783 775/775/775 784/784/784
f 784/784/784 789/789/789 783/783/783
f 781/781/781 788/788/788 794/794/794
f 794/794/794 779/779/779 781/781/781
f 801/801/801 800/800/800 797/797/797
f 797/797/797 802/802/802 801/801/801
f 795/795/795 798/798/798 796/796/796
f 796/796/796 799/799/799 795/795/795
f 808/808/808 805/805/805 803/803/803
f 803/803/803 809/809/809 808/808/808
f 806/806/806 804/804/804 807/807/807
f 807/807/807 810/810/810 806/806/806
f 814/814/814 821/821/821 835/835/835
f 835/835/835 827/827/827 814/814/814
f 824/824/824 818/818/818 828/828/828
f 828/828/828 831/831/831 824/824/824
f 815/815/815 811/811/811 817/817/817
f 817/817/817 823/823/823 815/815/815
f 820/820/820 816/816/816 822/822/822
f 822/822/822 833/833/833 820/820/820
f 832/832/832 829/829/829 825/825/825
f 825/825/825 836/836/836 832/832/832
f 813/813/813 826/826/826 830/830/830
f 812/812/812 813/813/813 830/830/830
f 830/830/830 819/819/819 812/812/812
f 834/834/834 820/820/820 833/833/833
f 845/845/845 843/843/843 839/839/839
f 839/839/839 848/848/848 845/845/845
f 773/773/773 772/772/772 851/851/851
f 851/851/851 849/849/849 773/773/773
f 841/841/841 837/837/837 842/842/842
f 842/842/842 846/846/846 841/841/841
f 840/840/840 844/844/844 847/847/847
f 847/847/847 838/838/838 840/840/840
f 865/865/865 861/861/861 858/858/858
f 858/858/858 866/866/866 865/865/865
f 871/871/871 885/885/885 874/874/874
f 892/892/892 879/879/879 877/877/877
f 932/932/932 933/933/933 854/854/854
f 854/854/854 855/855/855 932/932/932
f 860/860/860 862/862/862 867/867/867
f 867/867/867 857/857/857 860/860/860
f 893/893/893 892/892/892 877/877/877
f 877/877/877 886/886/886 893/893/893
f 885/885/885 889/889/889 882/882/882
f 882/882/882 874/874/874 885/885/885
f 872/872/872 875/875/875 880/880/880
f 880/880/880 870/870/870 872/872/872
f 890/890/890 894/894/894 888/888/888
f 888/888/888 881/881/881 890/890/890
f 883/883/883 887/887/887 876/876/876
f 876/876/876 873/873/873 883/883/883
f 897/897/897 900/900/900 902/902/902
f 902/902/902 896/896/896 897/897/897
f 924/924/924 918/918/918 912/912/912
f 912/912/912 926/926/926 924/924/924
f 899/899/899 901/901/901 898/898/898
f 898/898/898 895/895/895 899/899/899
f 904/904/904 905/905/905 908/908/908
f 908/908/908 903/903/903 904/904/904
f 929/929/929 925/925/925 928/928/928
f 928/928/928 920/920/920 929/929/929
f 910/910/910 907/907/907 909/909/909
f 909/909/909 906/906/906 910/910/910
f 891/891/891 884/884/884 869/869/869
f 869/869/869 878/878/878 891/891/891
f 923/923/923 930/930/930 921/921/921
f 921/921/921 916/916/916 923/923/923
f 914/914/914 919/919/919 927/927/927
f 927/927/927 913/913/913 914/914/914
f 864/864/864 868/868/868 863/863/863
f 863/863/863 859/859/859 864/864/864
f 917/917/917 922/922/922 915/915/915
f 915/915/915 911/911/911 917/917/917
f 856/856/856 853/853/853 934/934/934
f 934/934/934 931/931/931 856/856/856
f 937/937/937 953/953/953 940/940/940
f 960/960/960 946/946/946 944/944/944
f 999/999/999 1000/1000/1000 935/935/935
f 935/935/935 936/936/936 999/999/999
f 961/961/961 960/960/960 944/944/944
f 944/944/944 955/955/955 961/961/961
f 953/953/953 957/957/957 949/949/949
f 949/949/949 940/940/940 953/953/953
f 942/942/942 943/943/943 947/947/947
f 947/947/947 939/939/939 942/942/942
f 958/958/958 962/962/962 954/954/954
f 954/954/954 950/950/950 958/958/958
f 951/951/951 956/956/956 945/945/945
f 945/945/945 941/941/941 951/951/951
f 965/965/965 968/968/968 970/970/970
f 970/970/970 963/963/963 965/965/965
f 993/993/993 985/985/985 980/980/980
f 980/980/980 994/994/994 993/993/993
f 967/967/967 969/969/969 966/966/966
f 966/966/966 964/964/964 967/967/967
f 972/972/972 973/973/973 977/977/977
f 977/977/977 971/971/971 972/972/972
f 998/998/998 992/992/992 995/995/995
f 995/995/995 989/989/989 998/998/998
f 978/978/978 975/975/975 976/976/976
f 976/976/976 974/974/974 978/978/978
f 959/959/959 952/952/952 938/938/938
f 938/938/938 948/948/948 959/959/959
f 990/990/990 997/997/997 987/987/987
f 987/987/987 984/984/984 990/990/990
f 983/983/983 988/988/988 996/996/996
f 996/996/996 979/979/979 983/983/983
f 986/986/986 991/991/991 982/982/982
f 982/982/982 981/981/981 986/986/986
f 1002/1002/1002 1005/1005/1005 1012/1012/1012
f 1012/1012/1012 1007/1007/1007 1002/1002/1002
f 1008/1008/1008 1010/1010/1010 1024/1024/1024
f 1024/1024/1024 1019/1019/1019 1008/1008/1008
f 1020/1020/1020 1022/1022/1022 1018/1018/1018
f 1018/1018/1018 1015/1015/1015 1020/1020/1020
f 1014/1014/1014 1017/1017/1017 1006/1006/1006
f 1006/1006/1006 1001/1001/1001 1014/1014/1014
f 1009/1009/1009 1021/1021/1021 1013/1013/1013
f 1013/1013/1013 1003/1003/1003 1009/1009/1009
f 1030/1030/1030 1031/1031/1031 1046/1046/1046
f 1046/1046/1046 1038/1038/1038 1030/1030/1030
f 1023/1023/1023 1011/1011/1011 1028/1028/1028
f 1028/1028/1028 1026/1026/1026 1023/1023/1023
f 1011/1011/1011 1004/1004/1004 1033/1033/1033
f 1033/1033/1033 1028/1028/1028 1011/1011/1011
f 1004/1004/1004 1016/1016/1016 1034/1034/1034
f 1034/1034/1034 1033/1033/1033 1004/1004/1004
f 1016/1016/1016 1023/1023/1023 1026/1026/1026
f 1026/1026/1026 1034/1034/1034 1016/1016/1016
f 1041/1041/1041 1037/1037/1037 1048/1048/1048
f 1048/1048/1048 1044/1044/1044 1041/1041/1041
f 1025/1025/1025 1029/1029/1029 1039/1039/1039
f 1039/1039/1039 1040/1040/1040 1025/1025/1025
f 1032/1032/1032 1035/1035/1035 1043/1043/1043
f 1043/1043/1043 1047/1047/1047 1032/1032/1032
f 1036/1036/1036 1027/1027/1027 1042/1042/1042
f 1042/1042/1042 1045/1045/1045 1036/1036/1036
f 1073/1073/1073 1079/1079/1079 1059/1059/1059
f 1059/1059/1059 1056/1056/1056 1073/1073/1073
f 1057/1057/1057 1058/1058/1058 1071/1071/1071
f 1071/1071/1071 1068/1068/1068 1057/1057/1057
f 1081/1081/1081 1087/1087/1087 1064/1064/1064
f 1064/1064/1064 1062/1062/1062 1081/1081/1081
f 1063/1063/1063 1066/1066/1066 1054/1054/1054
f 1054/1054/1054 1050/1050/1050 1063/1063/1063
f 1076/1076/1076 1082/1082/1082 1061/1061/1061
f 1061/1061/1061 1051/1051/1051 1076/1076/1076
f 1088/1088/1088 1078/1078/1078 1052/1052/1052
f 1052/1052/1052 1065/1065/1065 1088/1088/1088
f 1070/1070/1070 1060/1060/1060 1080/1080/1080
f 1080/1080/1080 1085/1085/1085 1070/1070/1070
f 1055/1055/1055 1069/1069/1069 1083/1083/1083
f 1083/1083/1083 1074/1074/1074 1055/1055/1055
f 1067/1067/1067 1072/1072/1072 1086/1086/1086
f 1086/1086/1086 1084/1084/1084 1067/1067/1067
f 1049/1049/1049 1053/1053/1053 1077/1077/1077
f 1077/1077/1077 1075/1075/1075 1049/1049/1049
f 1091/1091/1091 1092/1092/1092 1089/1089/1089
f 1089/1089/1089 1090/1090/1090 1091/1091/1091
f 1095/1095/1095 1096/1096/1096 1093/1093/1093
f 1093/1093/1093 1094/1094/1094 1095/1095/1095
f 1099/1099/1099 1098/1098/1098 1097/1097/1097
f 1097/1097/1097 1100/1100/1100 1099/1099/1099
f 1103/1103/1103 1102/1102/1102 1101/1101/1101
f 1101/1101/1101 1104/1104/1104 1103/1103/1103
f 1107/1107/1107 1106/1106/1106 1105/1105/1105
f 1105/1105/1105 1108/1108/1108 1107/1107/1107
f 1111/1111/1111 1110/1110/1110 1109/1109/1109
f 1109/1109/1109 1112/1112/1112 1111/1111/1111
f 1114/1114/1114 1113/1113/1113 1116/1116/1116
f 1116/1116/1116 1115/1115/1115 1114/1114/1114
f 1118/1118/1118 1117/1117/1117 1120/1120/1120
f 1120/1120/1120 1119/1119/1119 1118/1118/1118
f 112/112/112 106/106/106 1121/1121/1121
f 1121/1121/1121 1128/1128/1128 112/112/112
f 107/107/107 290/290/290 288/288/288
f 288/288/288 1123/1123/1123 107/107/107
f 111/111/111 1125/1125/1125 115/115/115
f 115/115/115 110/110/110 111/111/111
f 1274/1274/1274 1214/1214/1214 1211/1211/1211
f 1211/1211/1211 1245/1245/1245 1274/1274/1274
f 1228/1228/1228 1284/1284/1284 1261/1261/1261
f 1261/1261/1261 1215/1215/1215 1228/1228/1228
f 1136/1136/1136 1134/1134/1134 1129/1129/1129
f 1129/1129/1129 1139/1139/1139 1136/1136/1136
f 1311/1311/1311 1167/1167/1167 1157/1157/1157
f 1157/1157/1157 1325/1325/1325 1311/1311/1311
f 1278/1278/1278 1223/1223/1223 1212/1212/1212
f 1212/1212/1212 1275/1275/1275 1278/1278/1278
f 1221/1221/1221 1291/1291/1291 1248/1248/1248
f 1248/1248/1248 1209/1209/1209 1221/1221/1221
f 1281/1281/1281 1279/1279/1279 1272/1272/1272
f 1272/1272/1272 1267/1267/1267 1281/1281/1281
f 1170/1170/1170 1163/1163/1163 1130/1130/1130
f 1130/1130/1130 1178/1178/1178 1170/1170/1170
f 1165/1165/1165 1160/1160/1160 1137/1137/1137
f 1137/1137/1137 1180/1180/1180 1165/1165/1165
f 1160/1160/1160 1161/1161/1161 1133/1133/1133
f 1133/1133/1133 1137/1137/1137 1160/1160/1160
f 1163/1163/1163 1158/1158/1158 1140/1140/1140
f 1140/1140/1140 1130/1130/1130 1163/1163/1163
f 1132/1132/1132 1175/1175/1175 1177/1177/1177
f 1177/1177/1177 1131/1131/1131 1132/1132/1132
f 1173/1173/1173 1179/1179/1179 1184/1184/1184
f 1184/1184/1184 1176/1176/1176 1173/1173/1173
f 1181/1181/1181 1135/1135/1135 1138/1138/1138
f 1138/1138/1138 1183/1183/1183 1181/1181/1181
f 1161/1161/1161 1169/1169/1169 1174/1174/1174
f 1174/1174/1174 1133/1133/1133 1161/1161/1161
f 1158/1158/1158 1166/1166/1166 1182/1182/1182
f 1182/1182/1182 1140/1140/1140 1158/1158/1158
f 1166/1166/1166 1170/1170/1170 1178/1178/1178
f 1178/1178/1178 1182/1182/1182 1166/1166/1166
f 1169/1169/1169 1165/1165/1165 1180/1180/1180
f 1180/1180/1180 1174/1174/1174 1169/1169/1169
f 1196/1196/1196 1185/1185/1185 1189/1189/1189
f 1189/1189/1189 1192/1192/1192 1196/1196/1196
f 1207/1207/1207 1196/1196/1196 1191/1191/1191
f 1191/1191/1191 1205/1205/1205 1207/1207/1207
f 1202/1202/1202 1207/1207/1207 1206/1206/1206
f 1206/1206/1206 1199/1199/1199 1202/1202/1202
f 1185/1185/1185 1202/1202/1202 1200/1200/1200
f 1200/1200/1200 1188/1188/1188 1185/1185/1185
f 1195/1195/1195 1208/1208/1208 1201/1201/1201
f 1201/1201/1201 1186/1186/1186 1195/1195/1195
f 1216/1216/1216 1264/1264/1264 1259/1259/1259
f 1259/1259/1259 1219/1219/1219 1216/1216/1216
f 1240/1240/1240 1234/1234/1234 1231/1231/1231
f 1231/1231/1231 1244/1244/1244 1240/1240/1240
f 1226/1226/1226 1227/1227/1227 1217/1217/1217
f 1217/1217/1217 1220/1220/1220 1226/1226/1226
f 1285/1285/1285 1225/1225/1225 1218/1218/1218
f 1218/1218/1218 1257/1257/1257 1285/1285/1285
f 1224/1224/1224 1222/1222/1222 1210/1210/1210
f 1210/1210/1210 1213/1213/1213 1224/1224/1224
f 1266/1266/1266 1270/1270/1270 1249/1249/1249
f 1249/1249/1249 1256/1256/1256 1266/1266/1266
f 1269/1269/1269 1280/1280/1280 1297/1297/1297
f 1297/1297/1297 1154/1154/1154 1269/1269/1269
f 1276/1276/1276 1247/1247/1247 1145/1145/1145
f 1145/1145/1145 1150/1150/1150 1276/1276/1276
f 1277/1277/1277 1273/1273/1273 1151/1151/1151
f 1151/1151/1151 1300/1300/1300 1277/1277/1277
f 1254/1254/1254 1288/1288/1288 1306/1306/1306
f 1306/1306/1306 1236/1236/1236 1254/1254/1254
f 1289/1289/1289 1287/1287/1287 1253/1253/1253
f 1253/1253/1253 1250/1250/1250 1289/1289/1289
f 1149/1149/1149 1147/1147/1147 1144/1144/1144
f 1144/1144/1144 1156/1156/1156 1149/1149/1149
f 1296/1296/1296 1237/1237/1237 1241/1241/1241
f 1241/1241/1241 1294/1294/1294 1296/1296/1296
f 1299/1299/1299 1152/1152/1152 1153/1153/1153
f 1153/1153/1153 1298/1298/1298 1299/1299/1299
f 1303/1303/1303 1143/1143/1143 1146/1146/1146
f 1146/1146/1146 1302/1302/1302 1303/1303/1303
f 1308/1308/1308 1232/1232/1232 1235/1235/1235
f 1235/1235/1235 1305/1305/1305 1308/1308/1308
f 1252/1252/1252 1271/1271/1271 1155/1155/1155
f 1155/1155/1155 1141/1141/1141 1252/1252/1252
f 1290/1290/1290 1251/1251/1251 1142/1142/1142
f 1142/1142/1142 1304/1304/1304 1290/1290/1290
f 1268/1268/1268 1255/1255/1255 1233/1233/1233
f 1233/1233/1233 1239/1239/1239 1268/1268/1268
f 1246/1246/1246 1292/1292/1292 1301/1301/1301
f 1301/1301/1301 1148/1148/1148 1246/1246/1246
f 1282/1282/1282 1265/1265/1265 1238/1238/1238
f 1238/1238/1238 1295/1295/1295 1282/1282/1282
f 1263/1263/1263 1283/1283/1283 1293/1293/1293
f 1293/1293/1293 1242/1242/1242 1263/1263/1263
f 1260/1260/1260 1262/1262/1262 1243/1243/1243
f 1243/1243/1243 1230/1230/1230 1260/1260/1260
f 1286/1286/1286 1258/1258/1258 1229/1229/1229
f 1229/1229/1229 1307/1307/1307 1286/1286/1286
f 1336/1336/1336 1164/1164/1164 1172/1172/1172
f 1172/1172/1172 1352/1352/1352 1336/1336/1336
f 1339/1339/1339 1194/1194/1194 1187/1187/1187
f 1187/1187/1187 1323/1323/1323 1339/1339/1339
f 1314/1314/1314 1197/1197/1197 1203/1203/1203
f 1203/1203/1203 1345/1345/1345 1314/1314/1314
f 1347/1347/1347 1204/1204/1204 1193/1193/1193
f 1193/1193/1193 1340/1340/1340 1347/1347/1347
f 1328/1328/1328 1159/1159/1159 1162/1162/1162
f 1162/1162/1162 1333/1333/1333 1328/1328/1328
f 1321/1321/1321 1190/1190/1190 1198/1198/1198
f 1198/1198/1198 1316/1316/1316 1321/1321/1321
f 1327/1327/1327 1334/1334/1334 1344/1344/1344
f 1344/1344/1344 1332/1332/1332 1327/1327/1327
f 1330/1330/1330 1341/1341/1341 1338/1338/1338
f 1338/1338/1338 1324/1324/1324 1330/1330/1330
f 1349/1349/1349 1309/1309/1309 1318/1318/1318
f 1318/1318/1318 1353/1353/1353 1349/1349/1349
f 1355/1355/1355 1320/1320/1320 1313/1313/1313
f 1313/1313/1313 1348/1348/1348 1355/1355/1355
f 1312/1312/1312 1326/1326/1326 1331/1331/1331
f 1331/1331/1331 1317/1317/1317 1312/1312/1312
f 1319/1319/1319 1329/1329/1329 1322/1322/1322
f 1322/1322/1322 1315/1315/1315 1319/1319/1319
f 1335/1335/1335 1351/1351/1351 1354/1354/1354
f 1354/1354/1354 1343/1343/1343 1335/1335/1335
f 1342/1342/1342 1356/1356/1356 1346/1346/1346
f 1346/1346/1346 1337/1337/1337 1342/1342/1342
f 1350/1350/1350 1171/1171/1171 1168/1168/1168
f 1168/1168/1168 1310/1310/1310 1350/1350/1350
f 1359/1359/1359 1360/1360/1360 1357/1357/1357
f 1357/1357/1357 1358/1358/1358 1359/1359/1359
f 1363/1363/1363 1392/1392/1392 1388/1388/1388
f 1388/1388/1388 1366/1366/1366 1363/1363/1363
f 1375/1375/1375 1378/1378/1378 1371/1371/1371
f 1371/1371/1371 1368/1368/1368 1375/1375/1375
f 1382/1382/1382 1381/1381/1381 1379/1379/1379
f 1379/1379/1379 1380/1380/1380 1382/1382/1382
f 1362/1362/1362 1365/1365/1365 1373/1373/1373
f 1373/1373/1373 1367/1367/1367 1362/1362/1362
f 1395/1395/1395 1376/1376/1376 1374/1374/1374
f 1394/1394/1394 1398/1398/1398 1372/1372/1372
f 1372/1372/1372 1377/1377/1377 1394/1394/1394
f 1390/1390/1390 1383/1383/1383 1384/1384/1384
f 1384/1384/1384 1386/1386/1386 1390/1390/1390
f 1389/1389/1389 1397/1397/1397 1393/1393/1393
f 1393/1393/1393 1385/1385/1385 1389/1389/1389
f 1370/1370/1370 1396/1396/1396 1369/1369/1369
f 1361/1361/1361 1369/1369/1369 1396/1396/1396
f 1396/1396/1396 1391/1391/1391 1361/1361/1361
f 1364/1364/1364 1387/1387/1387 1395/1395/1395
f 1395/1395/1395 1374/1374/1374 1364/1364/1364
f 1399/1399/1399 1407/1407/1407 1418/1418/1418
f 1401/1401/1401 1399/1399/1399 1409/1409/1409
f 1404/1404/1404 1400/1400/1400 1412/1412/1412
f 1405/1405/1405 1403/1403/1403 1413/1413/1413
f 1407/1407/1407 1406/1406/1406 1416/1416/1416
f 1399/1399/1399 1418/1418/1418 1409/1409/1409
f 1401/1401/1401 1409/1409/1409 1411/1411/1411
f 1402/1402/1402 1411/1411/1411 1415/1415/1415
f 1406/1406/1406 1415/1415/1415 1416/1416/1416
f 1407/1407/1407 1416/1416/1416 1418/1418/1418
f 1408/1408/1408 1419/1419/1419 1420/1420/1420
f 1410/1410/1410 1408/1408/1408 1420/1420/1420
f 1414/1414/1414 1410/1410/1410 1420/1420/1420
f 1417/1417/1417 1414/1414/1414 1420/1420/1420
f 1419/1419/1419 1417/1417/1417 1420/1420/1420
f 1421/1421/1421 1427/1427/1427 1437/1437/1437
f 1423/1423/1423 1421/1421/1421 1428/1428/1428
f 1424/1424/1424 1422/1422/1422 1430/1430/1430
f 1425/1425/1425 1424/1424/1424 1433/1433/1433
f 1427/1427/1427 1426/1426/1426 1434/1434/1434
f 1421/1421/1421 1437/1437/1437 1428/1428/1428
f 1423/1423/1423 1428/1428/1428 1430/1430/1430
f 1424/1424/1424 1430/1430/1430 1433/1433/1433
f 1426/1426/1426 1433/1433/1433 1434/1434/1434
f 1427/1427/1427 1434/1434/1434 1437/1437/1437
f 1429/1429/1429 1436/1436/1436 1438/1438/1438
f 1431/1431/1431 1429/1429/1429 1438/1438/1438
f 1432/1432/1432 1431/1431/1431 1438/1438/1438
f 1435/1435/1435 1432/1432/1432 1438/1438/1438
f 1436/1436/1436 1435/1435/1435 1438/1438/1438
f 1495/1495/1495 1496/1496/1496 1478/1478/1478
f 1478/1478/1478 1473/1473/1473 1495/1495/1495
f 1504/1504/1504 1507/1507/1507 1499/1499/1499
f 1499/1499/1499 1491/1491/1491 1504/1504/1504
f 1506/1506/1506 1508/1508/1508 1497/1497/1497
f 1497/1497/1497 1500/1500/1500 1506/1506/1506
f 1487/1487/1487 1490/1490/1490 1476/1476/1476
f 1476/1476/1476 1480/1480/1480 1487/1487/1487
f 1474/1474/1474 1477/1477/1477 1489/1489/1489
f 1489/1489/1489 1482/1482/1482 1474/1474/1474
f 1484/1484/1484 1486/1486/1486 1509/1509/1509
f 1509/1509/1509 1503/1503/1503 1484/1484/1484
f 1443/1443/1443 1446/1446/1446 1454/1454/1454
f 1454/1454/1454 1451/1451/1451 1443/1443/1443
f 1439/1439/1439 1441/1441/1441 1445/1445/1445
f 1445/1445/1445 1444/1444/1444 1439/1439/1439
f 1452/1452/1452 1453/1453/1453 1450/1450/1450
f 1450/1450/1450 1448/1448/1448 1452/1452/1452
f 1447/1447/1447 1449/1449/1449 1442/1442/1442
f 1442/1442/1442 1440/1440/1440 1447/1447/1447
f 1459/1459/1459 1462/1462/1462 1469/1469/1469
f 1469/1469/1469 1468/1468/1468 1459/1459/1459
f 1455/1455/1455 1457/1457/1457 1461/1461/1461
f 1461/1461/1461 1460/1460/1460 1455/1455/1455
f 1467/1467/1467 1470/1470/1470 1466/1466/1466
f 1466/1466/1466 1464/1464/1464 1467/1467/1467
f 1463/1463/1463 1465/1465/1465 1458/1458/1458
f 1458/1458/1458 1456/1456/1456 1463/1463/1463
f 1472/1472/1472 1479/1479/1479 1477/1477/1477
f 1477/1477/1477 1474/1474/1474 1472/1472/1472
f 1488/1488/1488 1485/1485/1485 1482/1482/1482
f 1482/1482/1482 1489/1489/1489 1488/1488/1488
f 1507/1507/1507 1504/1504/1504 1501/1501/1501
f 1501/1501/1501 1510/1510/1510 1507/1507/1507
f 1498/1498/1498 1494/1494/1494 1491/1491/1491
f 1491/1491/1491 1499/1499/1499 1498/1498/1498
f 1502/1502/1502 1505/1505/1505 1492/1492/1492
f 1492/1492/1492 1493/1493/1493 1502/1502/1502
f 1508/1508/1508 1487/1487/1487 1480/1480/1480
f 1480/1480/1480 1497/1497/1497 1508/1508/1508
f 1481/1481/1481 1483/1483/1483 1471/1471/1471
f 1471/1471/1471 1475/1475/1475 1481/1481/1481
f 1483/1483/1483 1502/1502/1502 1493/1493/1493
f 1493/1493/1493 1471/1471/1471 1483/1483/1483
f 1513/1513/1513 1515/1515/1515 1519/1519/1519
f 1519/1519/1519 1517/1517/1517 1513/1513/1513
f 1517/1517/1517 1519/1519/1519 1526/1526/1526
f 1526/1526/1526 1523/1523/1523 1517/1517/1517
f 1521/1521/1521 1524/1524/1524 1530/1530/1530
f 1530/1530/1530 1528/1528/1528 1521/1521/1521
f 1527/1527/1527 1530/1530/1530 1537/1537/1537
f 1537/1537/1537 1532/1532/1532 1527/1527/1527
f 1534/1534/1534 1535/1535/1535 1541/1541/1541
f 1541/1541/1541 1538/1538/1538 1534/1534/1534
f 1540/1540/1540 1541/1541/1541 1547/1547/1547
f 1547/1547/1547 1543/1543/1543 1540/1540/1540
f 1572/1572/1572 1574/1574/1574 1627/1627/1627
f 1627/1627/1627 1622/1622/1622 1572/1572/1572
f 1544/1544/1544 1546/1546/1546 1552/1552/1552
f 1552/1552/1552 1550/1550/1550 1544/1544/1544
f 1550/1550/1550 1552/1552/1552 1516/1516/1516
f 1516/1516/1516 1512/1512/1512 1550/1550/1550
f 1522/1522/1522 1529/1529/1529 1656/1656/1656
f 1656/1656/1656 1653/1653/1653 1522/1522/1522
f 1575/1575/1575 1571/1571/1571 1583/1583/1583
f 1583/1583/1583 1584/1584/1584 1575/1575/1575
f 1570/1570/1570 1572/1572/1572 1622/1622/1622
f 1622/1622/1622 1620/1620/1620 1570/1570/1570
f 1542/1542/1542 1536/1536/1536 1591/1591/1591
f 1591/1591/1591 1590/1590/1590 1542/1542/1542
f 1567/1567/1567 1570/1570/1570 1620/1620/1620
f 1620/1620/1620 1619/1619/1619 1567/1567/1567
f 1551/1551/1551 1548/1548/1548 1587/1587/1587
f 1587/1587/1587 1606/1606/1606 1551/1551/1551
f 1525/1525/1525 1520/1520/1520 1603/1603/1603
f 1603/1603/1603 1596/1596/1596 1525/1525/1525
f 1562/1562/1562 1567/1567/1567 1619/1619/1619
f 1619/1619/1619 1615/1615/1615 1562/1562/1562
f 1559/1559/1559 1562/1562/1562 1615/1615/1615
f 1615/1615/1615 1612/1612/1612 1559/1559/1559
f 1581/1581/1581 1580/1580/1580 1585/1585/1585
f 1569/1569/1569 1566/1566/1566 1581/1581/1581
f 1581/1581/1581 1582/1582/1582 1569/1569/1569
f 1564/1564/1564 1561/1561/1561 1579/1579/1579
f 1579/1579/1579 1580/1580/1580 1564/1564/1564
f 1554/1554/1554 1558/1558/1558 1578/1578/1578
f 1578/1578/1578 1577/1577/1577 1554/1554/1554
f 1557/1557/1557 1576/1576/1576 1584/1584/1584
f 1584/1584/1584 1578/1578/1578 1557/1557/1557
f 1573/1573/1573 1568/1568/1568 1582/1582/1582
f 1582/1582/1582 1583/1583/1583 1573/1573/1573
f 1565/1565/1565 1563/1563/1563 1580/1580/1580
f 1580/1580/1580 1581/1581/1581 1565/1565/1565
f 1560/1560/1560 1555/1555/1555 1577/1577/1577
f 1577/1577/1577 1579/1579/1579 1560/1560/1560
f 1589/1589/1589 1592/1592/1592 1618/1618/1618
f 1618/1618/1618 1621/1621/1621 1589/1589/1589
f 1579/1579/1579 1577/1577/1577 1585/1585/1585
f 1584/1584/1584 1583/1583/1583 1585/1585/1585
f 1582/1582/1582 1581/1581/1581 1585/1585/1585
f 1580/1580/1580 1579/1579/1579 1585/1585/1585
f 1577/1577/1577 1578/1578/1578 1585/1585/1585
f 1578/1578/1578 1584/1584/1584 1585/1585/1585
f 1583/1583/1583 1582/1582/1582 1585/1585/1585
f 1598/1598/1598 1601/1601/1601 1607/1607/1607
f 1607/1607/1607 1614/1614/1614 1598/1598/1598
f 1605/1605/1605 1586/1586/1586 1624/1624/1624
f 1624/1624/1624 1626/1626/1626 1605/1605/1605
f 1593/1593/1593 1594/1594/1594 1616/1616/1616
f 1616/1616/1616 1617/1617/1617 1593/1593/1593
f 1588/1588/1588 1589/1589/1589 1621/1621/1621
f 1621/1621/1621 1623/1623/1623 1588/1588/1588
f 1594/1594/1594 1597/1597/1597 1613/1613/1613
f 1613/1613/1613 1616/1616/1616 1594/1594/1594
f 1600/1600/1600 1604/1604/1604 1625/1625/1625
f 1625/1625/1625 1610/1610/1610 1600/1600/1600
f 1602/1602/1602 1600/1600/1600 1610/1610/1610
f 1610/1610/1610 1608/1608/1608 1602/1602/1602
f 1531/1531/1531 1525/1525/1525 1596/1596/1596
f 1596/1596/1596 1595/1595/1595 1531/1531/1531
f 1514/1514/1514 1551/1551/1551 1606/1606/1606
f 1606/1606/1606 1599/1599/1599 1514/1514/1514
f 1520/1520/1520 1514/1514/1514 1599/1599/1599
f 1599/1599/1599 1603/1603/1603 1520/1520/1520
f 1574/1574/1574 1556/1556/1556 1611/1611/1611
f 1611/1611/1611 1627/1627/1627 1574/1574/1574
f 1556/1556/1556 1553/1553/1553 1609/1609/1609
f 1609/1609/1609 1611/1611/1611 1556/1556/1556
f 1548/1548/1548 1542/1542/1542 1590/1590/1590
f 1590/1590/1590 1587/1587/1587 1548/1548/1548
f 1553/1553/1553 1559/1559/1559 1612/1612/1612
f 1612/1612/1612 1609/1609/1609 1553/1553/1553
f 1536/1536/1536 1531/1531/1531 1595/1595/1595
f 1595/1595/1595 1591/1591/1591 1536/1536/1536
f 1695/1695/1695 1697/1697/1697 1643/1643/1643
f 1643/1643/1643 1646/1646/1646 1695/1695/1695
f 1691/1691/1691 1694/1694/1694 1698/1698/1698
f 1698/1698/1698 1696/1696/1696 1691/1691/1691
f 1647/1647/1647 1645/1645/1645 1639/1639/1639
f 1639/1639/1639 1642/1642/1642 1647/1647/1647
f 1533/1533/1533 1539/1539/1539 1661/1661/1661
f 1661/1661/1661 1658/1658/1658 1533/1533/1533
f 1641/1641/1641 1640/1640/1640 1633/1633/1633
f 1633/1633/1633 1637/1637/1637 1641/1641/1641
f 1545/1545/1545 1549/1549/1549 1668/1668/1668
f 1668/1668/1668 1664/1664/1664 1545/1545/1545
f 1518/1518/1518 1522/1522/1522 1653/1653/1653
f 1653/1653/1653 1652/1652/1652 1518/1518/1518
f 1636/1636/1636 1635/1635/1635 1629/1629/1629
f 1629/1629/1629 1632/1632/1632 1636/1636/1636
f 1657/1657/1657 1659/1659/1659 1675/1675/1675
f 1675/1675/1675 1674/1674/1674 1657/1657/1657
f 1665/1665/1665 1666/1666/1666 1681/1681/1681
f 1681/1681/1681 1679/1679/1679 1665/1665/1665
f 1651/1651/1651 1655/1655/1655 1673/1673/1673
f 1673/1673/1673 1671/1671/1671 1651/1651/1651
f 1660/1660/1660 1662/1662/1662 1677/1677/1677
f 1677/1677/1677 1676/1676/1676 1660/1660/1660
f 1667/1667/1667 1649/1649/1649 1669/1669/1669
f 1669/1669/1669 1680/1680/1680 1667/1667/1667
f 1649/1649/1649 1650/1650/1650 1670/1670/1670
f 1670/1670/1670 1669/1669/1669 1649/1649/1649
f 1654/1654/1654 1657/1657/1657 1674/1674/1674
f 1674/1674/1674 1672/1672/1672 1654/1654/1654
f 1662/1662/1662 1663/1663/1663 1678/1678/1678
f 1678/1678/1678 1677/1677/1677 1662/1662/1662
f 1549/1549/1549 1511/1511/1511 1648/1648/1648
f 1648/1648/1648 1668/1668/1668 1549/1549/1549
f 1511/1511/1511 1518/1518/1518 1652/1652/1652
f 1652/1652/1652 1648/1648/1648 1511/1511/1511
f 1685/1685/1685 1688/1688/1688 1692/1692/1692
f 1692/1692/1692 1690/1690/1690 1685/1685/1685
f 1539/1539/1539 1545/1545/1545 1664/1664/1664
f 1664/1664/1664 1661/1661/1661 1539/1539/1539
f 1682/1682/1682 1683/1683/1683 1687/1687/1687
f 1687/1687/1687 1686/1686/1686 1682/1682/1682
f 1529/1529/1529 1533/1533/1533 1658/1658/1658
f 1658/1658/1658 1656/1656/1656 1529/1529/1529
f 1631/1631/1631 1630/1630/1630 1683/1683/1683
f 1683/1683/1683 1682/1682/1682 1631/1631/1631
f 1711/1711/1711 1713/1713/1713 1719/1719/1719
f 1628/1628/1628 1634/1634/1634 1704/1704/1704
f 1704/1704/1704 1701/1701/1701 1628/1628/1628
f 1634/1634/1634 1638/1638/1638 1705/1705/1705
f 1705/1705/1705 1704/1704/1704 1634/1634/1634
f 1638/1638/1638 1644/1644/1644 1708/1708/1708
f 1708/1708/1708 1705/1705/1705 1638/1638/1638
f 1644/1644/1644 1699/1699/1699 1710/1710/1710
f 1710/1710/1710 1708/1708/1708 1644/1644/1644
f 1699/1699/1699 1693/1693/1693 1712/1712/1712
f 1712/1712/1712 1710/1710/1710 1699/1699/1699
f 1693/1693/1693 1689/1689/1689 1715/1715/1715
f 1715/1715/1715 1712/1712/1712 1693/1693/1693
f 1689/1689/1689 1684/1684/1684 1716/1716/1716
f 1716/1716/1716 1715/1715/1715 1689/1689/1689
f 1684/1684/1684 1628/1628/1628 1701/1701/1701
f 1701/1701/1701 1716/1716/1716 1684/1684/1684
f 1707/1707/1707 1709/1709/1709 1719/1719/1719
f 1702/1702/1702 1706/1706/1706 1719/1719/1719
f 1700/1700/1700 1703/1703/1703 1718/1718/1718
f 1714/1714/1714 1717/1717/1717 1718/1718/1718
f 1709/1709/1709 1711/1711/1711 1719/1719/1719
f 1706/1706/1706 1707/1707/1707 1719/1719/1719
f 1717/1717/1717 1700/1700/1700 1718/1718/1718
f 1722/1722/1722 1725/1725/1725 1731/1731/1731
f 1731/1731/1731 1726/1726/1726 1722/1722/1722
f 1727/1727/1727 1730/1730/1730 1741/1741/1741
f 1741/1741/1741 1738/1738/1738 1727/1727/1727
f 1739/1739/1739 1742/1742/1742 1737/1737/1737
f 1737/1737/1737 1734/1734/1734 1739/1739/1739
f 1732/1732/1732 1735/1735/1735 1723/1723/1723
f 1723/1723/1723 1720/1720/1720 1732/1732/1732
f 1728/1728/1728 1740/1740/1740 1733/1733/1733
f 1733/1733/1733 1721/1721/1721 1728/1728/1728
f 1743/1743/1743 1729/1729/1729 1724/1724/1724
f 1724/1724/1724 1736/1736/1736 1743/1743/1743
f 1800/1800/1800 1803/1803/1803 1783/1783/1783
f 1783/1783/1783 1778/1778/1778 1800/1800/1800
f 1810/1810/1810 1812/1812/1812 1804/1804/1804
f 1804/1804/1804 1796/1796/1796 1810/1810/1810
f 1811/1811/1811 1813/1813/1813 1801/1801/1801
f 1801/1801/1801 1805/1805/1805 1811/1811/1811
f 1792/1792/1792 1794/1794/1794 1781/1781/1781
f 1781/1781/1781 1785/1785/1785 1792/1792/1792
f 1779/1779/1779 1782/1782/1782 1795/1795/1795
f 1795/1795/1795 1787/1787/1787 1779/1779/1779
f 1789/1789/1789 1793/1793/1793 1815/1815/1815
f 1815/1815/1815 1808/1808/1808 1789/1789/1789
f 1749/1749/1749 1751/1751/1751 1758/1758/1758
f 1758/1758/1758 1756/1756/1756 1749/1749/1749
f 1745/1745/1745 1746/1746/1746 1750/1750/1750
f 1750/1750/1750 1748/1748/1748 1745/1745/1745
f 1757/1757/1757 1759/1759/1759 1754/1754/1754
f 1754/1754/1754 1753/1753/1753 1757/1757/1757
f 1752/1752/1752 1755/1755/1755 1747/1747/1747
f 1747/1747/1747 1744/1744/1744 1752/1752/1752
f 1764/1764/1764 1767/1767/1767 1775/1775/1775
f 1775/1775/1775 1772/1772/1772 1764/1764/1764
f 1761/1761/1761 1762/1762/1762 1766/1766/1766
f 1766/1766/1766 1765/1765/1765 1761/1761/1761
f 1773/1773/1773 1774/1774/1774 1771/1771/1771
f 1771/1771/1771 1768/1768/1768 1773/1773/1773
f 1769/1769/1769 1770/1770/1770 1763/1763/1763
f 1763/1763/1763 1760/1760/1760 1769/1769/1769
f 1777/1777/1777 1784/1784/1784 1782/1782/1782
f 1782/1782/1782 1779/1779/1779 1777/1777/1777
f 1791/1791/1791 1790/1790/1790 1787/1787/1787
f 1787/1787/1787 1795/1795/1795 1791/1791/1791
f 1812/1812/1812 1810/1810/1810 1806/1806/1806
f 1806/1806/1806 1814/1814/1814 1812/1812/1812
f 1802/1802/1802 1799/1799/1799 1796/1796/1796
f 1796/1796/1796 1804/1804/1804 1802/1802/1802
f 1807/1807/1807 1809/1809/1809 1797/1797/1797
f 1797/1797/1797 1798/1798/1798 1807/1807/1807
f 1813/1813/1813 1792/1792/1792 1785/1785/1785
f 1785/1785/1785 1801/1801/1801 1813/1813/1813
f 1786/1786/1786 1788/1788/1788 1776/1776/1776
f 1776/1776/1776 1780/1780/1780 1786/1786/1786
f 1788/1788/1788 1807/1807/1807 1798/1798/1798
f 1798/1798/1798 1776/1776/1776 1788/1788/1788

