# https://github.com/mikedh/trimesh
mtllib material.mtl
usemtl material_0
v -1.00000000 0.00000000 1.00000000
v -1.00000000 0.00000000 1.00000000
v -1.00000000 0.00000000 1.00000000
v -1.00000000 0.10000000 1.00000000
v -1.00000000 0.10000000 1.00000000
v -1.00000000 0.10000000 1.00000000
v -1.00000000 0.00000000 -1.00000000
v -1.00000000 0.00000000 -1.00000000
v -1.00000000 0.00000000 -1.00000000
v -1.00000000 0.10000000 -1.00000000
v -1.00000000 0.10000000 -1.00000000
v -1.00000000 0.10000000 -1.00000000
v 1.00000000 0.00000000 1.00000000
v 1.00000000 0.00000000 1.00000000
v 1.00000000 0.00000000 1.00000000
v 1.00000000 0.10000000 1.00000000
v 1.00000000 0.10000000 1.00000000
v 1.00000000 0.10000000 1.00000000
v 1.00000000 0.00000000 -1.00000000
v 1.00000000 0.00000000 -1.00000000
v 1.00000000 0.00000000 -1.00000000
v 1.00000000 0.10000000 -1.00000000
v 1.00000000 0.10000000 -1.00000000
v 1.00000000 0.10000000 -1.00000000
v 0.90000000 0.00000000 -1.00000000
v 0.90000000 0.00000000 -1.00000000
v 0.90000000 0.00000000 -1.00000000
v -0.90000000 0.00000000 -1.00000000
v -0.90000000 0.00000000 -1.00000000
v -0.90000000 0.00000000 -1.00000000
v -0.90000000 0.10000000 -1.00000000
v -0.90000000 0.10000000 -1.00000000
v -0.90000000 0.10000000 -1.00000000
v -0.90000000 0.10000000 -1.00000000
v 0.90000000 0.10000000 -1.00000000
v 0.90000000 0.10000000 -1.00000000
v 0.90000000 0.10000000 -1.00000000
v 0.90000000 0.10000000 -1.00000000
v -0.90000000 0.00000000 1.00000000
v -0.90000000 0.00000000 1.00000000
v -0.90000000 0.00000000 1.00000000
v 0.90000000 0.00000000 1.00000000
v 0.90000000 0.00000000 1.00000000
v 0.90000000 0.00000000 1.00000000
v 0.90000000 0.10000000 1.00000000
v 0.90000000 0.10000000 1.00000000
v 0.90000000 0.10000000 1.00000000
v 0.90000000 0.10000000 1.00000000
v -0.90000000 0.10000000 1.00000000
v -0.90000000 0.10000000 1.00000000
v -0.90000000 0.10000000 1.00000000
v -0.90000000 0.10000000 1.00000000
v -1.00000000 0.00000000 -0.90000000
v -1.00000000 0.00000000 -0.90000000
v -1.00000000 0.00000000 -0.90000000
v -1.00000000 0.00000000 0.90000000
v -1.00000000 0.00000000 0.90000000
v -1.00000000 0.00000000 0.90000000
v -1.00000000 0.10000000 0.90000000
v -1.00000000 0.10000000 0.90000000
v -1.00000000 0.10000000 0.90000000
v -1.00000000 0.10000000 0.90000000
v -1.00000000 0.10000000 -0.90000000
v -1.00000000 0.10000000 -0.90000000
v -1.00000000 0.10000000 -0.90000000
v -1.00000000 0.10000000 -0.90000000
v 1.00000000 0.00000000 0.90000000
v 1.00000000 0.00000000 0.90000000
v 1.00000000 0.00000000 0.90000000
v 1.00000000 0.00000000 -0.90000000
v 1.00000000 0.00000000 -0.90000000
v 1.00000000 0.00000000 -0.90000000
v 1.00000000 0.10000000 -0.90000000
v 1.00000000 0.10000000 -0.90000000
v 1.00000000 0.10000000 -0.90000000
v 1.00000000 0.10000000 -0.90000000
v 1.00000000 0.10000000 0.90000000
v 1.00000000 0.10000000 0.90000000
v 1.00000000 0.10000000 0.90000000
v 1.00000000 0.10000000 0.90000000
v 0.90000000 0.10000000 -0.90000000
v 0.90000000 0.10000000 -0.90000000
v 0.90000000 0.10000000 -0.90000000
v 0.90000000 0.10000000 0.90000000
v 0.90000000 0.10000000 0.90000000
v 0.90000000 0.10000000 0.90000000
v -0.90000000 0.10000000 -0.90000000
v -0.90000000 0.10000000 -0.90000000
v -0.90000000 0.10000000 -0.90000000
v -0.90000000 0.10000000 0.90000000
v -0.90000000 0.10000000 0.90000000
v -0.90000000 0.10000000 0.90000000
v -0.90000000 0.00000000 -0.90000000
v -0.90000000 0.00000000 0.90000000
v 0.90000000 0.00000000 -0.90000000
v 0.90000000 0.00000000 0.90000000
v 1.00000000 0.10000000 -0.60000000
v 1.00000000 0.10000000 -0.60000000
v 0.20000000 0.10000000 0.60000000
v -0.20000000 0.10000000 0.60000000
v 1.00000000 1.60000100 -0.60000000
v 1.00000000 1.60000100 -0.60000000
v 0.60000000 1.60000100 0.60000000
v -1.00000000 0.90000000 -0.60000000
v -1.00000000 0.90000000 -0.60000000
v -1.00000000 0.90000000 -0.60000000
v -1.00000000 0.90000000 -0.60000000
v 0.20000000 1.60000100 0.60000000
v -0.20000000 1.60000100 0.60000000
v 1.00000000 0.90000000 -0.60000000
v 1.00000000 0.90000000 -0.60000000
v 1.00000000 0.90000000 -0.60000000
v 1.00000000 0.90000000 -0.60000000
v -0.20000000 0.90000000 0.60000000
v -0.20000000 0.90000000 0.60000000
v 0.20000000 0.90000000 0.60000000
v 0.20000000 0.90000000 0.60000000
v -0.30000000 1.07500000 0.60000000
v -0.30000000 1.07500000 0.60000000
v -0.30000000 1.07500000 0.60000000
v -0.30000000 1.42500000 0.60000000
v -0.30000000 1.42500000 0.60000000
v -0.30000000 1.42500000 0.60000000
v -0.50000000 1.42500000 0.60000000
v -0.50000000 1.42500000 0.60000000
v -0.50000000 1.42500000 0.60000000
v -0.50000000 1.07500000 0.60000000
v -0.50000000 1.07500000 0.60000000
v -0.50000000 1.07500000 0.60000000
v 0.30000000 0.23500000 0.60000000
v 0.30000000 0.23500000 0.60000000
v 0.30000000 0.23500000 0.60000000
v 0.30000000 0.62500000 0.60000000
v 0.30000000 0.62500000 0.60000000
v 0.30000000 0.62500000 0.60000000
v 0.30000000 1.42500000 0.60000000
v 0.30000000 1.42500000 0.60000000
v 0.30000000 1.42500000 0.60000000
v 0.30000000 1.07500000 0.60000000
v 0.30000000 1.07500000 0.60000000
v 0.30000000 1.07500000 0.60000000
v 0.50000000 1.07500000 0.60000000
v 0.50000000 1.07500000 0.60000000
v 0.50000000 1.07500000 0.60000000
v 0.50000000 1.42500000 0.60000000
v 0.50000000 1.42500000 0.60000000
v 0.50000000 1.42500000 0.60000000
v -0.30000000 0.23500000 0.60000000
v -0.30000000 0.23500000 0.60000000
v -0.30000000 0.23500000 0.60000000
v -0.30000000 0.62500000 0.60000000
v -0.30000000 0.62500000 0.60000000
v -0.30000000 0.62500000 0.60000000
v 0.12000000 0.10500000 0.60000000
v 0.12000000 0.10500000 0.60000000
v 0.12000000 0.10500000 0.60000000
v 0.12000000 0.62500000 0.60000000
v 0.12000000 0.62500000 0.60000000
v 0.12000000 0.62500000 0.60000000
v -0.12000000 0.62500000 0.60000000
v -0.12000000 0.62500000 0.60000000
v -0.12000000 0.62500000 0.60000000
v -0.12000000 0.10500000 0.60000000
v -0.12000000 0.10500000 0.60000000
v -0.12000000 0.10500000 0.60000000
v 0.10000000 1.07500000 0.60000000
v 0.10000000 1.07500000 0.60000000
v 0.10000000 1.07500000 0.60000000
v 0.10000000 1.42500000 0.60000000
v 0.10000000 1.42500000 0.60000000
v 0.10000000 1.42500000 0.60000000
v -0.10000000 1.42500000 0.60000000
v -0.10000000 1.42500000 0.60000000
v -0.10000000 1.42500000 0.60000000
v -0.10000000 1.07500000 0.60000000
v -0.10000000 1.07500000 0.60000000
v -0.10000000 1.07500000 0.60000000
v 0.30000000 0.23500000 0.50000000
v 0.30000000 0.23500000 0.50000000
v 0.12000000 0.10500000 0.50000000
v 0.12000000 0.10500000 0.50000000
v -0.12000000 0.10500000 0.50000000
v -0.12000000 0.10500000 0.50000000
v -0.30000000 0.23500000 0.50000000
v -0.30000000 0.23500000 0.50000000
v -0.30000000 1.42500000 0.50000000
v -0.30000000 1.42500000 0.50000000
v -0.30000000 1.07500000 0.50000000
v -0.30000000 1.07500000 0.50000000
v -0.50000000 1.07500000 0.50000000
v -0.50000000 1.07500000 0.50000000
v -0.50000000 1.42500000 0.50000000
v -0.50000000 1.42500000 0.50000000
v 0.30000000 0.62500000 0.50000000
v 0.30000000 0.62500000 0.50000000
v 0.30000000 1.42500000 0.50000000
v 0.30000000 1.42500000 0.50000000
v 0.30000000 1.07500000 0.50000000
v 0.30000000 1.07500000 0.50000000
v 0.50000000 1.42500000 0.50000000
v 0.50000000 1.42500000 0.50000000
v 0.50000000 1.07500000 0.50000000
v 0.50000000 1.07500000 0.50000000
v -0.30000000 0.62500000 0.50000000
v -0.30000000 0.62500000 0.50000000
v 0.12000000 0.62500000 0.50000000
v 0.12000000 0.62500000 0.50000000
v -0.12000000 0.62500000 0.50000000
v -0.12000000 0.62500000 0.50000000
v 0.10000000 1.42500000 0.50000000
v 0.10000000 1.42500000 0.50000000
v 0.10000000 1.07500000 0.50000000
v 0.10000000 1.07500000 0.50000000
v -0.10000000 1.07500000 0.50000000
v -0.10000000 1.07500000 0.50000000
v -0.10000000 1.42500000 0.50000000
v -0.10000000 1.42500000 0.50000000
v 0.90000000 1.07500000 0.50000000
v 0.90000000 1.07500000 0.50000000
v 0.90000000 1.42500000 0.50000000
v 0.90000000 1.42500000 0.50000000
v 0.70000000 1.07500000 0.50000000
v 0.70000000 1.07500000 0.50000000
v 0.70000000 1.42500000 0.50000000
v 0.70000000 1.42500000 0.50000000
v 0.90000000 0.62500000 0.50000000
v 0.90000000 0.62500000 0.50000000
v 0.90000000 0.23500000 0.50000000
v 0.90000000 0.23500000 0.50000000
v 0.90000000 1.42500000 0.60000000
v 0.90000000 1.42500000 0.60000000
v 0.90000000 1.42500000 0.60000000
v 0.90000000 1.07500000 0.60000000
v 0.90000000 1.07500000 0.60000000
v 0.90000000 1.07500000 0.60000000
v 0.70000000 1.07500000 0.60000000
v 0.70000000 1.07500000 0.60000000
v 0.70000000 1.07500000 0.60000000
v 0.70000000 1.42500000 0.60000000
v 0.70000000 1.42500000 0.60000000
v 0.70000000 1.42500000 0.60000000
v 0.90000000 0.62500000 0.60000000
v 0.90000000 0.62500000 0.60000000
v 0.90000000 0.62500000 0.60000000
v 0.90000000 0.23500000 0.60000000
v 0.90000000 0.23500000 0.60000000
v 0.90000000 0.23500000 0.60000000
v 0.60000000 0.90000000 0.60000000
v 0.60000000 0.90000000 0.60000000
v 1.00000000 0.90000000 0.60000000
v 1.00000000 0.90000000 0.60000000
v 1.00000000 0.90000000 0.60000000
v 1.00000000 0.90000000 0.60000000
v 1.00000000 1.60000100 0.60000000
v 1.00000000 1.60000100 0.60000000
v 1.00000000 0.10000000 0.60000000
v 1.00000000 0.10000000 0.60000000
v -1.00000000 0.10000000 -0.60000000
v -1.00000000 0.10000000 -0.60000000
v -1.00000000 0.10000000 0.60000000
v -1.00000000 0.10000000 0.60000000
v -1.00000000 1.60000100 -0.60000000
v -1.00000000 1.60000100 -0.60000000
v -1.00000000 1.60000100 0.60000000
v -1.00000000 1.60000100 0.60000000
v -0.70000000 1.07500000 0.50000000
v -0.70000000 1.07500000 0.50000000
v -0.70000000 1.42500000 0.50000000
v -0.70000000 1.42500000 0.50000000
v -0.90000000 1.07500000 0.50000000
v -0.90000000 1.07500000 0.50000000
v -0.90000000 1.42500000 0.50000000
v -0.90000000 1.42500000 0.50000000
v -0.90000000 0.62500000 0.50000000
v -0.90000000 0.62500000 0.50000000
v -0.90000000 0.23500000 0.50000000
v -0.90000000 0.23500000 0.50000000
v -0.70000000 1.42500000 0.60000000
v -0.70000000 1.42500000 0.60000000
v -0.70000000 1.42500000 0.60000000
v -0.70000000 1.07500000 0.60000000
v -0.70000000 1.07500000 0.60000000
v -0.70000000 1.07500000 0.60000000
v -0.90000000 1.07500000 0.60000000
v -0.90000000 1.07500000 0.60000000
v -0.90000000 1.07500000 0.60000000
v -0.90000000 1.42500000 0.60000000
v -0.90000000 1.42500000 0.60000000
v -0.90000000 1.42500000 0.60000000
v -0.90000000 0.62500000 0.60000000
v -0.90000000 0.62500000 0.60000000
v -0.90000000 0.62500000 0.60000000
v -0.90000000 0.23500000 0.60000000
v -0.90000000 0.23500000 0.60000000
v -0.90000000 0.23500000 0.60000000
v -1.00000000 0.90000000 0.60000000
v -1.00000000 0.90000000 0.60000000
v -1.00000000 0.90000000 0.60000000
v -1.00000000 0.90000000 0.60000000
v -0.60000000 0.90000000 0.60000000
v -0.60000000 0.90000000 0.60000000
v -0.60000000 1.60000100 0.60000000
v 1.00000000 2.25000000 -0.60000000
v 1.00000000 2.25000000 -0.60000000
v 0.60000000 2.25000000 0.60000000
v 0.20000000 2.25000000 0.60000000
v -0.20000000 2.25000000 0.60000000
v -0.30000000 1.77500000 0.60000000
v -0.30000000 1.77500000 0.60000000
v -0.30000000 1.77500000 0.60000000
v -0.30000000 2.12500000 0.60000000
v -0.30000000 2.12500000 0.60000000
v -0.30000000 2.12500000 0.60000000
v -0.50000000 2.12500000 0.60000000
v -0.50000000 2.12500000 0.60000000
v -0.50000000 2.12500000 0.60000000
v -0.50000000 1.77500000 0.60000000
v -0.50000000 1.77500000 0.60000000
v -0.50000000 1.77500000 0.60000000
v 0.30000000 2.12500000 0.60000000
v 0.30000000 2.12500000 0.60000000
v 0.30000000 2.12500000 0.60000000
v 0.30000000 1.77500000 0.60000000
v 0.30000000 1.77500000 0.60000000
v 0.30000000 1.77500000 0.60000000
v 0.50000000 1.77500000 0.60000000
v 0.50000000 1.77500000 0.60000000
v 0.50000000 1.77500000 0.60000000
v 0.50000000 2.12500000 0.60000000
v 0.50000000 2.12500000 0.60000000
v 0.50000000 2.12500000 0.60000000
v 0.10000000 1.77500000 0.60000000
v 0.10000000 1.77500000 0.60000000
v 0.10000000 1.77500000 0.60000000
v 0.10000000 2.12500000 0.60000000
v 0.10000000 2.12500000 0.60000000
v 0.10000000 2.12500000 0.60000000
v -0.10000000 2.12500000 0.60000000
v -0.10000000 2.12500000 0.60000000
v -0.10000000 2.12500000 0.60000000
v -0.10000000 1.77500000 0.60000000
v -0.10000000 1.77500000 0.60000000
v -0.10000000 1.77500000 0.60000000
v -0.30000000 2.12500000 0.50000000
v -0.30000000 2.12500000 0.50000000
v -0.30000000 1.77500000 0.50000000
v -0.30000000 1.77500000 0.50000000
v -0.50000000 1.77500000 0.50000000
v -0.50000000 1.77500000 0.50000000
v -0.50000000 2.12500000 0.50000000
v -0.50000000 2.12500000 0.50000000
v 0.30000000 2.12500000 0.50000000
v 0.30000000 2.12500000 0.50000000
v 0.30000000 1.77500000 0.50000000
v 0.30000000 1.77500000 0.50000000
v 0.50000000 2.12500000 0.50000000
v 0.50000000 2.12500000 0.50000000
v 0.50000000 1.77500000 0.50000000
v 0.50000000 1.77500000 0.50000000
v 0.10000000 2.12500000 0.50000000
v 0.10000000 2.12500000 0.50000000
v 0.10000000 1.77500000 0.50000000
v 0.10000000 1.77500000 0.50000000
v -0.10000000 1.77500000 0.50000000
v -0.10000000 1.77500000 0.50000000
v -0.10000000 2.12500000 0.50000000
v -0.10000000 2.12500000 0.50000000
v 0.90000000 1.77500000 0.50000000
v 0.90000000 1.77500000 0.50000000
v 0.90000000 2.12500000 0.50000000
v 0.90000000 2.12500000 0.50000000
v 0.70000000 1.77500000 0.50000000
v 0.70000000 1.77500000 0.50000000
v 0.70000000 2.12500000 0.50000000
v 0.70000000 2.12500000 0.50000000
v 0.90000000 2.12500000 0.60000000
v 0.90000000 2.12500000 0.60000000
v 0.90000000 2.12500000 0.60000000
v 0.90000000 1.77500000 0.60000000
v 0.90000000 1.77500000 0.60000000
v 0.90000000 1.77500000 0.60000000
v 0.70000000 1.77500000 0.60000000
v 0.70000000 1.77500000 0.60000000
v 0.70000000 1.77500000 0.60000000
v 0.70000000 2.12500000 0.60000000
v 0.70000000 2.12500000 0.60000000
v 0.70000000 2.12500000 0.60000000
v 1.00000000 2.25000000 0.60000000
v 1.00000000 2.25000000 0.60000000
v -1.00000000 2.25000000 -0.60000000
v -1.00000000 2.25000000 -0.60000000
v -1.00000000 2.25000000 0.60000000
v -1.00000000 2.25000000 0.60000000
v -0.70000000 1.77500000 0.50000000
v -0.70000000 1.77500000 0.50000000
v -0.70000000 2.12500000 0.50000000
v -0.70000000 2.12500000 0.50000000
v -0.90000000 1.77500000 0.50000000
v -0.90000000 1.77500000 0.50000000
v -0.90000000 2.12500000 0.50000000
v -0.90000000 2.12500000 0.50000000
v -0.70000000 2.12500000 0.60000000
v -0.70000000 2.12500000 0.60000000
v -0.70000000 2.12500000 0.60000000
v -0.70000000 1.77500000 0.60000000
v -0.70000000 1.77500000 0.60000000
v -0.70000000 1.77500000 0.60000000
v -0.90000000 1.77500000 0.60000000
v -0.90000000 1.77500000 0.60000000
v -0.90000000 1.77500000 0.60000000
v -0.90000000 2.12500000 0.60000000
v -0.90000000 2.12500000 0.60000000
v -0.90000000 2.12500000 0.60000000
v -0.60000000 2.25000000 0.60000000
v -0.48201900 1.10150000 0.54194800
v -0.48201900 1.39923300 0.54194800
v -0.31798100 1.39923300 0.54194800
v -0.31798100 1.10150000 0.54194800
v -0.52692400 1.43624500 0.50616700
v -0.52692400 1.43624500 0.50616700
v -0.52692400 1.39721000 0.62487000
v -0.52692400 1.39721000 0.62487000
v -0.52692400 1.39721000 0.62487000
v -0.52692400 1.39721000 0.50616700
v -0.52692400 1.39721000 0.50616700
v -0.27307500 1.43624500 0.50616700
v -0.27307500 1.43624500 0.50616700
v -0.52692400 1.43624500 0.62487000
v -0.52692400 1.43624500 0.62487000
v -0.52692400 1.43624500 0.62487000
v -0.27307500 1.39721000 0.50616700
v -0.27307500 1.39721000 0.50616700
v -0.27307500 1.43624500 0.62487000
v -0.27307500 1.43624500 0.62487000
v -0.27307500 1.43624500 0.62487000
v -0.27307500 1.39721000 0.62487000
v -0.27307500 1.39721000 0.62487000
v -0.27307500 1.39721000 0.62487000
v -0.32851600 1.41917400 0.51597000
v -0.32851600 1.10048900 0.56306400
v -0.32851600 1.10048900 0.56306400
v -0.32851600 1.10048900 0.51597000
v -0.32851600 1.41917400 0.56306400
v -0.32851600 1.41917400 0.56306400
v -0.29353400 1.41917400 0.56306400
v -0.29353400 1.10048900 0.56306400
v -0.50646700 1.10048900 0.56306400
v -0.47148400 1.41917400 0.51597000
v -0.50646700 1.41917400 0.56306400
v -0.47148400 1.10048900 0.51597000
v -0.47148400 1.41917400 0.56306400
v -0.47148400 1.41917400 0.56306400
v -0.47148400 1.10048900 0.56306400
v -0.47148400 1.10048900 0.56306400
v -0.52692400 1.10783100 0.47549100
v -0.52692400 1.10783100 0.47549100
v -0.52692400 1.04363900 0.47549100
v -0.52692400 1.04363900 0.47549100
v -0.27307500 1.10783100 0.47549100
v -0.27307500 1.10783100 0.47549100
v -0.52692400 1.10783100 0.64257600
v -0.52692400 1.10783100 0.64257600
v -0.52692400 1.10783100 0.64257600
v -0.27307500 1.04363900 0.47549100
v -0.27307500 1.04363900 0.47549100
v -0.27307500 1.10783100 0.64257600
v -0.27307500 1.10783100 0.64257600
v -0.27307500 1.10783100 0.64257600
v -0.52692400 1.04363900 0.60599300
v -0.52692400 1.04363900 0.60599300
v -0.52692400 1.04363900 0.60599300
v -0.52692400 1.08022100 0.64257600
v -0.52692400 1.08022100 0.64257600
v -0.52692400 1.08022100 0.64257600
v -0.27307500 1.08022100 0.64257600
v -0.27307500 1.08022100 0.64257600
v -0.27307500 1.08022100 0.64257600
v -0.27307500 1.04363900 0.60599300
v -0.27307500 1.04363900 0.60599300
v -0.27307500 1.04363900 0.60599300
v -0.49814000 1.24071200 0.52393700
v -0.49814000 1.21834000 0.55211900
v -0.49814000 1.21834000 0.55211900
v -0.49814000 1.21834000 0.52393700
v -0.30185900 1.24071200 0.52393700
v -0.49814000 1.24071200 0.55211900
v -0.49814000 1.24071200 0.55211900
v -0.30185900 1.21834000 0.52393700
v -0.30185900 1.24071200 0.55211900
v -0.30185900 1.24071200 0.55211900
v -0.30185900 1.21834000 0.55211900
v -0.30185900 1.21834000 0.55211900
v -0.31798100 1.22901800 0.54194800
v -0.31798100 1.22901800 0.54194800
v -0.48201900 1.22901800 0.54194800
v -0.48201900 1.22901800 0.54194800
v -0.08201900 1.10150000 0.54194800
v -0.08201900 1.39923300 0.54194800
v 0.08201900 1.39923300 0.54194800
v 0.08201900 1.10150000 0.54194800
v -0.12692400 1.43624500 0.50616700
v -0.12692400 1.43624500 0.50616700
v -0.12692400 1.39721000 0.62487000
v -0.12692400 1.39721000 0.62487000
v -0.12692400 1.39721000 0.62487000
v -0.12692400 1.39721000 0.50616700
v -0.12692400 1.39721000 0.50616700
v 0.12692500 1.43624500 0.50616700
v 0.12692500 1.43624500 0.50616700
v -0.12692400 1.43624500 0.62487000
v -0.12692400 1.43624500 0.62487000
v -0.12692400 1.43624500 0.62487000
v 0.12692500 1.39721000 0.50616700
v 0.12692500 1.39721000 0.50616700
v 0.12692500 1.43624500 0.62487000
v 0.12692500 1.43624500 0.62487000
v 0.12692500 1.43624500 0.62487000
v 0.12692500 1.39721000 0.62487000
v 0.12692500 1.39721000 0.62487000
v 0.12692500 1.39721000 0.62487000
v 0.07148400 1.41917400 0.51597000
v 0.07148400 1.10048900 0.56306400
v 0.07148400 1.10048900 0.56306400
v 0.07148400 1.10048900 0.51597000
v 0.07148400 1.41917400 0.56306400
v 0.07148400 1.41917400 0.56306400
v 0.10646600 1.41917400 0.56306400
v 0.10646600 1.10048900 0.56306400
v -0.10646700 1.10048900 0.56306400
v -0.07148400 1.41917400 0.51597000
v -0.10646700 1.41917400 0.56306400
v -0.07148400 1.10048900 0.51597000
v -0.07148400 1.41917400 0.56306400
v -0.07148400 1.41917400 0.56306400
v -0.07148400 1.10048900 0.56306400
v -0.07148400 1.10048900 0.56306400
v -0.12692400 1.10783100 0.47549100
v -0.12692400 1.10783100 0.47549100
v -0.12692400 1.04363900 0.47549100
v -0.12692400 1.04363900 0.47549100
v 0.12692500 1.10783100 0.47549100
v 0.12692500 1.10783100 0.47549100
v -0.12692400 1.10783100 0.64257600
v -0.12692400 1.10783100 0.64257600
v -0.12692400 1.10783100 0.64257600
v 0.12692500 1.04363900 0.47549100
v 0.12692500 1.04363900 0.47549100
v 0.12692500 1.10783100 0.64257600
v 0.12692500 1.10783100 0.64257600
v 0.12692500 1.10783100 0.64257600
v -0.12692400 1.04363900 0.60599300
v -0.12692400 1.04363900 0.60599300
v -0.12692400 1.04363900 0.60599300
v -0.12692400 1.08022100 0.64257600
v -0.12692400 1.08022100 0.64257600
v -0.12692400 1.08022100 0.64257600
v 0.12692500 1.08022100 0.64257600
v 0.12692500 1.08022100 0.64257600
v 0.12692500 1.08022100 0.64257600
v 0.12692500 1.04363900 0.60599300
v 0.12692500 1.04363900 0.60599300
v 0.12692500 1.04363900 0.60599300
v -0.09814000 1.32645800 0.52393700
v -0.09814000 1.30408600 0.55211900
v -0.09814000 1.30408600 0.55211900
v -0.09814000 1.30408600 0.52393700
v 0.09814100 1.32645800 0.52393700
v -0.09814000 1.32645800 0.55211900
v -0.09814000 1.32645800 0.55211900
v 0.09814100 1.30408600 0.52393700
v 0.09814100 1.32645800 0.55211900
v 0.09814100 1.32645800 0.55211900
v 0.09814100 1.30408600 0.55211900
v 0.09814100 1.30408600 0.55211900
v 0.08201900 1.31476400 0.54194800
v 0.08201900 1.31476400 0.54194800
v -0.08201900 1.31476400 0.54194800
v -0.08201900 1.31476400 0.54194800
v 0.31798100 1.10150000 0.54194800
v 0.31798100 1.39923300 0.54194800
v 0.48201900 1.39923300 0.54194800
v 0.48201900 1.10150000 0.54194800
v 0.27307600 1.43624500 0.50616700
v 0.27307600 1.43624500 0.50616700
v 0.27307600 1.39721000 0.62487000
v 0.27307600 1.39721000 0.62487000
v 0.27307600 1.39721000 0.62487000
v 0.27307600 1.39721000 0.50616700
v 0.27307600 1.39721000 0.50616700
v 0.52692500 1.43624500 0.50616700
v 0.52692500 1.43624500 0.50616700
v 0.27307600 1.43624500 0.62487000
v 0.27307600 1.43624500 0.62487000
v 0.27307600 1.43624500 0.62487000
v 0.52692500 1.39721000 0.50616700
v 0.52692500 1.39721000 0.50616700
v 0.52692500 1.43624500 0.62487000
v 0.52692500 1.43624500 0.62487000
v 0.52692500 1.43624500 0.62487000
v 0.52692500 1.39721000 0.62487000
v 0.52692500 1.39721000 0.62487000
v 0.52692500 1.39721000 0.62487000
v 0.47148400 1.41917400 0.51597000
v 0.47148400 1.10048900 0.56306400
v 0.47148400 1.10048900 0.56306400
v 0.47148400 1.10048900 0.51597000
v 0.47148400 1.41917400 0.56306400
v 0.47148400 1.41917400 0.56306400
v 0.50646600 1.41917400 0.56306400
v 0.50646600 1.10048900 0.56306400
v 0.29353300 1.10048900 0.56306400
v 0.32851600 1.41917400 0.51597000
v 0.29353300 1.41917400 0.56306400
v 0.32851600 1.10048900 0.51597000
v 0.32851600 1.41917400 0.56306400
v 0.32851600 1.41917400 0.56306400
v 0.32851600 1.10048900 0.56306400
v 0.32851600 1.10048900 0.56306400
v 0.27307600 1.10783100 0.47549100
v 0.27307600 1.10783100 0.47549100
v 0.27307600 1.04363900 0.47549100
v 0.27307600 1.04363900 0.47549100
v 0.52692500 1.10783100 0.47549100
v 0.52692500 1.10783100 0.47549100
v 0.27307600 1.10783100 0.64257600
v 0.27307600 1.10783100 0.64257600
v 0.27307600 1.10783100 0.64257600
v 0.52692500 1.04363900 0.47549100
v 0.52692500 1.04363900 0.47549100
v 0.52692500 1.10783100 0.64257600
v 0.52692500 1.10783100 0.64257600
v 0.52692500 1.10783100 0.64257600
v 0.27307600 1.04363900 0.60599300
v 0.27307600 1.04363900 0.60599300
v 0.27307600 1.04363900 0.60599300
v 0.27307600 1.08022100 0.64257600
v 0.27307600 1.08022100 0.64257600
v 0.27307600 1.08022100 0.64257600
v 0.52692500 1.08022100 0.64257600
v 0.52692500 1.08022100 0.64257600
v 0.52692500 1.08022100 0.64257600
v 0.52692500 1.04363900 0.60599300
v 0.52692500 1.04363900 0.60599300
v 0.52692500 1.04363900 0.60599300
v 0.30186000 1.32645800 0.52393700
v 0.30186000 1.30408600 0.55211900
v 0.30186000 1.30408600 0.55211900
v 0.30186000 1.30408600 0.52393700
v 0.49814100 1.32645800 0.52393700
v 0.30186000 1.32645800 0.55211900
v 0.30186000 1.32645800 0.55211900
v 0.49814100 1.30408600 0.52393700
v 0.49814100 1.32645800 0.55211900
v 0.49814100 1.32645800 0.55211900
v 0.49814100 1.30408600 0.55211900
v 0.49814100 1.30408600 0.55211900
v 0.48201900 1.31476400 0.54194800
v 0.48201900 1.31476400 0.54194800
v 0.31798100 1.31476400 0.54194800
v 0.31798100 1.31476400 0.54194800
v 0.71798100 1.10150000 0.54194800
v 0.71798100 1.39923300 0.54194800
v 0.88201900 1.39923300 0.54194800
v 0.88201900 1.10150000 0.54194800
v 0.67307600 1.43624500 0.50616700
v 0.67307600 1.43624500 0.50616700
v 0.67307600 1.39721000 0.62487000
v 0.67307600 1.39721000 0.62487000
v 0.67307600 1.39721000 0.62487000
v 0.67307600 1.39721000 0.50616700
v 0.67307600 1.39721000 0.50616700
v 0.92692500 1.43624500 0.50616700
v 0.92692500 1.43624500 0.50616700
v 0.67307600 1.43624500 0.62487000
v 0.67307600 1.43624500 0.62487000
v 0.67307600 1.43624500 0.62487000
v 0.92692500 1.39721000 0.50616700
v 0.92692500 1.39721000 0.50616700
v 0.92692500 1.43624500 0.62487000
v 0.92692500 1.43624500 0.62487000
v 0.92692500 1.43624500 0.62487000
v 0.92692500 1.39721000 0.62487000
v 0.92692500 1.39721000 0.62487000
v 0.92692500 1.39721000 0.62487000
v 0.87148400 1.41917400 0.51597000
v 0.87148400 1.10048900 0.56306400
v 0.87148400 1.10048900 0.56306400
v 0.87148400 1.10048900 0.51597000
v 0.87148400 1.41917400 0.56306400
v 0.87148400 1.41917400 0.56306400
v 0.90646600 1.41917400 0.56306400
v 0.90646600 1.10048900 0.56306400
v 0.69353300 1.10048900 0.56306400
v 0.72851600 1.41917400 0.51597000
v 0.69353300 1.41917400 0.56306400
v 0.72851600 1.10048900 0.51597000
v 0.72851600 1.41917400 0.56306400
v 0.72851600 1.41917400 0.56306400
v 0.72851600 1.10048900 0.56306400
v 0.72851600 1.10048900 0.56306400
v 0.67307600 1.10783100 0.47549100
v 0.67307600 1.10783100 0.47549100
v 0.67307600 1.04363900 0.47549100
v 0.67307600 1.04363900 0.47549100
v 0.92692500 1.10783100 0.47549100
v 0.92692500 1.10783100 0.47549100
v 0.67307600 1.10783100 0.64257600
v 0.67307600 1.10783100 0.64257600
v 0.67307600 1.10783100 0.64257600
v 0.92692500 1.04363900 0.47549100
v 0.92692500 1.04363900 0.47549100
v 0.92692500 1.10783100 0.64257600
v 0.92692500 1.10783100 0.64257600
v 0.92692500 1.10783100 0.64257600
v 0.67307600 1.04363900 0.60599300
v 0.67307600 1.04363900 0.60599300
v 0.67307600 1.04363900 0.60599300
v 0.67307600 1.08022100 0.64257600
v 0.67307600 1.08022100 0.64257600
v 0.67307600 1.08022100 0.64257600
v 0.92692500 1.08022100 0.64257600
v 0.92692500 1.08022100 0.64257600
v 0.92692500 1.08022100 0.64257600
v 0.92692500 1.04363900 0.60599300
v 0.92692500 1.04363900 0.60599300
v 0.92692500 1.04363900 0.60599300
v 0.70186000 1.24071200 0.52393700
v 0.70186000 1.21834000 0.55211900
v 0.70186000 1.21834000 0.55211900
v 0.70186000 1.21834000 0.52393700
v 0.89814100 1.24071200 0.52393700
v 0.70186000 1.24071200 0.55211900
v 0.70186000 1.24071200 0.55211900
v 0.89814100 1.21834000 0.52393700
v 0.89814100 1.24071200 0.55211900
v 0.89814100 1.24071200 0.55211900
v 0.89814100 1.21834000 0.55211900
v 0.89814100 1.21834000 0.55211900
v 0.88201900 1.22901800 0.54194800
v 0.88201900 1.22901800 0.54194800
v 0.71798100 1.22901800 0.54194800
v 0.71798100 1.22901800 0.54194800
v -0.88201900 1.10150000 0.54194800
v -0.88201900 1.39923300 0.54194800
v -0.71798100 1.39923300 0.54194800
v -0.71798100 1.10150000 0.54194800
v -0.92692400 1.43624500 0.50616700
v -0.92692400 1.43624500 0.50616700
v -0.92692400 1.39721000 0.62487000
v -0.92692400 1.39721000 0.62487000
v -0.92692400 1.39721000 0.62487000
v -0.92692400 1.39721000 0.50616700
v -0.92692400 1.39721000 0.50616700
v -0.67307500 1.43624500 0.50616700
v -0.67307500 1.43624500 0.50616700
v -0.92692400 1.43624500 0.62487000
v -0.92692400 1.43624500 0.62487000
v -0.92692400 1.43624500 0.62487000
v -0.67307500 1.39721000 0.50616700
v -0.67307500 1.39721000 0.50616700
v -0.67307500 1.43624500 0.62487000
v -0.67307500 1.43624500 0.62487000
v -0.67307500 1.43624500 0.62487000
v -0.67307500 1.39721000 0.62487000
v -0.67307500 1.39721000 0.62487000
v -0.67307500 1.39721000 0.62487000
v -0.72851600 1.41917400 0.51597000
v -0.72851600 1.10048900 0.56306400
v -0.72851600 1.10048900 0.56306400
v -0.72851600 1.10048900 0.51597000
v -0.72851600 1.41917400 0.56306400
v -0.72851600 1.41917400 0.56306400
v -0.69353400 1.41917400 0.56306400
v -0.69353400 1.10048900 0.56306400
v -0.90646700 1.10048900 0.56306400
v -0.87148400 1.41917400 0.51597000
v -0.90646700 1.41917400 0.56306400
v -0.87148400 1.10048900 0.51597000
v -0.87148400 1.41917400 0.56306400
v -0.87148400 1.41917400 0.56306400
v -0.87148400 1.10048900 0.56306400
v -0.87148400 1.10048900 0.56306400
v -0.92692400 1.10783100 0.47549100
v -0.92692400 1.10783100 0.47549100
v -0.92692400 1.04363900 0.47549100
v -0.92692400 1.04363900 0.47549100
v -0.67307500 1.10783100 0.47549100
v -0.67307500 1.10783100 0.47549100
v -0.92692400 1.10783100 0.64257600
v -0.92692400 1.10783100 0.64257600
v -0.92692400 1.10783100 0.64257600
v -0.67307500 1.04363900 0.47549100
v -0.67307500 1.04363900 0.47549100
v -0.67307500 1.10783100 0.64257600
v -0.67307500 1.10783100 0.64257600
v -0.67307500 1.10783100 0.64257600
v -0.92692400 1.04363900 0.60599300
v -0.92692400 1.04363900 0.60599300
v -0.92692400 1.04363900 0.60599300
v -0.92692400 1.08022100 0.64257600
v -0.92692400 1.08022100 0.64257600
v -0.92692400 1.08022100 0.64257600
v -0.67307500 1.08022100 0.64257600
v -0.67307500 1.08022100 0.64257600
v -0.67307500 1.08022100 0.64257600
v -0.67307500 1.04363900 0.60599300
v -0.67307500 1.04363900 0.60599300
v -0.67307500 1.04363900 0.60599300
v -0.89814000 1.34318900 0.52393700
v -0.89814000 1.32081700 0.55211900
v -0.89814000 1.32081700 0.55211900
v -0.89814000 1.32081700 0.52393700
v -0.70185900 1.34318900 0.52393700
v -0.89814000 1.34318900 0.55211900
v -0.89814000 1.34318900 0.55211900
v -0.70185900 1.32081700 0.52393700
v -0.70185900 1.34318900 0.55211900
v -0.70185900 1.34318900 0.55211900
v -0.70185900 1.32081700 0.55211900
v -0.70185900 1.32081700 0.55211900
v -0.71798100 1.33149500 0.54194800
v -0.71798100 1.33149500 0.54194800
v -0.88201900 1.33149500 0.54194800
v -0.88201900 1.33149500 0.54194800
v -0.48201900 1.80150000 0.54194800
v -0.48201900 2.09923300 0.54194800
v -0.31798100 2.09923300 0.54194800
v -0.31798100 1.80150000 0.54194800
v -0.52692400 2.13624500 0.50616700
v -0.52692400 2.13624500 0.50616700
v -0.52692400 2.09721000 0.62487000
v -0.52692400 2.09721000 0.62487000
v -0.52692400 2.09721000 0.62487000
v -0.52692400 2.09721000 0.50616700
v -0.52692400 2.09721000 0.50616700
v -0.27307500 2.13624500 0.50616700
v -0.27307500 2.13624500 0.50616700
v -0.52692400 2.13624500 0.62487000
v -0.52692400 2.13624500 0.62487000
v -0.52692400 2.13624500 0.62487000
v -0.27307500 2.09721000 0.50616700
v -0.27307500 2.09721000 0.50616700
v -0.27307500 2.13624500 0.62487000
v -0.27307500 2.13624500 0.62487000
v -0.27307500 2.13624500 0.62487000
v -0.27307500 2.09721000 0.62487000
v -0.27307500 2.09721000 0.62487000
v -0.27307500 2.09721000 0.62487000
v -0.32851600 2.11917400 0.51597000
v -0.32851600 1.80048900 0.56306400
v -0.32851600 1.80048900 0.56306400
v -0.32851600 1.80048900 0.51597000
v -0.32851600 2.11917400 0.56306400
v -0.32851600 2.11917400 0.56306400
v -0.29353400 2.11917400 0.56306400
v -0.29353400 1.80048900 0.56306400
v -0.50646700 1.80048900 0.56306400
v -0.47148400 2.11917400 0.51597000
v -0.50646700 2.11917400 0.56306400
v -0.47148400 1.80048900 0.51597000
v -0.47148400 2.11917400 0.56306400
v -0.47148400 2.11917400 0.56306400
v -0.47148400 1.80048900 0.56306400
v -0.47148400 1.80048900 0.56306400
v -0.52692400 1.80783100 0.47549100
v -0.52692400 1.80783100 0.47549100
v -0.52692400 1.74363900 0.47549100
v -0.52692400 1.74363900 0.47549100
v -0.27307500 1.80783100 0.47549100
v -0.27307500 1.80783100 0.47549100
v -0.52692400 1.80783100 0.64257600
v -0.52692400 1.80783100 0.64257600
v -0.52692400 1.80783100 0.64257600
v -0.27307500 1.74363900 0.47549100
v -0.27307500 1.74363900 0.47549100
v -0.27307500 1.80783100 0.64257600
v -0.27307500 1.80783100 0.64257600
v -0.27307500 1.80783100 0.64257600
v -0.52692400 1.74363900 0.60599300
v -0.52692400 1.74363900 0.60599300
v -0.52692400 1.74363900 0.60599300
v -0.52692400 1.78022100 0.64257600
v -0.52692400 1.78022100 0.64257600
v -0.52692400 1.78022100 0.64257600
v -0.27307500 1.78022100 0.64257600
v -0.27307500 1.78022100 0.64257600
v -0.27307500 1.78022100 0.64257600
v -0.27307500 1.74363900 0.60599300
v -0.27307500 1.74363900 0.60599300
v -0.27307500 1.74363900 0.60599300
v -0.49814000 2.02645800 0.52393700
v -0.49814000 2.00408600 0.55211900
v -0.49814000 2.00408600 0.55211900
v -0.49814000 2.00408600 0.52393700
v -0.30185900 2.02645800 0.52393700
v -0.49814000 2.02645800 0.55211900
v -0.49814000 2.02645800 0.55211900
v -0.30185900 2.00408600 0.52393700
v -0.30185900 2.02645800 0.55211900
v -0.30185900 2.02645800 0.55211900
v -0.30185900 2.00408600 0.55211900
v -0.30185900 2.00408600 0.55211900
v -0.31798100 2.01476400 0.54194800
v -0.31798100 2.01476400 0.54194800
v -0.48201900 2.01476400 0.54194800
v -0.48201900 2.01476400 0.54194800
v -0.08201900 1.80150000 0.54194800
v -0.08201900 2.09923300 0.54194800
v 0.08201900 2.09923300 0.54194800
v 0.08201900 1.80150000 0.54194800
v -0.12692400 2.13624500 0.50616700
v -0.12692400 2.13624500 0.50616700
v -0.12692400 2.09721000 0.62487000
v -0.12692400 2.09721000 0.62487000
v -0.12692400 2.09721000 0.62487000
v -0.12692400 2.09721000 0.50616700
v -0.12692400 2.09721000 0.50616700
v 0.12692500 2.13624500 0.50616700
v 0.12692500 2.13624500 0.50616700
v -0.12692400 2.13624500 0.62487000
v -0.12692400 2.13624500 0.62487000
v -0.12692400 2.13624500 0.62487000
v 0.12692500 2.09721000 0.50616700
v 0.12692500 2.09721000 0.50616700
v 0.12692500 2.13624500 0.62487000
v 0.12692500 2.13624500 0.62487000
v 0.12692500 2.13624500 0.62487000
v 0.12692500 2.09721000 0.62487000
v 0.12692500 2.09721000 0.62487000
v 0.12692500 2.09721000 0.62487000
v 0.07148400 2.11917400 0.51597000
v 0.07148400 1.80048900 0.56306400
v 0.07148400 1.80048900 0.56306400
v 0.07148400 1.80048900 0.51597000
v 0.07148400 2.11917400 0.56306400
v 0.07148400 2.11917400 0.56306400
v 0.10646600 2.11917400 0.56306400
v 0.10646600 1.80048900 0.56306400
v -0.10646700 1.80048900 0.56306400
v -0.07148400 2.11917400 0.51597000
v -0.10646700 2.11917400 0.56306400
v -0.07148400 1.80048900 0.51597000
v -0.07148400 2.11917400 0.56306400
v -0.07148400 2.11917400 0.56306400
v -0.07148400 1.80048900 0.56306400
v -0.07148400 1.80048900 0.56306400
v -0.12692400 1.80783100 0.47549100
v -0.12692400 1.80783100 0.47549100
v -0.12692400 1.74363900 0.47549100
v -0.12692400 1.74363900 0.47549100
v 0.12692500 1.80783100 0.47549100
v 0.12692500 1.80783100 0.47549100
v -0.12692400 1.80783100 0.64257600
v -0.12692400 1.80783100 0.64257600
v -0.12692400 1.80783100 0.64257600
v 0.12692500 1.74363900 0.47549100
v 0.12692500 1.74363900 0.47549100
v 0.12692500 1.80783100 0.64257600
v 0.12692500 1.80783100 0.64257600
v 0.12692500 1.80783100 0.64257600
v -0.12692400 1.74363900 0.60599300
v -0.12692400 1.74363900 0.60599300
v -0.12692400 1.74363900 0.60599300
v -0.12692400 1.78022100 0.64257600
v -0.12692400 1.78022100 0.64257600
v -0.12692400 1.78022100 0.64257600
v 0.12692500 1.78022100 0.64257600
v 0.12692500 1.78022100 0.64257600
v 0.12692500 1.78022100 0.64257600
v 0.12692500 1.74363900 0.60599300
v 0.12692500 1.74363900 0.60599300
v 0.12692500 1.74363900 0.60599300
v -0.09814000 1.94071200 0.52393700
v -0.09814000 1.91834000 0.55211900
v -0.09814000 1.91834000 0.55211900
v -0.09814000 1.91834000 0.52393700
v 0.09814100 1.94071200 0.52393700
v -0.09814000 1.94071200 0.55211900
v -0.09814000 1.94071200 0.55211900
v 0.09814100 1.91834000 0.52393700
v 0.09814100 1.94071200 0.55211900
v 0.09814100 1.94071200 0.55211900
v 0.09814100 1.91834000 0.55211900
v 0.09814100 1.91834000 0.55211900
v 0.08201900 1.92901800 0.54194800
v 0.08201900 1.92901800 0.54194800
v -0.08201900 1.92901800 0.54194800
v -0.08201900 1.92901800 0.54194800
v 0.31798100 1.80150000 0.54194800
v 0.31798100 2.09923300 0.54194800
v 0.48201900 2.09923300 0.54194800
v 0.48201900 1.80150000 0.54194800
v 0.27307600 2.13624500 0.50616700
v 0.27307600 2.13624500 0.50616700
v 0.27307600 2.09721000 0.62487000
v 0.27307600 2.09721000 0.62487000
v 0.27307600 2.09721000 0.62487000
v 0.27307600 2.09721000 0.50616700
v 0.27307600 2.09721000 0.50616700
v 0.52692500 2.13624500 0.50616700
v 0.52692500 2.13624500 0.50616700
v 0.27307600 2.13624500 0.62487000
v 0.27307600 2.13624500 0.62487000
v 0.27307600 2.13624500 0.62487000
v 0.52692500 2.09721000 0.50616700
v 0.52692500 2.09721000 0.50616700
v 0.52692500 2.13624500 0.62487000
v 0.52692500 2.13624500 0.62487000
v 0.52692500 2.13624500 0.62487000
v 0.52692500 2.09721000 0.62487000
v 0.52692500 2.09721000 0.62487000
v 0.52692500 2.09721000 0.62487000
v 0.47148400 2.11917400 0.51597000
v 0.47148400 1.80048900 0.56306400
v 0.47148400 1.80048900 0.56306400
v 0.47148400 1.80048900 0.51597000
v 0.47148400 2.11917400 0.56306400
v 0.47148400 2.11917400 0.56306400
v 0.50646600 2.11917400 0.56306400
v 0.50646600 1.80048900 0.56306400
v 0.29353300 1.80048900 0.56306400
v 0.32851600 2.11917400 0.51597000
v 0.29353300 2.11917400 0.56306400
v 0.32851600 1.80048900 0.51597000
v 0.32851600 2.11917400 0.56306400
v 0.32851600 2.11917400 0.56306400
v 0.32851600 1.80048900 0.56306400
v 0.32851600 1.80048900 0.56306400
v 0.27307600 1.80783100 0.47549100
v 0.27307600 1.80783100 0.47549100
v 0.27307600 1.74363900 0.47549100
v 0.27307600 1.74363900 0.47549100
v 0.52692500 1.80783100 0.47549100
v 0.52692500 1.80783100 0.47549100
v 0.27307600 1.80783100 0.64257600
v 0.27307600 1.80783100 0.64257600
v 0.27307600 1.80783100 0.64257600
v 0.52692500 1.74363900 0.47549100
v 0.52692500 1.74363900 0.47549100
v 0.52692500 1.80783100 0.64257600
v 0.52692500 1.80783100 0.64257600
v 0.52692500 1.80783100 0.64257600
v 0.27307600 1.74363900 0.60599300
v 0.27307600 1.74363900 0.60599300
v 0.27307600 1.74363900 0.60599300
v 0.27307600 1.78022100 0.64257600
v 0.27307600 1.78022100 0.64257600
v 0.27307600 1.78022100 0.64257600
v 0.52692500 1.78022100 0.64257600
v 0.52692500 1.78022100 0.64257600
v 0.52692500 1.78022100 0.64257600
v 0.52692500 1.74363900 0.60599300
v 0.52692500 1.74363900 0.60599300
v 0.52692500 1.74363900 0.60599300
v 0.30186000 2.04318900 0.52393700
v 0.30186000 2.02081700 0.55211900
v 0.30186000 2.02081700 0.55211900
v 0.30186000 2.02081700 0.52393700
v 0.49814100 2.04318900 0.52393700
v 0.30186000 2.04318900 0.55211900
v 0.30186000 2.04318900 0.55211900
v 0.49814100 2.02081700 0.52393700
v 0.49814100 2.04318900 0.55211900
v 0.49814100 2.04318900 0.55211900
v 0.49814100 2.02081700 0.55211900
v 0.49814100 2.02081700 0.55211900
v 0.48201900 2.03149500 0.54194800
v 0.48201900 2.03149500 0.54194800
v 0.31798100 2.03149500 0.54194800
v 0.31798100 2.03149500 0.54194800
v 0.71798100 1.80150000 0.54194800
v 0.71798100 2.09923300 0.54194800
v 0.88201900 2.09923300 0.54194800
v 0.88201900 1.80150000 0.54194800
v 0.67307600 2.13624500 0.50616700
v 0.67307600 2.13624500 0.50616700
v 0.67307600 2.09721000 0.62487000
v 0.67307600 2.09721000 0.62487000
v 0.67307600 2.09721000 0.62487000
v 0.67307600 2.09721000 0.50616700
v 0.67307600 2.09721000 0.50616700
v 0.92692500 2.13624500 0.50616700
v 0.92692500 2.13624500 0.50616700
v 0.67307600 2.13624500 0.62487000
v 0.67307600 2.13624500 0.62487000
v 0.67307600 2.13624500 0.62487000
v 0.92692500 2.09721000 0.50616700
v 0.92692500 2.09721000 0.50616700
v 0.92692500 2.13624500 0.62487000
v 0.92692500 2.13624500 0.62487000
v 0.92692500 2.13624500 0.62487000
v 0.92692500 2.09721000 0.62487000
v 0.92692500 2.09721000 0.62487000
v 0.92692500 2.09721000 0.62487000
v 0.87148400 2.11917400 0.51597000
v 0.87148400 1.80048900 0.56306400
v 0.87148400 1.80048900 0.56306400
v 0.87148400 1.80048900 0.51597000
v 0.87148400 2.11917400 0.56306400
v 0.87148400 2.11917400 0.56306400
v 0.90646600 2.11917400 0.56306400
v 0.90646600 1.80048900 0.56306400
v 0.69353300 1.80048900 0.56306400
v 0.72851600 2.11917400 0.51597000
v 0.69353300 2.11917400 0.56306400
v 0.72851600 1.80048900 0.51597000
v 0.72851600 2.11917400 0.56306400
v 0.72851600 2.11917400 0.56306400
v 0.72851600 1.80048900 0.56306400
v 0.72851600 1.80048900 0.56306400
v 0.67307600 1.80783100 0.47549100
v 0.67307600 1.80783100 0.47549100
v 0.67307600 1.74363900 0.47549100
v 0.67307600 1.74363900 0.47549100
v 0.92692500 1.80783100 0.47549100
v 0.92692500 1.80783100 0.47549100
v 0.67307600 1.80783100 0.64257600
v 0.67307600 1.80783100 0.64257600
v 0.67307600 1.80783100 0.64257600
v 0.92692500 1.74363900 0.47549100
v 0.92692500 1.74363900 0.47549100
v 0.92692500 1.80783100 0.64257600
v 0.92692500 1.80783100 0.64257600
v 0.92692500 1.80783100 0.64257600
v 0.67307600 1.74363900 0.60599300
v 0.67307600 1.74363900 0.60599300
v 0.67307600 1.74363900 0.60599300
v 0.67307600 1.78022100 0.64257600
v 0.67307600 1.78022100 0.64257600
v 0.67307600 1.78022100 0.64257600
v 0.92692500 1.78022100 0.64257600
v 0.92692500 1.78022100 0.64257600
v 0.92692500 1.78022100 0.64257600
v 0.92692500 1.74363900 0.60599300
v 0.92692500 1.74363900 0.60599300
v 0.92692500 1.74363900 0.60599300
v 0.70186000 1.93652900 0.52393700
v 0.70186000 1.91415700 0.55211900
v 0.70186000 1.91415700 0.55211900
v 0.70186000 1.91415700 0.52393700
v 0.89814100 1.93652900 0.52393700
v 0.70186000 1.93652900 0.55211900
v 0.70186000 1.93652900 0.55211900
v 0.89814100 1.91415700 0.52393700
v 0.89814100 1.93652900 0.55211900
v 0.89814100 1.93652900 0.55211900
v 0.89814100 1.91415700 0.55211900
v 0.89814100 1.91415700 0.55211900
v 0.88201900 1.92483500 0.54194800
v 0.88201900 1.92483500 0.54194800
v 0.71798100 1.92483500 0.54194800
v 0.71798100 1.92483500 0.54194800
v -0.88201900 1.80150000 0.54194800
v -0.88201900 2.09923300 0.54194800
v -0.71798100 2.09923300 0.54194800
v -0.71798100 1.80150000 0.54194800
v -0.92692400 2.13624500 0.50616700
v -0.92692400 2.13624500 0.50616700
v -0.92692400 2.09721000 0.62487000
v -0.92692400 2.09721000 0.62487000
v -0.92692400 2.09721000 0.62487000
v -0.92692400 2.09721000 0.50616700
v -0.92692400 2.09721000 0.50616700
v -0.67307500 2.13624500 0.50616700
v -0.67307500 2.13624500 0.50616700
v -0.92692400 2.13624500 0.62487000
v -0.92692400 2.13624500 0.62487000
v -0.92692400 2.13624500 0.62487000
v -0.67307500 2.09721000 0.50616700
v -0.67307500 2.09721000 0.50616700
v -0.67307500 2.13624500 0.62487000
v -0.67307500 2.13624500 0.62487000
v -0.67307500 2.13624500 0.62487000
v -0.67307500 2.09721000 0.62487000
v -0.67307500 2.09721000 0.62487000
v -0.67307500 2.09721000 0.62487000
v -0.72851600 2.11917400 0.51597000
v -0.72851600 1.80048900 0.56306400
v -0.72851600 1.80048900 0.56306400
v -0.72851600 1.80048900 0.51597000
v -0.72851600 2.11917400 0.56306400
v -0.72851600 2.11917400 0.56306400
v -0.69353400 2.11917400 0.56306400
v -0.69353400 1.80048900 0.56306400
v -0.90646700 1.80048900 0.56306400
v -0.87148400 2.11917400 0.51597000
v -0.90646700 2.11917400 0.56306400
v -0.87148400 1.80048900 0.51597000
v -0.87148400 2.11917400 0.56306400
v -0.87148400 2.11917400 0.56306400
v -0.87148400 1.80048900 0.56306400
v -0.87148400 1.80048900 0.56306400
v -0.92692400 1.80783100 0.47549100
v -0.92692400 1.80783100 0.47549100
v -0.92692400 1.74363900 0.47549100
v -0.92692400 1.74363900 0.47549100
v -0.67307500 1.80783100 0.47549100
v -0.67307500 1.80783100 0.47549100
v -0.92692400 1.80783100 0.64257600
v -0.92692400 1.80783100 0.64257600
v -0.92692400 1.80783100 0.64257600
v -0.67307500 1.74363900 0.47549100
v -0.67307500 1.74363900 0.47549100
v -0.67307500 1.80783100 0.64257600
v -0.67307500 1.80783100 0.64257600
v -0.67307500 1.80783100 0.64257600
v -0.92692400 1.74363900 0.60599300
v -0.92692400 1.74363900 0.60599300
v -0.92692400 1.74363900 0.60599300
v -0.92692400 1.78022100 0.64257600
v -0.92692400 1.78022100 0.64257600
v -0.92692400 1.78022100 0.64257600
v -0.67307500 1.78022100 0.64257600
v -0.67307500 1.78022100 0.64257600
v -0.67307500 1.78022100 0.64257600
v -0.67307500 1.74363900 0.60599300
v -0.67307500 1.74363900 0.60599300
v -0.67307500 1.74363900 0.60599300
v -0.89814000 1.95116900 0.52393700
v -0.89814000 1.92879700 0.55211900
v -0.89814000 1.92879700 0.55211900
v -0.89814000 1.92879700 0.52393700
v -0.70185900 1.95116900 0.52393700
v -0.89814000 1.95116900 0.55211900
v -0.89814000 1.95116900 0.55211900
v -0.70185900 1.92879700 0.52393700
v -0.70185900 1.95116900 0.55211900
v -0.70185900 1.95116900 0.55211900
v -0.70185900 1.92879700 0.55211900
v -0.70185900 1.92879700 0.55211900
v -0.71798100 1.93947500 0.54194800
v -0.71798100 1.93947500 0.54194800
v -0.88201900 1.93947500 0.54194800
v -0.88201900 1.93947500 0.54194800
v -0.99999800 2.25000000 0.65000000
v -0.99999800 2.25000000 0.65000000
v -0.99999800 2.25000000 0.65000000
v -0.99999800 2.35000000 0.65000000
v -0.99999800 2.35000000 0.65000000
v -0.99999800 2.35000000 0.65000000
v -0.99999800 2.25000000 -0.65000000
v -0.99999800 2.25000000 -0.65000000
v -0.99999800 2.25000000 -0.65000000
v -0.99999800 2.35000000 -0.65000000
v -0.99999800 2.35000000 -0.65000000
v -0.99999800 2.35000000 -0.65000000
v 1.00000200 2.25000000 0.65000000
v 1.00000200 2.25000000 0.65000000
v 1.00000200 2.25000000 0.65000000
v 1.00000200 2.35000000 0.65000000
v 1.00000200 2.35000000 0.65000000
v 1.00000200 2.35000000 0.65000000
v 1.00000200 2.25000000 -0.65000000
v 1.00000200 2.25000000 -0.65000000
v 1.00000200 2.25000000 -0.65000000
v 1.00000200 2.35000000 -0.65000000
v 1.00000200 2.35000000 -0.65000000
v 1.00000200 2.35000000 -0.65000000
v 0.89849900 2.35000000 -0.54849700
v 0.89849900 2.35000000 -0.54849700
v 0.89849900 2.35000000 -0.54849700
v -0.89849500 2.35000000 -0.54849700
v -0.89849500 2.35000000 -0.54849700
v -0.89849500 2.35000000 -0.54849700
v -0.89849500 2.35000000 0.54849700
v -0.89849500 2.35000000 0.54849700
v -0.89849500 2.35000000 0.54849700
v 0.89849900 2.35000000 0.54849700
v 0.89849900 2.35000000 0.54849700
v 0.89849900 2.35000000 0.54849700
v -0.87300500 2.30662100 -0.52300700
v -0.87300500 2.30662100 -0.52300700
v -0.87300500 2.30662100 -0.52300700
v 0.87300900 2.30662100 -0.52300700
v 0.87300900 2.30662100 -0.52300700
v 0.87300900 2.30662100 -0.52300700
v 0.87300900 2.30662100 0.52300700
v 0.87300900 2.30662100 0.52300700
v 0.87300900 2.30662100 0.52300700
v -0.87300500 2.30662100 0.52300700
v -0.87300500 2.30662100 0.52300700
v -0.87300500 2.30662100 0.52300700
v -0.99999900 0.85000000 0.65000000
v -0.99999900 0.85000000 0.65000000
v -0.99999900 0.85000000 0.65000000
v -0.99999900 0.95000000 0.65000000
v -0.99999900 0.95000000 0.65000000
v -0.99999900 0.95000000 0.65000000
v -0.99999900 0.85000000 -0.65000000
v -0.99999900 0.85000000 -0.65000000
v -0.99999900 0.85000000 -0.65000000
v -0.99999900 0.95000000 -0.65000000
v -0.99999900 0.95000000 -0.65000000
v -0.99999900 0.95000000 -0.65000000
v 1.00000100 0.85000000 0.65000000
v 1.00000100 0.85000000 0.65000000
v 1.00000100 0.85000000 0.65000000
v 1.00000100 0.95000000 0.65000000
v 1.00000100 0.95000000 0.65000000
v 1.00000100 0.95000000 0.65000000
v 1.00000100 0.85000000 -0.65000000
v 1.00000100 0.85000000 -0.65000000
v 1.00000100 0.85000000 -0.65000000
v 1.00000100 0.95000000 -0.65000000
v 1.00000100 0.95000000 -0.65000000
v 1.00000100 0.95000000 -0.65000000
v -0.99999900 0.85000000 -0.60000000
v -0.99999900 0.85000000 -0.60000000
v -0.99999900 0.85000000 0.60000000
v -0.99999900 0.85000000 0.60000000
v -0.99999900 0.95000000 0.60000000
v -0.99999900 0.95000000 0.60000000
v -0.99999900 0.95000000 -0.60000000
v -0.99999900 0.95000000 -0.60000000
v 1.00000100 0.85000000 0.60000000
v 1.00000100 0.85000000 0.60000000
v 1.00000100 0.85000000 -0.60000000
v 1.00000100 0.85000000 -0.60000000
v 1.00000100 0.95000000 -0.60000000
v 1.00000100 0.95000000 -0.60000000
v 1.00000100 0.95000000 0.60000000
v 1.00000100 0.95000000 0.60000000
v -0.99999900 1.55000000 0.65000000
v -0.99999900 1.55000000 0.65000000
v -0.99999900 1.55000000 0.65000000
v -0.99999900 1.65000000 0.65000000
v -0.99999900 1.65000000 0.65000000
v -0.99999900 1.65000000 0.65000000
v -0.99999900 1.55000000 -0.65000000
v -0.99999900 1.55000000 -0.65000000
v -0.99999900 1.55000000 -0.65000000
v -0.99999900 1.65000000 -0.65000000
v -0.99999900 1.65000000 -0.65000000
v -0.99999900 1.65000000 -0.65000000
v 1.00000100 1.55000000 0.65000000
v 1.00000100 1.55000000 0.65000000
v 1.00000100 1.55000000 0.65000000
v 1.00000100 1.65000000 0.65000000
v 1.00000100 1.65000000 0.65000000
v 1.00000100 1.65000000 0.65000000
v 1.00000100 1.55000000 -0.65000000
v 1.00000100 1.55000000 -0.65000000
v 1.00000100 1.55000000 -0.65000000
v 1.00000100 1.65000000 -0.65000000
v 1.00000100 1.65000000 -0.65000000
v 1.00000100 1.65000000 -0.65000000
v -0.99999900 1.55000000 -0.60000000
v -0.99999900 1.55000000 -0.60000000
v -0.99999900 1.55000000 0.60000000
v -0.99999900 1.55000000 0.60000000
v -0.99999900 1.65000000 0.60000000
v -0.99999900 1.65000000 0.60000000
v -0.99999900 1.65000000 -0.60000000
v -0.99999900 1.65000000 -0.60000000
v 1.00000100 1.55000000 0.60000000
v 1.00000100 1.55000000 0.60000000
v 1.00000100 1.55000000 -0.60000000
v 1.00000100 1.55000000 -0.60000000
v 1.00000100 1.65000000 -0.60000000
v 1.00000100 1.65000000 -0.60000000
v 1.00000100 1.65000000 0.60000000
v 1.00000100 1.65000000 0.60000000
v 1.00337000 0.29856700 -0.33697300
v 1.00337000 0.34212300 -0.33697300
v 1.00337000 0.34212300 -0.24973200
v 1.00337000 0.29856700 -0.24973200
v 1.00337000 0.36973900 -0.27173200
v 1.00337000 0.41329500 -0.27173200
v 1.00337000 0.41329500 -0.18449000
v 1.00337000 0.36973900 -0.18449000
v 1.00337000 1.69856700 0.11551000
v 1.00337000 1.74212300 0.11551000
v 1.00337000 1.74212300 0.02826800
v 1.00337000 1.69856700 0.02826800
v 1.00337000 1.76973900 0.05026900
v 1.00337000 1.81329500 0.05026900
v 1.00337000 1.81329500 -0.03697300
v 1.00337000 1.76973900 -0.03697300
v -0.61638300 0.28856700 -0.60672600
v -0.61638300 0.33212300 -0.60672600
v -0.70362500 0.33212300 -0.60672600
v -0.70362500 0.28856700 -0.60672600
v -0.68162500 0.35973900 -0.60672600
v -0.68162500 0.40329500 -0.60672600
v -0.76886600 0.40329500 -0.60672600
v -0.76886600 0.35973900 -0.60672600
v 0.38361700 1.18856700 -0.60672600
v 0.38361700 1.23212300 -0.60672600
v 0.29637500 1.23212300 -0.60672600
v 0.29637500 1.18856700 -0.60672600
v 0.31837500 1.25973900 -0.60672600
v 0.31837500 1.30329500 -0.60672600
v 0.23113400 1.30329500 -0.60672600
v 0.23113400 1.25973900 -0.60672600
v -1.00337000 1.26973900 -0.03697300
v -1.00337000 1.31329500 -0.03697300
v -1.00337000 1.31329500 0.05026900
v -1.00337000 1.26973900 0.05026900
v -1.00337000 1.19856700 0.02826800
v -1.00337000 1.24212300 0.02826800
v -1.00337000 1.24212300 0.11551000
v -1.00337000 1.19856700 0.11551000
v -0.88201900 0.25150000 0.54194800
v -0.92692400 0.63624500 0.50616700
v -0.92692400 0.63624500 0.50616700
v -0.92692400 0.59721000 0.62487000
v -0.92692400 0.59721000 0.62487000
v -0.92692400 0.59721000 0.62487000
v -0.92692400 0.59721000 0.50616700
v -0.92692400 0.59721000 0.50616700
v -0.92692400 0.63624500 0.62487000
v -0.92692400 0.63624500 0.62487000
v -0.92692400 0.63624500 0.62487000
v -0.90646700 0.25048900 0.56306400
v -0.87148400 0.61917400 0.51597000
v -0.90646700 0.61917400 0.56306400
v -0.87148400 0.25048900 0.51597000
v -0.87148400 0.61917400 0.56306400
v -0.87148400 0.61917400 0.56306400
v -0.87148400 0.25048900 0.56306400
v -0.87148400 0.25048900 0.56306400
v -0.92692400 0.25783100 0.47549100
v -0.92692400 0.25783100 0.47549100
v -0.92692400 0.21693100 0.47549100
v -0.92692400 0.21693100 0.47549100
v -0.92692400 0.25783100 0.62487000
v -0.92692400 0.25783100 0.62487000
v -0.92692400 0.25783100 0.62487000
v -0.92692400 0.21693100 0.62487000
v -0.92692400 0.21693100 0.62487000
v -0.92692400 0.21693100 0.62487000
v -0.88201900 0.61476400 0.54194800
v -0.31798100 0.25150000 0.54194800
v -0.27307500 0.63624500 0.50616700
v -0.27307500 0.63624500 0.50616700
v -0.27307500 0.59721000 0.50616700
v -0.27307500 0.59721000 0.50616700
v -0.27307500 0.63624500 0.62487000
v -0.27307500 0.63624500 0.62487000
v -0.27307500 0.63624500 0.62487000
v -0.27307500 0.59721000 0.62487000
v -0.27307500 0.59721000 0.62487000
v -0.27307500 0.59721000 0.62487000
v -0.32851600 0.61917400 0.51597000
v -0.32851600 0.25048900 0.56306400
v -0.32851600 0.25048900 0.56306400
v -0.32851600 0.25048900 0.51597000
v -0.32851600 0.61917400 0.56306400
v -0.32851600 0.61917400 0.56306400
v -0.29353400 0.61917400 0.56306400
v -0.29353400 0.25048900 0.56306400
v -0.27307500 0.25783100 0.47549100
v -0.27307500 0.25783100 0.47549100
v -0.27307500 0.21693100 0.47549100
v -0.27307500 0.21693100 0.47549100
v -0.27307500 0.25783100 0.62487000
v -0.27307500 0.25783100 0.62487000
v -0.27307500 0.25783100 0.62487000
v -0.27307500 0.21693100 0.62487000
v -0.27307500 0.21693100 0.62487000
v -0.27307500 0.21693100 0.62487000
v -0.31798100 0.61476400 0.54194800
v 0.31798100 0.25150000 0.54194800
v 0.92692400 0.63624500 0.50616700
v 0.92692400 0.63624500 0.50616700
v 0.92692400 0.59721000 0.62487000
v 0.92692400 0.59721000 0.62487000
v 0.92692400 0.59721000 0.62487000
v 0.92692400 0.59721000 0.50616700
v 0.92692400 0.59721000 0.50616700
v 0.92692400 0.63624500 0.62487000
v 0.92692400 0.63624500 0.62487000
v 0.92692400 0.63624500 0.62487000
v 0.90646700 0.25048900 0.56306400
v 0.87148400 0.61917400 0.51597000
v 0.90646700 0.61917400 0.56306400
v 0.87148400 0.25048900 0.51597000
v 0.87148400 0.61917400 0.56306400
v 0.87148400 0.61917400 0.56306400
v 0.87148400 0.25048900 0.56306400
v 0.87148400 0.25048900 0.56306400
v 0.92692400 0.25783100 0.47549100
v 0.92692400 0.25783100 0.47549100
v 0.92692400 0.21693100 0.47549100
v 0.92692400 0.21693100 0.47549100
v 0.92692400 0.25783100 0.62487000
v 0.92692400 0.25783100 0.62487000
v 0.92692400 0.25783100 0.62487000
v 0.92692400 0.21693100 0.62487000
v 0.92692400 0.21693100 0.62487000
v 0.92692400 0.21693100 0.62487000
v 0.31798100 0.61476400 0.54194800
v 0.88201900 0.25150000 0.54194800
v 0.27307500 0.63624500 0.50616700
v 0.27307500 0.63624500 0.50616700
v 0.27307500 0.59721000 0.50616700
v 0.27307500 0.59721000 0.50616700
v 0.27307500 0.63624500 0.62487000
v 0.27307500 0.63624500 0.62487000
v 0.27307500 0.63624500 0.62487000
v 0.27307500 0.59721000 0.62487000
v 0.27307500 0.59721000 0.62487000
v 0.27307500 0.59721000 0.62487000
v 0.32851600 0.61917400 0.51597000
v 0.32851600 0.25048900 0.56306400
v 0.32851600 0.25048900 0.56306400
v 0.32851600 0.25048900 0.51597000
v 0.32851600 0.61917400 0.56306400
v 0.32851600 0.61917400 0.56306400
v 0.29353400 0.61917400 0.56306400
v 0.29353400 0.25048900 0.56306400
v 0.27307500 0.25783100 0.47549100
v 0.27307500 0.25783100 0.47549100
v 0.27307500 0.21693100 0.47549100
v 0.27307500 0.21693100 0.47549100
v 0.27307500 0.25783100 0.62487000
v 0.27307500 0.25783100 0.62487000
v 0.27307500 0.25783100 0.62487000
v 0.27307500 0.21693100 0.62487000
v 0.27307500 0.21693100 0.62487000
v 0.27307500 0.21693100 0.62487000
v 0.88201900 0.61476400 0.54194800
v -0.10201900 0.13150000 0.54194800
v -0.10201900 0.59923300 0.54194800
v 0.10201900 0.59923300 0.54194800
v 0.10201900 0.13150000 0.54194800
v -0.14692400 0.63624500 0.50616700
v -0.14692400 0.63624500 0.50616700
v -0.14692400 0.59721000 0.62487000
v -0.14692400 0.59721000 0.62487000
v -0.14692400 0.59721000 0.62487000
v -0.14692400 0.59721000 0.50616700
v -0.14692400 0.59721000 0.50616700
v 0.14692500 0.63624500 0.50616700
v 0.14692500 0.63624500 0.50616700
v -0.14692400 0.63624500 0.62487000
v -0.14692400 0.63624500 0.62487000
v -0.14692400 0.63624500 0.62487000
v 0.14692500 0.59721000 0.50616700
v 0.14692500 0.59721000 0.50616700
v 0.14692500 0.63624500 0.62487000
v 0.14692500 0.63624500 0.62487000
v 0.14692500 0.63624500 0.62487000
v 0.14692500 0.59721000 0.62487000
v 0.14692500 0.59721000 0.62487000
v 0.14692500 0.59721000 0.62487000
v 0.09148400 0.61917400 0.51597000
v 0.09148400 0.13048900 0.56306400
v 0.09148400 0.13048900 0.56306400
v 0.09148400 0.13048900 0.51597000
v 0.09148400 0.61917400 0.56306400
v 0.09148400 0.61917400 0.56306400
v 0.12646600 0.61917400 0.56306400
v 0.12646600 0.13048900 0.56306400
v -0.12646700 0.13048900 0.56306400
v -0.09148400 0.61917400 0.51597000
v -0.12646700 0.61917400 0.56306400
v -0.09148400 0.13048900 0.51597000
v -0.09148400 0.61917400 0.56306400
v -0.09148400 0.61917400 0.56306400
v -0.09148400 0.13048900 0.56306400
v -0.09148400 0.13048900 0.56306400
v -0.14692400 0.13783100 0.47549100
v -0.14692400 0.13783100 0.47549100
v -0.14692400 0.09993000 0.47549100
v 0.14692500 0.13783100 0.47549100
v 0.14692500 0.13783100 0.47549100
v -0.14692400 0.13783100 0.64257600
v -0.14692400 0.13783100 0.64257600
v -0.14692400 0.13783100 0.64257600
v 0.14692500 0.09993000 0.47549100
v 0.14692500 0.13783100 0.64257600
v 0.14692500 0.13783100 0.64257600
v 0.14692500 0.13783100 0.64257600
v -0.14692400 0.09993000 0.64257600
v -0.14692400 0.09993000 0.64257600
v 0.14692500 0.09993000 0.64257600
v 0.14692500 0.09993000 0.64257600
v -0.11814000 0.52645800 0.53179200
v -0.11814000 0.50408600 0.55997400
v -0.11814000 0.50408600 0.55997400
v -0.11814000 0.50408600 0.53179200
v 0.11814100 0.52645800 0.53179200
v -0.11814000 0.52645800 0.55997400
v -0.11814000 0.52645800 0.55997400
v 0.11814100 0.50408600 0.53179200
v 0.11814100 0.52645800 0.55997400
v 0.11814100 0.52645800 0.55997400
v 0.11814100 0.50408600 0.55997400
v 0.11814100 0.50408600 0.55997400
v 0.10201900 0.51476400 0.54194800
v 0.10201900 0.51476400 0.54194800
v -0.10201900 0.51476400 0.54194800
v -0.10201900 0.51476400 0.54194800
v 0.07385600 0.50819300 0.51394300
v 0.07385600 0.11367600 0.55196300
v 0.07385600 0.11367600 0.55196300
v 0.07385600 0.11367600 0.51394300
v 0.07385600 0.50819300 0.55196300
v 0.07385600 0.50819300 0.55196300
v 0.10209700 0.50819300 0.55196300
v 0.10209700 0.11367600 0.55196300
v -0.10209600 0.11367600 0.55196300
v -0.07385500 0.50819300 0.51394300
v -0.10209600 0.50819300 0.55196300
v -0.07385500 0.11367600 0.51394300
v -0.07385500 0.50819300 0.55196300
v -0.07385500 0.50819300 0.55196300
v -0.07385500 0.11367600 0.55196300
v -0.07385500 0.11367600 0.55196300
v -0.04638700 0.34188600 0.54761000
v 0.04638700 0.34188600 0.54761000
v -0.04638700 0.40011100 0.54761000
v 0.04638700 0.40011100 0.54761000
v -0.11814000 0.15626200 0.53179200
v -0.11814000 0.13389000 0.55997400
v 0.11814100 0.15626200 0.53179200
v -0.11814000 0.15626200 0.55997400
v -0.11814000 0.15626200 0.55997400
v 0.11814100 0.15626200 0.55997400
v 0.11814100 0.15626200 0.55997400
v 0.11814100 0.13389000 0.55997400
v 0.03926300 0.26991200 0.56206400
v 0.03926300 0.26991200 0.56206400
v 0.03926300 0.26991200 0.56206400
v 0.03926300 0.26991200 0.56206400
v 0.03926300 0.27521900 0.56737000
v 0.03926300 0.27521900 0.56737000
v 0.03926300 0.27521900 0.56737000
v 0.03926300 0.27521900 0.56737000
v 0.03395600 0.27521900 0.56206400
v 0.03395600 0.27521900 0.56206400
v 0.03395600 0.27521900 0.56206400
v 0.03395600 0.27521900 0.56206400
v 0.03926300 0.29104500 0.56737000
v 0.03926300 0.29104500 0.56737000
v 0.03926300 0.29104500 0.56737000
v 0.03926300 0.29104500 0.56737000
v 0.03926300 0.29635200 0.56206400
v 0.03926300 0.29635200 0.56206400
v 0.03926300 0.29635200 0.56206400
v 0.03926300 0.29635200 0.56206400
v 0.03395600 0.29104500 0.56206400
v 0.03395600 0.29104500 0.56206400
v 0.03395600 0.29104500 0.56206400
v 0.03395600 0.29104500 0.56206400
v 0.03926300 0.26991200 0.54623700
v 0.03926300 0.26991200 0.54623700
v 0.03926300 0.26991200 0.54623700
v 0.03926300 0.26991200 0.54623700
v 0.03395600 0.27521900 0.54623700
v 0.03395600 0.27521900 0.54623700
v 0.03395600 0.27521900 0.54623700
v 0.03395600 0.27521900 0.54623700
v 0.03926300 0.27521900 0.54093000
v 0.03926300 0.27521900 0.54093000
v 0.03926300 0.27521900 0.54093000
v 0.03926300 0.29635200 0.54623700
v 0.03926300 0.29635200 0.54623700
v 0.03926300 0.29635200 0.54623700
v 0.03926300 0.29635200 0.54623700
v 0.03926300 0.29104500 0.54093000
v 0.03926300 0.29104500 0.54093000
v 0.03926300 0.29104500 0.54093000
v 0.03395600 0.29104500 0.54623700
v 0.03395600 0.29104500 0.54623700
v 0.03395600 0.29104500 0.54623700
v 0.03395600 0.29104500 0.54623700
v 0.05508900 0.26991200 0.56206400
v 0.05508900 0.26991200 0.56206400
v 0.05508900 0.26991200 0.56206400
v 0.05508900 0.26991200 0.56206400
v 0.06039600 0.27521900 0.56206400
v 0.06039600 0.27521900 0.56206400
v 0.06039600 0.27521900 0.56206400
v 0.06039600 0.27521900 0.56206400
v 0.05508900 0.27521900 0.56737000
v 0.05508900 0.27521900 0.56737000
v 0.05508900 0.27521900 0.56737000
v 0.05508900 0.27521900 0.56737000
v 0.05508900 0.29635200 0.56206400
v 0.05508900 0.29635200 0.56206400
v 0.05508900 0.29635200 0.56206400
v 0.05508900 0.29635200 0.56206400
v 0.05508900 0.29104500 0.56737000
v 0.05508900 0.29104500 0.56737000
v 0.05508900 0.29104500 0.56737000
v 0.05508900 0.29104500 0.56737000
v 0.06039600 0.29104500 0.56206400
v 0.06039600 0.29104500 0.56206400
v 0.06039600 0.29104500 0.56206400
v 0.06039600 0.29104500 0.56206400
v 0.05508900 0.26991200 0.54623700
v 0.05508900 0.26991200 0.54623700
v 0.05508900 0.26991200 0.54623700
v 0.05508900 0.26991200 0.54623700
v 0.05508900 0.27521900 0.54093000
v 0.05508900 0.27521900 0.54093000
v 0.05508900 0.27521900 0.54093000
v 0.06039600 0.27521900 0.54623700
v 0.06039600 0.27521900 0.54623700
v 0.06039600 0.27521900 0.54623700
v 0.06039600 0.27521900 0.54623700
v 0.05508900 0.29635200 0.54623700
v 0.05508900 0.29635200 0.54623700
v 0.05508900 0.29635200 0.54623700
v 0.05508900 0.29635200 0.54623700
v 0.06039600 0.29104500 0.54623700
v 0.06039600 0.29104500 0.54623700
v 0.06039600 0.29104500 0.54623700
v 0.06039600 0.29104500 0.54623700
v 0.05508900 0.29104500 0.54093000
v 0.05508900 0.29104500 0.54093000
v 0.05508900 0.29104500 0.54093000
v 0.77057900 0.27666100 0.54761000
v 0.84293200 0.27666100 0.54761000
v 0.77057900 0.32207000 0.54761000
v 0.84293200 0.32207000 0.54761000
v 0.35694200 0.27666100 0.54761000
v 0.38339900 0.27666100 0.54761000
v 0.35694200 0.32207000 0.54761000
v 0.38339900 0.32207000 0.54761000
v 0.40981700 0.27767500 0.54761000
v 0.45735300 0.28341000 0.54761000
v 0.40437800 0.32275700 0.54761000
v 0.45191400 0.32849200 0.54761000
v -0.84017300 0.51370000 0.54761000
v -0.74740000 0.51370000 0.54761000
v -0.84017300 0.57192500 0.54761000
v -0.74740000 0.57192500 0.54761000
v -0.34995500 0.46055400 0.54761000
v -0.35388400 0.49425100 0.54761000
v -0.40778800 0.45381100 0.54761000
v -0.41171800 0.48750700 0.54761000
v -0.40705200 0.51847200 0.54761000
v -0.35964200 0.51847200 0.54761000
v -0.40705200 0.56343500 0.54761000
v -0.35964200 0.56343500 0.54761000
v 0.88201900 0.34231600 0.54194800
v 0.88201900 0.34231600 0.54194800
v 0.31798100 0.34231600 0.54194800
v 0.31798100 0.34231600 0.54194800
v -0.88201900 0.34231600 0.54194800
v -0.88201900 0.34231600 0.54194800
v -0.31798100 0.34231600 0.54194800
v -0.31798100 0.34231600 0.54194800
v -1.00000000 0.73000000 0.80000000
v -1.00000000 0.73000000 0.80000000
v -1.00000000 0.73000000 0.80000000
v 0.20000000 0.84977400 0.60000000
v 0.20000000 0.84977400 0.60000000
v -1.00000000 0.84977400 0.60000000
v -1.00000000 0.84977400 0.60000000
v -0.80000000 0.73000000 0.80000000
v -0.80000000 0.73000000 0.80000000
v -0.80000000 0.73000000 0.80000000
v -0.80000000 0.73000000 0.80000000
v -0.60000000 0.73000000 0.80000000
v -0.60000000 0.73000000 0.80000000
v -0.60000000 0.73000000 0.80000000
v -0.60000000 0.73000000 0.80000000
v -0.40000000 0.73000000 0.80000000
v -0.40000000 0.73000000 0.80000000
v -0.40000000 0.73000000 0.80000000
v -0.40000000 0.73000000 0.80000000
v -0.20000000 0.73000000 0.80000000
v -0.20000000 0.73000000 0.80000000
v -0.20000000 0.73000000 0.80000000
v -0.20000000 0.73000000 0.80000000
v 0.00000000 0.73000000 0.80000000
v 0.00000000 0.73000000 0.80000000
v 0.00000000 0.73000000 0.80000000
v 0.00000000 0.73000000 0.80000000
v 0.00000000 0.84977400 0.60000000
v 0.00000000 0.84977400 0.60000000
v -0.20000000 0.84977400 0.60000000
v -0.20000000 0.84977400 0.60000000
v -0.40000000 0.84977400 0.60000000
v -0.40000000 0.84977400 0.60000000
v -0.60000000 0.84977400 0.60000000
v -0.60000000 0.84977400 0.60000000
v -0.80000000 0.84977400 0.60000000
v -0.80000000 0.84977400 0.60000000
v -1.00000000 0.72977400 0.60000000
v -1.00000000 0.68000000 0.80000000
v -1.00000000 0.68000000 0.80000000
v 0.20000000 0.68000000 0.80000000
v 0.20000000 0.68000000 0.80000000
v -0.80000000 0.68000000 0.80000000
v -0.80000000 0.68000000 0.80000000
v -0.60000000 0.68000000 0.80000000
v -0.60000000 0.68000000 0.80000000
v -0.40000000 0.68000000 0.80000000
v -0.40000000 0.68000000 0.80000000
v -0.20000000 0.68000000 0.80000000
v -0.20000000 0.68000000 0.80000000
v 0.00000000 0.68000000 0.80000000
v 0.00000000 0.68000000 0.80000000
v -1.00000000 0.67977400 0.60000000
v 0.20000000 0.73000000 0.80000000
v 0.20000000 0.73000000 0.80000000
v 0.20000000 0.73000000 0.80000000
v 0.20000000 0.73000000 0.80000000
v 1.00000000 0.73000000 0.80000000
v 1.00000000 0.73000000 0.80000000
v 1.00000000 0.73000000 0.80000000
v 1.00000000 0.84977400 0.60000000
v 1.00000000 0.84977400 0.60000000
v 0.40000000 0.73000000 0.80000000
v 0.40000000 0.73000000 0.80000000
v 0.40000000 0.73000000 0.80000000
v 0.40000000 0.73000000 0.80000000
v 0.60000000 0.73000000 0.80000000
v 0.60000000 0.73000000 0.80000000
v 0.60000000 0.73000000 0.80000000
v 0.60000000 0.73000000 0.80000000
v 0.80000000 0.73000000 0.80000000
v 0.80000000 0.73000000 0.80000000
v 0.80000000 0.73000000 0.80000000
v 0.80000000 0.73000000 0.80000000
v 0.80000000 0.84977400 0.60000000
v 0.80000000 0.84977400 0.60000000
v 0.60000000 0.84977400 0.60000000
v 0.60000000 0.84977400 0.60000000
v 0.40000000 0.84977400 0.60000000
v 0.40000000 0.84977400 0.60000000
v 1.00000000 0.72977400 0.60000000
v 1.00000000 0.68000000 0.80000000
v 1.00000000 0.68000000 0.80000000
v 0.40000000 0.68000000 0.80000000
v 0.40000000 0.68000000 0.80000000
v 0.60000000 0.68000000 0.80000000
v 0.60000000 0.68000000 0.80000000
v 0.80000000 0.68000000 0.80000000
v 0.80000000 0.68000000 0.80000000
v 1.00000000 0.67977400 0.60000000
v 0.24000900 0.26735300 -0.62360100
v 0.24000900 0.26735300 -0.62360100
v 0.24000900 0.26735300 -0.62360100
v 0.24000900 0.31264900 -0.62360100
v 0.24000900 0.31264900 -0.62360100
v 0.24000900 0.31264900 -0.62360100
v 0.24000900 0.31264900 -0.97639900
v 0.24000900 0.31264900 -0.97639900
v 0.24000900 0.31264900 -0.97639900
v 0.24000900 0.26735300 -0.97639900
v 0.24000900 0.26735300 -0.97639900
v 0.24000900 0.26735300 -0.97639900
v 0.42089500 0.37534200 -0.96725800
v 0.42089500 0.37534200 -0.96725800
v 0.42089500 0.37534200 -0.96725800
v 0.42089500 0.37534200 -0.96725800
v 0.37708000 0.37534200 -0.96725800
v 0.37708000 0.37534200 -0.96725800
v 0.37708000 0.37534200 -0.96725800
v 0.37708000 0.37534200 -0.96725800
v 0.37708000 0.41728000 -0.63590700
v 0.37708000 0.41728000 -0.63590700
v 0.37708000 0.41728000 -0.63590700
v 0.37708000 0.41728000 -0.63590700
v 0.42089500 0.41728000 -0.63590700
v 0.42089500 0.41728000 -0.63590700
v 0.42089500 0.41728000 -0.63590700
v 0.42089500 0.41728000 -0.63590700
v 0.27298200 0.25841300 -0.95000000
v 0.27298200 0.25841300 -0.95000000
v 0.27298200 0.25841300 -0.95000000
v 0.27298200 0.31897300 -0.95000000
v 0.27298300 0.31897300 -0.65000000
v 0.27298300 0.25841300 -0.65000000
v 0.27298300 0.25841300 -0.65000000
v 0.27298300 0.25841300 -0.65000000
v 0.77298200 0.31897300 -0.95000000
v 0.77298200 0.25841300 -0.95000000
v 0.77298200 0.25841300 -0.95000000
v 0.77298200 0.25841300 -0.95000000
v 0.77298300 0.31897300 -0.65000000
v 0.77298300 0.25841300 -0.65000000
v 0.77298300 0.25841300 -0.65000000
v 0.77298300 0.25841300 -0.65000000
v 0.80595600 0.31264900 -0.62360100
v 0.80595600 0.31264900 -0.62360100
v 0.80595600 0.31264900 -0.62360100
v 0.80595600 0.26735300 -0.62360100
v 0.80595600 0.26735300 -0.62360100
v 0.80595600 0.26735300 -0.62360100
v 0.80595600 0.31264900 -0.97639900
v 0.80595600 0.31264900 -0.97639900
v 0.80595600 0.31264900 -0.97639900
v 0.80595600 0.26735300 -0.97639900
v 0.80595600 0.26735300 -0.97639900
v 0.80595600 0.26735300 -0.97639900
v 0.29456500 0.10000100 -0.92051600
v 0.29456500 0.10000100 -0.92051600
v 0.27298200 0.11831000 -0.95000000
v 0.27298200 0.11831000 -0.95000000
v 0.27298200 0.11831000 -0.95000000
v 0.27298200 0.11831000 -0.95000000
v 0.27298300 0.11831000 -0.65000000
v 0.27298300 0.11831000 -0.65000000
v 0.27298300 0.11831000 -0.65000000
v 0.27298300 0.11831000 -0.65000000
v 0.29456500 0.10000100 -0.67948400
v 0.29456500 0.10000100 -0.67948400
v 0.77298200 0.11831000 -0.95000000
v 0.77298200 0.11831000 -0.95000000
v 0.77298200 0.11831000 -0.95000000
v 0.77298200 0.11831000 -0.95000000
v 0.75140000 0.10000100 -0.92051600
v 0.75140000 0.10000100 -0.92051600
v 0.77298300 0.11831000 -0.65000000
v 0.77298300 0.11831000 -0.65000000
v 0.77298300 0.11831000 -0.65000000
v 0.77298300 0.11831000 -0.65000000
v 0.75140000 0.10000100 -0.67948400
v 0.75140000 0.10000100 -0.67948400
v 0.28356000 0.36000100 -0.95000000
v 0.28356000 0.36000100 -0.95000000
v 0.28356000 0.36000100 -0.95000000
v 0.28356000 0.39877500 -0.65000000
v 0.28356000 0.39877500 -0.65000000
v 0.28356000 0.39877500 -0.65000000
v 0.76240500 0.39877500 -0.65000000
v 0.76240500 0.39877500 -0.65000000
v 0.76240500 0.39877500 -0.65000000
v 0.76240500 0.36000100 -0.95000000
v 0.76240500 0.36000100 -0.95000000
v 0.76240500 0.36000100 -0.95000000
v 0.27298200 0.30644600 -0.95000000
v 0.27298200 0.30644600 -0.95000000
v 0.27298300 0.30644600 -0.65000000
v 0.27298300 0.30644600 -0.65000000
v 0.77298200 0.30644600 -0.95000000
v 0.77298200 0.30644600 -0.95000000
v 0.77298300 0.30644600 -0.65000000
v 0.77298300 0.30644600 -0.65000000
v 0.66888300 0.37534200 -0.96725800
v 0.66888300 0.37534200 -0.96725800
v 0.66888300 0.37534200 -0.96725800
v 0.66888300 0.37534200 -0.96725800
v 0.62506800 0.37534200 -0.96725800
v 0.62506800 0.37534200 -0.96725800
v 0.62506800 0.37534200 -0.96725800
v 0.62506800 0.37534200 -0.96725800
v 0.62506800 0.41728000 -0.63590700
v 0.62506800 0.41728000 -0.63590700
v 0.62506800 0.41728000 -0.63590700
v 0.62506800 0.41728000 -0.63590700
v 0.66888400 0.41728000 -0.63590700
v 0.66888400 0.41728000 -0.63590700
v 0.66888400 0.41728000 -0.63590700
v 0.66888400 0.41728000 -0.63590700
v 0.36991200 0.36000100 -0.95000000
v 0.36991200 0.36000100 -0.95000000
v 0.36991200 0.36000100 -0.95000000
v 0.36991200 0.36000100 -0.95000000
v 0.42806300 0.36000100 -0.95000000
v 0.42806300 0.36000100 -0.95000000
v 0.42806300 0.36000100 -0.95000000
v 0.42806300 0.36000100 -0.95000000
v 0.61790000 0.36000100 -0.95000000
v 0.61790000 0.36000100 -0.95000000
v 0.61790000 0.36000100 -0.95000000
v 0.61790000 0.36000100 -0.95000000
v 0.67605100 0.36000100 -0.95000000
v 0.67605100 0.36000100 -0.95000000
v 0.67605100 0.36000100 -0.95000000
v 0.67605100 0.36000100 -0.95000000
v 0.67605100 0.39877500 -0.65000000
v 0.67605100 0.39877500 -0.65000000
v 0.67605100 0.39877500 -0.65000000
v 0.67605100 0.39877500 -0.65000000
v 0.61790000 0.39877500 -0.65000000
v 0.61790000 0.39877500 -0.65000000
v 0.61790000 0.39877500 -0.65000000
v 0.61790000 0.39877500 -0.65000000
v 0.42806300 0.39877500 -0.65000000
v 0.42806300 0.39877500 -0.65000000
v 0.42806300 0.39877500 -0.65000000
v 0.42806300 0.39877500 -0.65000000
v 0.36991200 0.39877500 -0.65000000
v 0.36991200 0.39877500 -0.65000000
v 0.36991200 0.39877500 -0.65000000
v 0.36991200 0.39877500 -0.65000000
v 0.36991200 0.30644900 -0.65000000
v 0.36991200 0.30644900 -0.65000000
v 0.42806300 0.30644900 -0.65000000
v 0.42806300 0.30644900 -0.65000000
v 0.61790000 0.30644900 -0.65000000
v 0.61790000 0.30644900 -0.65000000
v 0.67605100 0.30644900 -0.65000000
v 0.67605100 0.30644900 -0.65000000
v 0.67605100 0.30644900 -0.95000000
v 0.67605100 0.30644900 -0.95000000
v 0.61790000 0.30644900 -0.95000000
v 0.61790000 0.30644900 -0.95000000
v 0.42806300 0.30644900 -0.95000000
v 0.42806300 0.30644900 -0.95000000
v 0.36991200 0.30644900 -0.95000000
v 0.36991200 0.30644900 -0.95000000
v 0.66888400 0.30644900 -0.62962800
v 0.66888400 0.30644900 -0.62962800
v 0.62506800 0.30644900 -0.62962800
v 0.62506800 0.30644900 -0.62962800
v 0.42089500 0.30644900 -0.62962800
v 0.42089500 0.30644900 -0.62962800
v 0.37708000 0.30644900 -0.62962800
v 0.37708000 0.30644900 -0.62962800
v 0.37708000 0.30644900 -0.97037200
v 0.37708000 0.30644900 -0.97037200
v 0.42089500 0.30644900 -0.97037200
v 0.42089500 0.30644900 -0.97037200
v 0.62506800 0.30644900 -0.97037200
v 0.62506800 0.30644900 -0.97037200
v 0.66888300 0.30644900 -0.97037200
v 0.66888300 0.30644900 -0.97037200
v 0.77298200 0.19912300 -0.95000000
v 0.77298200 0.19912300 -0.95000000
v 0.77298200 0.19912300 -0.95000000
v 0.77298200 0.19912300 -0.95000000
v 0.77298200 0.17609000 -0.95000000
v 0.77298200 0.17609000 -0.95000000
v 0.77298200 0.17609000 -0.95000000
v 0.77298200 0.17609000 -0.95000000
v 0.76624100 0.18760700 -0.94325900
v 0.76624100 0.18760700 -0.94325900
v 0.76624100 0.18760700 -0.94325900
v 0.76624100 0.18760700 -0.94325900
v 0.27298200 0.17609000 -0.95000000
v 0.27298200 0.17609000 -0.95000000
v 0.27298200 0.17609000 -0.95000000
v 0.27298200 0.17609000 -0.95000000
v 0.27298200 0.19912300 -0.95000000
v 0.27298200 0.19912300 -0.95000000
v 0.27298200 0.19912300 -0.95000000
v 0.27298200 0.19912300 -0.95000000
v 0.27972400 0.18760700 -0.94325900
v 0.27972400 0.18760700 -0.94325900
v 0.27972400 0.18760700 -0.94325900
v 0.27972400 0.18760700 -0.94325900
v 0.27298300 0.19912300 -0.65000000
v 0.27298300 0.19912300 -0.65000000
v 0.27298300 0.19912300 -0.65000000
v 0.27298300 0.19912300 -0.65000000
v 0.27298300 0.17609000 -0.65000000
v 0.27298300 0.17609000 -0.65000000
v 0.27298300 0.17609000 -0.65000000
v 0.27298300 0.17609000 -0.65000000
v 0.27972400 0.18760700 -0.65674100
v 0.27972400 0.18760700 -0.65674100
v 0.27972400 0.18760700 -0.65674100
v 0.27972400 0.18760700 -0.65674100
v 0.77298300 0.17609000 -0.65000000
v 0.77298300 0.17609000 -0.65000000
v 0.77298300 0.17609000 -0.65000000
v 0.77298300 0.17609000 -0.65000000
v 0.77298300 0.19912300 -0.65000000
v 0.77298300 0.19912300 -0.65000000
v 0.77298300 0.19912300 -0.65000000
v 0.77298300 0.19912300 -0.65000000
v 0.76624100 0.18760700 -0.65674100
v 0.76624100 0.18760700 -0.65674100
v 0.76624100 0.18760700 -0.65674100
v 0.76624100 0.18760700 -0.65674100
v 0.64954100 0.24621000 -0.95360800
v 0.73942400 0.24621000 -0.95360800
v 0.73942400 0.21132600 -0.95360800
v 0.64954100 0.21132600 -0.95360800
v 0.00793500 0.10000100 -0.69758100
v 0.00793500 0.10000100 -0.69758100
v 0.00793500 0.10000100 -0.69758100
v -0.01808000 0.10000100 -0.84739800
v -0.01808000 0.10000100 -0.84739800
v -0.01808000 0.10000100 -0.84739800
v -0.14188200 0.10000100 -0.67156600
v -0.14188200 0.10000100 -0.67156600
v -0.14188200 0.10000100 -0.67156600
v -0.14188200 0.23363700 -0.67156600
v -0.14188200 0.23363700 -0.67156600
v -0.14188200 0.23363700 -0.67156600
v -0.16789700 0.10000100 -0.82138300
v -0.16789700 0.10000100 -0.82138300
v -0.16789700 0.10000100 -0.82138300
v -0.16789700 0.23363700 -0.82138300
v -0.16789700 0.23363700 -0.82138300
v -0.16789700 0.23363700 -0.82138300
v -0.06697300 0.26963400 -0.68457300
v -0.09298800 0.26963400 -0.83439000
v -0.01808000 0.23363700 -0.84739800
v -0.01808000 0.23363700 -0.84739800
v -0.01808000 0.23363700 -0.84739800
v -0.01808000 0.23363700 -0.84739800
v 0.00793500 0.23363700 -0.69758100
v 0.00793500 0.23363700 -0.69758100
v 0.00793500 0.23363700 -0.69758100
v 0.00793500 0.23363700 -0.69758100
v -0.09298800 0.23363700 -0.83439000
v -0.09298800 0.23363700 -0.83439000
v -0.09298800 0.23363700 -0.83439000
v -0.06697300 0.23363700 -0.68457300
v -0.06697300 0.23363700 -0.68457300
v -0.06697300 0.23363700 -0.68457300
v 0.10217300 0.10000100 -0.72921300
v 0.18052300 0.10000100 -0.70375500
v 0.18052300 0.10000100 -0.70375500
v 0.22894700 0.10000100 -0.77040300
v 0.22894700 0.10000100 -0.77040300
v 0.22894700 0.10000100 -0.77040300
v 0.18052300 0.10000100 -0.83705200
v 0.18052300 0.10000100 -0.83705200
v 0.10217300 0.10000100 -0.81159400
v 0.15344500 0.13014200 -0.72296600
v 0.15344500 0.13014200 -0.72296600
v 0.20921100 0.13014200 -0.74108600
v 0.20921100 0.13014200 -0.74108600
v 0.20921100 0.13014200 -0.74108600
v 0.20921100 0.13014200 -0.79972100
v 0.20921100 0.13014200 -0.79972100
v 0.20921100 0.13014200 -0.79972100
v 0.15344500 0.13014200 -0.81784100
v 0.15344500 0.13014200 -0.81784100
v 0.11897900 0.13014200 -0.77040300
v 0.11897900 0.13014200 -0.77040300
v 0.16227900 0.15237800 -0.77040300
v 0.01788600 0.10000100 -0.78258100
v 0.05958700 0.10000100 -0.79592200
v 0.05958700 0.10000100 -0.79592200
v 0.05978600 0.10000100 -0.83970500
v 0.01820700 0.10000100 -0.85342300
v 0.01820700 0.10000100 -0.85342300
v -0.00768800 0.10000100 -0.81811800
v 0.04194200 0.12324400 -0.79580300
v 0.04194200 0.12324400 -0.79580300
v 0.06037400 0.12324400 -0.82093100
v 0.06037400 0.12324400 -0.82093100
v 0.04217100 0.12324400 -0.84622500
v 0.04217100 0.12324400 -0.84622500
v 0.01249000 0.12324400 -0.83673000
v 0.01249000 0.12324400 -0.83673000
v 0.01234800 0.12324400 -0.80556700
v 0.01234800 0.12324400 -0.80556700
v 0.03102700 0.14039200 -0.81900900
v 0.83000000 0.13833900 0.78000000
v 0.83000000 0.13833900 0.78000000
v 0.83000000 0.13833900 0.78000000
v 0.83000000 0.24566900 0.78000000
v 0.83000000 0.24566900 0.78000000
v 0.83000000 0.24566900 0.78000000
v 0.86535500 0.13833900 0.79464500
v 0.86535500 0.13833900 0.79464500
v 0.86535500 0.24566900 0.79464500
v 0.86535500 0.24566900 0.79464500
v 0.88000000 0.13833900 0.83000000
v 0.88000000 0.13833900 0.83000000
v 0.88000000 0.13833900 0.83000000
v 0.88000000 0.24566900 0.83000000
v 0.88000000 0.24566900 0.83000000
v 0.88000000 0.24566900 0.83000000
v 0.86535500 0.13833900 0.86535500
v 0.86535500 0.13833900 0.86535500
v 0.86535500 0.13833900 0.86535500
v 0.86535500 0.24566900 0.86535500
v 0.86535500 0.24566900 0.86535500
v 0.83000000 0.13833900 0.88000000
v 0.83000000 0.13833900 0.88000000
v 0.83000000 0.13833900 0.88000000
v 0.83000000 0.24566900 0.88000000
v 0.83000000 0.24566900 0.88000000
v 0.83000000 0.24566900 0.88000000
v 0.79464500 0.13833900 0.86535500
v 0.79464500 0.13833900 0.86535500
v 0.79464500 0.13833900 0.86535500
v 0.79464500 0.24566900 0.86535500
v 0.79464500 0.24566900 0.86535500
v 0.78000000 0.13833900 0.83000000
v 0.78000000 0.13833900 0.83000000
v 0.78000000 0.13833900 0.83000000
v 0.78000000 0.24566900 0.83000000
v 0.78000000 0.24566900 0.83000000
v 0.78000000 0.24566900 0.83000000
v 0.79464500 0.13833900 0.79464500
v 0.79464500 0.13833900 0.79464500
v 0.79464500 0.24566900 0.79464500
v 0.79464500 0.24566900 0.79464500
v 0.86535500 0.28331600 0.79464500
v 0.86535500 0.28331600 0.79464500
v 0.86535500 0.28331600 0.79464500
v 0.83000000 0.28331600 0.78000000
v 0.83000000 0.28331600 0.78000000
v 0.83000000 0.28331600 0.78000000
v 0.88000000 0.28331600 0.83000000
v 0.88000000 0.28331600 0.83000000
v 0.88000000 0.28331600 0.83000000
v 0.86535500 0.28331600 0.86535500
v 0.86535500 0.28331600 0.86535500
v 0.86535500 0.28331600 0.86535500
v 0.83000000 0.28331600 0.88000000
v 0.83000000 0.28331600 0.88000000
v 0.83000000 0.28331600 0.88000000
v 0.79464500 0.28331600 0.86535500
v 0.79464500 0.28331600 0.86535500
v 0.79464500 0.28331600 0.86535500
v 0.78000000 0.28331600 0.83000000
v 0.78000000 0.28331600 0.83000000
v 0.78000000 0.28331600 0.83000000
v 0.79464500 0.28331600 0.79464500
v 0.79464500 0.28331600 0.79464500
v 0.79464500 0.28331600 0.79464500
v 0.85605200 0.31000000 0.80394900
v 0.83000000 0.31000000 0.79315800
v 0.86684200 0.31000000 0.83000000
v 0.85605200 0.31000000 0.85605100
v 0.83000000 0.31000000 0.86684200
v 0.80394900 0.31000000 0.85605100
v 0.79315800 0.31000000 0.83000000
v 0.80394900 0.31000000 0.80394900
v 0.83000000 0.32459500 0.83000000
v 0.76721000 0.25000000 0.83000000
v 0.76721000 0.25000000 0.83000000
v 0.76721000 0.25000000 0.83000000
v 0.78560100 0.25000000 0.87439900
v 0.78560100 0.25000000 0.87439900
v 0.83000000 0.25000000 0.89279000
v 0.83000000 0.25000000 0.89279000
v 0.83000000 0.25000000 0.89279000
v 0.87439900 0.25000000 0.87439900
v 0.87439900 0.25000000 0.87439900
v 0.89279000 0.25000000 0.83000000
v 0.89279000 0.25000000 0.83000000
v 0.89279000 0.25000000 0.83000000
v 0.83000000 0.25000000 0.76721000
v 0.83000000 0.25000000 0.76721000
v 0.87439900 0.25000000 0.78560100
v 0.87439900 0.25000000 0.78560100
v 0.87439900 0.25000000 0.78560100
v 0.78560100 0.25000000 0.78560100
v 0.78560100 0.25000000 0.78560100
v 0.78560100 0.25000000 0.78560100
v 0.87439900 0.28000000 0.78560100
v 0.87439900 0.28000000 0.78560100
v 0.87439900 0.28000000 0.78560100
v 0.83000000 0.28000000 0.76721000
v 0.83000000 0.28000000 0.76721000
v 0.89279000 0.28000000 0.83000000
v 0.89279000 0.28000000 0.83000000
v 0.89279000 0.28000000 0.83000000
v 0.87439900 0.28000000 0.87439900
v 0.87439900 0.28000000 0.87439900
v 0.83000000 0.28000000 0.89279000
v 0.83000000 0.28000000 0.89279000
v 0.83000000 0.28000000 0.89279000
v 0.78560100 0.28000000 0.87439900
v 0.78560100 0.28000000 0.87439900
v 0.76721000 0.28000000 0.83000000
v 0.76721000 0.28000000 0.83000000
v 0.76721000 0.28000000 0.83000000
v 0.78560100 0.28000000 0.78560100
v 0.78560100 0.28000000 0.78560100
v 0.78560100 0.28000000 0.78560100
v 0.84124100 0.18300000 0.89622200
v 0.84124100 0.18300000 0.89622200
v 0.84124100 0.18300000 0.89622200
v 0.84124100 0.18300000 0.83699700
v 0.84124100 0.18300000 0.83699700
v 0.85713700 0.19889700 0.89622200
v 0.85713700 0.19889700 0.89622200
v 0.85713700 0.19889700 0.89622200
v 0.85713700 0.19889700 0.83699700
v 0.85713700 0.19889700 0.83699700
v 0.85713700 0.22137800 0.89622200
v 0.85713700 0.22137800 0.89622200
v 0.85713700 0.22137800 0.89622200
v 0.85713700 0.22137800 0.83699700
v 0.85713700 0.22137800 0.83699700
v 0.84124100 0.23727500 0.89622200
v 0.84124100 0.23727500 0.89622200
v 0.84124100 0.23727500 0.89622200
v 0.84124100 0.23727500 0.83699700
v 0.84124100 0.23727500 0.83699700
v 0.83000000 0.13000000 0.76490200
v 0.83000000 0.13000000 0.76490200
v 0.87603200 0.13000000 0.78396900
v 0.87603200 0.13000000 0.78396900
v 0.87603200 0.13000000 0.78396900
v 0.89509800 0.13000000 0.83000000
v 0.89509800 0.13000000 0.83000000
v 0.89509800 0.13000000 0.83000000
v 0.87603200 0.13000000 0.87603100
v 0.87603200 0.13000000 0.87603100
v 0.83000000 0.13000000 0.89509800
v 0.83000000 0.13000000 0.89509800
v 0.83000000 0.13000000 0.89509800
v 0.78396900 0.13000000 0.87603100
v 0.78396900 0.13000000 0.87603100
v 0.76490200 0.13000000 0.83000000
v 0.76490200 0.13000000 0.83000000
v 0.76490200 0.13000000 0.83000000
v 0.78396900 0.13000000 0.78396900
v 0.78396900 0.13000000 0.78396900
v 0.78396900 0.13000000 0.78396900
v 0.83000000 0.10000000 0.76490200
v 0.87603200 0.10000000 0.78396900
v 0.87603200 0.10000000 0.78396900
v 0.89509800 0.10000000 0.83000000
v 0.89509800 0.10000000 0.83000000
v 0.87603200 0.10000000 0.87603100
v 0.83000000 0.10000000 0.89509800
v 0.83000000 0.10000000 0.89509800
v 0.78396900 0.10000000 0.87603100
v 0.76490200 0.10000000 0.83000000
v 0.76490200 0.10000000 0.83000000
v 0.78396900 0.10000000 0.78396900
v 0.78396900 0.10000000 0.78396900
v 0.81875900 0.18300000 0.83699700
v 0.81875900 0.18300000 0.89622200
v 0.81875900 0.18300000 0.89622200
v 0.80286300 0.19889700 0.83699700
v 0.80286300 0.19889700 0.83699700
v 0.80286300 0.19889700 0.89622200
v 0.80286300 0.19889700 0.89622200
v 0.80286300 0.19889700 0.89622200
v 0.80286300 0.22137800 0.83699700
v 0.80286300 0.22137800 0.83699700
v 0.80286300 0.22137800 0.89622200
v 0.80286300 0.22137800 0.89622200
v 0.80286300 0.22137800 0.89622200
v 0.81875900 0.23727500 0.83699700
v 0.81875900 0.23727500 0.83699700
v 0.81875900 0.23727500 0.89622200
v 0.81875900 0.23727500 0.89622200
v 0.81875900 0.23727500 0.89622200
v 0.83569700 0.19638400 0.89622200
v 0.83569700 0.19638400 0.89622200
v 0.84375300 0.20444100 0.89622200
v 0.84375300 0.20444100 0.89622200
v 0.84375300 0.20444100 0.89622200
v 0.84375300 0.21583400 0.89622200
v 0.84375300 0.21583400 0.89622200
v 0.83569700 0.22389100 0.89622200
v 0.83569700 0.22389100 0.89622200
v 0.82430300 0.22389100 0.89622200
v 0.82430300 0.22389100 0.89622200
v 0.81624700 0.21583400 0.89622200
v 0.81624700 0.21583400 0.89622200
v 0.81624700 0.20444100 0.89622200
v 0.81624700 0.20444100 0.89622200
v 0.81624700 0.20444100 0.89622200
v 0.82430300 0.19638400 0.89622200
v 0.82430300 0.19638400 0.89622200
v 0.83000000 0.21013800 0.88078800
v 0.83000000 0.21013800 0.88078800
v 0.76225400 0.19485100 0.84528700
v 0.76225400 0.19485100 0.84528700
v 0.76225400 0.19485100 0.84528700
v 0.76225400 0.22542500 0.84528700
v 0.76225400 0.22542500 0.84528700
v 0.76225400 0.22542500 0.84528700
v 0.76225400 0.19485100 0.81471300
v 0.76225400 0.19485100 0.81471300
v 0.76225400 0.19485100 0.81471300
v 0.76225400 0.22542500 0.81471300
v 0.76225400 0.22542500 0.81471300
v 0.76225400 0.22542500 0.81471300
v 0.89775000 0.19485100 0.84528700
v 0.89775000 0.19485100 0.84528700
v 0.89775000 0.19485100 0.84528700
v 0.89775000 0.22542500 0.84528700
v 0.89775000 0.22542500 0.84528700
v 0.89775000 0.22542500 0.84528700
v 0.89775000 0.19485100 0.81471300
v 0.89775000 0.19485100 0.81471300
v 0.89775000 0.19485100 0.81471300
v 0.89775000 0.22542500 0.81471300
v 0.89775000 0.22542500 0.81471300
v 0.89775000 0.22542500 0.81471300
vn 0.00000000 -1.00000000 0.00000000
vn 0.00000000 0.00000000 1.00000000
vn -1.00000000 0.00000000 0.00000000
vn 0.00000000 1.00000000 0.00000000
vn 0.00000000 0.00000000 1.00000000
vn -1.00000000 0.00000000 0.00000000
vn 0.00000000 0.00000000 -1.00000000
vn 0.00000000 -1.00000000 0.00000000
vn -1.00000000 0.00000000 0.00000000
vn -1.00000000 0.00000000 0.00000000
vn 0.00000000 1.00000000 0.00000000
vn 0.00000000 0.00000000 -1.00000000
vn 0.00000000 0.00000000 1.00000000
vn 0.00000000 -1.00000000 0.00000000
vn 1.00000000 0.00000000 0.00000000
vn 1.00000000 0.00000000 0.00000000
vn 0.00000000 1.00000000 0.00000000
vn 0.00000000 0.00000000 1.00000000
vn 0.00000000 -1.00000000 0.00000000
vn 1.00000000 0.00000000 0.00000000
vn 0.00000000 0.00000000 -1.00000000
vn 0.00000000 1.00000000 0.00000000
vn 0.00000000 0.00000000 -1.00000000
vn 1.00000000 0.00000000 0.00000000
vn 0.00000000 0.00000000 -1.00000000
vn 0.00000000 -1.00000000 0.00000000
vn 0.00000000 0.00000000 -1.00000000
vn 0.00000000 -1.00000000 0.00000000
vn 0.00000000 0.00000000 -1.00000000
vn 0.00000000 0.00000000 -1.00000000
vn 0.00000000 1.00000000 0.00000000
vn 0.00000000 0.00000000 -1.00000000
vn 0.00000000 0.00000000 -1.00000000
vn 0.00000000 1.00000000 0.00000000
vn 0.00000000 1.00000000 0.00000000
vn 0.00000000 0.00000000 -1.00000000
vn 0.00000000 1.00000000 0.00000000
vn 0.00000000 0.00000000 -1.00000000
vn 0.00000000 0.00000000 1.00000000
vn 0.00000000 -1.00000000 0.00000000
vn 0.00000000 0.00000000 1.00000000
vn 0.00000000 0.00000000 1.00000000
vn 0.00000000 -1.00000000 0.00000000
vn 0.00000000 0.00000000 1.00000000
vn 0.00000000 0.00000000 1.00000000
vn 0.00000000 1.00000000 0.00000000
vn 0.00000000 1.00000000 0.00000000
vn 0.00000000 0.00000000 1.00000000
vn 0.00000000 1.00000000 0.00000000
vn 0.00000000 1.00000000 0.00000000
vn 0.00000000 0.00000000 1.00000000
vn 0.00000000 0.00000000 1.00000000
vn -1.00000000 0.00000000 0.00000000
vn 0.00000000 -1.00000000 0.00000000
vn -1.00000000 0.00000000 0.00000000
vn -1.00000000 0.00000000 0.00000000
vn 0.00000000 -1.00000000 0.00000000
vn -1.00000000 0.00000000 0.00000000
vn 0.00000000 1.00000000 0.00000000
vn 0.00000000 1.00000000 0.00000000
vn -1.00000000 0.00000000 0.00000000
vn -1.00000000 0.00000000 0.00000000
vn 0.00000000 1.00000000 0.00000000
vn -1.00000000 0.00000000 0.00000000
vn 0.00000000 1.00000000 0.00000000
vn -1.00000000 0.00000000 0.00000000
vn 1.00000000 0.00000000 0.00000000
vn 0.00000000 -1.00000000 0.00000000
vn 1.00000000 0.00000000 0.00000000
vn 1.00000000 0.00000000 0.00000000
vn 1.00000000 0.00000000 0.00000000
vn 0.00000000 -1.00000000 0.00000000
vn 0.00000000 1.00000000 0.00000000
vn 0.00000000 1.00000000 0.00000000
vn 1.00000000 0.00000000 0.00000000
vn 1.00000000 0.00000000 0.00000000
vn 0.00000000 1.00000000 0.00000000
vn 1.00000000 0.00000000 0.00000000
vn 0.00000000 1.00000000 0.00000000
vn 1.00000000 0.00000000 0.00000000
vn 0.00000000 1.00000000 0.00000000
vn 0.00000000 1.00000000 0.00000000
vn 0.00000000 1.00000000 0.00000000
vn 0.00000000 1.00000000 0.00000000
vn 0.00000000 1.00000000 0.00000000
vn 0.00000000 1.00000000 0.00000000
vn 0.00000000 1.00000000 0.00000000
vn 0.00000000 1.00000000 0.00000000
vn 0.00000000 1.00000000 0.00000000
vn 0.00000000 1.00000000 0.00000000
vn 0.00000000 1.00000000 0.00000000
vn 0.00000000 1.00000000 0.00000000
vn 0.00000000 -1.00000000 0.00000000
vn 0.00000000 -1.00000000 0.00000000
vn 0.00000000 -1.00000000 0.00000000
vn 0.00000000 -1.00000000 0.00000000
vn 0.00000000 0.00000000 -1.00000000
vn 1.00000000 0.00000000 0.00000000
vn 0.00000000 0.00000000 1.00000000
vn 0.00000000 0.00000000 1.00000000
vn 0.00000000 0.00000000 -1.00000000
vn 1.00000000 0.00000000 0.00000000
vn 0.00000000 0.00000000 1.00000000
vn -1.00000000 0.00000000 0.00000000
vn 0.00000000 0.00000000 -1.00000000
vn -1.00000000 0.00000000 0.00000000
vn 0.00000000 0.00000000 -1.00000000
vn 0.00000000 0.00000000 1.00000000
vn 0.00000000 0.00000000 1.00000000
vn 1.00000000 0.00000000 0.00000000
vn 0.00000000 0.00000000 -1.00000000
vn 0.00000000 0.00000000 -1.00000000
vn 1.00000000 0.00000000 0.00000000
vn 0.00000000 0.00000000 1.00000000
vn 0.00000000 0.00000000 1.00000000
vn 0.00000000 0.00000000 1.00000000
vn 0.00000000 0.00000000 1.00000000
vn 0.00000000 1.00000000 0.00000000
vn -1.00000000 0.00000000 0.00000000
vn 0.00000000 0.00000000 1.00000000
vn 0.00000000 -1.00000000 0.00000000
vn -1.00000000 0.00000000 0.00000000
vn 0.00000000 0.00000000 1.00000000
vn 1.00000000 0.00000000 0.00000000
vn 0.00000000 -1.00000000 0.00000000
vn 0.00000000 0.00000000 1.00000000
vn 0.00000000 0.00000000 1.00000000
vn 0.00000000 1.00000000 0.00000000
vn 1.00000000 0.00000000 0.00000000
vn 0.00000000 1.00000000 0.00000000
vn 1.00000000 0.00000000 0.00000000
vn 0.00000000 0.00000000 1.00000000
vn 0.00000000 0.00000000 1.00000000
vn 1.00000000 0.00000000 0.00000000
vn 0.00000000 -1.00000000 0.00000000
vn 1.00000000 0.00000000 0.00000000
vn 0.00000000 0.00000000 1.00000000
vn 0.00000000 -1.00000000 0.00000000
vn 1.00000000 0.00000000 0.00000000
vn 0.00000000 1.00000000 0.00000000
vn 0.00000000 0.00000000 1.00000000
vn 0.00000000 1.00000000 0.00000000
vn 0.00000000 0.00000000 1.00000000
vn -1.00000000 0.00000000 0.00000000
vn 0.00000000 -1.00000000 0.00000000
vn 0.00000000 0.00000000 1.00000000
vn -1.00000000 0.00000000 0.00000000
vn 0.00000000 0.00000000 1.00000000
vn -1.00000000 0.00000000 0.00000000
vn 0.00000000 1.00000000 0.00000000
vn 0.00000000 0.00000000 1.00000000
vn -1.00000000 0.00000000 0.00000000
vn 0.00000000 -1.00000000 0.00000000
vn 0.00000000 1.00000000 0.00000000
vn -1.00000000 0.00000000 0.00000000
vn 0.00000000 0.00000000 1.00000000
vn 0.00000000 0.00000000 1.00000000
vn 0.00000000 -1.00000000 0.00000000
vn -1.00000000 0.00000000 0.00000000
vn 0.00000000 0.00000000 1.00000000
vn 1.00000000 0.00000000 0.00000000
vn 0.00000000 -1.00000000 0.00000000
vn 1.00000000 0.00000000 0.00000000
vn 0.00000000 0.00000000 1.00000000
vn 0.00000000 1.00000000 0.00000000
vn -1.00000000 0.00000000 0.00000000
vn 0.00000000 1.00000000 0.00000000
vn 0.00000000 0.00000000 1.00000000
vn 0.00000000 -1.00000000 0.00000000
vn 0.00000000 0.00000000 1.00000000
vn -1.00000000 0.00000000 0.00000000
vn 1.00000000 0.00000000 0.00000000
vn 0.00000000 -1.00000000 0.00000000
vn 0.00000000 0.00000000 1.00000000
vn 1.00000000 0.00000000 0.00000000
vn 0.00000000 1.00000000 0.00000000
vn 0.00000000 0.00000000 1.00000000
vn 0.00000000 1.00000000 0.00000000
vn 1.00000000 0.00000000 0.00000000
vn -1.00000000 0.00000000 0.00000000
vn 0.00000000 1.00000000 0.00000000
vn 0.00000000 1.00000000 0.00000000
vn 1.00000000 0.00000000 0.00000000
vn -1.00000000 0.00000000 0.00000000
vn 0.00000000 1.00000000 0.00000000
vn 0.00000000 -1.00000000 0.00000000
vn -1.00000000 0.00000000 0.00000000
vn -1.00000000 0.00000000 0.00000000
vn 0.00000000 1.00000000 0.00000000
vn 0.00000000 1.00000000 0.00000000
vn 1.00000000 0.00000000 0.00000000
vn 0.00000000 -1.00000000 0.00000000
vn 1.00000000 0.00000000 0.00000000
vn 1.00000000 0.00000000 0.00000000
vn 0.00000000 -1.00000000 0.00000000
vn 1.00000000 0.00000000 0.00000000
vn 0.00000000 -1.00000000 0.00000000
vn 1.00000000 0.00000000 0.00000000
vn 0.00000000 1.00000000 0.00000000
vn 0.00000000 -1.00000000 0.00000000
vn -1.00000000 0.00000000 0.00000000
vn 0.00000000 1.00000000 0.00000000
vn -1.00000000 0.00000000 0.00000000
vn -1.00000000 0.00000000 0.00000000
vn 0.00000000 -1.00000000 0.00000000
vn -1.00000000 0.00000000 0.00000000
vn 0.00000000 -1.00000000 0.00000000
vn 0.00000000 -1.00000000 0.00000000
vn 1.00000000 0.00000000 0.00000000
vn -1.00000000 0.00000000 0.00000000
vn 0.00000000 -1.00000000 0.00000000
vn -1.00000000 0.00000000 0.00000000
vn 0.00000000 1.00000000 0.00000000
vn 0.00000000 1.00000000 0.00000000
vn 1.00000000 0.00000000 0.00000000
vn 0.00000000 -1.00000000 0.00000000
vn 1.00000000 0.00000000 0.00000000
vn -1.00000000 0.00000000 0.00000000
vn 0.00000000 1.00000000 0.00000000
vn 0.00000000 -1.00000000 0.00000000
vn -1.00000000 0.00000000 0.00000000
vn 0.00000000 1.00000000 0.00000000
vn 1.00000000 0.00000000 0.00000000
vn 1.00000000 0.00000000 0.00000000
vn 0.00000000 -1.00000000 0.00000000
vn 0.00000000 -1.00000000 0.00000000
vn -1.00000000 0.00000000 0.00000000
vn -1.00000000 0.00000000 0.00000000
vn 0.00000000 1.00000000 0.00000000
vn 0.00000000 -1.00000000 0.00000000
vn -1.00000000 0.00000000 0.00000000
vn 0.00000000 0.00000000 1.00000000
vn 0.00000000 1.00000000 0.00000000
vn 0.00000000 0.00000000 1.00000000
vn -1.00000000 0.00000000 0.00000000
vn 0.00000000 0.00000000 1.00000000
vn 0.00000000 1.00000000 0.00000000
vn 1.00000000 0.00000000 0.00000000
vn 0.00000000 0.00000000 1.00000000
vn 0.00000000 -1.00000000 0.00000000
vn 1.00000000 0.00000000 0.00000000
vn 0.00000000 -1.00000000 0.00000000
vn 0.00000000 0.00000000 1.00000000
vn -1.00000000 0.00000000 0.00000000
vn -1.00000000 0.00000000 0.00000000
vn 0.00000000 0.00000000 1.00000000
vn 0.00000000 1.00000000 0.00000000
vn 0.00000000 0.00000000 1.00000000
vn 0.00000000 0.00000000 1.00000000
vn 1.00000000 0.00000000 0.00000000
vn 0.00000000 0.00000000 1.00000000
vn 0.00000000 0.00000000 1.00000000
vn 1.00000000 0.00000000 0.00000000
vn 0.00000000 0.00000000 1.00000000
vn 1.00000000 0.00000000 0.00000000
vn 1.00000000 0.00000000 0.00000000
vn 0.00000000 0.00000000 1.00000000
vn -1.00000000 0.00000000 0.00000000
vn 0.00000000 0.00000000 -1.00000000
vn 0.00000000 0.00000000 1.00000000
vn -1.00000000 0.00000000 0.00000000
vn -1.00000000 0.00000000 0.00000000
vn 0.00000000 0.00000000 -1.00000000
vn -1.00000000 0.00000000 0.00000000
vn 0.00000000 0.00000000 1.00000000
vn 0.00000000 1.00000000 0.00000000
vn -1.00000000 0.00000000 0.00000000
vn -1.00000000 0.00000000 0.00000000
vn 0.00000000 -1.00000000 0.00000000
vn 0.00000000 1.00000000 0.00000000
vn 1.00000000 0.00000000 0.00000000
vn 0.00000000 -1.00000000 0.00000000
vn 1.00000000 0.00000000 0.00000000
vn 1.00000000 0.00000000 0.00000000
vn 0.00000000 -1.00000000 0.00000000
vn 0.00000000 1.00000000 0.00000000
vn 1.00000000 0.00000000 0.00000000
vn -1.00000000 0.00000000 0.00000000
vn 0.00000000 -1.00000000 0.00000000
vn 0.00000000 0.00000000 1.00000000
vn -1.00000000 0.00000000 0.00000000
vn 0.00000000 0.00000000 1.00000000
vn 0.00000000 1.00000000 0.00000000
vn 0.00000000 0.00000000 1.00000000
vn 0.00000000 1.00000000 0.00000000
vn 1.00000000 0.00000000 0.00000000
vn 1.00000000 0.00000000 0.00000000
vn 0.00000000 -1.00000000 0.00000000
vn 0.00000000 0.00000000 1.00000000
vn 1.00000000 0.00000000 0.00000000
vn 0.00000000 -1.00000000 0.00000000
vn 0.00000000 0.00000000 1.00000000
vn 0.00000000 0.00000000 1.00000000
vn 0.00000000 1.00000000 0.00000000
vn 1.00000000 0.00000000 0.00000000
vn 0.00000000 0.00000000 1.00000000
vn 0.00000000 0.00000000 1.00000000
vn -1.00000000 0.00000000 0.00000000
vn -1.00000000 0.00000000 0.00000000
vn 0.00000000 0.00000000 1.00000000
vn 0.00000000 0.00000000 1.00000000
vn 0.00000000 0.00000000 1.00000000
vn 0.00000000 0.00000000 -1.00000000
vn 1.00000000 0.00000000 0.00000000
vn 0.00000000 0.00000000 1.00000000
vn 0.00000000 0.00000000 1.00000000
vn 0.00000000 0.00000000 1.00000000
vn -1.00000000 0.00000000 0.00000000
vn 0.00000000 1.00000000 0.00000000
vn 0.00000000 0.00000000 1.00000000
vn 0.00000000 0.00000000 1.00000000
vn 0.00000000 -1.00000000 0.00000000
vn -1.00000000 0.00000000 0.00000000
vn 1.00000000 0.00000000 0.00000000
vn 0.00000000 -1.00000000 0.00000000
vn 0.00000000 0.00000000 1.00000000
vn 1.00000000 0.00000000 0.00000000
vn 0.00000000 1.00000000 0.00000000
vn 0.00000000 0.00000000 1.00000000
vn 1.00000000 0.00000000 0.00000000
vn 0.00000000 -1.00000000 0.00000000
vn 0.00000000 0.00000000 1.00000000
vn 1.00000000 0.00000000 0.00000000
vn 0.00000000 1.00000000 0.00000000
vn 0.00000000 0.00000000 1.00000000
vn 0.00000000 1.00000000 0.00000000
vn 0.00000000 0.00000000 1.00000000
vn -1.00000000 0.00000000 0.00000000
vn 0.00000000 -1.00000000 0.00000000
vn -1.00000000 0.00000000 0.00000000
vn 0.00000000 0.00000000 1.00000000
vn -1.00000000 0.00000000 0.00000000
vn 0.00000000 1.00000000 0.00000000
vn 0.00000000 0.00000000 1.00000000
vn -1.00000000 0.00000000 0.00000000
vn 0.00000000 -1.00000000 0.00000000
vn 0.00000000 0.00000000 1.00000000
vn 1.00000000 0.00000000 0.00000000
vn 0.00000000 -1.00000000 0.00000000
vn 0.00000000 0.00000000 1.00000000
vn 0.00000000 0.00000000 1.00000000
vn 0.00000000 1.00000000 0.00000000
vn 1.00000000 0.00000000 0.00000000
vn 0.00000000 -1.00000000 0.00000000
vn -1.00000000 0.00000000 0.00000000
vn -1.00000000 0.00000000 0.00000000
vn 0.00000000 1.00000000 0.00000000
vn 0.00000000 1.00000000 0.00000000
vn 1.00000000 0.00000000 0.00000000
vn 0.00000000 -1.00000000 0.00000000
vn 1.00000000 0.00000000 0.00000000
vn 1.00000000 0.00000000 0.00000000
vn 0.00000000 -1.00000000 0.00000000
vn 1.00000000 0.00000000 0.00000000
vn 0.00000000 1.00000000 0.00000000
vn 0.00000000 -1.00000000 0.00000000
vn -1.00000000 0.00000000 0.00000000
vn 0.00000000 1.00000000 0.00000000
vn -1.00000000 0.00000000 0.00000000
vn 0.00000000 -1.00000000 0.00000000
vn -1.00000000 0.00000000 0.00000000
vn 0.00000000 1.00000000 0.00000000
vn -1.00000000 0.00000000 0.00000000
vn 1.00000000 0.00000000 0.00000000
vn 0.00000000 1.00000000 0.00000000
vn 1.00000000 0.00000000 0.00000000
vn 0.00000000 -1.00000000 0.00000000
vn -1.00000000 0.00000000 0.00000000
vn 0.00000000 1.00000000 0.00000000
vn -1.00000000 0.00000000 0.00000000
vn 0.00000000 -1.00000000 0.00000000
vn 1.00000000 0.00000000 0.00000000
vn 0.00000000 1.00000000 0.00000000
vn 0.00000000 -1.00000000 0.00000000
vn 1.00000000 0.00000000 0.00000000
vn -1.00000000 0.00000000 0.00000000
vn 0.00000000 0.00000000 1.00000000
vn 0.00000000 -1.00000000 0.00000000
vn 0.00000000 0.00000000 1.00000000
vn -1.00000000 0.00000000 0.00000000
vn 0.00000000 1.00000000 0.00000000
vn 0.00000000 0.00000000 1.00000000
vn 0.00000000 1.00000000 0.00000000
vn 1.00000000 0.00000000 0.00000000
vn 1.00000000 0.00000000 0.00000000
vn 0.00000000 0.00000000 1.00000000
vn 0.00000000 -1.00000000 0.00000000
vn 1.00000000 0.00000000 0.00000000
vn 0.00000000 0.00000000 1.00000000
vn -1.00000000 0.00000000 0.00000000
vn 0.00000000 0.00000000 -1.00000000
vn 0.00000000 0.00000000 1.00000000
vn -1.00000000 0.00000000 0.00000000
vn -1.00000000 0.00000000 0.00000000
vn 0.00000000 1.00000000 0.00000000
vn 0.00000000 -1.00000000 0.00000000
vn -1.00000000 0.00000000 0.00000000
vn 1.00000000 0.00000000 0.00000000
vn 0.00000000 1.00000000 0.00000000
vn 1.00000000 0.00000000 0.00000000
vn 0.00000000 -1.00000000 0.00000000
vn -1.00000000 0.00000000 0.00000000
vn 0.00000000 -1.00000000 0.00000000
vn 0.00000000 0.00000000 1.00000000
vn 0.00000000 1.00000000 0.00000000
vn -1.00000000 0.00000000 0.00000000
vn 0.00000000 0.00000000 1.00000000
vn 1.00000000 0.00000000 0.00000000
vn 0.00000000 0.00000000 1.00000000
vn 0.00000000 1.00000000 0.00000000
vn 0.00000000 0.00000000 1.00000000
vn 0.00000000 -1.00000000 0.00000000
vn 1.00000000 0.00000000 0.00000000
vn 0.00000000 0.00000000 1.00000000
vn 0.00000000 0.00000000 1.00000000
vn 0.00000000 0.00000000 1.00000000
vn 0.00000000 0.00000000 1.00000000
vn 0.00000000 0.00000000 1.00000000
vn -1.00000000 0.00000000 0.00000000
vn 0.00000000 1.00000000 0.00000000
vn 0.00000000 -1.00000000 0.00000000
vn -1.00000000 0.00000000 0.00000000
vn 0.00000000 0.00000000 1.00000000
vn 0.00000000 -1.00000000 0.00000000
vn -1.00000000 0.00000000 0.00000000
vn 0.00000000 1.00000000 0.00000000
vn 1.00000000 0.00000000 0.00000000
vn -1.00000000 0.00000000 0.00000000
vn 0.00000000 0.00000000 1.00000000
vn 0.00000000 1.00000000 0.00000000
vn 0.00000000 -1.00000000 0.00000000
vn 1.00000000 0.00000000 0.00000000
vn 0.00000000 0.00000000 1.00000000
vn 0.00000000 1.00000000 0.00000000
vn 1.00000000 0.00000000 0.00000000
vn 0.00000000 -1.00000000 0.00000000
vn 0.00000000 0.00000000 1.00000000
vn 1.00000000 0.00000000 0.00000000
vn -1.00000000 0.00000000 0.00000000
vn 0.00000000 0.00000000 1.00000000
vn -1.00000000 0.00000000 0.00000000
vn -1.00000000 0.00000000 0.00000000
vn -1.00000000 0.00000000 0.00000000
vn 0.00000000 0.00000000 1.00000000
vn 0.00000000 0.00000000 1.00000000
vn 0.00000000 0.00000000 1.00000000
vn 0.00000000 0.00000000 1.00000000
vn 1.00000000 0.00000000 0.00000000
vn 0.00000000 0.00000000 1.00000000
vn 1.00000000 0.00000000 0.00000000
vn 0.00000000 0.00000000 1.00000000
vn 1.00000000 0.00000000 0.00000000
vn 1.00000000 0.00000000 0.00000000
vn 0.00000000 0.00000000 1.00000000
vn -1.00000000 0.00000000 0.00000000
vn 0.00000000 1.00000000 0.00000000
vn -1.00000000 0.00000000 0.00000000
vn 0.00000000 -1.00000000 0.00000000
vn 0.00000000 1.00000000 0.00000000
vn 1.00000000 0.00000000 0.00000000
vn 0.00000000 1.00000000 0.00000000
vn 0.00000000 0.00000000 1.00000000
vn -1.00000000 0.00000000 0.00000000
vn 0.00000000 -1.00000000 0.00000000
vn 1.00000000 0.00000000 0.00000000
vn 0.00000000 1.00000000 0.00000000
vn 0.00000000 0.00000000 1.00000000
vn 1.00000000 0.00000000 0.00000000
vn 0.00000000 -1.00000000 0.00000000
vn 0.00000000 -0.70710000 0.70710000
vn -1.00000000 0.00000000 0.00000000
vn 0.00000000 0.00000000 1.00000000
vn -1.00000000 0.00000000 0.00000000
vn 0.00000000 -0.70710000 0.70710000
vn 0.00000000 -0.70710000 0.70710000
vn 1.00000000 0.00000000 0.00000000
vn 0.00000000 0.00000000 1.00000000
vn 1.00000000 0.00000000 0.00000000
vn 0.00000000 -1.00000000 0.00000000
vn 0.00000000 -0.70710000 0.70710000
vn 0.00000000 1.00000000 0.00000000
vn 0.00000000 0.00000000 1.00000000
vn 0.00000000 -1.00000000 0.00000000
vn 0.00000000 -1.00000000 0.00000000
vn 0.00000000 1.00000000 0.00000000
vn 0.00000000 1.00000000 0.00000000
vn 0.00000000 0.00000000 1.00000000
vn 0.00000000 -1.00000000 0.00000000
vn 0.00000000 0.00000000 1.00000000
vn 0.00000000 1.00000000 0.00000000
vn 0.00000000 0.00000000 1.00000000
vn 0.00000000 -1.00000000 0.00000000
vn 0.00000000 0.00000000 1.00000000
vn 0.00000000 0.00000000 1.00000000
vn 0.00000000 0.00000000 1.00000000
vn 0.00000000 0.00000000 1.00000000
vn 0.00000000 0.00000000 1.00000000
vn 0.00000000 0.00000000 1.00000000
vn 0.00000000 0.00000000 1.00000000
vn 0.00000000 0.00000000 1.00000000
vn -1.00000000 0.00000000 0.00000000
vn 0.00000000 1.00000000 0.00000000
vn -1.00000000 0.00000000 0.00000000
vn 0.00000000 0.00000000 1.00000000
vn 0.00000000 -1.00000000 0.00000000
vn 0.00000000 -1.00000000 0.00000000
vn -1.00000000 0.00000000 0.00000000
vn 1.00000000 0.00000000 0.00000000
vn 0.00000000 1.00000000 0.00000000
vn 0.00000000 0.00000000 1.00000000
vn 0.00000000 1.00000000 0.00000000
vn -1.00000000 0.00000000 0.00000000
vn 1.00000000 0.00000000 0.00000000
vn 0.00000000 -1.00000000 0.00000000
vn 0.00000000 0.00000000 1.00000000
vn 0.00000000 1.00000000 0.00000000
vn 1.00000000 0.00000000 0.00000000
vn 0.00000000 -1.00000000 0.00000000
vn 1.00000000 0.00000000 0.00000000
vn 0.00000000 0.00000000 1.00000000
vn -1.00000000 0.00000000 0.00000000
vn 0.00000000 0.00000000 1.00000000
vn -1.00000000 0.00000000 0.00000000
vn -1.00000000 0.00000000 0.00000000
vn 0.00000000 0.00000000 1.00000000
vn -1.00000000 0.00000000 0.00000000
vn 0.00000000 0.00000000 1.00000000
vn 0.00000000 0.00000000 1.00000000
vn 0.00000000 0.00000000 1.00000000
vn 1.00000000 0.00000000 0.00000000
vn 0.00000000 0.00000000 1.00000000
vn 1.00000000 0.00000000 0.00000000
vn 0.00000000 0.00000000 1.00000000
vn 1.00000000 0.00000000 0.00000000
vn 1.00000000 0.00000000 0.00000000
vn 0.00000000 0.00000000 1.00000000
vn -1.00000000 0.00000000 0.00000000
vn 0.00000000 1.00000000 0.00000000
vn 0.00000000 -1.00000000 0.00000000
vn -1.00000000 0.00000000 0.00000000
vn 1.00000000 0.00000000 0.00000000
vn 0.00000000 1.00000000 0.00000000
vn -1.00000000 0.00000000 0.00000000
vn 0.00000000 1.00000000 0.00000000
vn 0.00000000 0.00000000 1.00000000
vn 1.00000000 0.00000000 0.00000000
vn 0.00000000 -1.00000000 0.00000000
vn 1.00000000 0.00000000 0.00000000
vn 0.00000000 1.00000000 0.00000000
vn 0.00000000 0.00000000 1.00000000
vn -1.00000000 0.00000000 0.00000000
vn 0.00000000 -1.00000000 0.00000000
vn 0.00000000 -0.70710000 0.70710000
vn -1.00000000 0.00000000 0.00000000
vn 0.00000000 0.00000000 1.00000000
vn 0.00000000 -0.70710000 0.70710000
vn 0.00000000 -0.70710000 0.70710000
vn 0.00000000 0.00000000 1.00000000
vn 1.00000000 0.00000000 0.00000000
vn 0.00000000 -0.70710000 0.70710000
vn 1.00000000 0.00000000 0.00000000
vn 0.00000000 -1.00000000 0.00000000
vn 0.00000000 1.00000000 0.00000000
vn 0.00000000 -1.00000000 0.00000000
vn 0.00000000 0.00000000 1.00000000
vn 0.00000000 -1.00000000 0.00000000
vn 0.00000000 1.00000000 0.00000000
vn 0.00000000 0.00000000 1.00000000
vn 0.00000000 1.00000000 0.00000000
vn 0.00000000 -1.00000000 0.00000000
vn 0.00000000 0.00000000 1.00000000
vn 0.00000000 1.00000000 0.00000000
vn 0.00000000 -1.00000000 0.00000000
vn 0.00000000 0.00000000 1.00000000
vn 0.00000000 0.00000000 1.00000000
vn 0.00000000 0.00000000 1.00000000
vn 0.00000000 0.00000000 1.00000000
vn 0.00000000 0.00000000 1.00000000
vn 0.00000000 0.00000000 1.00000000
vn 0.00000000 0.00000000 1.00000000
vn 0.00000000 0.00000000 1.00000000
vn 0.00000000 0.00000000 1.00000000
vn -1.00000000 0.00000000 0.00000000
vn 0.00000000 1.00000000 0.00000000
vn 0.00000000 0.00000000 1.00000000
vn -1.00000000 0.00000000 0.00000000
vn 0.00000000 -1.00000000 0.00000000
vn -1.00000000 0.00000000 0.00000000
vn 0.00000000 -1.00000000 0.00000000
vn 1.00000000 0.00000000 0.00000000
vn 0.00000000 1.00000000 0.00000000
vn -1.00000000 0.00000000 0.00000000
vn 0.00000000 0.00000000 1.00000000
vn 0.00000000 1.00000000 0.00000000
vn 0.00000000 -1.00000000 0.00000000
vn 1.00000000 0.00000000 0.00000000
vn 0.00000000 1.00000000 0.00000000
vn 0.00000000 0.00000000 1.00000000
vn 1.00000000 0.00000000 0.00000000
vn 0.00000000 0.00000000 1.00000000
vn 1.00000000 0.00000000 0.00000000
vn 0.00000000 -1.00000000 0.00000000
vn -1.00000000 0.00000000 0.00000000
vn -1.00000000 0.00000000 0.00000000
vn 0.00000000 0.00000000 1.00000000
vn -1.00000000 0.00000000 0.00000000
vn -1.00000000 0.00000000 0.00000000
vn 0.00000000 0.00000000 1.00000000
vn 0.00000000 0.00000000 1.00000000
vn 0.00000000 0.00000000 1.00000000
vn 0.00000000 0.00000000 1.00000000
vn 1.00000000 0.00000000 0.00000000
vn 0.00000000 0.00000000 1.00000000
vn 1.00000000 0.00000000 0.00000000
vn 1.00000000 0.00000000 0.00000000
vn 0.00000000 0.00000000 1.00000000
vn 0.00000000 0.00000000 1.00000000
vn 1.00000000 0.00000000 0.00000000
vn -1.00000000 0.00000000 0.00000000
vn 0.00000000 1.00000000 0.00000000
vn 0.00000000 -1.00000000 0.00000000
vn -1.00000000 0.00000000 0.00000000
vn 0.00000000 1.00000000 0.00000000
vn 1.00000000 0.00000000 0.00000000
vn 0.00000000 0.00000000 1.00000000
vn 0.00000000 1.00000000 0.00000000
vn -1.00000000 0.00000000 0.00000000
vn 0.00000000 -1.00000000 0.00000000
vn 1.00000000 0.00000000 0.00000000
vn 1.00000000 0.00000000 0.00000000
vn 0.00000000 1.00000000 0.00000000
vn 0.00000000 0.00000000 1.00000000
vn -1.00000000 0.00000000 0.00000000
vn 0.00000000 -0.70710000 0.70710000
vn 0.00000000 -1.00000000 0.00000000
vn 0.00000000 0.00000000 1.00000000
vn 0.00000000 -0.70710000 0.70710000
vn -1.00000000 0.00000000 0.00000000
vn 0.00000000 -0.70710000 0.70710000
vn 0.00000000 0.00000000 1.00000000
vn 1.00000000 0.00000000 0.00000000
vn 0.00000000 -0.70710000 0.70710000
vn 1.00000000 0.00000000 0.00000000
vn 0.00000000 -1.00000000 0.00000000
vn 0.00000000 1.00000000 0.00000000
vn 0.00000000 0.00000000 1.00000000
vn 0.00000000 -1.00000000 0.00000000
vn 0.00000000 -1.00000000 0.00000000
vn 0.00000000 1.00000000 0.00000000
vn 0.00000000 1.00000000 0.00000000
vn 0.00000000 0.00000000 1.00000000
vn 0.00000000 -1.00000000 0.00000000
vn 0.00000000 1.00000000 0.00000000
vn 0.00000000 0.00000000 1.00000000
vn 0.00000000 0.00000000 1.00000000
vn 0.00000000 -1.00000000 0.00000000
vn 0.00000000 0.00000000 1.00000000
vn 0.00000000 0.00000000 1.00000000
vn 0.00000000 0.00000000 1.00000000
vn 0.00000000 0.00000000 1.00000000
vn 0.00000000 0.00000000 1.00000000
vn 0.00000000 0.00000000 1.00000000
vn 0.00000000 0.00000000 1.00000000
vn 0.00000000 0.00000000 1.00000000
vn 0.00000000 1.00000000 0.00000000
vn -1.00000000 0.00000000 0.00000000
vn 0.00000000 -1.00000000 0.00000000
vn -1.00000000 0.00000000 0.00000000
vn 0.00000000 0.00000000 1.00000000
vn 0.00000000 -1.00000000 0.00000000
vn -1.00000000 0.00000000 0.00000000
vn 1.00000000 0.00000000 0.00000000
vn 0.00000000 1.00000000 0.00000000
vn 0.00000000 1.00000000 0.00000000
vn 0.00000000 0.00000000 1.00000000
vn -1.00000000 0.00000000 0.00000000
vn 1.00000000 0.00000000 0.00000000
vn 0.00000000 -1.00000000 0.00000000
vn 1.00000000 0.00000000 0.00000000
vn 0.00000000 1.00000000 0.00000000
vn 0.00000000 0.00000000 1.00000000
vn 0.00000000 0.00000000 1.00000000
vn 1.00000000 0.00000000 0.00000000
vn 0.00000000 -1.00000000 0.00000000
vn -1.00000000 0.00000000 0.00000000
vn -1.00000000 0.00000000 0.00000000
vn 0.00000000 0.00000000 1.00000000
vn -1.00000000 0.00000000 0.00000000
vn 0.00000000 0.00000000 1.00000000
vn -1.00000000 0.00000000 0.00000000
vn 0.00000000 0.00000000 1.00000000
vn 0.00000000 0.00000000 1.00000000
vn 0.00000000 0.00000000 1.00000000
vn 1.00000000 0.00000000 0.00000000
vn 0.00000000 0.00000000 1.00000000
vn 1.00000000 0.00000000 0.00000000
vn 0.00000000 0.00000000 1.00000000
vn 1.00000000 0.00000000 0.00000000
vn 1.00000000 0.00000000 0.00000000
vn 0.00000000 0.00000000 1.00000000
vn -1.00000000 0.00000000 0.00000000
vn 0.00000000 1.00000000 0.00000000
vn -1.00000000 0.00000000 0.00000000
vn 0.00000000 -1.00000000 0.00000000
vn 0.00000000 1.00000000 0.00000000
vn 1.00000000 0.00000000 0.00000000
vn 0.00000000 0.00000000 1.00000000
vn 0.00000000 1.00000000 0.00000000
vn -1.00000000 0.00000000 0.00000000
vn 1.00000000 0.00000000 0.00000000
vn 0.00000000 -1.00000000 0.00000000
vn 0.00000000 0.00000000 1.00000000
vn 1.00000000 0.00000000 0.00000000
vn 0.00000000 1.00000000 0.00000000
vn 0.00000000 -0.70710000 0.70710000
vn -1.00000000 0.00000000 0.00000000
vn 0.00000000 -1.00000000 0.00000000
vn -1.00000000 0.00000000 0.00000000
vn 0.00000000 -0.70710000 0.70710000
vn 0.00000000 0.00000000 1.00000000
vn 1.00000000 0.00000000 0.00000000
vn 0.00000000 0.00000000 1.00000000
vn 0.00000000 -0.70710000 0.70710000
vn 1.00000000 0.00000000 0.00000000
vn 0.00000000 -1.00000000 0.00000000
vn 0.00000000 -0.70710000 0.70710000
vn 0.00000000 1.00000000 0.00000000
vn 0.00000000 -1.00000000 0.00000000
vn 0.00000000 0.00000000 1.00000000
vn 0.00000000 -1.00000000 0.00000000
vn 0.00000000 1.00000000 0.00000000
vn 0.00000000 0.00000000 1.00000000
vn 0.00000000 1.00000000 0.00000000
vn 0.00000000 -1.00000000 0.00000000
vn 0.00000000 0.00000000 1.00000000
vn 0.00000000 1.00000000 0.00000000
vn 0.00000000 -1.00000000 0.00000000
vn 0.00000000 0.00000000 1.00000000
vn 0.00000000 0.00000000 1.00000000
vn 0.00000000 0.00000000 1.00000000
vn 0.00000000 0.00000000 1.00000000
vn 0.00000000 0.00000000 1.00000000
vn 0.00000000 0.00000000 1.00000000
vn 0.00000000 0.00000000 1.00000000
vn 0.00000000 0.00000000 1.00000000
vn 0.00000000 0.00000000 1.00000000
vn -1.00000000 0.00000000 0.00000000
vn 0.00000000 1.00000000 0.00000000
vn 0.00000000 0.00000000 1.00000000
vn 0.00000000 -1.00000000 0.00000000
vn -1.00000000 0.00000000 0.00000000
vn -1.00000000 0.00000000 0.00000000
vn 0.00000000 -1.00000000 0.00000000
vn 1.00000000 0.00000000 0.00000000
vn 0.00000000 1.00000000 0.00000000
vn 0.00000000 1.00000000 0.00000000
vn 0.00000000 0.00000000 1.00000000
vn -1.00000000 0.00000000 0.00000000
vn 1.00000000 0.00000000 0.00000000
vn 0.00000000 -1.00000000 0.00000000
vn 1.00000000 0.00000000 0.00000000
vn 0.00000000 0.00000000 1.00000000
vn 0.00000000 1.00000000 0.00000000
vn 0.00000000 0.00000000 1.00000000
vn 0.00000000 -1.00000000 0.00000000
vn 1.00000000 0.00000000 0.00000000
vn -1.00000000 0.00000000 0.00000000
vn -1.00000000 0.00000000 0.00000000
vn 0.00000000 0.00000000 1.00000000
vn -1.00000000 0.00000000 0.00000000
vn 0.00000000 0.00000000 1.00000000
vn -1.00000000 0.00000000 0.00000000
vn 0.00000000 0.00000000 1.00000000
vn 0.00000000 0.00000000 1.00000000
vn 0.00000000 0.00000000 1.00000000
vn 1.00000000 0.00000000 0.00000000
vn 0.00000000 0.00000000 1.00000000
vn 1.00000000 0.00000000 0.00000000
vn 0.00000000 0.00000000 1.00000000
vn 1.00000000 0.00000000 0.00000000
vn 1.00000000 0.00000000 0.00000000
vn 0.00000000 0.00000000 1.00000000
vn 0.00000000 1.00000000 0.00000000
vn -1.00000000 0.00000000 0.00000000
vn 0.00000000 -1.00000000 0.00000000
vn -1.00000000 0.00000000 0.00000000
vn 1.00000000 0.00000000 0.00000000
vn 0.00000000 1.00000000 0.00000000
vn 0.00000000 1.00000000 0.00000000
vn 0.00000000 0.00000000 1.00000000
vn -1.00000000 0.00000000 0.00000000
vn 0.00000000 -1.00000000 0.00000000
vn 1.00000000 0.00000000 0.00000000
vn 1.00000000 0.00000000 0.00000000
vn 0.00000000 1.00000000 0.00000000
vn 0.00000000 0.00000000 1.00000000
vn -1.00000000 0.00000000 0.00000000
vn 0.00000000 -1.00000000 0.00000000
vn 0.00000000 -0.70710000 0.70710000
vn 0.00000000 -0.70710000 0.70710000
vn -1.00000000 0.00000000 0.00000000
vn 0.00000000 0.00000000 1.00000000
vn 0.00000000 0.00000000 1.00000000
vn 1.00000000 0.00000000 0.00000000
vn 0.00000000 -0.70710000 0.70710000
vn 0.00000000 -1.00000000 0.00000000
vn 1.00000000 0.00000000 0.00000000
vn 0.00000000 -0.70710000 0.70710000
vn 0.00000000 1.00000000 0.00000000
vn 0.00000000 -1.00000000 0.00000000
vn 0.00000000 0.00000000 1.00000000
vn 0.00000000 -1.00000000 0.00000000
vn 0.00000000 1.00000000 0.00000000
vn 0.00000000 0.00000000 1.00000000
vn 0.00000000 1.00000000 0.00000000
vn 0.00000000 -1.00000000 0.00000000
vn 0.00000000 1.00000000 0.00000000
vn 0.00000000 0.00000000 1.00000000
vn 0.00000000 0.00000000 1.00000000
vn 0.00000000 -1.00000000 0.00000000
vn 0.00000000 0.00000000 1.00000000
vn 0.00000000 0.00000000 1.00000000
vn 0.00000000 0.00000000 1.00000000
vn 0.00000000 0.00000000 1.00000000
vn 0.00000000 0.00000000 1.00000000
vn 0.00000000 0.00000000 1.00000000
vn 0.00000000 0.00000000 1.00000000
vn 0.00000000 0.00000000 1.00000000
vn -1.00000000 0.00000000 0.00000000
vn 0.00000000 1.00000000 0.00000000
vn -1.00000000 0.00000000 0.00000000
vn 0.00000000 -1.00000000 0.00000000
vn 0.00000000 0.00000000 1.00000000
vn 0.00000000 -1.00000000 0.00000000
vn -1.00000000 0.00000000 0.00000000
vn 0.00000000 1.00000000 0.00000000
vn 1.00000000 0.00000000 0.00000000
vn -1.00000000 0.00000000 0.00000000
vn 0.00000000 1.00000000 0.00000000
vn 0.00000000 0.00000000 1.00000000
vn 1.00000000 0.00000000 0.00000000
vn 0.00000000 -1.00000000 0.00000000
vn 1.00000000 0.00000000 0.00000000
vn 0.00000000 0.00000000 1.00000000
vn 0.00000000 1.00000000 0.00000000
vn 1.00000000 0.00000000 0.00000000
vn 0.00000000 0.00000000 1.00000000
vn 0.00000000 -1.00000000 0.00000000
vn -1.00000000 0.00000000 0.00000000
vn -1.00000000 0.00000000 0.00000000
vn 0.00000000 0.00000000 1.00000000
vn -1.00000000 0.00000000 0.00000000
vn -1.00000000 0.00000000 0.00000000
vn 0.00000000 0.00000000 1.00000000
vn 0.00000000 0.00000000 1.00000000
vn 0.00000000 0.00000000 1.00000000
vn 0.00000000 0.00000000 1.00000000
vn 1.00000000 0.00000000 0.00000000
vn 0.00000000 0.00000000 1.00000000
vn 1.00000000 0.00000000 0.00000000
vn 0.00000000 0.00000000 1.00000000
vn 1.00000000 0.00000000 0.00000000
vn 1.00000000 0.00000000 0.00000000
vn 0.00000000 0.00000000 1.00000000
vn 0.00000000 1.00000000 0.00000000
vn -1.00000000 0.00000000 0.00000000
vn -1.00000000 0.00000000 0.00000000
vn 0.00000000 -1.00000000 0.00000000
vn 0.00000000 1.00000000 0.00000000
vn 1.00000000 0.00000000 0.00000000
vn -1.00000000 0.00000000 0.00000000
vn 0.00000000 0.00000000 1.00000000
vn 0.00000000 1.00000000 0.00000000
vn 1.00000000 0.00000000 0.00000000
vn 0.00000000 -1.00000000 0.00000000
vn 0.00000000 1.00000000 0.00000000
vn 1.00000000 0.00000000 0.00000000
vn 0.00000000 0.00000000 1.00000000
vn -1.00000000 0.00000000 0.00000000
vn 0.00000000 -0.70710000 0.70710000
vn 0.00000000 -1.00000000 0.00000000
vn 0.00000000 0.00000000 1.00000000
vn -1.00000000 0.00000000 0.00000000
vn 0.00000000 -0.70710000 0.70710000
vn 0.00000000 0.00000000 1.00000000
vn 1.00000000 0.00000000 0.00000000
vn 0.00000000 -0.70710000 0.70710000
vn 1.00000000 0.00000000 0.00000000
vn 0.00000000 -0.70710000 0.70710000
vn 0.00000000 -1.00000000 0.00000000
vn 0.00000000 1.00000000 0.00000000
vn 0.00000000 0.00000000 1.00000000
vn 0.00000000 -1.00000000 0.00000000
vn 0.00000000 -1.00000000 0.00000000
vn 0.00000000 1.00000000 0.00000000
vn 0.00000000 0.00000000 1.00000000
vn 0.00000000 1.00000000 0.00000000
vn 0.00000000 -1.00000000 0.00000000
vn 0.00000000 1.00000000 0.00000000
vn 0.00000000 0.00000000 1.00000000
vn 0.00000000 0.00000000 1.00000000
vn 0.00000000 -1.00000000 0.00000000
vn 0.00000000 0.00000000 1.00000000
vn 0.00000000 0.00000000 1.00000000
vn 0.00000000 0.00000000 1.00000000
vn 0.00000000 0.00000000 1.00000000
vn 0.00000000 0.00000000 1.00000000
vn 0.00000000 0.00000000 1.00000000
vn 0.00000000 0.00000000 1.00000000
vn 0.00000000 0.00000000 1.00000000
vn -1.00000000 0.00000000 0.00000000
vn 0.00000000 1.00000000 0.00000000
vn 0.00000000 0.00000000 1.00000000
vn -1.00000000 0.00000000 0.00000000
vn 0.00000000 -1.00000000 0.00000000
vn 0.00000000 -1.00000000 0.00000000
vn -1.00000000 0.00000000 0.00000000
vn 0.00000000 1.00000000 0.00000000
vn 1.00000000 0.00000000 0.00000000
vn 0.00000000 0.00000000 1.00000000
vn -1.00000000 0.00000000 0.00000000
vn 0.00000000 1.00000000 0.00000000
vn 1.00000000 0.00000000 0.00000000
vn 0.00000000 -1.00000000 0.00000000
vn 0.00000000 1.00000000 0.00000000
vn 0.00000000 0.00000000 1.00000000
vn 1.00000000 0.00000000 0.00000000
vn 0.00000000 -1.00000000 0.00000000
vn 1.00000000 0.00000000 0.00000000
vn 0.00000000 0.00000000 1.00000000
vn -1.00000000 0.00000000 0.00000000
vn -1.00000000 0.00000000 0.00000000
vn 0.00000000 0.00000000 1.00000000
vn -1.00000000 0.00000000 0.00000000
vn -1.00000000 0.00000000 0.00000000
vn 0.00000000 0.00000000 1.00000000
vn 0.00000000 0.00000000 1.00000000
vn 0.00000000 0.00000000 1.00000000
vn 0.00000000 0.00000000 1.00000000
vn 1.00000000 0.00000000 0.00000000
vn 0.00000000 0.00000000 1.00000000
vn 1.00000000 0.00000000 0.00000000
vn 0.00000000 0.00000000 1.00000000
vn 1.00000000 0.00000000 0.00000000
vn 0.00000000 0.00000000 1.00000000
vn 1.00000000 0.00000000 0.00000000
vn 0.00000000 1.00000000 0.00000000
vn -1.00000000 0.00000000 0.00000000
vn -1.00000000 0.00000000 0.00000000
vn 0.00000000 -1.00000000 0.00000000
vn 1.00000000 0.00000000 0.00000000
vn 0.00000000 1.00000000 0.00000000
vn 0.00000000 1.00000000 0.00000000
vn -1.00000000 0.00000000 0.00000000
vn 0.00000000 0.00000000 1.00000000
vn 0.00000000 -1.00000000 0.00000000
vn 1.00000000 0.00000000 0.00000000
vn 1.00000000 0.00000000 0.00000000
vn 0.00000000 1.00000000 0.00000000
vn 0.00000000 0.00000000 1.00000000
vn 0.00000000 -1.00000000 0.00000000
vn -1.00000000 0.00000000 0.00000000
vn 0.00000000 -0.70710000 0.70710000
vn 0.00000000 -0.70710000 0.70710000
vn 0.00000000 0.00000000 1.00000000
vn -1.00000000 0.00000000 0.00000000
vn 0.00000000 -0.70710000 0.70710000
vn 0.00000000 0.00000000 1.00000000
vn 1.00000000 0.00000000 0.00000000
vn 0.00000000 -1.00000000 0.00000000
vn 1.00000000 0.00000000 0.00000000
vn 0.00000000 -0.70710000 0.70710000
vn 0.00000000 1.00000000 0.00000000
vn 0.00000000 -1.00000000 0.00000000
vn 0.00000000 0.00000000 1.00000000
vn 0.00000000 -1.00000000 0.00000000
vn 0.00000000 1.00000000 0.00000000
vn 0.00000000 1.00000000 0.00000000
vn 0.00000000 0.00000000 1.00000000
vn 0.00000000 -1.00000000 0.00000000
vn 0.00000000 0.00000000 1.00000000
vn 0.00000000 1.00000000 0.00000000
vn 0.00000000 -1.00000000 0.00000000
vn 0.00000000 0.00000000 1.00000000
vn 0.00000000 0.00000000 1.00000000
vn 0.00000000 0.00000000 1.00000000
vn 0.00000000 0.00000000 1.00000000
vn 0.00000000 0.00000000 1.00000000
vn 0.00000000 0.00000000 1.00000000
vn 0.00000000 0.00000000 1.00000000
vn 0.00000000 0.00000000 1.00000000
vn 0.00000000 0.00000000 1.00000000
vn -1.00000000 0.00000000 0.00000000
vn 0.00000000 1.00000000 0.00000000
vn 0.00000000 -1.00000000 0.00000000
vn -1.00000000 0.00000000 0.00000000
vn 0.00000000 0.00000000 1.00000000
vn 0.00000000 -1.00000000 0.00000000
vn -1.00000000 0.00000000 0.00000000
vn 0.00000000 1.00000000 0.00000000
vn 1.00000000 0.00000000 0.00000000
vn 0.00000000 0.00000000 1.00000000
vn 0.00000000 1.00000000 0.00000000
vn -1.00000000 0.00000000 0.00000000
vn 0.00000000 -1.00000000 0.00000000
vn 1.00000000 0.00000000 0.00000000
vn 1.00000000 0.00000000 0.00000000
vn 0.00000000 1.00000000 0.00000000
vn 0.00000000 0.00000000 1.00000000
vn 1.00000000 0.00000000 0.00000000
vn 0.00000000 0.00000000 1.00000000
vn 0.00000000 -1.00000000 0.00000000
vn -1.00000000 0.00000000 0.00000000
vn 0.00000000 0.00000000 1.00000000
vn -1.00000000 0.00000000 0.00000000
vn -1.00000000 0.00000000 0.00000000
vn 0.00000000 0.00000000 1.00000000
vn -1.00000000 0.00000000 0.00000000
vn 0.00000000 0.00000000 1.00000000
vn 0.00000000 0.00000000 1.00000000
vn 0.00000000 0.00000000 1.00000000
vn 1.00000000 0.00000000 0.00000000
vn 0.00000000 0.00000000 1.00000000
vn 1.00000000 0.00000000 0.00000000
vn 0.00000000 0.00000000 1.00000000
vn 1.00000000 0.00000000 0.00000000
vn 0.00000000 0.00000000 1.00000000
vn 1.00000000 0.00000000 0.00000000
vn -1.00000000 0.00000000 0.00000000
vn 0.00000000 1.00000000 0.00000000
vn -1.00000000 0.00000000 0.00000000
vn 0.00000000 -1.00000000 0.00000000
vn 0.00000000 1.00000000 0.00000000
vn 1.00000000 0.00000000 0.00000000
vn 0.00000000 0.00000000 1.00000000
vn 0.00000000 1.00000000 0.00000000
vn -1.00000000 0.00000000 0.00000000
vn 1.00000000 0.00000000 0.00000000
vn 0.00000000 -1.00000000 0.00000000
vn 0.00000000 0.00000000 1.00000000
vn 0.00000000 1.00000000 0.00000000
vn 1.00000000 0.00000000 0.00000000
vn -1.00000000 0.00000000 0.00000000
vn 0.00000000 -0.70710000 0.70710000
vn 0.00000000 -1.00000000 0.00000000
vn 0.00000000 -0.38270000 0.92390000
vn -1.00000000 0.00000000 0.00000000
vn 0.00000000 -0.38270000 0.92390000
vn 1.00000000 0.00000000 0.00000000
vn 0.00000000 -0.38270000 0.92390000
vn 0.00000000 -0.38270000 0.92390000
vn 0.00000000 -1.00000000 0.00000000
vn 0.00000000 -0.70710000 0.70710000
vn 1.00000000 0.00000000 0.00000000
vn 0.00000000 1.00000000 0.00000000
vn 0.00000000 0.00000000 1.00000000
vn 0.00000000 -1.00000000 0.00000000
vn 0.00000000 -1.00000000 0.00000000
vn 0.00000000 1.00000000 0.00000000
vn 0.00000000 1.00000000 0.00000000
vn 0.00000000 0.00000000 1.00000000
vn 0.00000000 -1.00000000 0.00000000
vn 0.00000000 0.00000000 1.00000000
vn 0.00000000 1.00000000 0.00000000
vn 0.00000000 -1.00000000 0.00000000
vn 0.00000000 0.00000000 1.00000000
vn 0.00000000 0.00000000 1.00000000
vn 0.00000000 0.00000000 1.00000000
vn 0.00000000 0.00000000 1.00000000
vn 0.00000000 0.00000000 1.00000000
vn 0.00000000 0.00000000 1.00000000
vn 0.00000000 0.00000000 1.00000000
vn 0.00000000 0.00000000 1.00000000
vn 0.00000000 0.00000000 1.00000000
vn -1.00000000 0.00000000 0.00000000
vn 0.00000000 1.00000000 0.00000000
vn 0.00000000 0.00000000 1.00000000
vn 0.00000000 -1.00000000 0.00000000
vn -1.00000000 0.00000000 0.00000000
vn -1.00000000 0.00000000 0.00000000
vn 0.00000000 -1.00000000 0.00000000
vn 0.00000000 1.00000000 0.00000000
vn 1.00000000 0.00000000 0.00000000
vn 0.00000000 0.00000000 1.00000000
vn -1.00000000 0.00000000 0.00000000
vn 0.00000000 1.00000000 0.00000000
vn 1.00000000 0.00000000 0.00000000
vn 0.00000000 -1.00000000 0.00000000
vn 0.00000000 1.00000000 0.00000000
vn 1.00000000 0.00000000 0.00000000
vn 0.00000000 0.00000000 1.00000000
vn 0.00000000 0.00000000 1.00000000
vn 1.00000000 0.00000000 0.00000000
vn 0.00000000 -1.00000000 0.00000000
vn -1.00000000 0.00000000 0.00000000
vn -1.00000000 0.00000000 0.00000000
vn 0.00000000 0.00000000 1.00000000
vn -1.00000000 0.00000000 0.00000000
vn 0.00000000 0.00000000 1.00000000
vn -1.00000000 0.00000000 0.00000000
vn 0.00000000 0.00000000 1.00000000
vn 0.00000000 0.00000000 1.00000000
vn 0.00000000 0.00000000 1.00000000
vn 1.00000000 0.00000000 0.00000000
vn 0.00000000 0.00000000 1.00000000
vn 1.00000000 0.00000000 0.00000000
vn 1.00000000 0.00000000 0.00000000
vn 0.00000000 0.00000000 1.00000000
vn 1.00000000 0.00000000 0.00000000
vn 0.00000000 0.00000000 1.00000000
vn -1.00000000 0.00000000 0.00000000
vn 0.00000000 1.00000000 0.00000000
vn 0.00000000 -1.00000000 0.00000000
vn -1.00000000 0.00000000 0.00000000
vn 0.00000000 1.00000000 0.00000000
vn 1.00000000 0.00000000 0.00000000
vn -1.00000000 0.00000000 0.00000000
vn 0.00000000 1.00000000 0.00000000
vn 0.00000000 0.00000000 1.00000000
vn 0.00000000 -1.00000000 0.00000000
vn 1.00000000 0.00000000 0.00000000
vn 1.00000000 0.00000000 0.00000000
vn 0.00000000 0.00000000 1.00000000
vn 0.00000000 1.00000000 0.00000000
vn 0.00000000 -1.00000000 0.00000000
vn 0.00000000 -0.70710000 0.70710000
vn -1.00000000 0.00000000 0.00000000
vn 0.00000000 -0.38270000 0.92390000
vn -1.00000000 0.00000000 0.00000000
vn 0.00000000 -0.38270000 0.92390000
vn 0.00000000 -0.38270000 0.92390000
vn 1.00000000 0.00000000 0.00000000
vn 0.00000000 -0.38270000 0.92390000
vn 0.00000000 -1.00000000 0.00000000
vn 1.00000000 0.00000000 0.00000000
vn 0.00000000 -0.70710000 0.70710000
vn 0.00000000 1.00000000 0.00000000
vn 0.00000000 -1.00000000 0.00000000
vn 0.00000000 0.00000000 1.00000000
vn 0.00000000 -1.00000000 0.00000000
vn 0.00000000 1.00000000 0.00000000
vn 0.00000000 1.00000000 0.00000000
vn 0.00000000 0.00000000 1.00000000
vn 0.00000000 -1.00000000 0.00000000
vn 0.00000000 1.00000000 0.00000000
vn 0.00000000 0.00000000 1.00000000
vn 0.00000000 -1.00000000 0.00000000
vn 0.00000000 0.00000000 1.00000000
vn 0.00000000 0.00000000 1.00000000
vn 0.00000000 0.00000000 1.00000000
vn 0.00000000 0.00000000 1.00000000
vn 0.00000000 0.00000000 1.00000000
vn 0.00000000 0.00000000 1.00000000
vn 0.00000000 0.00000000 1.00000000
vn 0.00000000 0.00000000 1.00000000
vn 0.00000000 0.00000000 1.00000000
vn -1.00000000 0.00000000 0.00000000
vn 0.00000000 1.00000000 0.00000000
vn -1.00000000 0.00000000 0.00000000
vn 0.00000000 -1.00000000 0.00000000
vn 0.00000000 0.00000000 1.00000000
vn -1.00000000 0.00000000 0.00000000
vn 0.00000000 -1.00000000 0.00000000
vn 0.00000000 1.00000000 0.00000000
vn 1.00000000 0.00000000 0.00000000
vn 0.00000000 0.00000000 1.00000000
vn -1.00000000 0.00000000 0.00000000
vn 0.00000000 1.00000000 0.00000000
vn 0.00000000 -1.00000000 0.00000000
vn 1.00000000 0.00000000 0.00000000
vn 1.00000000 0.00000000 0.00000000
vn 0.00000000 0.00000000 1.00000000
vn 0.00000000 1.00000000 0.00000000
vn 1.00000000 0.00000000 0.00000000
vn 0.00000000 0.00000000 1.00000000
vn 0.00000000 -1.00000000 0.00000000
vn -1.00000000 0.00000000 0.00000000
vn -1.00000000 0.00000000 0.00000000
vn 0.00000000 0.00000000 1.00000000
vn -1.00000000 0.00000000 0.00000000
vn -1.00000000 0.00000000 0.00000000
vn 0.00000000 0.00000000 1.00000000
vn 0.00000000 0.00000000 1.00000000
vn 0.00000000 0.00000000 1.00000000
vn 0.00000000 0.00000000 1.00000000
vn 1.00000000 0.00000000 0.00000000
vn 0.00000000 0.00000000 1.00000000
vn 1.00000000 0.00000000 0.00000000
vn 0.00000000 0.00000000 1.00000000
vn 1.00000000 0.00000000 0.00000000
vn 1.00000000 0.00000000 0.00000000
vn 0.00000000 0.00000000 1.00000000
vn 0.00000000 1.00000000 0.00000000
vn -1.00000000 0.00000000 0.00000000
vn -1.00000000 0.00000000 0.00000000
vn 0.00000000 -1.00000000 0.00000000
vn 1.00000000 0.00000000 0.00000000
vn 0.00000000 1.00000000 0.00000000
vn 0.00000000 1.00000000 0.00000000
vn 0.00000000 0.00000000 1.00000000
vn -1.00000000 0.00000000 0.00000000
vn 1.00000000 0.00000000 0.00000000
vn 0.00000000 -1.00000000 0.00000000
vn 0.00000000 0.00000000 1.00000000
vn 1.00000000 0.00000000 0.00000000
vn 0.00000000 1.00000000 0.00000000
vn 0.00000000 -1.00000000 0.00000000
vn 0.00000000 -0.70710000 0.70710000
vn -1.00000000 0.00000000 0.00000000
vn -1.00000000 0.00000000 0.00000000
vn 0.00000000 -0.70710000 0.70710000
vn 0.00000000 0.00000000 1.00000000
vn 1.00000000 0.00000000 0.00000000
vn 0.00000000 -0.70710000 0.70710000
vn 0.00000000 0.00000000 1.00000000
vn 0.00000000 -1.00000000 0.00000000
vn 0.00000000 -0.70710000 0.70710000
vn 1.00000000 0.00000000 0.00000000
vn 0.00000000 1.00000000 0.00000000
vn 0.00000000 -1.00000000 0.00000000
vn 0.00000000 0.00000000 1.00000000
vn 0.00000000 -1.00000000 0.00000000
vn 0.00000000 1.00000000 0.00000000
vn 0.00000000 1.00000000 0.00000000
vn 0.00000000 0.00000000 1.00000000
vn 0.00000000 -1.00000000 0.00000000
vn 0.00000000 1.00000000 0.00000000
vn 0.00000000 0.00000000 1.00000000
vn 0.00000000 -1.00000000 0.00000000
vn 0.00000000 0.00000000 1.00000000
vn 0.00000000 0.00000000 1.00000000
vn 0.00000000 0.00000000 1.00000000
vn 0.00000000 0.00000000 1.00000000
vn 0.00000000 0.00000000 1.00000000
vn 0.00000000 -1.00000000 0.00000000
vn 0.00000000 0.00000000 1.00000000
vn -1.00000000 0.00000000 0.00000000
vn -1.00000000 0.00000000 0.00000000
vn 0.00000000 0.00000000 1.00000000
vn 0.00000000 1.00000000 0.00000000
vn 0.00000000 0.00000000 -1.00000000
vn -1.00000000 0.00000000 0.00000000
vn 0.00000000 -1.00000000 0.00000000
vn 0.00000000 1.00000000 0.00000000
vn -1.00000000 0.00000000 0.00000000
vn 0.00000000 0.00000000 -1.00000000
vn 0.00000000 -1.00000000 0.00000000
vn 0.00000000 0.00000000 1.00000000
vn 1.00000000 0.00000000 0.00000000
vn 1.00000000 0.00000000 0.00000000
vn 0.00000000 0.00000000 1.00000000
vn 0.00000000 1.00000000 0.00000000
vn 0.00000000 -1.00000000 0.00000000
vn 0.00000000 0.00000000 -1.00000000
vn 1.00000000 0.00000000 0.00000000
vn 0.00000000 0.00000000 -1.00000000
vn 0.00000000 1.00000000 0.00000000
vn 1.00000000 0.00000000 0.00000000
vn 0.00000000 0.50660000 0.86220000
vn -0.86220000 0.50660000 0.00000000
vn 0.00000000 1.00000000 0.00000000
vn 0.86220000 0.50660000 0.00000000
vn 0.00000000 1.00000000 0.00000000
vn 0.00000000 0.50660000 0.86220000
vn 0.00000000 1.00000000 0.00000000
vn 0.86220000 0.50660000 0.00000000
vn 0.00000000 0.50660000 -0.86220000
vn 0.00000000 0.50660000 -0.86220000
vn 0.00000000 1.00000000 0.00000000
vn -0.86220000 0.50660000 0.00000000
vn 0.86220000 0.50660000 0.00000000
vn 0.00000000 0.50660000 0.86220000
vn 0.00000000 1.00000000 0.00000000
vn 0.00000000 0.50660000 0.86220000
vn 0.00000000 1.00000000 0.00000000
vn -0.86220000 0.50660000 0.00000000
vn 0.00000000 0.50660000 -0.86220000
vn -0.86220000 0.50660000 0.00000000
vn 0.00000000 1.00000000 0.00000000
vn 0.00000000 1.00000000 0.00000000
vn 0.86220000 0.50660000 0.00000000
vn 0.00000000 0.50660000 -0.86220000
vn -1.00000000 0.00000000 0.00000000
vn 0.00000000 -1.00000000 0.00000000
vn 0.00000000 0.00000000 1.00000000
vn 0.00000000 0.00000000 1.00000000
vn -1.00000000 0.00000000 0.00000000
vn 0.00000000 1.00000000 0.00000000
vn -1.00000000 0.00000000 0.00000000
vn 0.00000000 0.00000000 -1.00000000
vn 0.00000000 -1.00000000 0.00000000
vn -1.00000000 0.00000000 0.00000000
vn 0.00000000 0.00000000 -1.00000000
vn 0.00000000 1.00000000 0.00000000
vn 0.00000000 0.00000000 1.00000000
vn 0.00000000 -1.00000000 0.00000000
vn 1.00000000 0.00000000 0.00000000
vn 0.00000000 1.00000000 0.00000000
vn 0.00000000 0.00000000 1.00000000
vn 1.00000000 0.00000000 0.00000000
vn 1.00000000 0.00000000 0.00000000
vn 0.00000000 0.00000000 -1.00000000
vn 0.00000000 -1.00000000 0.00000000
vn 0.00000000 0.00000000 -1.00000000
vn 0.00000000 1.00000000 0.00000000
vn 1.00000000 0.00000000 0.00000000
vn -1.00000000 0.00000000 0.00000000
vn 0.00000000 -1.00000000 0.00000000
vn 0.00000000 -1.00000000 0.00000000
vn -1.00000000 0.00000000 0.00000000
vn -1.00000000 0.00000000 0.00000000
vn 0.00000000 1.00000000 0.00000000
vn -1.00000000 0.00000000 0.00000000
vn 0.00000000 1.00000000 0.00000000
vn 0.00000000 -1.00000000 0.00000000
vn 1.00000000 0.00000000 0.00000000
vn 1.00000000 0.00000000 0.00000000
vn 0.00000000 -1.00000000 0.00000000
vn 1.00000000 0.00000000 0.00000000
vn 0.00000000 1.00000000 0.00000000
vn 1.00000000 0.00000000 0.00000000
vn 0.00000000 1.00000000 0.00000000
vn 0.00000000 -1.00000000 0.00000000
vn 0.00000000 0.00000000 1.00000000
vn -1.00000000 0.00000000 0.00000000
vn 0.00000000 1.00000000 0.00000000
vn 0.00000000 0.00000000 1.00000000
vn -1.00000000 0.00000000 0.00000000
vn -1.00000000 0.00000000 0.00000000
vn 0.00000000 -1.00000000 0.00000000
vn 0.00000000 0.00000000 -1.00000000
vn -1.00000000 0.00000000 0.00000000
vn 0.00000000 1.00000000 0.00000000
vn 0.00000000 0.00000000 -1.00000000
vn 0.00000000 0.00000000 1.00000000
vn 1.00000000 0.00000000 0.00000000
vn 0.00000000 -1.00000000 0.00000000
vn 1.00000000 0.00000000 0.00000000
vn 0.00000000 1.00000000 0.00000000
vn 0.00000000 0.00000000 1.00000000
vn 1.00000000 0.00000000 0.00000000
vn 0.00000000 -1.00000000 0.00000000
vn 0.00000000 0.00000000 -1.00000000
vn 0.00000000 1.00000000 0.00000000
vn 0.00000000 0.00000000 -1.00000000
vn 1.00000000 0.00000000 0.00000000
vn 0.00000000 -1.00000000 0.00000000
vn -1.00000000 0.00000000 0.00000000
vn -1.00000000 0.00000000 0.00000000
vn 0.00000000 -1.00000000 0.00000000
vn -1.00000000 0.00000000 0.00000000
vn 0.00000000 1.00000000 0.00000000
vn -1.00000000 0.00000000 0.00000000
vn 0.00000000 1.00000000 0.00000000
vn 1.00000000 0.00000000 0.00000000
vn 0.00000000 -1.00000000 0.00000000
vn 1.00000000 0.00000000 0.00000000
vn 0.00000000 -1.00000000 0.00000000
vn 0.00000000 1.00000000 0.00000000
vn 1.00000000 0.00000000 0.00000000
vn 0.00000000 1.00000000 0.00000000
vn 1.00000000 0.00000000 0.00000000
vn 1.00000000 0.00000000 0.00000000
vn 1.00000000 0.00000000 0.00000000
vn 1.00000000 0.00000000 0.00000000
vn 1.00000000 0.00000000 0.00000000
vn 1.00000000 0.00000000 0.00000000
vn 1.00000000 0.00000000 0.00000000
vn 1.00000000 0.00000000 0.00000000
vn 1.00000000 0.00000000 0.00000000
vn -1.00000000 0.00000000 0.00000000
vn -1.00000000 0.00000000 0.00000000
vn -1.00000000 0.00000000 0.00000000
vn -1.00000000 0.00000000 0.00000000
vn -1.00000000 0.00000000 0.00000000
vn -1.00000000 0.00000000 0.00000000
vn -1.00000000 0.00000000 0.00000000
vn -1.00000000 0.00000000 0.00000000
vn 0.00000000 0.00000000 -1.00000000
vn 0.00000000 0.00000000 -1.00000000
vn 0.00000000 0.00000000 -1.00000000
vn 0.00000000 0.00000000 -1.00000000
vn 0.00000000 0.00000000 -1.00000000
vn 0.00000000 0.00000000 -1.00000000
vn 0.00000000 0.00000000 -1.00000000
vn 0.00000000 0.00000000 -1.00000000
vn 0.00000000 0.00000000 -1.00000000
vn 0.00000000 0.00000000 -1.00000000
vn 0.00000000 0.00000000 -1.00000000
vn 0.00000000 0.00000000 -1.00000000
vn 0.00000000 0.00000000 -1.00000000
vn 0.00000000 0.00000000 -1.00000000
vn 0.00000000 0.00000000 -1.00000000
vn 0.00000000 0.00000000 -1.00000000
vn -1.00000000 0.00000000 0.00000000
vn -1.00000000 0.00000000 0.00000000
vn -1.00000000 0.00000000 0.00000000
vn -1.00000000 0.00000000 0.00000000
vn 1.00000000 0.00000000 0.00000000
vn 1.00000000 0.00000000 0.00000000
vn 1.00000000 0.00000000 0.00000000
vn 1.00000000 0.00000000 0.00000000
vn 0.00000000 0.00000000 1.00000000
vn -1.00000000 0.00000000 0.00000000
vn 0.00000000 1.00000000 0.00000000
vn 0.00000000 0.00000000 1.00000000
vn -1.00000000 0.00000000 0.00000000
vn 0.00000000 -1.00000000 0.00000000
vn 0.00000000 -1.00000000 0.00000000
vn -1.00000000 0.00000000 0.00000000
vn -1.00000000 0.00000000 0.00000000
vn 0.00000000 0.00000000 1.00000000
vn 0.00000000 1.00000000 0.00000000
vn 0.00000000 0.00000000 1.00000000
vn 1.00000000 0.00000000 0.00000000
vn 0.00000000 0.00000000 1.00000000
vn 1.00000000 0.00000000 0.00000000
vn 1.00000000 0.00000000 0.00000000
vn 0.00000000 0.00000000 1.00000000
vn 0.00000000 0.00000000 1.00000000
vn 1.00000000 0.00000000 0.00000000
vn 0.00000000 1.00000000 0.00000000
vn -1.00000000 0.00000000 0.00000000
vn 0.00000000 -1.00000000 0.00000000
vn -1.00000000 0.00000000 0.00000000
vn 0.00000000 1.00000000 0.00000000
vn 0.00000000 0.00000000 1.00000000
vn -1.00000000 0.00000000 0.00000000
vn -1.00000000 0.00000000 0.00000000
vn 0.00000000 -1.00000000 0.00000000
vn 0.00000000 0.00000000 1.00000000
vn 0.00000000 0.00000000 1.00000000
vn 0.00000000 0.00000000 1.00000000
vn 1.00000000 0.00000000 0.00000000
vn 0.00000000 1.00000000 0.00000000
vn 0.00000000 -1.00000000 0.00000000
vn 1.00000000 0.00000000 0.00000000
vn 1.00000000 0.00000000 0.00000000
vn 0.00000000 0.00000000 1.00000000
vn 0.00000000 1.00000000 0.00000000
vn 0.00000000 0.00000000 1.00000000
vn 0.00000000 -1.00000000 0.00000000
vn 1.00000000 0.00000000 0.00000000
vn -1.00000000 0.00000000 0.00000000
vn 0.00000000 0.00000000 1.00000000
vn -1.00000000 0.00000000 0.00000000
vn -1.00000000 0.00000000 0.00000000
vn -1.00000000 0.00000000 0.00000000
vn 0.00000000 0.00000000 1.00000000
vn 0.00000000 0.00000000 1.00000000
vn 0.00000000 0.00000000 1.00000000
vn 1.00000000 0.00000000 0.00000000
vn 0.00000000 1.00000000 0.00000000
vn 0.00000000 -1.00000000 0.00000000
vn 1.00000000 0.00000000 0.00000000
vn 1.00000000 0.00000000 0.00000000
vn 0.00000000 1.00000000 0.00000000
vn 0.00000000 0.00000000 1.00000000
vn 0.00000000 -1.00000000 0.00000000
vn 0.00000000 0.00000000 1.00000000
vn 1.00000000 0.00000000 0.00000000
vn 0.00000000 0.00000000 1.00000000
vn 0.00000000 0.00000000 1.00000000
vn 1.00000000 0.00000000 0.00000000
vn 0.00000000 1.00000000 0.00000000
vn 0.00000000 0.00000000 1.00000000
vn 0.00000000 -1.00000000 0.00000000
vn 1.00000000 0.00000000 0.00000000
vn 1.00000000 0.00000000 0.00000000
vn 0.00000000 -1.00000000 0.00000000
vn 1.00000000 0.00000000 0.00000000
vn 0.00000000 1.00000000 0.00000000
vn 0.00000000 0.00000000 1.00000000
vn 0.00000000 0.00000000 1.00000000
vn -1.00000000 0.00000000 0.00000000
vn 0.00000000 0.00000000 1.00000000
vn -1.00000000 0.00000000 0.00000000
vn -1.00000000 0.00000000 0.00000000
vn 0.00000000 0.00000000 1.00000000
vn 0.00000000 0.00000000 1.00000000
vn -1.00000000 0.00000000 0.00000000
vn 1.00000000 0.00000000 0.00000000
vn 0.00000000 1.00000000 0.00000000
vn 1.00000000 0.00000000 0.00000000
vn 0.00000000 -1.00000000 0.00000000
vn 0.00000000 1.00000000 0.00000000
vn 0.00000000 0.00000000 1.00000000
vn 1.00000000 0.00000000 0.00000000
vn 1.00000000 0.00000000 0.00000000
vn 0.00000000 -1.00000000 0.00000000
vn 0.00000000 0.00000000 1.00000000
vn 0.00000000 0.00000000 1.00000000
vn 0.00000000 0.00000000 1.00000000
vn 0.00000000 1.00000000 0.00000000
vn -1.00000000 0.00000000 0.00000000
vn -1.00000000 0.00000000 0.00000000
vn 0.00000000 -1.00000000 0.00000000
vn 0.00000000 0.00000000 1.00000000
vn -1.00000000 0.00000000 0.00000000
vn 0.00000000 1.00000000 0.00000000
vn 0.00000000 -1.00000000 0.00000000
vn -1.00000000 0.00000000 0.00000000
vn 0.00000000 0.00000000 1.00000000
vn 1.00000000 0.00000000 0.00000000
vn 0.00000000 0.00000000 1.00000000
vn 1.00000000 0.00000000 0.00000000
vn 1.00000000 0.00000000 0.00000000
vn 0.00000000 0.00000000 1.00000000
vn 1.00000000 0.00000000 0.00000000
vn 0.00000000 0.00000000 1.00000000
vn 0.00000000 0.00000000 1.00000000
vn -1.00000000 0.00000000 0.00000000
vn 0.00000000 1.00000000 0.00000000
vn 0.00000000 -1.00000000 0.00000000
vn -1.00000000 0.00000000 0.00000000
vn 0.00000000 1.00000000 0.00000000
vn 0.00000000 0.00000000 1.00000000
vn -1.00000000 0.00000000 0.00000000
vn -1.00000000 0.00000000 0.00000000
vn 0.00000000 -1.00000000 0.00000000
vn 0.00000000 0.00000000 1.00000000
vn 0.00000000 0.00000000 1.00000000
vn 0.00000000 0.00000000 1.00000000
vn 0.00000000 0.00000000 1.00000000
vn 0.00000000 0.00000000 1.00000000
vn 0.00000000 0.00000000 1.00000000
vn -1.00000000 0.00000000 0.00000000
vn 0.00000000 1.00000000 0.00000000
vn 0.00000000 -1.00000000 0.00000000
vn -1.00000000 0.00000000 0.00000000
vn 0.00000000 0.00000000 1.00000000
vn -1.00000000 0.00000000 0.00000000
vn 0.00000000 -1.00000000 0.00000000
vn 0.00000000 1.00000000 0.00000000
vn 1.00000000 0.00000000 0.00000000
vn 0.00000000 1.00000000 0.00000000
vn -1.00000000 0.00000000 0.00000000
vn 0.00000000 0.00000000 1.00000000
vn 0.00000000 -1.00000000 0.00000000
vn 1.00000000 0.00000000 0.00000000
vn 0.00000000 0.00000000 1.00000000
vn 0.00000000 1.00000000 0.00000000
vn 1.00000000 0.00000000 0.00000000
vn 0.00000000 -1.00000000 0.00000000
vn 0.00000000 0.00000000 1.00000000
vn 1.00000000 0.00000000 0.00000000
vn -1.00000000 0.00000000 0.00000000
vn 0.00000000 0.00000000 1.00000000
vn -1.00000000 0.00000000 0.00000000
vn -1.00000000 0.00000000 0.00000000
vn -1.00000000 0.00000000 0.00000000
vn 0.00000000 0.00000000 1.00000000
vn 0.00000000 0.00000000 1.00000000
vn 0.00000000 0.00000000 1.00000000
vn 0.00000000 0.00000000 1.00000000
vn 1.00000000 0.00000000 0.00000000
vn 0.00000000 0.00000000 1.00000000
vn 1.00000000 0.00000000 0.00000000
vn 0.00000000 0.00000000 1.00000000
vn 1.00000000 0.00000000 0.00000000
vn 0.00000000 0.00000000 1.00000000
vn 1.00000000 0.00000000 0.00000000
vn -1.00000000 0.00000000 0.00000000
vn 0.00000000 1.00000000 0.00000000
vn -1.00000000 0.00000000 0.00000000
vn 0.00000000 1.00000000 0.00000000
vn 1.00000000 0.00000000 0.00000000
vn 0.00000000 1.00000000 0.00000000
vn -1.00000000 0.00000000 0.00000000
vn 0.00000000 0.00000000 1.00000000
vn 1.00000000 0.00000000 0.00000000
vn 1.00000000 0.00000000 0.00000000
vn 0.00000000 1.00000000 0.00000000
vn 0.00000000 0.00000000 1.00000000
vn 0.00000000 0.00000000 1.00000000
vn -1.00000000 0.00000000 0.00000000
vn 1.00000000 0.00000000 0.00000000
vn 0.00000000 0.00000000 1.00000000
vn 0.00000000 1.00000000 0.00000000
vn 0.00000000 -1.00000000 0.00000000
vn 0.00000000 0.00000000 1.00000000
vn 0.00000000 -1.00000000 0.00000000
vn 0.00000000 1.00000000 0.00000000
vn 0.00000000 1.00000000 0.00000000
vn 0.00000000 0.00000000 1.00000000
vn 0.00000000 -1.00000000 0.00000000
vn 0.00000000 1.00000000 0.00000000
vn 0.00000000 0.00000000 1.00000000
vn 0.00000000 0.00000000 1.00000000
vn 0.00000000 -1.00000000 0.00000000
vn 0.00000000 0.00000000 1.00000000
vn 0.00000000 0.00000000 1.00000000
vn 0.00000000 0.00000000 1.00000000
vn 0.00000000 0.00000000 1.00000000
vn -1.00000000 0.00000000 0.00000000
vn -1.00000000 0.00000000 0.00000000
vn 0.00000000 0.00000000 1.00000000
vn -1.00000000 0.00000000 0.00000000
vn 0.00000000 0.00000000 1.00000000
vn -1.00000000 0.00000000 0.00000000
vn 0.00000000 0.00000000 1.00000000
vn 0.00000000 0.00000000 1.00000000
vn 0.00000000 0.00000000 1.00000000
vn 1.00000000 0.00000000 0.00000000
vn 0.00000000 0.00000000 1.00000000
vn 1.00000000 0.00000000 0.00000000
vn 0.00000000 0.00000000 1.00000000
vn 1.00000000 0.00000000 0.00000000
vn 0.00000000 0.00000000 1.00000000
vn 1.00000000 0.00000000 0.00000000
vn 0.00000000 0.00000000 1.00000000
vn 0.00000000 0.00000000 1.00000000
vn 0.00000000 0.00000000 1.00000000
vn 0.00000000 0.00000000 1.00000000
vn 0.00000000 1.00000000 0.00000000
vn 0.00000000 0.00000000 1.00000000
vn 0.00000000 1.00000000 0.00000000
vn 0.00000000 1.00000000 0.00000000
vn 0.00000000 0.00000000 1.00000000
vn 0.00000000 0.00000000 1.00000000
vn 0.00000000 1.00000000 0.00000000
vn 0.00000000 0.00000000 1.00000000
vn 0.00000000 -0.70710000 0.70710000
vn -0.70710000 -0.70710000 0.00000000
vn -0.57730000 -0.57740000 0.57730000
vn 0.00000000 -1.00000000 0.00000000
vn -0.70710000 0.00000000 0.70710000
vn 0.00000000 -0.70710000 0.70710000
vn 0.00000000 0.00000000 1.00000000
vn -0.57730000 -0.57740000 0.57730000
vn -0.70710000 0.00000000 0.70710000
vn -1.00000000 0.00000000 0.00000000
vn -0.57730000 -0.57740000 0.57730000
vn -0.70710000 -0.70710000 0.00000000
vn 0.00000000 0.70710000 0.70710000
vn -0.57740000 0.57740000 0.57730000
vn 0.00000000 0.00000000 1.00000000
vn -0.70710000 0.00000000 0.70710000
vn -0.70710000 0.70710000 0.00000000
vn 0.00000000 1.00000000 0.00000000
vn -0.57740000 0.57740000 0.57730000
vn 0.00000000 0.70710000 0.70710000
vn -0.57740000 0.57740000 0.57730000
vn -0.70710000 0.00000000 0.70710000
vn -0.70710000 0.70710000 0.00000000
vn -1.00000000 0.00000000 0.00000000
vn 0.00000000 -1.00000000 0.00000000
vn -0.57740000 -0.57730000 -0.57730000
vn -0.70710000 -0.70710000 0.00000000
vn 0.00000000 -0.70710000 -0.70710000
vn -0.57740000 -0.57730000 -0.57730000
vn -1.00000000 0.00000000 0.00000000
vn -0.70710000 0.00000000 -0.70710000
vn -0.70710000 -0.70710000 0.00000000
vn -0.70710000 0.00000000 -0.70710000
vn -0.57740000 -0.57730000 -0.57730000
vn 0.00000000 -0.70710000 -0.70710000
vn 0.00000000 1.00000000 0.00000000
vn -0.57740000 0.57730000 -0.57730000
vn -0.70710000 0.70710000 0.00000000
vn 0.00000000 0.70710000 -0.70710000
vn 0.00000000 0.70710000 -0.70710000
vn -0.70710000 0.00000000 -0.70710000
vn -0.57740000 0.57730000 -0.57730000
vn -0.70710000 0.00000000 -0.70710000
vn -0.70710000 0.70710000 0.00000000
vn -1.00000000 0.00000000 0.00000000
vn -0.57740000 0.57730000 -0.57730000
vn 0.00000000 -0.70710000 0.70710000
vn 0.00000000 -1.00000000 0.00000000
vn 0.57730000 -0.57740000 0.57730000
vn 0.70710000 -0.70710000 0.00000000
vn 0.70710000 0.00000000 0.70710000
vn 0.57730000 -0.57740000 0.57730000
vn 0.70710000 -0.70710000 0.00000000
vn 1.00000000 0.00000000 0.00000000
vn 0.70710000 0.00000000 0.70710000
vn 0.00000000 0.00000000 1.00000000
vn 0.57730000 -0.57740000 0.57730000
vn 0.00000000 -0.70710000 0.70710000
vn 0.00000000 1.00000000 0.00000000
vn 0.00000000 0.70710000 0.70710000
vn 0.57730000 0.57740000 0.57730000
vn 0.70710000 0.70710000 0.00000000
vn 0.57730000 0.57740000 0.57730000
vn 0.00000000 0.00000000 1.00000000
vn 0.70710000 0.00000000 0.70710000
vn 0.00000000 0.70710000 0.70710000
vn 0.57730000 0.57740000 0.57730000
vn 0.70710000 0.70710000 0.00000000
vn 0.70710000 0.00000000 0.70710000
vn 1.00000000 0.00000000 0.00000000
vn 0.00000000 -1.00000000 0.00000000
vn 0.00000000 -0.70710000 -0.70710000
vn 0.57740000 -0.57730000 -0.57730000
vn 0.70710000 -0.70710000 0.00000000
vn 0.57740000 -0.57730000 -0.57730000
vn 0.70710000 0.00000000 -0.70710000
vn 0.00000000 -0.70710000 -0.70710000
vn 1.00000000 0.00000000 0.00000000
vn 0.57740000 -0.57730000 -0.57730000
vn 0.70710000 -0.70710000 0.00000000
vn 0.70710000 0.00000000 -0.70710000
vn 0.00000000 1.00000000 0.00000000
vn 0.57740000 0.57730000 -0.57730000
vn 0.00000000 0.70710000 -0.70710000
vn 0.70710000 0.70710000 0.00000000
vn 1.00000000 0.00000000 0.00000000
vn 0.70710000 0.00000000 -0.70710000
vn 0.57740000 0.57730000 -0.57730000
vn 0.70710000 0.70710000 0.00000000
vn 0.00000000 0.70710000 -0.70710000
vn 0.57740000 0.57730000 -0.57730000
vn 0.70710000 0.00000000 -0.70710000
vn 0.00000000 0.00000000 -1.00000000
vn 0.00000000 0.00000000 -1.00000000
vn 0.00000000 0.00000000 -1.00000000
vn 0.00000000 0.00000000 -1.00000000
vn 0.00000000 0.00000000 1.00000000
vn 0.00000000 0.00000000 1.00000000
vn 0.00000000 0.00000000 1.00000000
vn 0.00000000 0.00000000 1.00000000
vn 0.00000000 0.00000000 1.00000000
vn 0.00000000 0.00000000 1.00000000
vn 0.00000000 0.00000000 1.00000000
vn 0.00000000 0.00000000 1.00000000
vn 0.00000000 0.00000000 1.00000000
vn 0.00000000 0.00000000 1.00000000
vn 0.00000000 0.00000000 1.00000000
vn 0.00000000 0.00000000 1.00000000
vn 0.00000000 0.00000000 1.00000000
vn 0.00000000 0.00000000 1.00000000
vn 0.00000000 0.00000000 1.00000000
vn 0.00000000 0.00000000 1.00000000
vn 0.00000000 0.00000000 1.00000000
vn 0.00000000 0.00000000 1.00000000
vn 0.00000000 0.00000000 1.00000000
vn 0.00000000 0.00000000 1.00000000
vn 0.00000000 0.00000000 1.00000000
vn 0.00000000 0.00000000 1.00000000
vn 0.00000000 0.00000000 1.00000000
vn 0.00000000 0.00000000 1.00000000
vn 0.00000000 0.00000000 1.00000000
vn 0.00000000 0.00000000 1.00000000
vn 0.00000000 0.00000000 1.00000000
vn 0.00000000 0.00000000 1.00000000
vn -1.00000000 0.00000000 0.00000000
vn 0.00000000 0.00000000 1.00000000
vn 0.00000000 0.85790000 0.51380000
vn 0.00000000 0.85790000 0.51380000
vn 0.00000000 0.85790000 0.51380000
vn 0.00000000 0.85790000 0.51380000
vn -1.00000000 0.00000000 0.00000000
vn 0.00000000 0.85790000 0.51380000
vn 0.00000000 0.00000000 1.00000000
vn 0.00000000 0.85790000 0.51380000
vn 0.00000000 0.00000000 1.00000000
vn 0.00000000 0.85790000 0.51380000
vn 0.00000000 0.85790000 0.51380000
vn 0.00000000 0.00000000 1.00000000
vn 0.00000000 0.00000000 1.00000000
vn 0.00000000 0.00000000 1.00000000
vn 0.00000000 0.00000000 1.00000000
vn 0.00000000 0.85790000 0.51380000
vn 0.00000000 0.85790000 0.51380000
vn 0.00000000 0.85790000 0.51380000
vn 0.00000000 0.00000000 1.00000000
vn 0.00000000 0.00000000 1.00000000
vn 0.00000000 0.85790000 0.51380000
vn 0.00000000 0.85790000 0.51380000
vn 0.00000000 0.00000000 1.00000000
vn 0.00000000 0.00000000 1.00000000
vn 0.00000000 0.85790000 0.51380000
vn 0.00000000 0.85790000 0.51380000
vn 0.00000000 0.85790000 0.51380000
vn 0.00000000 0.85790000 0.51380000
vn 0.00000000 0.85790000 0.51380000
vn 0.00000000 0.85790000 0.51380000
vn 0.00000000 0.85790000 0.51380000
vn 0.00000000 0.85790000 0.51380000
vn 0.00000000 0.85790000 0.51380000
vn 0.00000000 0.85790000 0.51380000
vn 0.00000000 0.85790000 0.51380000
vn -1.00000000 0.00000000 0.00000000
vn 0.00000000 0.00000000 1.00000000
vn -1.00000000 0.00000000 0.00000000
vn 0.00000000 0.00000000 1.00000000
vn 0.00000000 0.00000000 1.00000000
vn 0.00000000 0.00000000 1.00000000
vn 0.00000000 0.00000000 1.00000000
vn 0.00000000 0.00000000 1.00000000
vn 0.00000000 0.00000000 1.00000000
vn 0.00000000 0.00000000 1.00000000
vn 0.00000000 0.00000000 1.00000000
vn 0.00000000 0.00000000 1.00000000
vn 0.00000000 0.00000000 1.00000000
vn 0.00000000 0.00000000 1.00000000
vn 0.00000000 0.00000000 1.00000000
vn -1.00000000 0.00000000 0.00000000
vn 0.00000000 0.85790000 0.51380000
vn 0.00000000 0.00000000 1.00000000
vn 0.00000000 0.00000000 1.00000000
vn 0.00000000 0.85790000 0.51380000
vn 1.00000000 0.00000000 0.00000000
vn 0.00000000 0.85790000 0.51380000
vn 0.00000000 0.00000000 1.00000000
vn 1.00000000 0.00000000 0.00000000
vn 0.00000000 0.85790000 0.51380000
vn 0.00000000 0.85790000 0.51380000
vn 0.00000000 0.85790000 0.51380000
vn 0.00000000 0.00000000 1.00000000
vn 0.00000000 0.00000000 1.00000000
vn 0.00000000 0.00000000 1.00000000
vn 0.00000000 0.00000000 1.00000000
vn 0.00000000 0.85790000 0.51380000
vn 0.00000000 0.85790000 0.51380000
vn 0.00000000 0.85790000 0.51380000
vn 0.00000000 0.00000000 1.00000000
vn 0.00000000 0.00000000 1.00000000
vn 0.00000000 0.85790000 0.51380000
vn 0.00000000 0.85790000 0.51380000
vn 0.00000000 0.85790000 0.51380000
vn 0.00000000 0.85790000 0.51380000
vn 0.00000000 0.85790000 0.51380000
vn 0.00000000 0.85790000 0.51380000
vn 0.00000000 0.85790000 0.51380000
vn 1.00000000 0.00000000 0.00000000
vn 1.00000000 0.00000000 0.00000000
vn 0.00000000 0.00000000 1.00000000
vn 0.00000000 0.00000000 1.00000000
vn 0.00000000 0.00000000 1.00000000
vn 0.00000000 0.00000000 1.00000000
vn 0.00000000 0.00000000 1.00000000
vn 0.00000000 0.00000000 1.00000000
vn 0.00000000 0.00000000 1.00000000
vn 1.00000000 0.00000000 0.00000000
vn -0.15120000 -0.97820000 0.14240000
vn 0.00000000 0.00000000 1.00000000
vn -1.00000000 0.00000000 0.00000000
vn -1.00000000 0.00000000 0.00000000
vn -0.10810000 0.98890000 0.10180000
vn 0.00000000 0.00000000 1.00000000
vn -0.10810000 0.98890000 -0.10180000
vn 0.00000000 0.00000000 -1.00000000
vn -1.00000000 0.00000000 0.00000000
vn -1.00000000 0.00000000 0.00000000
vn 0.00000000 0.00000000 -1.00000000
vn -0.15120000 -0.97820000 -0.14240000
vn 0.00000000 0.04520000 -0.99900000
vn 0.95710000 0.19970000 -0.21010000
vn -0.00000000 0.99210000 -0.12560000
vn 0.95710000 0.19970000 -0.21010000
vn 0.00000000 0.04520000 -0.99900000
vn -0.95710000 0.19970000 -0.21010000
vn -0.95710000 0.19970000 -0.21010000
vn -0.00000000 0.99210000 -0.12560000
vn -0.96290000 0.21680000 0.16070000
vn 0.00000000 0.05660000 0.99840000
vn -0.00000000 0.99210000 -0.12560000
vn -0.96290000 0.21680000 0.16070000
vn 0.96290000 0.21680000 0.16070000
vn 0.96290000 0.21680000 0.16070000
vn -0.00000000 0.99210000 -0.12560000
vn 0.00000000 0.05660000 0.99840000
vn -1.00000000 0.00000000 0.00000000
vn -0.12770000 -0.97690000 -0.17130000
vn 0.00000000 0.00000000 -1.00000000
vn -0.09090000 0.98820000 -0.12320000
vn -0.09090000 0.98820000 0.12320000
vn -0.12770000 -0.97690000 0.17140000
vn 0.00000000 0.00000000 1.00000000
vn -1.00000000 0.00000000 0.00000000
vn 0.09090000 0.98820000 -0.12320000
vn 1.00000000 0.00000000 0.00000000
vn 0.00000000 0.00000000 -1.00000000
vn 0.12770000 -0.97690000 -0.17140000
vn 0.09090000 0.98820000 0.12320000
vn 1.00000000 0.00000000 0.00000000
vn 0.12770000 -0.97690000 0.17130000
vn 0.00000000 0.00000000 1.00000000
vn 0.10810000 0.98890000 0.10180000
vn 1.00000000 0.00000000 0.00000000
vn 0.00000000 0.00000000 1.00000000
vn 0.15120000 -0.97820000 0.14240000
vn 0.00000000 0.00000000 1.00000000
vn 1.00000000 0.00000000 0.00000000
vn 1.00000000 0.00000000 0.00000000
vn 0.00000000 0.00000000 -1.00000000
vn 0.10810000 0.98890000 -0.10180000
vn 0.15120000 -0.97820000 -0.14240000
vn 1.00000000 0.00000000 0.00000000
vn 0.00000000 0.00000000 -1.00000000
vn -0.27810000 -0.93890000 -0.20300000
vn -0.27810000 -0.93890000 -0.20300000
vn -0.64690000 -0.76260000 0.00000000
vn 0.00000000 0.00000000 -1.00000000
vn -1.00000000 0.00000000 0.00000000
vn -0.00000000 -0.84950000 -0.52750000
vn 0.00000000 0.00000000 1.00000000
vn -0.64690000 -0.76260000 0.00000000
vn 0.00000000 -0.84950000 0.52750000
vn -1.00000000 0.00000000 0.00000000
vn -0.27810000 -0.93890000 0.20300000
vn -0.27810000 -0.93890000 0.20300000
vn 1.00000000 0.00000000 0.00000000
vn -0.00000000 -0.84950000 -0.52750000
vn 0.00000000 0.00000000 -1.00000000
vn 0.64690000 -0.76260000 -0.00000000
vn 0.27810000 -0.93890000 -0.20300000
vn 0.27810000 -0.93890000 -0.20300000
vn 1.00000000 0.00000000 0.00000000
vn 0.00000000 0.00000000 1.00000000
vn 0.64690000 -0.76260000 -0.00000000
vn 0.00000000 -0.84950000 0.52750000
vn 0.27810000 -0.93890000 0.20300000
vn 0.27810000 -0.93890000 0.20300000
vn 0.00000000 0.00000000 -1.00000000
vn -0.98960000 0.14350000 -0.00930000
vn 0.00000000 0.99180000 -0.12820000
vn 0.00000000 0.00000000 1.00000000
vn -0.98960000 0.14350000 -0.00930000
vn 0.00000000 0.99180000 -0.12820000
vn 0.00000000 0.00000000 1.00000000
vn 0.98960000 0.14350000 -0.00930000
vn 0.00000000 0.99180000 -0.12820000
vn 0.98960000 0.14350000 -0.00930000
vn 0.00000000 0.99180000 -0.12820000
vn 0.00000000 0.00000000 -1.00000000
vn 0.00000000 0.00000000 -1.00000000
vn -0.98960000 0.14350000 -0.00930000
vn -0.98960000 0.14350000 -0.00930000
vn 0.00000000 0.00000000 1.00000000
vn 0.98960000 0.14350000 -0.00930000
vn 0.00000000 0.00000000 -1.00000000
vn 0.98960000 0.14350000 -0.00930000
vn 0.00000000 0.00000000 1.00000000
vn 0.00000000 0.04520000 -0.99900000
vn -0.00000000 0.99210000 -0.12560000
vn 0.95710000 0.19970000 -0.21010000
vn 0.95710000 0.19970000 -0.21010000
vn -0.95710000 0.19970000 -0.21010000
vn -0.95710000 0.19970000 -0.21010000
vn 0.00000000 0.04520000 -0.99900000
vn -0.00000000 0.99210000 -0.12560000
vn -0.96290000 0.21680000 0.16070000
vn 0.00000000 0.05660000 0.99840000
vn -0.00000000 0.99210000 -0.12560000
vn -0.96290000 0.21680000 0.16070000
vn 0.96290000 0.21680000 0.16070000
vn -0.00000000 0.99210000 -0.12560000
vn 0.00000000 0.05660000 0.99840000
vn 0.96290000 0.21680000 0.16070000
vn 0.00000000 0.99180000 -0.12820000
vn -0.95690000 0.20290000 -0.20760000
vn -0.95690000 0.20290000 -0.20760000
vn 0.00000000 0.00000000 -1.00000000
vn 0.95690000 0.20290000 -0.20760000
vn 0.95690000 0.20290000 -0.20760000
vn 0.00000000 0.00000000 -1.00000000
vn 0.00000000 0.99180000 -0.12820000
vn -0.95690000 0.20290000 -0.20760000
vn -0.95690000 0.20290000 -0.20760000
vn 0.00000000 0.99180000 -0.12820000
vn 0.00000000 0.00000000 -1.00000000
vn 0.00000000 0.00000000 -1.00000000
vn 0.95690000 0.20290000 -0.20760000
vn 0.95690000 0.20290000 -0.20760000
vn 0.00000000 0.99180000 -0.12820000
vn 0.00000000 0.99180000 -0.12820000
vn 0.96310000 0.20200000 0.17770000
vn 0.00000000 0.00000000 1.00000000
vn 0.96310000 0.20200000 0.17770000
vn 0.00000000 0.00000000 1.00000000
vn 0.00000000 0.99180000 -0.12820000
vn -0.96310000 0.20200000 0.17770000
vn -0.96310000 0.20200000 0.17770000
vn 0.00000000 0.99180000 -0.12820000
vn 0.96310000 0.20200000 0.17770000
vn 0.96310000 0.20200000 0.17770000
vn 0.00000000 0.00000000 1.00000000
vn -0.96310000 0.20200000 0.17770000
vn -0.96310000 0.20200000 0.17770000
vn 0.00000000 0.99180000 -0.12820000
vn 0.00000000 0.00000000 1.00000000
vn -0.92550000 0.01170000 0.37870000
vn 0.00000000 0.00000000 1.00000000
vn 0.00000000 0.00000000 1.00000000
vn 0.92550000 0.01170000 0.37870000
vn -0.92550000 0.01170000 0.37870000
vn 0.00000000 0.00000000 1.00000000
vn 0.92550000 0.01170000 0.37860000
vn 0.00000000 0.00000000 1.00000000
vn 0.93570000 0.00900000 -0.35280000
vn 0.00000000 0.00000000 -1.00000000
vn -0.93570000 0.00900000 -0.35280000
vn 0.00000000 0.00000000 -1.00000000
vn 0.93570000 0.00900000 -0.35280000
vn 0.00000000 0.00000000 -1.00000000
vn 0.00000000 0.00000000 -1.00000000
vn -0.93570000 0.00900000 -0.35280000
vn 0.00000000 0.05660000 0.99840000
vn 0.92550000 0.01170000 0.37860000
vn -0.92550000 0.01170000 0.37870000
vn 0.00000000 0.05660000 0.99840000
vn 0.00000000 0.05660000 0.99840000
vn 0.92550000 0.01170000 0.37870000
vn -0.92550000 0.01170000 0.37870000
vn 0.00000000 0.05660000 0.99840000
vn 0.00000000 0.04520000 -0.99900000
vn -0.93570000 0.00900000 -0.35280000
vn 0.93570000 0.00900000 -0.35280000
vn 0.00000000 0.04520000 -0.99900000
vn -0.93570000 0.00900000 -0.35280000
vn 0.00000000 0.04520000 -0.99900000
vn 0.00000000 0.04520000 -0.99900000
vn 0.93570000 0.00900000 -0.35280000
vn 0.97650000 -0.21570000 -0.00000000
vn -0.00000000 -0.21570000 -0.97650000
vn -0.00000000 -0.21570000 -0.97650000
vn 0.97650000 -0.21570000 -0.00000000
vn -0.00000000 0.21570000 -0.97650000
vn 0.97650000 0.21570000 -0.00000000
vn -0.00000000 0.21570000 -0.97650000
vn 0.97650000 0.21570000 -0.00000000
vn 0.86300000 -0.50520000 -0.00000000
vn -0.00000000 -0.50520000 -0.86300000
vn 0.86300000 0.50520000 -0.00000000
vn -0.00000000 0.50520000 -0.86300000
vn -0.97650000 0.21570000 0.00000000
vn -0.00000000 0.21570000 -0.97650000
vn -0.00000000 0.21570000 -0.97650000
vn -0.97650000 0.21570000 0.00000000
vn -0.00000000 -0.21570000 -0.97650000
vn -0.97650000 -0.21570000 0.00000000
vn -0.97650000 -0.21570000 0.00000000
vn -0.00000000 -0.21570000 -0.97650000
vn -0.86300000 0.50520000 0.00000000
vn -0.86300000 -0.50520000 0.00000000
vn -0.00000000 0.50520000 -0.86300000
vn -0.00000000 -0.50520000 -0.86300000
vn 0.00000000 -0.21570000 0.97650000
vn 0.00000000 -0.21570000 0.97650000
vn -0.97650000 -0.21570000 0.00000000
vn -0.97650000 -0.21570000 0.00000000
vn -0.97650000 0.21570000 0.00000000
vn -0.97650000 0.21570000 0.00000000
vn 0.00000000 0.21570000 0.97650000
vn 0.00000000 0.21570000 0.97650000
vn 0.00000000 -0.50520000 0.86300000
vn 0.00000000 0.50520000 0.86300000
vn -0.86300000 -0.50520000 0.00000000
vn -0.86300000 0.50520000 0.00000000
vn 0.00000000 0.21570000 0.97650000
vn 0.97650000 0.21570000 -0.00000000
vn 0.00000000 0.21570000 0.97650000
vn 0.97650000 0.21570000 -0.00000000
vn 0.00000000 -0.21570000 0.97650000
vn 0.97650000 -0.21570000 -0.00000000
vn 0.97650000 -0.21570000 -0.00000000
vn 0.00000000 -0.21570000 0.97650000
vn 0.86300000 0.50520000 -0.00000000
vn 0.00000000 0.50520000 0.86300000
vn 0.00000000 -0.50520000 0.86300000
vn 0.86300000 -0.50520000 -0.00000000
vn 0.00000000 0.00000000 1.00000000
vn 0.00000000 0.00000000 1.00000000
vn 0.00000000 0.00000000 1.00000000
vn 0.00000000 0.00000000 1.00000000
vn 0.98530000 0.00000000 -0.17110000
vn 0.17110000 0.00000000 0.98530000
vn 0.00000000 -1.00000000 0.00000000
vn -0.17110000 0.00000000 -0.98530000
vn 0.00000000 -1.00000000 0.00000000
vn 0.98530000 0.00000000 -0.17110000
vn 0.17110000 0.00000000 0.98530000
vn -0.98530000 0.00000000 0.17110000
vn 0.00000000 -1.00000000 0.00000000
vn 0.17110000 0.00000000 0.98530000
vn -0.98530000 0.00000000 0.17110000
vn 0.00000000 1.00000000 0.00000000
vn -0.98530000 0.00000000 0.17110000
vn -0.17110000 0.00000000 -0.98530000
vn 0.00000000 -1.00000000 0.00000000
vn -0.98530000 0.00000000 0.17110000
vn 0.00000000 1.00000000 0.00000000
vn -0.17110000 0.00000000 -0.98530000
vn -0.42160000 -0.90380000 0.07320000
vn -0.42160000 -0.90380000 0.07320000
vn 0.98530000 0.00000000 -0.17110000
vn 0.00000000 1.00000000 0.00000000
vn -0.42160000 -0.90380000 0.07320000
vn -0.17110000 0.00000000 -0.98530000
vn 0.00000000 1.00000000 0.00000000
vn -0.42160000 -0.90380000 0.07320000
vn 0.98530000 0.00000000 -0.17110000
vn 0.17110000 0.00000000 0.98530000
vn -0.17110000 0.00000000 -0.98530000
vn 0.00000000 1.00000000 0.00000000
vn 0.00000000 1.00000000 0.00000000
vn 0.00000000 1.00000000 0.00000000
vn 0.00000000 1.00000000 0.00000000
vn 0.17110000 0.00000000 0.98530000
vn -0.62860000 0.64820000 0.42980000
vn 0.02780000 0.55490000 0.83140000
vn 0.80830000 -0.04200000 0.58730000
vn 0.80830000 -0.04200000 0.58730000
vn 0.83660000 0.54780000 0.00000000
vn 0.80830000 -0.04200000 -0.58730000
vn 0.02780000 0.55490000 -0.83140000
vn 0.80830000 -0.04200000 -0.58730000
vn -0.62860000 0.64820000 -0.42980000
vn -0.18440000 0.71780000 0.67140000
vn -0.18440000 0.71780000 0.67140000
vn 0.45480000 0.84010000 0.29540000
vn 0.80830000 -0.04200000 0.58730000
vn 0.45480000 0.84010000 0.29540000
vn 0.80830000 -0.04200000 -0.58730000
vn 0.45480000 0.84010000 -0.29540000
vn 0.45480000 0.84010000 -0.29540000
vn -0.18440000 0.71780000 -0.67140000
vn -0.18440000 0.71780000 -0.67140000
vn -0.63340000 0.77380000 -0.00000000
vn -0.63340000 0.77380000 -0.00000000
vn -0.06270000 0.99800000 -0.00000000
vn -0.29530000 0.48850000 0.82110000
vn 0.99960000 -0.02890000 0.00450000
vn 0.52770000 0.39680000 0.75110000
vn 0.80100000 0.16150000 -0.57640000
vn -0.54460000 0.39680000 -0.73890000
vn 0.31320000 -0.02890000 -0.94930000
vn -0.87230000 0.48850000 0.01920000
vn 0.26890000 0.63220000 0.72670000
vn 0.26890000 0.63220000 0.72670000
vn 0.83610000 0.54820000 -0.01780000
vn 0.83610000 0.54820000 -0.01780000
vn 0.28240000 0.54820000 -0.78720000
vn 0.28240000 0.54820000 -0.78720000
vn -0.60360000 0.63220000 -0.48580000
vn -0.60360000 0.63220000 -0.48580000
vn -0.59780000 0.67650000 0.43020000
vn -0.59780000 0.67650000 0.43020000
vn -0.05950000 0.99730000 0.04280000
vn -0.38270000 0.00000000 -0.92390000
vn 0.38270000 0.00000000 -0.92390000
vn 0.00000000 0.87540000 -0.48350000
vn 0.38270000 0.00000000 -0.92390000
vn -0.38270000 0.00000000 -0.92390000
vn 0.00000000 -0.94720000 -0.32080000
vn 0.34190000 0.87540000 -0.34190000
vn 0.70710000 0.00000000 -0.70710000
vn 0.22680000 -0.94720000 -0.22680000
vn 0.70710000 0.00000000 -0.70710000
vn 0.92390000 0.00000000 0.38270000
vn 0.48350000 0.87540000 0.00000000
vn 0.92390000 0.00000000 -0.38270000
vn 0.92390000 0.00000000 0.38270000
vn 0.32080000 -0.94720000 0.00000000
vn 0.92390000 0.00000000 -0.38270000
vn 0.70710000 0.00000000 0.70710000
vn 0.70710000 0.00000000 0.70710000
vn 0.34190000 0.87540000 0.34190000
vn 0.70710000 0.00000000 0.70710000
vn 0.22680000 -0.94720000 0.22680000
vn 0.00000000 0.87540000 0.48350000
vn -0.38270000 0.00000000 0.92390000
vn 0.38270000 0.00000000 0.92390000
vn 0.38270000 0.00000000 0.92390000
vn 0.00000000 -0.94720000 0.32080000
vn -0.38270000 0.00000000 0.92390000
vn -0.34190000 0.87540000 0.34190000
vn -0.70710000 0.00000000 0.70710000
vn -0.70710000 0.00000000 0.70710000
vn -0.22680000 -0.94720000 0.22680000
vn -0.70710000 0.00000000 0.70710000
vn -0.92390000 0.00000000 0.38270000
vn -0.92390000 0.00000000 -0.38270000
vn -0.48350000 0.87540000 0.00000000
vn -0.92390000 0.00000000 0.38270000
vn -0.32080000 -0.94720000 0.00000000
vn -0.92390000 0.00000000 -0.38270000
vn -0.70710000 0.00000000 -0.70710000
vn -0.34190000 0.87540000 -0.34190000
vn -0.22680000 -0.94720000 -0.22680000
vn -0.70710000 0.00000000 -0.70710000
vn 0.17740000 0.96800000 -0.17740000
vn 0.63420000 0.44220000 -0.63420000
vn 0.63420000 0.44220000 -0.63420000
vn 0.00000000 0.96800000 -0.25090000
vn -0.00000000 0.44220000 -0.89690000
vn -0.00000000 0.44220000 -0.89690000
vn 0.89690000 0.44220000 0.00000000
vn 0.25090000 0.96800000 -0.00000000
vn 0.89690000 0.44220000 0.00000000
vn 0.63420000 0.44220000 0.63420000
vn 0.17740000 0.96800000 0.17740000
vn 0.63420000 0.44220000 0.63420000
vn -0.00000000 0.44220000 0.89690000
vn -0.00000000 0.44220000 0.89690000
vn 0.00000000 0.96800000 0.25090000
vn -0.63420000 0.44220000 0.63420000
vn -0.17740000 0.96800000 0.17740000
vn -0.63420000 0.44220000 0.63420000
vn -0.89690000 0.44220000 0.00000000
vn -0.89690000 0.44220000 0.00000000
vn -0.25090000 0.96800000 -0.00000000
vn -0.63420000 0.44220000 -0.63420000
vn -0.17740000 0.96800000 -0.17740000
vn -0.63420000 0.44220000 -0.63420000
vn 0.50960000 0.69330000 -0.50960000
vn -0.00000000 0.69330000 -0.72060000
vn 0.72060000 0.69330000 0.00000000
vn 0.50960000 0.69330000 0.50960000
vn -0.00000000 0.69330000 0.72060000
vn -0.50960000 0.69330000 0.50960000
vn -0.72060000 0.69330000 -0.00000000
vn -0.50960000 0.69330000 -0.50960000
vn 0.00000000 1.00000000 0.00000000
vn -0.32080000 -0.94720000 0.00000000
vn -0.92390000 0.00000000 0.38270000
vn -0.92390000 0.00000000 -0.38270000
vn -0.70710000 0.00000000 0.70710000
vn -0.22680000 -0.94720000 0.22680000
vn -0.38270000 0.00000000 0.92390000
vn 0.38270000 0.00000000 0.92390000
vn 0.00000000 -0.94720000 0.32080000
vn 0.70710000 0.00000000 0.70710000
vn 0.22680000 -0.94720000 0.22680000
vn 0.92390000 0.00000000 0.38270000
vn 0.92390000 0.00000000 -0.38270000
vn 0.32080000 -0.94720000 0.00000000
vn 0.00000000 0.00000000 -1.00000000
vn 0.00000000 -0.94720000 -0.32080000
vn 0.38270000 0.00000000 -0.92390000
vn 0.22680000 -0.94720000 -0.22680000
vn 0.92390000 0.00000000 -0.38270000
vn -0.38270000 0.00000000 -0.92390000
vn -0.92390000 0.00000000 -0.38270000
vn -0.22680000 -0.94720000 -0.22680000
vn 0.17740000 0.96800000 -0.17740000
vn 0.92390000 0.00000000 -0.38270000
vn 0.38270000 0.00000000 -0.92390000
vn 0.00000000 0.96800000 -0.25090000
vn 0.00000000 0.00000000 -1.00000000
vn 0.25090000 0.96800000 -0.00000000
vn 0.92390000 0.00000000 0.38270000
vn 0.92390000 0.00000000 -0.38270000
vn 0.17740000 0.96800000 0.17740000
vn 0.70710000 0.00000000 0.70710000
vn -0.38270000 0.00000000 0.92390000
vn 0.38270000 0.00000000 0.92390000
vn 0.00000000 0.96800000 0.25090000
vn -0.70710000 0.00000000 0.70710000
vn -0.17740000 0.96800000 0.17740000
vn -0.92390000 0.00000000 0.38270000
vn -0.25090000 0.96800000 -0.00000000
vn -0.92390000 0.00000000 -0.38270000
vn -0.92390000 0.00000000 -0.38270000
vn -0.38270000 0.00000000 -0.92390000
vn -0.17740000 0.96800000 -0.17740000
vn 0.00000000 0.00000000 1.00000000
vn 0.70710000 -0.70710000 0.00000000
vn 0.00000000 -1.00000000 0.00000000
vn 0.00000000 -1.00000000 0.00000000
vn 0.70710000 -0.70710000 0.00000000
vn 0.92390000 -0.38270000 0.00000000
vn 0.00000000 0.00000000 1.00000000
vn 0.92390000 -0.38270000 0.00000000
vn 0.92390000 -0.38270000 0.00000000
vn 0.92390000 -0.38270000 0.00000000
vn 0.00000000 0.00000000 1.00000000
vn 0.92390000 0.38270000 0.00000000
vn 0.92390000 0.38270000 0.00000000
vn 0.92390000 0.38270000 0.00000000
vn 0.92390000 0.38270000 0.00000000
vn 0.70710000 0.70710000 0.00000000
vn 0.00000000 1.00000000 0.00000000
vn 0.00000000 0.00000000 1.00000000
vn 0.70710000 0.70710000 0.00000000
vn 0.00000000 1.00000000 0.00000000
vn 0.00000000 0.87540000 -0.48350000
vn 0.00000000 0.00000000 -1.00000000
vn 0.34190000 0.87540000 -0.34190000
vn 0.38270000 0.00000000 -0.92390000
vn 0.92390000 0.00000000 -0.38270000
vn 0.48350000 0.87540000 0.00000000
vn 0.92390000 0.00000000 0.38270000
vn 0.92390000 0.00000000 -0.38270000
vn 0.70710000 0.00000000 0.70710000
vn 0.34190000 0.87540000 0.34190000
vn 0.38270000 0.00000000 0.92390000
vn 0.00000000 0.87540000 0.48350000
vn -0.38270000 0.00000000 0.92390000
vn -0.34190000 0.87540000 0.34190000
vn -0.70710000 0.00000000 0.70710000
vn -0.92390000 0.00000000 -0.38270000
vn -0.48350000 0.87540000 0.00000000
vn -0.92390000 0.00000000 0.38270000
vn -0.34190000 0.87540000 -0.34190000
vn -0.38270000 0.00000000 -0.92390000
vn -0.92390000 0.00000000 -0.38270000
vn 0.00000000 0.00000000 -1.00000000
vn 0.92390000 0.00000000 -0.38270000
vn 0.38270000 0.00000000 -0.92390000
vn 0.92390000 0.00000000 -0.38270000
vn 0.92390000 0.00000000 0.38270000
vn 0.70710000 0.00000000 0.70710000
vn 0.38270000 0.00000000 0.92390000
vn -0.38270000 0.00000000 0.92390000
vn -0.70710000 0.00000000 0.70710000
vn -0.92390000 0.00000000 -0.38270000
vn -0.92390000 0.00000000 0.38270000
vn -0.92390000 0.00000000 -0.38270000
vn -0.38270000 0.00000000 -0.92390000
vn -0.38270000 -0.92390000 -0.00000000
vn 0.00000000 0.00000000 1.00000000
vn -0.38270000 -0.92390000 -0.00000000
vn -0.92390000 -0.38270000 -0.00000000
vn -0.92390000 -0.38270000 -0.00000000
vn 0.00000000 0.00000000 1.00000000
vn -0.92390000 -0.38270000 -0.00000000
vn -0.92390000 -0.38270000 -0.00000000
vn -0.92390000 0.38270000 0.00000000
vn -0.92390000 0.38270000 0.00000000
vn -0.92390000 0.38270000 0.00000000
vn 0.00000000 0.00000000 1.00000000
vn -0.92390000 0.38270000 0.00000000
vn -0.70710000 0.70710000 0.00000000
vn 0.00000000 1.00000000 0.00000000
vn 0.00000000 0.00000000 1.00000000
vn -0.70710000 0.70710000 0.00000000
vn 0.00000000 1.00000000 0.00000000
vn -0.27540000 0.66500000 0.69420000
vn 0.00000000 0.00000000 1.00000000
vn -0.66500000 0.27540000 0.69420000
vn 0.00000000 0.00000000 1.00000000
vn -0.66500000 0.27540000 0.69420000
vn -0.66500000 -0.27540000 0.69420000
vn 0.00000000 0.00000000 1.00000000
vn -0.27540000 -0.66500000 0.69420000
vn 0.00000000 0.00000000 1.00000000
vn 0.00000000 0.00000000 1.00000000
vn 0.27540000 -0.66500000 0.69420000
vn 0.00000000 0.00000000 1.00000000
vn 0.66500000 -0.27540000 0.69420000
vn 0.66500000 0.27540000 0.69420000
vn 0.00000000 0.00000000 1.00000000
vn 0.66500000 0.27540000 0.69420000
vn 0.27540000 0.66500000 0.69420000
vn 0.00000000 0.00000000 1.00000000
vn 0.00000000 0.00000000 1.00000000
vn 0.00000000 0.00000000 1.00000000
vn 0.00000000 0.00000000 1.00000000
vn 0.00000000 -1.00000000 0.00000000
vn -1.00000000 0.00000000 0.00000000
vn -1.00000000 0.00000000 0.00000000
vn 0.00000000 0.00000000 1.00000000
vn 0.00000000 1.00000000 0.00000000
vn 0.00000000 -1.00000000 0.00000000
vn 0.00000000 0.00000000 -1.00000000
vn -1.00000000 0.00000000 0.00000000
vn 0.00000000 1.00000000 0.00000000
vn 0.00000000 0.00000000 -1.00000000
vn -1.00000000 0.00000000 0.00000000
vn 0.00000000 -1.00000000 0.00000000
vn 1.00000000 0.00000000 0.00000000
vn 0.00000000 0.00000000 1.00000000
vn 1.00000000 0.00000000 0.00000000
vn 0.00000000 1.00000000 0.00000000
vn 0.00000000 0.00000000 1.00000000
vn 1.00000000 0.00000000 0.00000000
vn 0.00000000 -1.00000000 0.00000000
vn 0.00000000 0.00000000 -1.00000000
vn 0.00000000 0.00000000 -1.00000000
vn 1.00000000 0.00000000 0.00000000
vn 0.00000000 1.00000000 0.00000000
vt 0.27891000 0.78046700
vt 0.27891000 0.82734200
vt 0.27891000 0.82734200
vt 0.27891000 0.87890600
vt 0.27891000 0.84765600
vt 0.27891000 0.84765600
vt 0.27891000 0.82734200
vt 0.27891000 0.78046700
vt 0.27891000 0.82734200
vt 0.27891000 0.84765600
vt 0.27891000 0.87890600
vt 0.27891000 0.84765600
vt 0.33437100 0.82734200
vt 0.33437100 0.78046700
vt 0.33437100 0.82734200
vt 0.33437100 0.84765600
vt 0.33437100 0.87890600
vt 0.33437100 0.84765600
vt 0.33437100 0.78046700
vt 0.33437100 0.82734200
vt 0.33437100 0.82734200
vt 0.33437100 0.87890600
vt 0.33437100 0.84765600
vt 0.33437100 0.84765600
vt 0.33159800 0.82734200
vt 0.33159800 0.78046700
vt 0.33159800 0.81171700
vt 0.28168300 0.78046700
vt 0.28168300 0.82734200
vt 0.28168300 0.81171700
vt 0.28168300 0.86328100
vt 0.28168300 0.83203100
vt 0.28168300 0.84765600
vt 0.28168300 0.87890600
vt 0.33159800 0.86328100
vt 0.33159800 0.83203100
vt 0.33159800 0.87890600
vt 0.33159800 0.84765600
vt 0.28168300 0.82734200
vt 0.28168300 0.78046700
vt 0.28168300 0.81171700
vt 0.33159800 0.82734200
vt 0.33159800 0.78046700
vt 0.33159800 0.81171700
vt 0.33159800 0.84765600
vt 0.33159800 0.87890600
vt 0.33159800 0.86328100
vt 0.33159800 0.83203100
vt 0.28168300 0.86328100
vt 0.28168300 0.87890600
vt 0.28168300 0.84765600
vt 0.28168300 0.83203100
vt 0.27891000 0.81171700
vt 0.27891000 0.78046700
vt 0.27891000 0.82734200
vt 0.27891000 0.82734200
vt 0.27891000 0.78046700
vt 0.27891000 0.81171700
vt 0.27891000 0.86328100
vt 0.27891000 0.87890600
vt 0.27891000 0.83203100
vt 0.27891000 0.84765600
vt 0.27891000 0.86328100
vt 0.27891000 0.83203100
vt 0.27891000 0.87890600
vt 0.27891000 0.84765600
vt 0.33437100 0.82734200
vt 0.33437100 0.78046700
vt 0.33437100 0.81171700
vt 0.33437100 0.81171700
vt 0.33437100 0.82734200
vt 0.33437100 0.78046700
vt 0.33437100 0.86328100
vt 0.33437100 0.87890600
vt 0.33437100 0.84765600
vt 0.33437100 0.83203100
vt 0.33437100 0.87890600
vt 0.33437100 0.83203100
vt 0.33437100 0.86328100
vt 0.33437100 0.84765600
vt 0.33159800 0.84765600
vt 0.33159800 0.86328100
vt 0.33159800 0.87890600
vt 0.33159800 0.84765600
vt 0.33159800 0.86328100
vt 0.33159800 0.87890600
vt 0.28168300 0.87890600
vt 0.28168300 0.86328100
vt 0.28168300 0.84765600
vt 0.28168300 0.86328100
vt 0.28168300 0.87890600
vt 0.28168300 0.84765600
vt 0.28168300 0.78046700
vt 0.28168300 0.78046700
vt 0.33159800 0.78046700
vt 0.33159800 0.78046700
vt 0.43750000 0.56587400
vt 0.40625000 0.51899900
vt 0.43750000 0.56587400
vt 0.43750000 0.56587400
vt 0.68750000 0.89456700
vt 0.65625000 0.84769200
vt 0.68750000 0.89456700
vt 0.65625000 0.81096900
vt 0.68750000 0.85784400
vt 0.40625000 0.56096900
vt 0.43750000 0.60784400
vt 0.68750000 0.89456700
vt 0.68750000 0.89456700
vt 0.40625000 0.56096900
vt 0.43750000 0.60784400
vt 0.68750000 0.85784400
vt 0.65625000 0.81096900
vt 0.43750000 0.60784400
vt 0.68750000 0.85784400
vt 0.43750000 0.60784400
vt 0.68750000 0.85784400
vt 0.71875000 0.82014900
vt 0.71875000 0.82014900
vt 0.68750000 0.86702400
vt 0.71875000 0.83851100
vt 0.71875000 0.83851100
vt 0.68750000 0.88538600
vt 0.71875000 0.83851100
vt 0.71875000 0.83851100
vt 0.68750000 0.88538600
vt 0.68750000 0.86702400
vt 0.71875000 0.82014900
vt 0.71875000 0.82014900
vt 0.46875000 0.52818000
vt 0.46875000 0.52818000
vt 0.43750000 0.57505500
vt 0.43750000 0.59341700
vt 0.46875000 0.54654200
vt 0.46875000 0.54654200
vt 0.71875000 0.83851100
vt 0.68750000 0.88538600
vt 0.71875000 0.83851100
vt 0.71875000 0.82014900
vt 0.71875000 0.82014900
vt 0.68750000 0.86702400
vt 0.71875000 0.82014900
vt 0.68750000 0.86702400
vt 0.71875000 0.82014900
vt 0.71875000 0.83851100
vt 0.68750000 0.88538600
vt 0.71875000 0.83851100
vt 0.43750000 0.56613700
vt 0.46875000 0.51926200
vt 0.46875000 0.51926200
vt 0.43750000 0.59341700
vt 0.46875000 0.54654200
vt 0.46875000 0.54654200
vt 0.46875000 0.52818000
vt 0.46875000 0.52818000
vt 0.43750000 0.57505500
vt 0.43750000 0.59341700
vt 0.46875000 0.54654200
vt 0.46875000 0.54654200
vt 0.43750000 0.59341700
vt 0.46875000 0.54654200
vt 0.46875000 0.54654200
vt 0.46875000 0.52818000
vt 0.43750000 0.57505500
vt 0.46875000 0.52818000
vt 0.71875000 0.82014900
vt 0.71875000 0.82014900
vt 0.68750000 0.86702400
vt 0.71875000 0.83851100
vt 0.68750000 0.88538600
vt 0.71875000 0.83851100
vt 0.71875000 0.83851100
vt 0.71875000 0.83851100
vt 0.68750000 0.88538600
vt 0.71875000 0.82014900
vt 0.71875000 0.82014900
vt 0.68750000 0.86702400
vt 0.46875000 0.52818000
vt 0.46875000 0.52818000
vt 0.46875000 0.52818000
vt 0.46875000 0.52818000
vt 0.46875000 0.52818000
vt 0.46875000 0.52818000
vt 0.46875000 0.51926200
vt 0.46875000 0.51926200
vt 0.71875000 0.83851100
vt 0.71875000 0.83851100
vt 0.71875000 0.82014900
vt 0.71875000 0.82014900
vt 0.71875000 0.82014900
vt 0.71875000 0.82014900
vt 0.71875000 0.83851100
vt 0.71875000 0.83851100
vt 0.46875000 0.54654200
vt 0.46875000 0.54654200
vt 0.71875000 0.83851100
vt 0.71875000 0.83851100
vt 0.71875000 0.82014900
vt 0.71875000 0.82014900
vt 0.71875000 0.83851100
vt 0.71875000 0.83851100
vt 0.71875000 0.82014900
vt 0.71875000 0.82014900
vt 0.46875000 0.54654200
vt 0.46875000 0.54654200
vt 0.46875000 0.54654200
vt 0.46875000 0.54654200
vt 0.46875000 0.54654200
vt 0.46875000 0.54654200
vt 0.71875000 0.83851100
vt 0.71875000 0.83851100
vt 0.71875000 0.82014900
vt 0.71875000 0.82014900
vt 0.71875000 0.82014900
vt 0.71875000 0.82014900
vt 0.71875000 0.83851100
vt 0.71875000 0.83851100
vt 0.71875000 0.82014900
vt 0.71875000 0.82014900
vt 0.71875000 0.83851100
vt 0.71875000 0.83851100
vt 0.71875000 0.82014900
vt 0.71875000 0.82014900
vt 0.71875000 0.83851100
vt 0.71875000 0.83851100
vt 0.46875000 0.54654200
vt 0.46875000 0.54654200
vt 0.46875000 0.52818000
vt 0.46875000 0.52818000
vt 0.71875000 0.83851100
vt 0.71875000 0.83851100
vt 0.68750000 0.88538600
vt 0.71875000 0.82014900
vt 0.68750000 0.86702400
vt 0.71875000 0.82014900
vt 0.68750000 0.86702400
vt 0.71875000 0.82014900
vt 0.71875000 0.82014900
vt 0.68750000 0.88538600
vt 0.71875000 0.83851100
vt 0.71875000 0.83851100
vt 0.46875000 0.54654200
vt 0.43750000 0.59341700
vt 0.46875000 0.54654200
vt 0.46875000 0.52818000
vt 0.43750000 0.57505500
vt 0.46875000 0.52818000
vt 0.68750000 0.85784400
vt 0.43750000 0.60784400
vt 0.40625000 0.56096900
vt 0.43750000 0.60784400
vt 0.68750000 0.85784400
vt 0.65625000 0.81096900
vt 0.68750000 0.89456700
vt 0.65625000 0.84769200
vt 0.40625000 0.51899900
vt 0.43750000 0.56587400
vt 0.40625000 0.51899900
vt 0.43750000 0.56587400
vt 0.43750000 0.56587400
vt 0.40625000 0.51899900
vt 0.65625000 0.84769200
vt 0.68750000 0.89456700
vt 0.65625000 0.84769200
vt 0.68750000 0.89456700
vt 0.71875000 0.82014900
vt 0.71875000 0.82014900
vt 0.71875000 0.83851100
vt 0.71875000 0.83851100
vt 0.71875000 0.82014900
vt 0.71875000 0.82014900
vt 0.71875000 0.83851100
vt 0.71875000 0.83851100
vt 0.46875000 0.54654200
vt 0.46875000 0.54654200
vt 0.46875000 0.52818000
vt 0.46875000 0.52818000
vt 0.71875000 0.83851100
vt 0.71875000 0.83851100
vt 0.68750000 0.88538600
vt 0.71875000 0.82014900
vt 0.68750000 0.86702400
vt 0.71875000 0.82014900
vt 0.68750000 0.86702400
vt 0.71875000 0.82014900
vt 0.71875000 0.82014900
vt 0.71875000 0.83851100
vt 0.71875000 0.83851100
vt 0.68750000 0.88538600
vt 0.46875000 0.54654200
vt 0.46875000 0.54654200
vt 0.43750000 0.59341700
vt 0.43750000 0.57505500
vt 0.46875000 0.52818000
vt 0.46875000 0.52818000
vt 0.43750000 0.60784400
vt 0.68750000 0.85784400
vt 0.40625000 0.56096900
vt 0.65625000 0.81096900
vt 0.43750000 0.60784400
vt 0.68750000 0.85784400
vt 0.68750000 0.89456700
vt 0.68750000 0.92866700
vt 0.65625000 0.88179200
vt 0.68750000 0.92866700
vt 0.68750000 0.92866700
vt 0.68750000 0.92866700
vt 0.71875000 0.85687300
vt 0.71875000 0.85687300
vt 0.68750000 0.90374800
vt 0.68750000 0.92210900
vt 0.71875000 0.87523400
vt 0.71875000 0.87523400
vt 0.71875000 0.87523400
vt 0.71875000 0.87523400
vt 0.68750000 0.92210900
vt 0.71875000 0.85687200
vt 0.71875000 0.85687200
vt 0.68750000 0.90374700
vt 0.71875000 0.87523400
vt 0.71875000 0.87523400
vt 0.68750000 0.92210900
vt 0.71875000 0.85687300
vt 0.71875000 0.85687300
vt 0.68750000 0.90374800
vt 0.71875000 0.85687300
vt 0.68750000 0.90374800
vt 0.71875000 0.85687300
vt 0.71875000 0.87523400
vt 0.71875000 0.87523400
vt 0.68750000 0.92210900
vt 0.71875000 0.85687300
vt 0.71875000 0.85687300
vt 0.68750000 0.90374800
vt 0.71875000 0.87523400
vt 0.71875000 0.87523400
vt 0.68750000 0.92210900
vt 0.71875000 0.87523400
vt 0.71875000 0.87523400
vt 0.68750000 0.92210900
vt 0.68750000 0.90374800
vt 0.71875000 0.85687300
vt 0.71875000 0.85687300
vt 0.71875000 0.87523400
vt 0.71875000 0.87523400
vt 0.71875000 0.85687300
vt 0.71875000 0.85687300
vt 0.71875000 0.85687200
vt 0.71875000 0.85687200
vt 0.71875000 0.87523400
vt 0.71875000 0.87523400
vt 0.71875000 0.87523400
vt 0.71875000 0.87523400
vt 0.71875000 0.85687300
vt 0.71875000 0.85687300
vt 0.71875000 0.87523400
vt 0.71875000 0.87523400
vt 0.71875000 0.85687300
vt 0.71875000 0.85687300
vt 0.71875000 0.87523400
vt 0.71875000 0.87523400
vt 0.71875000 0.85687300
vt 0.71875000 0.85687300
vt 0.71875000 0.85687300
vt 0.71875000 0.85687300
vt 0.71875000 0.87523400
vt 0.71875000 0.87523400
vt 0.71875000 0.85687300
vt 0.71875000 0.85687300
vt 0.71875000 0.87523400
vt 0.71875000 0.87523400
vt 0.71875000 0.85687300
vt 0.71875000 0.85687300
vt 0.71875000 0.87523400
vt 0.71875000 0.87523400
vt 0.71875000 0.87523400
vt 0.68750000 0.92210900
vt 0.71875000 0.87523400
vt 0.68750000 0.90374800
vt 0.71875000 0.85687300
vt 0.71875000 0.85687300
vt 0.68750000 0.90374800
vt 0.71875000 0.85687300
vt 0.71875000 0.85687300
vt 0.71875000 0.87523400
vt 0.68750000 0.92210900
vt 0.71875000 0.87523400
vt 0.65625000 0.88179200
vt 0.68750000 0.92866700
vt 0.65625000 0.88179200
vt 0.68750000 0.92866700
vt 0.68750000 0.92866700
vt 0.65625000 0.88179200
vt 0.71875000 0.85687300
vt 0.71875000 0.85687300
vt 0.71875000 0.87523400
vt 0.71875000 0.87523400
vt 0.71875000 0.85687300
vt 0.71875000 0.85687300
vt 0.71875000 0.87523400
vt 0.71875000 0.87523400
vt 0.71875000 0.87523400
vt 0.71875000 0.87523400
vt 0.68750000 0.92210900
vt 0.71875000 0.85687300
vt 0.71875000 0.85687300
vt 0.68750000 0.90374800
vt 0.71875000 0.85687300
vt 0.68750000 0.90374800
vt 0.71875000 0.85687300
vt 0.68750000 0.92210900
vt 0.71875000 0.87523400
vt 0.71875000 0.87523400
vt 0.68750000 0.92866700
vt 0.04100300 0.01579700
vt 0.77583000 0.41677600
vt 0.84918200 0.41677600
vt 0.20899700 0.01579700
vt 0.14663700 0.92785000
vt 0.14663700 0.95910000
vt 0.14663700 0.88609100
vt 0.14663700 0.91734100
vt 0.14663700 0.91734100
vt 0.14663700 0.88609100
vt 0.14663700 0.91734100
vt 0.21498300 0.95910000
vt 0.21498300 0.92785000
vt 0.14663700 0.92785000
vt 0.14663700 0.92785000
vt 0.14663700 0.95910000
vt 0.21498300 0.88609100
vt 0.21498300 0.91734100
vt 0.21498300 0.92785000
vt 0.21498300 0.95910000
vt 0.21498300 0.92785000
vt 0.21498300 0.88609100
vt 0.21498300 0.91734100
vt 0.21498300 0.91734100
vt 0.20005600 0.92325500
vt 0.20005600 0.83745400
vt 0.20005600 0.83745400
vt 0.20005600 0.83745400
vt 0.20005600 0.92325500
vt 0.20005600 0.92325500
vt 0.20947300 0.92325500
vt 0.20947300 0.83745400
vt 0.15214500 0.83745400
vt 0.16156400 0.92325500
vt 0.15214500 0.92325500
vt 0.16156400 0.83745400
vt 0.16156400 0.92325500
vt 0.16156400 0.92325500
vt 0.16156400 0.83745400
vt 0.16156400 0.83745400
vt 0.14663700 0.83943000
vt 0.14663700 0.87068000
vt 0.14663700 0.82214800
vt 0.14663700 0.79089800
vt 0.21498300 0.87068000
vt 0.21498300 0.83943000
vt 0.14663700 0.87068000
vt 0.14663700 0.83943000
vt 0.14663700 0.83943000
vt 0.21498300 0.79089800
vt 0.21498300 0.82214800
vt 0.21498300 0.87068000
vt 0.21498300 0.83943000
vt 0.21498300 0.83943000
vt 0.14663700 0.79089800
vt 0.14663700 0.79089800
vt 0.14663700 0.82214800
vt 0.14663700 0.83199700
vt 0.14663700 0.83199700
vt 0.14663700 0.80074700
vt 0.21498300 0.80074700
vt 0.21498300 0.83199700
vt 0.21498300 0.83199700
vt 0.21498300 0.82214800
vt 0.21498300 0.79089800
vt 0.21498300 0.79089800
vt 0.15438700 0.92954200
vt 0.15438700 0.89226900
vt 0.15438700 0.86101900
vt 0.15438700 0.86101900
vt 0.20723200 0.92954200
vt 0.15438700 0.92954200
vt 0.15438700 0.89829200
vt 0.20723200 0.86101900
vt 0.20723200 0.89829200
vt 0.20723200 0.92954200
vt 0.20723200 0.89226900
vt 0.20723200 0.86101900
vt 0.20899700 0.23420600
vt 0.84918200 0.33322400
vt 0.77583000 0.33322400
vt 0.04100300 0.23420600
vt 0.04100300 0.01579700
vt 0.77583000 0.41677600
vt 0.84918200 0.41677600
vt 0.20899700 0.01579700
vt 0.14663700 0.92785000
vt 0.14663700 0.95910000
vt 0.14663700 0.91734100
vt 0.14663700 0.91734100
vt 0.14663700 0.88609100
vt 0.14663700 0.88609100
vt 0.14663700 0.91734100
vt 0.21498300 0.92785000
vt 0.21498300 0.95910000
vt 0.14663700 0.92785000
vt 0.14663700 0.95910000
vt 0.14663700 0.92785000
vt 0.21498300 0.91734100
vt 0.21498300 0.88609100
vt 0.21498300 0.92785000
vt 0.21498300 0.95910000
vt 0.21498300 0.92785000
vt 0.21498300 0.88609100
vt 0.21498300 0.91734100
vt 0.21498300 0.91734100
vt 0.20005600 0.92325500
vt 0.20005600 0.83745400
vt 0.20005600 0.83745400
vt 0.20005600 0.83745400
vt 0.20005600 0.92325500
vt 0.20005600 0.92325500
vt 0.20947300 0.92325500
vt 0.20947300 0.83745400
vt 0.15214500 0.83745400
vt 0.16156400 0.92325500
vt 0.15214500 0.92325500
vt 0.16156400 0.83745400
vt 0.16156400 0.92325500
vt 0.16156400 0.92325500
vt 0.16156400 0.83745400
vt 0.16156400 0.83745400
vt 0.14663700 0.83943000
vt 0.14663700 0.87068000
vt 0.14663700 0.79089800
vt 0.14663700 0.82214800
vt 0.21498300 0.83943000
vt 0.21498300 0.87068000
vt 0.14663700 0.83943000
vt 0.14663700 0.87068000
vt 0.14663700 0.83943000
vt 0.21498300 0.82214800
vt 0.21498300 0.79089800
vt 0.21498300 0.83943000
vt 0.21498300 0.87068000
vt 0.21498300 0.83943000
vt 0.14663700 0.82214800
vt 0.14663700 0.79089800
vt 0.14663700 0.79089800
vt 0.14663700 0.83199700
vt 0.14663700 0.83199700
vt 0.14663700 0.80074700
vt 0.21498300 0.80074700
vt 0.21498300 0.83199700
vt 0.21498300 0.83199700
vt 0.21498300 0.79089800
vt 0.21498300 0.82214800
vt 0.21498300 0.79089800
vt 0.15438700 0.92954200
vt 0.15438700 0.86101900
vt 0.15438700 0.89226900
vt 0.15438700 0.86101900
vt 0.20723200 0.92954200
vt 0.15438700 0.89829200
vt 0.15438700 0.92954200
vt 0.20723200 0.86101900
vt 0.20723200 0.89829200
vt 0.20723200 0.92954200
vt 0.20723200 0.86101900
vt 0.20723200 0.89226900
vt 0.84918200 0.33322400
vt 0.20899700 0.23420600
vt 0.04100300 0.23420600
vt 0.77583000 0.33322400
vt 0.04100300 0.01579700
vt 0.77583000 0.41677600
vt 0.84918200 0.41677600
vt 0.20899700 0.01579700
vt 0.14663700 0.92785000
vt 0.14663700 0.95910000
vt 0.14663700 0.91734100
vt 0.14663700 0.91734100
vt 0.14663700 0.88609100
vt 0.14663700 0.91734100
vt 0.14663700 0.88609100
vt 0.21498300 0.92785000
vt 0.21498300 0.95910000
vt 0.14663700 0.92785000
vt 0.14663700 0.92785000
vt 0.14663700 0.95910000
vt 0.21498300 0.88609100
vt 0.21498300 0.91734100
vt 0.21498300 0.95910000
vt 0.21498300 0.92785000
vt 0.21498300 0.92785000
vt 0.21498300 0.91734100
vt 0.21498300 0.91734100
vt 0.21498300 0.88609100
vt 0.20005600 0.92325500
vt 0.20005600 0.83745400
vt 0.20005600 0.83745400
vt 0.20005600 0.83745400
vt 0.20005600 0.92325500
vt 0.20005600 0.92325500
vt 0.20947300 0.92325500
vt 0.20947300 0.83745400
vt 0.15214500 0.83745400
vt 0.16156400 0.92325500
vt 0.15214500 0.92325500
vt 0.16156400 0.83745400
vt 0.16156400 0.92325500
vt 0.16156400 0.92325500
vt 0.16156400 0.83745400
vt 0.16156400 0.83745400
vt 0.14663700 0.83943000
vt 0.14663700 0.87068000
vt 0.14663700 0.79089800
vt 0.14663700 0.82214800
vt 0.21498300 0.87068000
vt 0.21498300 0.83943000
vt 0.14663700 0.83943000
vt 0.14663700 0.87068000
vt 0.14663700 0.83943000
vt 0.21498300 0.79089800
vt 0.21498300 0.82214800
vt 0.21498300 0.83943000
vt 0.21498300 0.87068000
vt 0.21498300 0.83943000
vt 0.14663700 0.82214800
vt 0.14663700 0.79089800
vt 0.14663700 0.79089800
vt 0.14663700 0.83199700
vt 0.14663700 0.80074700
vt 0.14663700 0.83199700
vt 0.21498300 0.80074700
vt 0.21498300 0.83199700
vt 0.21498300 0.83199700
vt 0.21498300 0.79089800
vt 0.21498300 0.82214800
vt 0.21498300 0.79089800
vt 0.15438700 0.92954200
vt 0.15438700 0.89226900
vt 0.15438700 0.86101900
vt 0.15438700 0.86101900
vt 0.20723200 0.92954200
vt 0.15438700 0.92954200
vt 0.15438700 0.89829200
vt 0.20723200 0.86101900
vt 0.20723200 0.92954200
vt 0.20723200 0.89829200
vt 0.20723200 0.89226900
vt 0.20723200 0.86101900
vt 0.84918200 0.33322400
vt 0.20899700 0.23420600
vt 0.77583000 0.33322400
vt 0.04100300 0.23420600
vt 0.04100300 0.01579700
vt 0.77583000 0.41677600
vt 0.84918200 0.41677600
vt 0.20899700 0.01579700
vt 0.14663700 0.95910000
vt 0.14663700 0.92785000
vt 0.14663700 0.88609100
vt 0.14663700 0.91734100
vt 0.14663700 0.91734100
vt 0.14663700 0.88609100
vt 0.14663700 0.91734100
vt 0.21498300 0.92785000
vt 0.21498300 0.95910000
vt 0.14663700 0.95910000
vt 0.14663700 0.92785000
vt 0.14663700 0.92785000
vt 0.21498300 0.91734100
vt 0.21498300 0.88609100
vt 0.21498300 0.92785000
vt 0.21498300 0.95910000
vt 0.21498300 0.92785000
vt 0.21498300 0.91734100
vt 0.21498300 0.91734100
vt 0.21498300 0.88609100
vt 0.20005600 0.92325500
vt 0.20005600 0.83745400
vt 0.20005600 0.83745400
vt 0.20005600 0.83745400
vt 0.20005600 0.92325500
vt 0.20005600 0.92325500
vt 0.20947300 0.92325500
vt 0.20947300 0.83745400
vt 0.15214500 0.83745400
vt 0.16156400 0.92325500
vt 0.15214500 0.92325500
vt 0.16156400 0.83745400
vt 0.16156400 0.92325500
vt 0.16156400 0.92325500
vt 0.16156400 0.83745400
vt 0.16156400 0.83745400
vt 0.14663700 0.83943000
vt 0.14663700 0.87068000
vt 0.14663700 0.82214800
vt 0.14663700 0.79089800
vt 0.21498300 0.87068000
vt 0.21498300 0.83943000
vt 0.14663700 0.83943000
vt 0.14663700 0.87068000
vt 0.14663700 0.83943000
vt 0.21498300 0.82214800
vt 0.21498300 0.79089800
vt 0.21498300 0.83943000
vt 0.21498300 0.83943000
vt 0.21498300 0.87068000
vt 0.14663700 0.79089800
vt 0.14663700 0.82214800
vt 0.14663700 0.79089800
vt 0.14663700 0.83199700
vt 0.14663700 0.80074700
vt 0.14663700 0.83199700
vt 0.21498300 0.83199700
vt 0.21498300 0.83199700
vt 0.21498300 0.80074700
vt 0.21498300 0.82214800
vt 0.21498300 0.79089800
vt 0.21498300 0.79089800
vt 0.15438700 0.92954200
vt 0.15438700 0.86101900
vt 0.15438700 0.89226900
vt 0.15438700 0.86101900
vt 0.20723200 0.92954200
vt 0.15438700 0.89829200
vt 0.15438700 0.92954200
vt 0.20723200 0.86101900
vt 0.20723200 0.89829200
vt 0.20723200 0.92954200
vt 0.20723200 0.86101900
vt 0.20723200 0.89226900
vt 0.84918200 0.33322400
vt 0.20899700 0.23420600
vt 0.04100300 0.23420600
vt 0.77583000 0.33322400
vt 0.04100300 0.01579700
vt 0.77583000 0.41677600
vt 0.84918200 0.41677600
vt 0.20899700 0.01579700
vt 0.14663700 0.92785000
vt 0.14663700 0.95910000
vt 0.14663700 0.91734100
vt 0.14663700 0.88609100
vt 0.14663700 0.91734100
vt 0.14663700 0.91734100
vt 0.14663700 0.88609100
vt 0.21498300 0.92785000
vt 0.21498300 0.95910000
vt 0.14663700 0.95910000
vt 0.14663700 0.92785000
vt 0.14663700 0.92785000
vt 0.21498300 0.91734100
vt 0.21498300 0.88609100
vt 0.21498300 0.92785000
vt 0.21498300 0.92785000
vt 0.21498300 0.95910000
vt 0.21498300 0.91734100
vt 0.21498300 0.88609100
vt 0.21498300 0.91734100
vt 0.20005600 0.92325500
vt 0.20005600 0.83745400
vt 0.20005600 0.83745400
vt 0.20005600 0.83745400
vt 0.20005600 0.92325500
vt 0.20005600 0.92325500
vt 0.20947300 0.92325500
vt 0.20947300 0.83745400
vt 0.15214500 0.83745400
vt 0.16156400 0.92325500
vt 0.15214500 0.92325500
vt 0.16156400 0.83745400
vt 0.16156400 0.92325500
vt 0.16156400 0.92325500
vt 0.16156400 0.83745400
vt 0.16156400 0.83745400
vt 0.14663700 0.87068000
vt 0.14663700 0.83943000
vt 0.14663700 0.79089800
vt 0.14663700 0.82214800
vt 0.21498300 0.83943000
vt 0.21498300 0.87068000
vt 0.14663700 0.87068000
vt 0.14663700 0.83943000
vt 0.14663700 0.83943000
vt 0.21498300 0.79089800
vt 0.21498300 0.82214800
vt 0.21498300 0.83943000
vt 0.21498300 0.87068000
vt 0.21498300 0.83943000
vt 0.14663700 0.82214800
vt 0.14663700 0.79089800
vt 0.14663700 0.79089800
vt 0.14663700 0.80074700
vt 0.14663700 0.83199700
vt 0.14663700 0.83199700
vt 0.21498300 0.83199700
vt 0.21498300 0.83199700
vt 0.21498300 0.80074700
vt 0.21498300 0.79089800
vt 0.21498300 0.82214800
vt 0.21498300 0.79089800
vt 0.15438700 0.92954200
vt 0.15438700 0.86101900
vt 0.15438700 0.89226900
vt 0.15438700 0.86101900
vt 0.20723200 0.92954200
vt 0.15438700 0.89829200
vt 0.15438700 0.92954200
vt 0.20723200 0.86101900
vt 0.20723200 0.92954200
vt 0.20723200 0.89829200
vt 0.20723200 0.89226900
vt 0.20723200 0.86101900
vt 0.20899700 0.23420600
vt 0.84918200 0.33322400
vt 0.04100300 0.23420600
vt 0.77583000 0.33322400
vt 0.04100300 0.01579700
vt 0.77583000 0.41677600
vt 0.84918200 0.41677600
vt 0.20899700 0.01579700
vt 0.14663700 0.92785000
vt 0.14663700 0.95910000
vt 0.14663700 0.91734100
vt 0.14663700 0.88609100
vt 0.14663700 0.91734100
vt 0.14663700 0.88609100
vt 0.14663700 0.91734100
vt 0.21498300 0.95910000
vt 0.21498300 0.92785000
vt 0.14663700 0.92785000
vt 0.14663700 0.95910000
vt 0.14663700 0.92785000
vt 0.21498300 0.91734100
vt 0.21498300 0.88609100
vt 0.21498300 0.92785000
vt 0.21498300 0.92785000
vt 0.21498300 0.95910000
vt 0.21498300 0.91734100
vt 0.21498300 0.91734100
vt 0.21498300 0.88609100
vt 0.20005600 0.92325500
vt 0.20005600 0.83745400
vt 0.20005600 0.83745400
vt 0.20005600 0.83745400
vt 0.20005600 0.92325500
vt 0.20005600 0.92325500
vt 0.20947300 0.92325500
vt 0.20947300 0.83745400
vt 0.15214500 0.83745400
vt 0.16156400 0.92325500
vt 0.15214500 0.92325500
vt 0.16156400 0.83745400
vt 0.16156400 0.92325500
vt 0.16156400 0.92325500
vt 0.16156400 0.83745400
vt 0.16156400 0.83745400
vt 0.14663700 0.87068000
vt 0.14663700 0.83943000
vt 0.14663700 0.82214800
vt 0.14663700 0.79089800
vt 0.21498300 0.87068000
vt 0.21498300 0.83943000
vt 0.14663700 0.83943000
vt 0.14663700 0.83943000
vt 0.14663700 0.87068000
vt 0.21498300 0.82214800
vt 0.21498300 0.79089800
vt 0.21498300 0.87068000
vt 0.21498300 0.83943000
vt 0.21498300 0.83943000
vt 0.14663700 0.82214800
vt 0.14663700 0.79089800
vt 0.14663700 0.79089800
vt 0.14663700 0.83199700
vt 0.14663700 0.83199700
vt 0.14663700 0.80074700
vt 0.21498300 0.83199700
vt 0.21498300 0.83199700
vt 0.21498300 0.80074700
vt 0.21498300 0.82214800
vt 0.21498300 0.79089800
vt 0.21498300 0.79089800
vt 0.15438700 0.92954200
vt 0.15438700 0.89226900
vt 0.15438700 0.86101900
vt 0.15438700 0.86101900
vt 0.20723200 0.92954200
vt 0.15438700 0.89829200
vt 0.15438700 0.92954200
vt 0.20723200 0.86101900
vt 0.20723200 0.92954200
vt 0.20723200 0.89829200
vt 0.20723200 0.89226900
vt 0.20723200 0.86101900
vt 0.84918200 0.33322400
vt 0.20899700 0.23420600
vt 0.04100300 0.23420600
vt 0.77583000 0.33322400
vt 0.04100300 0.01579700
vt 0.77583000 0.41677600
vt 0.84918200 0.41677600
vt 0.20899700 0.01579700
vt 0.14663700 0.92785000
vt 0.14663700 0.95910000
vt 0.14663700 0.91734100
vt 0.14663700 0.91734100
vt 0.14663700 0.88609100
vt 0.14663700 0.88609100
vt 0.14663700 0.91734100
vt 0.21498300 0.95910000
vt 0.21498300 0.92785000
vt 0.14663700 0.92785000
vt 0.14663700 0.92785000
vt 0.14663700 0.95910000
vt 0.21498300 0.91734100
vt 0.21498300 0.88609100
vt 0.21498300 0.95910000
vt 0.21498300 0.92785000
vt 0.21498300 0.92785000
vt 0.21498300 0.88609100
vt 0.21498300 0.91734100
vt 0.21498300 0.91734100
vt 0.20005600 0.92325500
vt 0.20005600 0.83745400
vt 0.20005600 0.83745400
vt 0.20005600 0.83745400
vt 0.20005600 0.92325500
vt 0.20005600 0.92325500
vt 0.20947300 0.92325500
vt 0.20947300 0.83745400
vt 0.15214500 0.83745400
vt 0.16156400 0.92325500
vt 0.15214500 0.92325500
vt 0.16156400 0.83745400
vt 0.16156400 0.92325500
vt 0.16156400 0.92325500
vt 0.16156400 0.83745400
vt 0.16156400 0.83745400
vt 0.14663700 0.87068000
vt 0.14663700 0.83943000
vt 0.14663700 0.82214800
vt 0.14663700 0.79089800
vt 0.21498300 0.83943000
vt 0.21498300 0.87068000
vt 0.14663700 0.87068000
vt 0.14663700 0.83943000
vt 0.14663700 0.83943000
vt 0.21498300 0.79089800
vt 0.21498300 0.82214800
vt 0.21498300 0.83943000
vt 0.21498300 0.87068000
vt 0.21498300 0.83943000
vt 0.14663700 0.79089800
vt 0.14663700 0.82214800
vt 0.14663700 0.79089800
vt 0.14663700 0.80074700
vt 0.14663700 0.83199700
vt 0.14663700 0.83199700
vt 0.21498300 0.80074700
vt 0.21498300 0.83199700
vt 0.21498300 0.83199700
vt 0.21498300 0.79089800
vt 0.21498300 0.82214800
vt 0.21498300 0.79089800
vt 0.15438700 0.92954200
vt 0.15438700 0.86101900
vt 0.15438700 0.89226900
vt 0.15438700 0.86101900
vt 0.20723200 0.92954200
vt 0.15438700 0.92954200
vt 0.15438700 0.89829200
vt 0.20723200 0.86101900
vt 0.20723200 0.89829200
vt 0.20723200 0.92954200
vt 0.20723200 0.86101900
vt 0.20723200 0.89226900
vt 0.84918200 0.33322400
vt 0.20899700 0.23420600
vt 0.04100300 0.23420600
vt 0.77583000 0.33322400
vt 0.04100300 0.01579700
vt 0.77583000 0.41677600
vt 0.84918200 0.41677600
vt 0.20899700 0.01579700
vt 0.14663700 0.92785000
vt 0.14663700 0.95910000
vt 0.14663700 0.88609100
vt 0.14663700 0.91734100
vt 0.14663700 0.91734100
vt 0.14663700 0.88609100
vt 0.14663700 0.91734100
vt 0.21498300 0.95910000
vt 0.21498300 0.92785000
vt 0.14663700 0.92785000
vt 0.14663700 0.95910000
vt 0.14663700 0.92785000
vt 0.21498300 0.88609100
vt 0.21498300 0.91734100
vt 0.21498300 0.92785000
vt 0.21498300 0.95910000
vt 0.21498300 0.92785000
vt 0.21498300 0.91734100
vt 0.21498300 0.91734100
vt 0.21498300 0.88609100
vt 0.20005600 0.92325500
vt 0.20005600 0.83745400
vt 0.20005600 0.83745400
vt 0.20005600 0.83745400
vt 0.20005600 0.92325500
vt 0.20005600 0.92325500
vt 0.20947300 0.92325500
vt 0.20947300 0.83745400
vt 0.15214500 0.83745400
vt 0.16156400 0.92325500
vt 0.15214500 0.92325500
vt 0.16156400 0.83745400
vt 0.16156400 0.92325500
vt 0.16156400 0.92325500
vt 0.16156400 0.83745400
vt 0.16156400 0.83745400
vt 0.14663700 0.83943000
vt 0.14663700 0.87068000
vt 0.14663700 0.82214800
vt 0.14663700 0.79089800
vt 0.21498300 0.87068000
vt 0.21498300 0.83943000
vt 0.14663700 0.83943000
vt 0.14663700 0.87068000
vt 0.14663700 0.83943000
vt 0.21498300 0.82214800
vt 0.21498300 0.79089800
vt 0.21498300 0.83943000
vt 0.21498300 0.87068000
vt 0.21498300 0.83943000
vt 0.14663700 0.82214800
vt 0.14663700 0.79089800
vt 0.14663700 0.79089800
vt 0.14663700 0.80074700
vt 0.14663700 0.83199700
vt 0.14663700 0.83199700
vt 0.21498300 0.83199700
vt 0.21498300 0.80074700
vt 0.21498300 0.83199700
vt 0.21498300 0.79089800
vt 0.21498300 0.79089800
vt 0.21498300 0.82214800
vt 0.15438700 0.92954200
vt 0.15438700 0.89226900
vt 0.15438700 0.86101900
vt 0.15438700 0.86101900
vt 0.20723200 0.92954200
vt 0.15438700 0.92954200
vt 0.15438700 0.89829200
vt 0.20723200 0.86101900
vt 0.20723200 0.89829200
vt 0.20723200 0.92954200
vt 0.20723200 0.86101900
vt 0.20723200 0.89226900
vt 0.84918200 0.33322400
vt 0.20899700 0.23420600
vt 0.04100300 0.23420600
vt 0.77583000 0.33322400
vt 0.04100300 0.01579700
vt 0.77583000 0.41677600
vt 0.84918200 0.41677600
vt 0.20899700 0.01579700
vt 0.14663700 0.92785000
vt 0.14663700 0.95910000
vt 0.14663700 0.91734100
vt 0.14663700 0.88609100
vt 0.14663700 0.91734100
vt 0.14663700 0.91734100
vt 0.14663700 0.88609100
vt 0.21498300 0.95910000
vt 0.21498300 0.92785000
vt 0.14663700 0.92785000
vt 0.14663700 0.92785000
vt 0.14663700 0.95910000
vt 0.21498300 0.91734100
vt 0.21498300 0.88609100
vt 0.21498300 0.95910000
vt 0.21498300 0.92785000
vt 0.21498300 0.92785000
vt 0.21498300 0.91734100
vt 0.21498300 0.91734100
vt 0.21498300 0.88609100
vt 0.20005600 0.92325500
vt 0.20005600 0.83745400
vt 0.20005600 0.83745400
vt 0.20005600 0.83745400
vt 0.20005600 0.92325500
vt 0.20005600 0.92325500
vt 0.20947300 0.92325500
vt 0.20947300 0.83745400
vt 0.15214500 0.83745400
vt 0.16156400 0.92325500
vt 0.15214500 0.92325500
vt 0.16156400 0.83745400
vt 0.16156400 0.92325500
vt 0.16156400 0.92325500
vt 0.16156400 0.83745400
vt 0.16156400 0.83745400
vt 0.14663700 0.83943000
vt 0.14663700 0.87068000
vt 0.14663700 0.79089800
vt 0.14663700 0.82214800
vt 0.21498300 0.87068000
vt 0.21498300 0.83943000
vt 0.14663700 0.83943000
vt 0.14663700 0.87068000
vt 0.14663700 0.83943000
vt 0.21498300 0.79089800
vt 0.21498300 0.82214800
vt 0.21498300 0.83943000
vt 0.21498300 0.83943000
vt 0.21498300 0.87068000
vt 0.14663700 0.79089800
vt 0.14663700 0.79089800
vt 0.14663700 0.82214800
vt 0.14663700 0.80074700
vt 0.14663700 0.83199700
vt 0.14663700 0.83199700
vt 0.21498300 0.80074700
vt 0.21498300 0.83199700
vt 0.21498300 0.83199700
vt 0.21498300 0.79089800
vt 0.21498300 0.82214800
vt 0.21498300 0.79089800
vt 0.15438700 0.92954200
vt 0.15438700 0.86101900
vt 0.15438700 0.89226900
vt 0.15438700 0.86101900
vt 0.20723200 0.92954200
vt 0.15438700 0.92954200
vt 0.15438700 0.89829200
vt 0.20723200 0.86101900
vt 0.20723200 0.92954200
vt 0.20723200 0.89829200
vt 0.20723200 0.86101900
vt 0.20723200 0.89226900
vt 0.20899700 0.23420600
vt 0.84918200 0.33322400
vt 0.77583000 0.33322400
vt 0.04100300 0.23420600
vt 0.04100300 0.01579700
vt 0.77583000 0.41677600
vt 0.84918200 0.41677600
vt 0.20899700 0.01579700
vt 0.14663700 0.92785000
vt 0.14663700 0.95910000
vt 0.14663700 0.91734100
vt 0.14663700 0.88609100
vt 0.14663700 0.91734100
vt 0.14663700 0.91734100
vt 0.14663700 0.88609100
vt 0.21498300 0.95910000
vt 0.21498300 0.92785000
vt 0.14663700 0.92785000
vt 0.14663700 0.92785000
vt 0.14663700 0.95910000
vt 0.21498300 0.88609100
vt 0.21498300 0.91734100
vt 0.21498300 0.92785000
vt 0.21498300 0.92785000
vt 0.21498300 0.95910000
vt 0.21498300 0.91734100
vt 0.21498300 0.91734100
vt 0.21498300 0.88609100
vt 0.20005600 0.92325500
vt 0.20005600 0.83745400
vt 0.20005600 0.83745400
vt 0.20005600 0.83745400
vt 0.20005600 0.92325500
vt 0.20005600 0.92325500
vt 0.20947300 0.92325500
vt 0.20947300 0.83745400
vt 0.15214500 0.83745400
vt 0.16156400 0.92325500
vt 0.15214500 0.92325500
vt 0.16156400 0.83745400
vt 0.16156400 0.92325500
vt 0.16156400 0.92325500
vt 0.16156400 0.83745400
vt 0.16156400 0.83745400
vt 0.14663700 0.87068000
vt 0.14663700 0.83943000
vt 0.14663700 0.82214800
vt 0.14663700 0.79089800
vt 0.21498300 0.83943000
vt 0.21498300 0.87068000
vt 0.14663700 0.87068000
vt 0.14663700 0.83943000
vt 0.14663700 0.83943000
vt 0.21498300 0.82214800
vt 0.21498300 0.79089800
vt 0.21498300 0.83943000
vt 0.21498300 0.83943000
vt 0.21498300 0.87068000
vt 0.14663700 0.79089800
vt 0.14663700 0.79089800
vt 0.14663700 0.82214800
vt 0.14663700 0.83199700
vt 0.14663700 0.80074700
vt 0.14663700 0.83199700
vt 0.21498300 0.83199700
vt 0.21498300 0.80074700
vt 0.21498300 0.83199700
vt 0.21498300 0.79089800
vt 0.21498300 0.79089800
vt 0.21498300 0.82214800
vt 0.15438700 0.92954200
vt 0.15438700 0.86101900
vt 0.15438700 0.89226900
vt 0.15438700 0.86101900
vt 0.20723200 0.92954200
vt 0.15438700 0.92954200
vt 0.15438700 0.89829200
vt 0.20723200 0.86101900
vt 0.20723200 0.92954200
vt 0.20723200 0.89829200
vt 0.20723200 0.86101900
vt 0.20723200 0.89226900
vt 0.84918200 0.33322400
vt 0.20899700 0.23420600
vt 0.04100300 0.23420600
vt 0.77583000 0.33322400
vt 0.26216900 0.86418000
vt 0.26216900 0.89543000
vt 0.26216900 0.89543000
vt 0.26216900 0.91470000
vt 0.26216900 0.91470000
vt 0.26216900 0.94595000
vt 0.26216900 0.89543000
vt 0.26216900 0.89543000
vt 0.26216900 0.86418000
vt 0.26216900 0.94595000
vt 0.26216900 0.91470000
vt 0.26216900 0.91470000
vt 0.30381700 0.86418000
vt 0.30381700 0.89543000
vt 0.30381700 0.89543000
vt 0.30381700 0.91470000
vt 0.30381700 0.91470000
vt 0.30381700 0.94595000
vt 0.30381700 0.86418000
vt 0.30381700 0.89543000
vt 0.30381700 0.89543000
vt 0.30381700 0.91470000
vt 0.30381700 0.94595000
vt 0.30381700 0.91470000
vt 0.30029400 0.91470000
vt 0.30029400 0.91470000
vt 0.30029400 0.94595000
vt 0.26569200 0.91470000
vt 0.26569200 0.94595000
vt 0.26569200 0.91470000
vt 0.26569200 0.94595000
vt 0.26569200 0.91470000
vt 0.26569200 0.91470000
vt 0.30029400 0.91470000
vt 0.30029400 0.94595000
vt 0.30029400 0.91470000
vt 0.26657600 0.90634100
vt 0.26657600 0.90634100
vt 0.26657600 0.93759100
vt 0.29940900 0.90634100
vt 0.29940900 0.93759100
vt 0.29940900 0.90634100
vt 0.29940900 0.90634100
vt 0.29940900 0.90634100
vt 0.29940900 0.93759100
vt 0.26657600 0.93759100
vt 0.26657600 0.90634100
vt 0.26657600 0.90634100
vt 0.26216900 0.83864100
vt 0.26216900 0.80739100
vt 0.26216900 0.83864100
vt 0.26216900 0.85791100
vt 0.26216900 0.85791100
vt 0.26216900 0.88916100
vt 0.26216900 0.83864100
vt 0.26216900 0.83864100
vt 0.26216900 0.80739100
vt 0.26216900 0.85791100
vt 0.26216900 0.85791100
vt 0.26216900 0.88916100
vt 0.30381700 0.83864100
vt 0.30381700 0.80739100
vt 0.30381700 0.83864100
vt 0.30381700 0.88916100
vt 0.30381700 0.85791100
vt 0.30381700 0.85791100
vt 0.33158200 0.83864100
vt 0.33158200 0.83864100
vt 0.33158200 0.80739100
vt 0.33158200 0.85791100
vt 0.33158200 0.88916100
vt 0.33158200 0.85791100
vt 0.26216900 0.83864100
vt 0.26216900 0.80739100
vt 0.26216900 0.80739100
vt 0.26216900 0.83864100
vt 0.26216900 0.85791100
vt 0.26216900 0.88916100
vt 0.26216900 0.85791100
vt 0.26216900 0.88916100
vt 0.30381700 0.80739100
vt 0.30381700 0.83864100
vt 0.33158200 0.83864100
vt 0.33158200 0.80739100
vt 0.33158200 0.85791100
vt 0.33158200 0.88916100
vt 0.30381700 0.85791100
vt 0.30381700 0.88916100
vt 0.26216900 0.83578500
vt 0.26216900 0.86703500
vt 0.26216900 0.86703500
vt 0.26216900 0.91755600
vt 0.26216900 0.88630600
vt 0.26216900 0.88630600
vt 0.26216900 0.86703500
vt 0.26216900 0.83578500
vt 0.26216900 0.86703500
vt 0.26216900 0.88630600
vt 0.26216900 0.91755600
vt 0.26216900 0.88630600
vt 0.30381700 0.86703500
vt 0.30381700 0.86703500
vt 0.30381700 0.83578500
vt 0.30381700 0.88630600
vt 0.30381700 0.91755600
vt 0.30381700 0.88630600
vt 0.33158200 0.86703500
vt 0.33158200 0.83578500
vt 0.33158200 0.86703500
vt 0.33158200 0.91755600
vt 0.33158200 0.88630600
vt 0.33158200 0.88630600
vt 0.26216900 0.83578500
vt 0.26216900 0.86703500
vt 0.26216900 0.86703500
vt 0.26216900 0.83578500
vt 0.26216900 0.88630600
vt 0.26216900 0.91755600
vt 0.26216900 0.88630600
vt 0.26216900 0.91755600
vt 0.30381700 0.86703500
vt 0.30381700 0.83578500
vt 0.33158200 0.86703500
vt 0.33158200 0.83578500
vt 0.33158200 0.91755600
vt 0.33158200 0.88630600
vt 0.30381700 0.91755600
vt 0.30381700 0.88630600
vt 0.38581000 0.59278100
vt 0.38581000 0.62465000
vt 0.39538900 0.62465000
vt 0.39538900 0.59278100
vt 0.38586100 0.59272100
vt 0.38586100 0.62459000
vt 0.39543900 0.62459000
vt 0.39543900 0.59272100
vt 0.63581000 0.89295200
vt 0.63581000 0.92482100
vt 0.64538900 0.92482100
vt 0.64538900 0.89295200
vt 0.63586100 0.89289200
vt 0.63586100 0.92476100
vt 0.64543900 0.92476100
vt 0.64543900 0.89289200
vt 0.38581000 0.67749800
vt 0.38581000 0.70936700
vt 0.39538900 0.70936700
vt 0.39538900 0.67749800
vt 0.38586100 0.67743800
vt 0.38586100 0.70930700
vt 0.39543900 0.70930700
vt 0.39543900 0.67743800
vt 0.63581000 0.95258400
vt 0.63581000 0.98445200
vt 0.64538900 0.98445200
vt 0.64538900 0.95258400
vt 0.63586100 0.95252400
vt 0.63586100 0.98439200
vt 0.64543900 0.98439200
vt 0.64543900 0.95252400
vt 0.64543900 0.86780700
vt 0.64543900 0.89967500
vt 0.63586100 0.89967500
vt 0.63586100 0.86780700
vt 0.64538900 0.86786700
vt 0.64538900 0.89973500
vt 0.63581000 0.89973500
vt 0.63581000 0.86786700
vt 0.75807200 0.34342800
vt 0.14663700 0.92785000
vt 0.14663700 0.95910000
vt 0.14663700 0.91734100
vt 0.14663700 0.91734100
vt 0.14663700 0.88609100
vt 0.14663700 0.88609100
vt 0.14663700 0.91734100
vt 0.14663700 0.92785000
vt 0.14663700 0.92785000
vt 0.14663700 0.95910000
vt 0.15214500 0.83745400
vt 0.16156400 0.92325500
vt 0.15214500 0.92325500
vt 0.16156400 0.83745400
vt 0.16156400 0.92325500
vt 0.16156400 0.92325500
vt 0.16156400 0.83745400
vt 0.16156400 0.83745400
vt 0.14663700 0.87068000
vt 0.14663700 0.83943000
vt 0.14663700 0.79089800
vt 0.14663700 0.82214800
vt 0.14663700 0.87068000
vt 0.14663700 0.83943000
vt 0.14663700 0.83943000
vt 0.14663700 0.83199700
vt 0.14663700 0.80074700
vt 0.14663700 0.83199700
vt 0.04100300 0.23420600
vt 0.83380300 0.34342800
vt 0.21498300 0.92785000
vt 0.21498300 0.95910000
vt 0.21498300 0.88609100
vt 0.21498300 0.91734100
vt 0.21498300 0.92785000
vt 0.21498300 0.92785000
vt 0.21498300 0.95910000
vt 0.21498300 0.91734100
vt 0.21498300 0.88609100
vt 0.21498300 0.91734100
vt 0.20005600 0.92325500
vt 0.20005600 0.83745400
vt 0.20005600 0.83745400
vt 0.20005600 0.83745400
vt 0.20005600 0.92325500
vt 0.20005600 0.92325500
vt 0.20947300 0.92325500
vt 0.20947300 0.83745400
vt 0.21498300 0.83943000
vt 0.21498300 0.87068000
vt 0.21498300 0.79089800
vt 0.21498300 0.82214800
vt 0.21498300 0.83943000
vt 0.21498300 0.87068000
vt 0.21498300 0.83943000
vt 0.21498300 0.80074700
vt 0.21498300 0.83199700
vt 0.21498300 0.83199700
vt 0.20899700 0.23420600
vt 0.75807200 0.34342800
vt 0.14663700 0.92785000
vt 0.14663700 0.95910000
vt 0.14663700 0.91734100
vt 0.14663700 0.88609100
vt 0.14663700 0.91734100
vt 0.14663700 0.91734100
vt 0.14663700 0.88609100
vt 0.14663700 0.92785000
vt 0.14663700 0.95910000
vt 0.14663700 0.92785000
vt 0.15214500 0.83745400
vt 0.16156400 0.92325500
vt 0.15214500 0.92325500
vt 0.16156400 0.83745400
vt 0.16156400 0.92325500
vt 0.16156400 0.92325500
vt 0.16156400 0.83745400
vt 0.16156400 0.83745400
vt 0.14663700 0.83943000
vt 0.14663700 0.87068000
vt 0.14663700 0.82214800
vt 0.14663700 0.79089800
vt 0.14663700 0.87068000
vt 0.14663700 0.83943000
vt 0.14663700 0.83943000
vt 0.14663700 0.83199700
vt 0.14663700 0.80074700
vt 0.14663700 0.83199700
vt 0.04100300 0.23420600
vt 0.83380300 0.34342800
vt 0.21498300 0.95910000
vt 0.21498300 0.92785000
vt 0.21498300 0.91734100
vt 0.21498300 0.88609100
vt 0.21498300 0.92785000
vt 0.21498300 0.92785000
vt 0.21498300 0.95910000
vt 0.21498300 0.88609100
vt 0.21498300 0.91734100
vt 0.21498300 0.91734100
vt 0.20005600 0.92325500
vt 0.20005600 0.83745400
vt 0.20005600 0.83745400
vt 0.20005600 0.83745400
vt 0.20005600 0.92325500
vt 0.20005600 0.92325500
vt 0.20947300 0.92325500
vt 0.20947300 0.83745400
vt 0.21498300 0.83943000
vt 0.21498300 0.87068000
vt 0.21498300 0.79089800
vt 0.21498300 0.82214800
vt 0.21498300 0.87068000
vt 0.21498300 0.83943000
vt 0.21498300 0.83943000
vt 0.21498300 0.83199700
vt 0.21498300 0.80074700
vt 0.21498300 0.83199700
vt 0.20899700 0.23420600
vt 0.04100300 0.01579700
vt 0.76633300 0.41511800
vt 0.83968600 0.41511800
vt 0.20899700 0.01579700
vt 0.14663700 0.92785000
vt 0.14663700 0.95910000
vt 0.14663700 0.88609100
vt 0.14663700 0.91734100
vt 0.14663700 0.91734100
vt 0.14663700 0.91734100
vt 0.14663700 0.88609100
vt 0.21498300 0.95910000
vt 0.21498300 0.92785000
vt 0.14663700 0.95910000
vt 0.14663700 0.92785000
vt 0.14663700 0.92785000
vt 0.21498300 0.88609100
vt 0.21498300 0.91734100
vt 0.21498300 0.92785000
vt 0.21498300 0.95910000
vt 0.21498300 0.92785000
vt 0.21498300 0.88609100
vt 0.21498300 0.91734100
vt 0.21498300 0.91734100
vt 0.20005600 0.92325500
vt 0.20005600 0.83745400
vt 0.20005600 0.83745400
vt 0.20005600 0.83745400
vt 0.20005600 0.92325500
vt 0.20005600 0.92325500
vt 0.20947300 0.92325500
vt 0.20947300 0.83745400
vt 0.15214500 0.83745400
vt 0.16156400 0.92325500
vt 0.15214500 0.92325500
vt 0.16156400 0.83745400
vt 0.16156400 0.92325500
vt 0.16156400 0.92325500
vt 0.16156400 0.83745400
vt 0.16156400 0.83745400
vt 0.27163700 0.83943000
vt 0.27163700 0.87068000
vt 0.27163700 0.82214800
vt 0.33998300 0.87068000
vt 0.33998300 0.83943000
vt 0.27163700 0.87068000
vt 0.27163700 0.83943000
vt 0.27163700 0.83943000
vt 0.33998300 0.82214800
vt 0.33998300 0.83943000
vt 0.33998300 0.87068000
vt 0.33998300 0.83943000
vt 0.27163700 0.83199700
vt 0.27163700 0.83199700
vt 0.33998300 0.83199700
vt 0.33998300 0.83199700
vt 0.27938700 0.92954200
vt 0.27938700 0.86101900
vt 0.27938700 0.89226900
vt 0.27938700 0.86101900
vt 0.33223200 0.92954200
vt 0.27938700 0.92954200
vt 0.27938700 0.89829200
vt 0.33223200 0.86101900
vt 0.33223200 0.92954200
vt 0.33223200 0.89829200
vt 0.33223200 0.89226900
vt 0.33223200 0.86101900
vt 0.20899700 0.23420600
vt 0.83968600 0.33156600
vt 0.04100300 0.23420600
vt 0.76633300 0.33156600
vt 0.32505600 0.92325500
vt 0.32505600 0.83745400
vt 0.32505600 0.83745400
vt 0.32505600 0.83745400
vt 0.32505600 0.92325500
vt 0.32505600 0.92325500
vt 0.33447300 0.92325500
vt 0.33447300 0.83745400
vt 0.27714500 0.83745400
vt 0.28656400 0.92325500
vt 0.27714500 0.92325500
vt 0.28656400 0.83745400
vt 0.28656400 0.92325500
vt 0.28656400 0.92325500
vt 0.28656400 0.83745400
vt 0.28656400 0.83745400
vt 0.16119900 0.87436200
vt 0.22803200 0.87436200
vt 0.16119900 0.94119500
vt 0.22803200 0.94119500
vt 0.27938700 0.92954200
vt 0.27938700 0.89226900
vt 0.33223200 0.92954200
vt 0.27938700 0.92954200
vt 0.27938700 0.89829200
vt 0.33223200 0.89829200
vt 0.33223200 0.92954200
vt 0.33223200 0.89226900
vt 0.32215100 0.81886500
vt 0.32215100 0.81886500
vt 0.32215100 0.81886500
vt 0.32215100 0.81886500
vt 0.32215100 0.87367600
vt 0.32215100 0.85805100
vt 0.32215100 0.87367600
vt 0.32215100 0.85805100
vt 0.31421300 0.87367600
vt 0.31421300 0.87367600
vt 0.31421300 0.85805100
vt 0.31421300 0.85805100
vt 0.32215100 0.91296900
vt 0.32215100 0.91296900
vt 0.32215100 0.89734400
vt 0.32215100 0.89734400
vt 0.32215100 0.95215500
vt 0.32215100 0.95215500
vt 0.32215100 0.95215500
vt 0.32215100 0.95215500
vt 0.31421300 0.91296900
vt 0.31421300 0.89734400
vt 0.31421300 0.91296900
vt 0.31421300 0.89734400
vt 0.32215100 0.81886500
vt 0.32215100 0.81886500
vt 0.32215100 0.81886500
vt 0.32215100 0.81886500
vt 0.31421300 0.85805100
vt 0.31421300 0.87367600
vt 0.31421300 0.87367600
vt 0.31421300 0.85805100
vt 0.32215100 0.87367600
vt 0.32215100 0.85805100
vt 0.32215100 0.85805100
vt 0.32215100 0.95215500
vt 0.32215100 0.95215500
vt 0.32215100 0.95215500
vt 0.32215100 0.95215500
vt 0.32215100 0.91296900
vt 0.32215100 0.89734400
vt 0.32215100 0.91296900
vt 0.31421300 0.89734400
vt 0.31421300 0.91296900
vt 0.31421300 0.89734400
vt 0.31421300 0.91296900
vt 0.34581700 0.81886500
vt 0.34581700 0.81886500
vt 0.34581700 0.81886500
vt 0.34581700 0.81886500
vt 0.35375400 0.87367600
vt 0.35375400 0.85805100
vt 0.35375400 0.85805100
vt 0.35375400 0.87367600
vt 0.34581700 0.87367600
vt 0.34581700 0.87367600
vt 0.34581700 0.85805100
vt 0.34581700 0.85805100
vt 0.34581700 0.95215500
vt 0.34581700 0.95215500
vt 0.34581700 0.95215500
vt 0.34581700 0.95215500
vt 0.34581700 0.91296900
vt 0.34581700 0.89734400
vt 0.34581700 0.89734400
vt 0.34581700 0.91296900
vt 0.35375400 0.91296900
vt 0.35375400 0.91296900
vt 0.35375400 0.89734400
vt 0.35375400 0.89734400
vt 0.34581700 0.81886500
vt 0.34581700 0.81886500
vt 0.34581700 0.81886500
vt 0.34581700 0.81886500
vt 0.34581700 0.85805100
vt 0.34581700 0.87367600
vt 0.34581700 0.85805100
vt 0.35375400 0.87367600
vt 0.35375400 0.85805100
vt 0.35375400 0.85805100
vt 0.35375400 0.87367600
vt 0.34581700 0.95215500
vt 0.34581700 0.95215500
vt 0.34581700 0.95215500
vt 0.34581700 0.95215500
vt 0.35375400 0.89734400
vt 0.35375400 0.89734400
vt 0.35375400 0.91296900
vt 0.35375400 0.91296900
vt 0.34581700 0.91296900
vt 0.34581700 0.91296900
vt 0.34581700 0.89734400
vt 0.04354400 0.65699400
vt 0.08928000 0.65699400
vt 0.04354400 0.70273000
vt 0.08928000 0.70273000
vt 0.16119900 0.87436200
vt 0.22803200 0.87436200
vt 0.16119900 0.94119500
vt 0.22803200 0.94119500
vt 0.16119900 0.87436200
vt 0.22803200 0.87436200
vt 0.16119900 0.94119500
vt 0.22803200 0.94119500
vt 0.04354400 0.65699400
vt 0.08928000 0.65699400
vt 0.04354400 0.70273000
vt 0.08928000 0.70273000
vt 0.43633700 0.62145300
vt 0.43529400 0.63039500
vt 0.42099100 0.61966300
vt 0.41994700 0.62860500
vt 0.16119900 0.87436200
vt 0.22803200 0.87436200
vt 0.16119900 0.94119500
vt 0.22803200 0.94119500
vt 0.83380300 0.39803000
vt 0.20899700 0.07040000
vt 0.04100300 0.07040000
vt 0.75807200 0.39803000
vt 0.75807200 0.39803000
vt 0.04100300 0.07040000
vt 0.83380300 0.39803000
vt 0.20899700 0.07040000
vt 0.80867500 0.31378800
vt 0.80867500 0.33463300
vt 0.80867500 0.37632200
vt 0.80867500 0.45255600
vt 0.21506000 0.95255600
vt 0.80867500 0.45255600
vt 0.80867500 0.39002200
vt 0.21506000 0.87632200
vt 0.21506000 0.83463300
vt 0.80867500 0.37632200
vt 0.80867500 0.33463300
vt 0.21506000 0.87632200
vt 0.80867500 0.37632200
vt 0.80867500 0.33463300
vt 0.21506000 0.83463300
vt 0.21506000 0.83463300
vt 0.80867500 0.33463300
vt 0.80867500 0.37632200
vt 0.21506000 0.87632200
vt 0.80867500 0.37632200
vt 0.21506000 0.83463300
vt 0.80867500 0.33463300
vt 0.21506000 0.87632200
vt 0.21506000 0.87632200
vt 0.80867500 0.33463300
vt 0.21506000 0.83463300
vt 0.80867500 0.37632200
vt 0.80867500 0.45255600
vt 0.21506000 0.95255600
vt 0.21506000 0.95255600
vt 0.80867500 0.45255600
vt 0.80867500 0.45255600
vt 0.21506000 0.95255600
vt 0.21506000 0.95255600
vt 0.80867500 0.45255600
vt 0.21506000 0.95255600
vt 0.80867500 0.45255600
vt 0.80867500 0.31364400
vt 0.80867500 0.30281000
vt 0.80867500 0.28196500
vt 0.21506000 0.80281000
vt 0.80867500 0.30281000
vt 0.80867500 0.30281000
vt 0.21506000 0.80281000
vt 0.80867500 0.30281000
vt 0.21506000 0.80281000
vt 0.80867500 0.30281000
vt 0.21506000 0.80281000
vt 0.80867500 0.30281000
vt 0.21506000 0.80281000
vt 0.21506000 0.80281000
vt 0.80867500 0.30281000
vt 0.80867500 0.28182000
vt 0.80867500 0.37632200
vt 0.21506000 0.83463300
vt 0.80867500 0.33463300
vt 0.21506000 0.87632200
vt 0.21506000 0.81378800
vt 0.21506000 0.87632200
vt 0.21506000 0.83463300
vt 0.21506000 0.89002200
vt 0.21506000 0.95255600
vt 0.80867500 0.37632200
vt 0.21506000 0.87632200
vt 0.21506000 0.83463300
vt 0.80867500 0.33463300
vt 0.21506000 0.83463300
vt 0.80867500 0.33463300
vt 0.21506000 0.87632200
vt 0.80867500 0.37632200
vt 0.80867500 0.37632200
vt 0.21506000 0.83463300
vt 0.80867500 0.33463300
vt 0.21506000 0.87632200
vt 0.21506000 0.95255600
vt 0.80867500 0.45255600
vt 0.80867500 0.45255600
vt 0.21506000 0.95255600
vt 0.21506000 0.95255600
vt 0.80867500 0.45255600
vt 0.21506000 0.81364400
vt 0.21506000 0.78196500
vt 0.21506000 0.80281000
vt 0.80867500 0.30281000
vt 0.21506000 0.80281000
vt 0.80867500 0.30281000
vt 0.21506000 0.80281000
vt 0.21506000 0.80281000
vt 0.80867500 0.30281000
vt 0.21506000 0.78182000
vt 0.26026200 0.37004000
vt 0.26026200 0.40129000
vt 0.26026200 0.40129000
vt 0.26026200 0.42180700
vt 0.26026200 0.45305700
vt 0.26026200 0.42180700
vt 0.26026200 0.45305700
vt 0.26026200 0.42180700
vt 0.26026200 0.42180700
vt 0.26026200 0.40129000
vt 0.26026200 0.40129000
vt 0.26026200 0.37004000
vt 0.56372800 0.86945000
vt 0.56372800 0.88507500
vt 0.56372800 0.90070000
vt 0.56372800 0.86945000
vt 0.55754900 0.86945000
vt 0.55754900 0.88507500
vt 0.55754900 0.86945000
vt 0.55754900 0.90070000
vt 0.55754900 0.94361600
vt 0.55754900 0.92799100
vt 0.55754900 0.95924100
vt 0.55754900 0.92799100
vt 0.56372800 0.94361600
vt 0.56372800 0.92799100
vt 0.56372800 0.95924100
vt 0.56372800 0.92799100
vt 0.28304900 0.39724100
vt 0.28304900 0.36599100
vt 0.28304900 0.39724100
vt 0.28304900 0.45592100
vt 0.28304900 0.45592100
vt 0.28304900 0.36599100
vt 0.28304900 0.39724100
vt 0.28304900 0.39724100
vt 0.32437500 0.45592100
vt 0.32437500 0.39724100
vt 0.32437500 0.39724100
vt 0.32437500 0.36599100
vt 0.32437500 0.45592100
vt 0.32437500 0.39724100
vt 0.32437500 0.36599100
vt 0.32437500 0.39724100
vt 0.34716000 0.45305700
vt 0.34716000 0.42180700
vt 0.34716000 0.42180700
vt 0.34716000 0.37004000
vt 0.34716000 0.40129000
vt 0.34716000 0.40129000
vt 0.34716000 0.42180700
vt 0.34716000 0.42180700
vt 0.34716000 0.45305700
vt 0.34716000 0.37004000
vt 0.34716000 0.40129000
vt 0.34716000 0.40129000
vt 0.29796400 0.29423900
vt 0.29796400 0.32548900
vt 0.28304900 0.30253200
vt 0.28304900 0.33378200
vt 0.28304900 0.33378200
vt 0.28304900 0.30253200
vt 0.28304900 0.33378200
vt 0.28304900 0.30253200
vt 0.28304900 0.30253200
vt 0.28304900 0.33378200
vt 0.29796400 0.29423900
vt 0.29796400 0.32548900
vt 0.32437500 0.33378200
vt 0.32437500 0.30253200
vt 0.32437500 0.33378200
vt 0.32437500 0.30253200
vt 0.30946000 0.32548900
vt 0.30946000 0.29423900
vt 0.32437500 0.33378200
vt 0.32437500 0.33378200
vt 0.32437500 0.30253200
vt 0.32437500 0.30253200
vt 0.30946000 0.32548900
vt 0.30946000 0.29423900
vt 0.54287000 0.84803700
vt 0.54287000 0.84803700
vt 0.54287000 0.87928700
vt 0.54287000 0.90216200
vt 0.54287000 0.90216200
vt 0.54287000 0.93341200
vt 0.61338000 0.90216200
vt 0.61338000 0.90216200
vt 0.61338000 0.93341200
vt 0.61338000 0.84803700
vt 0.61338000 0.87928700
vt 0.61338000 0.84803700
vt 0.54287000 0.79076300
vt 0.54287000 0.79076300
vt 0.54287000 0.79076300
vt 0.54287000 0.79076300
vt 0.61338000 0.79076300
vt 0.61338000 0.79076300
vt 0.61338000 0.79076300
vt 0.61338000 0.79076300
vt 0.59870000 0.86945000
vt 0.59870000 0.90070000
vt 0.59870000 0.88507500
vt 0.59870000 0.86945000
vt 0.59252100 0.86945000
vt 0.59252100 0.88507500
vt 0.59252100 0.86945000
vt 0.59252100 0.90070000
vt 0.59252100 0.94361600
vt 0.59252100 0.92799100
vt 0.59252100 0.95924100
vt 0.59252100 0.92799100
vt 0.59870000 0.92799100
vt 0.59870000 0.95924100
vt 0.59870000 0.92799100
vt 0.59870000 0.94361600
vt 0.55653900 0.87928700
vt 0.55653900 0.86366200
vt 0.55653900 0.84803700
vt 0.55653900 0.84803700
vt 0.56473900 0.84803700
vt 0.56473900 0.86366200
vt 0.56473900 0.84803700
vt 0.56473900 0.87928700
vt 0.59151000 0.84803700
vt 0.59151000 0.86366200
vt 0.59151000 0.87928700
vt 0.59151000 0.84803700
vt 0.59971100 0.84803700
vt 0.59971100 0.86366200
vt 0.59971100 0.84803700
vt 0.59971100 0.87928700
vt 0.59971100 0.93341200
vt 0.59971100 0.91778700
vt 0.59971100 0.90216200
vt 0.59971100 0.90216200
vt 0.59151000 0.90216200
vt 0.59151000 0.93341200
vt 0.59151000 0.90216200
vt 0.59151000 0.91778700
vt 0.56473900 0.93341200
vt 0.56473900 0.90216200
vt 0.56473900 0.91778700
vt 0.56473900 0.90216200
vt 0.55653900 0.91778700
vt 0.55653900 0.90216200
vt 0.55653900 0.93341200
vt 0.55653900 0.90216200
vt 0.55653900 0.79076800
vt 0.55653900 0.79076800
vt 0.56473900 0.79076800
vt 0.56473900 0.79076800
vt 0.59151000 0.79076800
vt 0.59151000 0.79076800
vt 0.59971100 0.79076800
vt 0.59971100 0.79076800
vt 0.59971100 0.79076800
vt 0.59971100 0.79076800
vt 0.59151000 0.79076800
vt 0.59151000 0.79076800
vt 0.56473900 0.79076800
vt 0.56473900 0.79076800
vt 0.55653900 0.79076800
vt 0.55653900 0.79076800
vt 0.59870000 0.79076800
vt 0.59870000 0.79076800
vt 0.59252100 0.79076800
vt 0.59252100 0.79076800
vt 0.56372800 0.79076800
vt 0.56372800 0.79076800
vt 0.55754900 0.79076800
vt 0.55754900 0.79076800
vt 0.55754900 0.79076800
vt 0.55754900 0.79076800
vt 0.56372800 0.79076800
vt 0.56372800 0.79076800
vt 0.59252100 0.79076800
vt 0.59252100 0.79076800
vt 0.59870000 0.79076800
vt 0.59870000 0.79076800
vt 0.32437500 0.33913600
vt 0.32437500 0.37038600
vt 0.32437500 0.33913600
vt 0.32437500 0.37038600
vt 0.32437500 0.39120300
vt 0.32437500 0.35995300
vt 0.32437500 0.35995300
vt 0.32437500 0.39120300
vt 0.31971500 0.33391900
vt 0.31971500 0.33391900
vt 0.31971500 0.39641900
vt 0.31971500 0.39641900
vt 0.28304900 0.35995300
vt 0.28304900 0.39120300
vt 0.28304900 0.35995300
vt 0.28304900 0.39120300
vt 0.28304900 0.37038600
vt 0.28304900 0.37038600
vt 0.28304900 0.33913600
vt 0.28304900 0.33913600
vt 0.28770700 0.39641900
vt 0.28770700 0.33391900
vt 0.28770700 0.39641900
vt 0.28770700 0.33391900
vt 0.28304900 0.37038600
vt 0.28304900 0.33913600
vt 0.28304900 0.33913600
vt 0.28304900 0.37038600
vt 0.28304900 0.39120300
vt 0.28304900 0.35995300
vt 0.28304900 0.39120300
vt 0.28304900 0.35995300
vt 0.28770700 0.33391900
vt 0.28770700 0.39641900
vt 0.28770700 0.33391900
vt 0.28770700 0.39641900
vt 0.32437500 0.39120300
vt 0.32437500 0.39120300
vt 0.32437500 0.35995300
vt 0.32437500 0.35995300
vt 0.32437500 0.37038600
vt 0.32437500 0.37038600
vt 0.32437500 0.33913600
vt 0.32437500 0.33913600
vt 0.31971500 0.39641900
vt 0.31971500 0.39641900
vt 0.31971500 0.33391900
vt 0.31971500 0.33391900
vt 0.29265900 0.46952000
vt 0.31798100 0.46952000
vt 0.31798100 0.46292100
vt 0.29265900 0.46292100
vt 0.65125000 0.59369500
vt 0.65125000 0.59369500
vt 0.65125000 0.56832100
vt 0.65125000 0.59369500
vt 0.65125000 0.56832100
vt 0.65125000 0.59369500
vt 0.71458700 0.59369500
vt 0.71458700 0.59369500
vt 0.71458700 0.56832100
vt 0.71458700 0.63889100
vt 0.71458700 0.63889100
vt 0.71458700 0.67695300
vt 0.71458700 0.59369500
vt 0.71458700 0.59369500
vt 0.71458700 0.56832100
vt 0.71458700 0.63889100
vt 0.71458700 0.67695300
vt 0.71458700 0.63889100
vt 0.68291800 0.68912700
vt 0.68291800 0.68912700
vt 0.65125000 0.63889100
vt 0.65125000 0.53926600
vt 0.65125000 0.67695300
vt 0.65125000 0.63889100
vt 0.65125000 0.53926600
vt 0.65125000 0.67695300
vt 0.65125000 0.63889100
vt 0.65125000 0.63889100
vt 0.68291800 0.63889100
vt 0.68291800 0.67695300
vt 0.68291800 0.53926600
vt 0.68291800 0.53926600
vt 0.68291800 0.67695300
vt 0.68291800 0.63889100
vt 0.97011000 0.58896600
vt 0.93111900 0.58896600
vt 0.93111900 0.58896600
vt 0.90701800 0.58896600
vt 0.90701800 0.58896600
vt 0.90701800 0.58896600
vt 0.93111900 0.58896600
vt 0.93111900 0.58896600
vt 0.97011000 0.58896600
vt 0.94459300 0.62241300
vt 0.94459300 0.66349400
vt 0.91684200 0.62241300
vt 0.91684200 0.62241300
vt 0.91684200 0.66349400
vt 0.91684200 0.62241300
vt 0.91684200 0.62241300
vt 0.91684200 0.66349400
vt 0.94459300 0.66349400
vt 0.94459300 0.62241300
vt 0.96174700 0.66349400
vt 0.96174700 0.62241300
vt 0.94872400 0.63003800
vt 0.95029600 0.58896600
vt 0.92954200 0.58896600
vt 0.92954200 0.58896600
vt 0.92944400 0.58896600
vt 0.95013700 0.58896600
vt 0.95013700 0.58896600
vt 0.96302300 0.58896600
vt 0.93832500 0.65584000
vt 0.93832500 0.61475900
vt 0.92915200 0.61475900
vt 0.92915200 0.65584000
vt 0.93821100 0.61475900
vt 0.93821100 0.65584000
vt 0.95298100 0.65584000
vt 0.95298100 0.61475900
vt 0.95305100 0.65584000
vt 0.95305100 0.61475900
vt 0.95228400 0.61673500
vt 0.56152200 0.56598300
vt 0.56152200 0.56598300
vt 0.56152200 0.60338700
vt 0.56152200 0.61507900
vt 0.56152200 0.61507900
vt 0.56152200 0.59014300
vt 0.58178800 0.60338700
vt 0.58178800 0.56598300
vt 0.58178800 0.59014300
vt 0.58178800 0.61507900
vt 0.59018400 0.56598300
vt 0.59018400 0.60338700
vt 0.59018400 0.54104800
vt 0.59018400 0.61507900
vt 0.59018400 0.59014300
vt 0.59018400 0.61507900
vt 0.58178800 0.54104800
vt 0.58178800 0.56598300
vt 0.58178800 0.60338700
vt 0.58178800 0.61507900
vt 0.58178800 0.59014300
vt 0.56152200 0.60338700
vt 0.56152200 0.56598300
vt 0.56152200 0.54104800
vt 0.56152200 0.61507900
vt 0.56152200 0.59014300
vt 0.56152200 0.61507900
vt 0.54125400 0.60338700
vt 0.54125400 0.56598300
vt 0.54125400 0.54104800
vt 0.54125400 0.59014300
vt 0.54125400 0.61507900
vt 0.53285900 0.54104800
vt 0.53285900 0.56598300
vt 0.53285900 0.60338700
vt 0.53285900 0.61507900
vt 0.53285900 0.59014300
vt 0.53285900 0.61507900
vt 0.54125400 0.56598300
vt 0.54125400 0.60338700
vt 0.54125400 0.59014300
vt 0.54125400 0.61507900
vt 0.58178800 0.68217100
vt 0.58178800 0.64476700
vt 0.58178800 0.63230000
vt 0.56152200 0.68217100
vt 0.56152200 0.64476700
vt 0.56152200 0.63230000
vt 0.59018400 0.64476700
vt 0.59018400 0.68217100
vt 0.59018400 0.63230000
vt 0.58178800 0.63230000
vt 0.58178800 0.68217100
vt 0.58178800 0.64476700
vt 0.56152200 0.63230000
vt 0.56152200 0.64476700
vt 0.56152200 0.68217100
vt 0.54125400 0.63230000
vt 0.54125400 0.68217100
vt 0.54125400 0.64476700
vt 0.53285900 0.63230000
vt 0.53285900 0.64476700
vt 0.53285900 0.68217100
vt 0.54125400 0.64476700
vt 0.54125400 0.68217100
vt 0.54125400 0.63230000
vt 0.57645500 0.65697300
vt 0.56152200 0.65697300
vt 0.58264200 0.65697300
vt 0.57645500 0.65697300
vt 0.56152200 0.65697300
vt 0.54658900 0.65697300
vt 0.54040200 0.65697300
vt 0.54658900 0.65697300
vt 0.56152200 0.68858600
vt 0.52552700 0.59212400
vt 0.52552700 0.61706000
vt 0.52552700 0.61706000
vt 0.53607000 0.61706000
vt 0.53607000 0.59212400
vt 0.56152200 0.61706000
vt 0.56152200 0.61706000
vt 0.56152200 0.59212400
vt 0.58697400 0.61706000
vt 0.58697400 0.59212400
vt 0.59751700 0.61706000
vt 0.59751700 0.61706000
vt 0.59751700 0.59212400
vt 0.56152200 0.61706000
vt 0.56152200 0.59212400
vt 0.58697400 0.61706000
vt 0.58697400 0.59212400
vt 0.58697400 0.61706000
vt 0.53607000 0.61706000
vt 0.53607000 0.61706000
vt 0.53607000 0.59212400
vt 0.58697400 0.66818700
vt 0.58697400 0.63078300
vt 0.58697400 0.63078300
vt 0.56152200 0.66818700
vt 0.56152200 0.63078300
vt 0.59751700 0.66818700
vt 0.59751700 0.63078300
vt 0.59751700 0.63078300
vt 0.58697400 0.66818700
vt 0.58697400 0.63078300
vt 0.56152200 0.63078300
vt 0.56152200 0.63078300
vt 0.56152200 0.66818700
vt 0.53607000 0.63078300
vt 0.53607000 0.66818700
vt 0.52552700 0.63078300
vt 0.52552700 0.66818700
vt 0.52552700 0.63078300
vt 0.53607000 0.63078300
vt 0.53607000 0.63078300
vt 0.53607000 0.66818700
vt 0.56796600 0.56147700
vt 0.56796600 0.53654100
vt 0.56796600 0.53654100
vt 0.56796600 0.53654100
vt 0.56796600 0.53654100
vt 0.57707800 0.56874800
vt 0.57707800 0.56874800
vt 0.57707800 0.54381300
vt 0.57707800 0.56874800
vt 0.57707800 0.54381300
vt 0.57707800 0.57903200
vt 0.57707800 0.61643600
vt 0.57707800 0.57903200
vt 0.57707800 0.61643600
vt 0.57707800 0.57903200
vt 0.56796600 0.62370800
vt 0.56796600 0.62370800
vt 0.56796600 0.58630400
vt 0.56796600 0.62370800
vt 0.56796600 0.62370800
vt 0.56152200 0.59957300
vt 0.56152200 0.56216900
vt 0.58790900 0.59957300
vt 0.58790900 0.56216900
vt 0.58790900 0.56216900
vt 0.59884000 0.59957300
vt 0.59884000 0.56216900
vt 0.59884000 0.56216900
vt 0.58790900 0.56216900
vt 0.58790900 0.59957300
vt 0.56152200 0.56216900
vt 0.56152200 0.59957300
vt 0.56152200 0.56216900
vt 0.53513300 0.59957300
vt 0.53513300 0.56216900
vt 0.52420400 0.56216900
vt 0.52420400 0.59957300
vt 0.52420400 0.56216900
vt 0.53513300 0.59957300
vt 0.53513300 0.56216900
vt 0.53513300 0.56216900
vt 0.56152200 0.54844600
vt 0.58790900 0.54844600
vt 0.58790900 0.54844600
vt 0.59884000 0.54844600
vt 0.59884000 0.54844600
vt 0.58790900 0.54844600
vt 0.56152200 0.54844600
vt 0.56152200 0.54844600
vt 0.53513300 0.54844600
vt 0.52420400 0.54844600
vt 0.52420400 0.54844600
vt 0.53513300 0.54844600
vt 0.53513300 0.54844600
vt 0.55507800 0.53654100
vt 0.55507800 0.56147700
vt 0.55507800 0.53654100
vt 0.54596400 0.54381300
vt 0.54596400 0.56874800
vt 0.54596400 0.56874800
vt 0.54596400 0.56874800
vt 0.54596400 0.54381300
vt 0.54596400 0.57903200
vt 0.54596400 0.61643600
vt 0.54596400 0.61643600
vt 0.54596400 0.57903200
vt 0.54596400 0.57903200
vt 0.55507800 0.62370800
vt 0.55507800 0.62370800
vt 0.55507800 0.58630400
vt 0.55507800 0.62370800
vt 0.55507800 0.62370800
vt 0.56478700 0.60500300
vt 0.56478700 0.56759900
vt 0.56940500 0.60868800
vt 0.56940500 0.57128400
vt 0.56940500 0.57128400
vt 0.56940500 0.57649600
vt 0.56940500 0.57649600
vt 0.56478700 0.58018100
vt 0.56478700 0.58018100
vt 0.55825700 0.58018100
vt 0.55825700 0.58018100
vt 0.55363800 0.57649600
vt 0.55363800 0.57649600
vt 0.55363800 0.60868800
vt 0.55363800 0.57128400
vt 0.55363800 0.57128400
vt 0.55825700 0.60500300
vt 0.55825700 0.56759900
vt 0.56152200 0.57389100
vt 0.56152200 0.61129400
vt 0.52268600 0.56689700
vt 0.52268600 0.54196200
vt 0.52268600 0.56689700
vt 0.52268600 0.58088400
vt 0.52268600 0.58088400
vt 0.52268600 0.61828700
vt 0.52268600 0.54196200
vt 0.52268600 0.56689700
vt 0.52268600 0.56689700
vt 0.52268600 0.61828700
vt 0.52268600 0.58088400
vt 0.52268600 0.58088400
vt 0.60035900 0.54196200
vt 0.60035900 0.56689700
vt 0.60035900 0.56689700
vt 0.60035900 0.58088400
vt 0.60035900 0.61828700
vt 0.60035900 0.58088400
vt 0.60035900 0.56689700
vt 0.60035900 0.54196200
vt 0.60035900 0.56689700
vt 0.60035900 0.58088400
vt 0.60035900 0.58088400
vt 0.60035900 0.61828700
f 55/55/55 66/66/66 10/10/10
f 10/10/10 9/9/9 55/55/55
f 25/25/25 38/38/38 23/23/23
f 23/23/23 21/21/21 25/25/25
f 67/67/67 80/80/80 16/16/16
f 16/16/16 15/15/15 67/67/67
f 39/39/39 51/51/51 5/5/5
f 5/5/5 2/2/2 39/39/39
f 96/96/96 68/68/68 14/14/14
f 14/14/14 43/43/43 96/96/96
f 91/91/91 60/60/60 4/4/4
f 4/4/4 50/50/50 91/91/91
f 77/77/77 86/86/86 46/46/46
f 46/46/46 17/17/17 77/77/77
f 96/96/96 43/43/43 40/40/40
f 40/40/40 94/94/94 96/96/96
f 48/48/48 52/52/52 41/41/41
f 41/41/41 44/44/44 48/48/48
f 57/57/57 94/94/94 40/40/40
f 40/40/40 1/1/1 57/57/57
f 13/13/13 18/18/18 45/45/45
f 45/45/45 42/42/42 13/13/13
f 32/32/32 36/36/36 27/27/27
f 27/27/27 30/30/30 32/32/32
f 35/35/35 31/31/31 88/88/88
f 88/88/88 82/82/82 35/35/35
f 7/7/7 12/12/12 33/33/33
f 33/33/33 29/29/29 7/7/7
f 47/47/47 85/85/85 90/90/90
f 90/90/90 49/49/49 47/47/47
f 95/95/95 96/96/96 94/94/94
f 94/94/94 93/93/93 95/95/95
f 8/8/8 28/28/28 93/93/93
f 93/93/93 54/54/54 8/8/8
f 93/93/93 94/94/94 57/57/57
f 57/57/57 54/54/54 93/93/93
f 26/26/26 95/95/95 93/93/93
f 93/93/93 28/28/28 26/26/26
f 89/89/89 92/92/92 84/84/84
f 84/84/84 81/81/81 89/89/89
f 22/22/22 37/37/37 83/83/83
f 83/83/83 74/74/74 22/22/22
f 82/82/82 85/85/85 79/79/79
f 79/79/79 73/73/73 82/82/82
f 34/34/34 11/11/11 65/65/65
f 65/65/65 87/87/87 34/34/34
f 88/88/88 63/63/63 59/59/59
f 59/59/59 90/90/90 88/88/88
f 26/26/26 19/19/19 72/72/72
f 72/72/72 95/95/95 26/26/26
f 95/95/95 72/72/72 68/68/68
f 68/68/68 96/96/96 95/95/95
f 20/20/20 24/24/24 75/75/75
f 75/75/75 71/71/71 20/20/20
f 76/76/76 78/78/78 69/69/69
f 69/69/69 70/70/70 76/76/76
f 3/3/3 6/6/6 62/62/62
f 62/62/62 56/56/56 3/3/3
f 61/61/61 64/64/64 53/53/53
f 53/53/53 58/58/58 61/61/61
f 1365/1365/1365 1366/1366/1366 1363/1363/1363
f 1363/1363/1363 1364/1364/1364 1365/1365/1365
f 1369/1369/1369 1370/1370/1370 1367/1367/1367
f 1367/1367/1367 1368/1368/1368 1369/1369/1369
f 1373/1373/1373 1374/1374/1374 1371/1371/1371
f 1371/1371/1371 1372/1372/1372 1373/1373/1373
f 1377/1377/1377 1378/1378/1378 1375/1375/1375
f 1375/1375/1375 1376/1376/1376 1377/1377/1377
f 1381/1381/1381 1380/1380/1380 1379/1379/1379
f 1379/1379/1379 1382/1382/1382 1381/1381/1381
f 1385/1385/1385 1384/1384/1384 1383/1383/1383
f 1383/1383/1383 1386/1386/1386 1385/1385/1385
f 1389/1389/1389 1388/1388/1388 1387/1387/1387
f 1387/1387/1387 1390/1390/1390 1389/1389/1389
f 1393/1393/1393 1392/1392/1392 1391/1391/1391
f 1391/1391/1391 1394/1394/1394 1393/1393/1393
f 1396/1396/1396 1395/1395/1395 1398/1398/1398
f 1398/1398/1398 1397/1397/1397 1396/1396/1396
f 1400/1400/1400 1401/1401/1401 1402/1402/1402
f 1402/1402/1402 1399/1399/1399 1400/1400/1400
f 1611/1611/1611 1612/1612/1612 1614/1614/1614
f 1614/1614/1614 1613/1613/1613 1611/1611/1611
f 1678/1678/1678 1686/1686/1686 1637/1637/1637
f 1637/1637/1637 1629/1629/1629 1678/1678/1678
f 1700/1700/1700 1708/1708/1708 1692/1692/1692
f 1692/1692/1692 1676/1676/1676 1700/1700/1700
f 1704/1704/1704 1658/1658/1658 1640/1640/1640
f 1640/1640/1640 1681/1681/1681 1704/1704/1704
f 1632/1632/1632 1646/1646/1646 1667/1667/1667
f 1667/1667/1667 1652/1652/1652 1632/1632/1632
f 1625/1625/1625 1630/1630/1630 1633/1633/1633
f 1636/1636/1636 1641/1641/1641 1643/1643/1643
f 1648/1648/1648 1651/1651/1651 1656/1656/1656
f 1659/1659/1659 1664/1664/1664 1668/1668/1668
f 1671/1671/1671 1674/1674/1674 1679/1679/1679
f 1683/1683/1683 1685/1685/1685 1689/1689/1689
f 1695/1695/1695 1697/1697/1697 1701/1701/1701
f 1705/1705/1705 1710/1710/1710 1713/1713/1713
f 1649/1649/1649 1624/1624/1624 1634/1634/1634
f 1634/1634/1634 1654/1654/1654 1649/1649/1649
f 1627/1627/1627 1638/1638/1638 1644/1644/1644
f 1644/1644/1644 1631/1631/1631 1627/1627/1627
f 1639/1639/1639 1660/1660/1660 1666/1666/1666
f 1666/1666/1666 1645/1645/1645 1639/1639/1639
f 1663/1663/1663 1655/1655/1655 1653/1653/1653
f 1653/1653/1653 1665/1665/1665 1663/1663/1663
f 1694/1694/1694 1650/1650/1650 1657/1657/1657
f 1657/1657/1657 1699/1699/1699 1694/1694/1694
f 1661/1661/1661 1706/1706/1706 1712/1712/1712
f 1712/1712/1712 1662/1662/1662 1661/1661/1661
f 1709/1709/1709 1703/1703/1703 1698/1698/1698
f 1698/1698/1698 1714/1714/1714 1709/1709/1709
f 1672/1672/1672 1696/1696/1696 1702/1702/1702
f 1702/1702/1702 1675/1675/1675 1672/1672/1672
f 1707/1707/1707 1684/1684/1684 1690/1690/1690
f 1690/1690/1690 1711/1711/1711 1707/1707/1707
f 1687/1687/1687 1677/1677/1677 1673/1673/1673
f 1673/1673/1673 1691/1691/1691 1687/1687/1687
f 1623/1623/1623 1669/1669/1669 1680/1680/1680
f 1680/1680/1680 1628/1628/1628 1623/1623/1623
f 1682/1682/1682 1642/1642/1642 1635/1635/1635
f 1635/1635/1635 1688/1688/1688 1682/1682/1682
f 1647/1647/1647 1693/1693/1693 1670/1670/1670
f 1670/1670/1670 1626/1626/1626 1647/1647/1647
f 1715/1715/1715 1717/1717/1717 1718/1718/1718
f 1718/1718/1718 1716/1716/1716 1715/1715/1715
f 1719/1719/1719 1720/1720/1720 1722/1722/1722
f 1722/1722/1722 1721/1721/1721 1719/1719/1719
f 1723/1723/1723 1724/1724/1724 1726/1726/1726
f 1726/1726/1726 1725/1725/1725 1723/1723/1723
f 1727/1727/1727 1728/1728/1728 1730/1730/1730
f 1730/1730/1730 1729/1729/1729 1727/1727/1727
f 1731/1731/1731 1732/1732/1732 1734/1734/1734
f 1734/1734/1734 1733/1733/1733 1731/1731/1731
f 1735/1735/1735 1736/1736/1736 1738/1738/1738
f 1738/1738/1738 1737/1737/1737 1735/1735/1735
f 140/140/140 142/142/142 202/202/202
f 202/202/202 199/199/199 140/140/140
f 151/151/151 114/114/114 300/300/300
f 124/124/124 129/129/129 191/191/191
f 191/191/191 193/193/193 124/124/124
f 248/248/248 143/143/143 141/141/141
f 141/141/141 117/117/117 248/248/248
f 117/117/117 168/168/168 177/177/177
f 177/177/177 115/115/115 117/117/117
f 166/166/166 171/171/171 210/210/210
f 210/210/210 212/212/212 166/166/166
f 195/195/195 226/226/226 242/242/242
f 242/242/242 135/135/135 195/195/195
f 133/133/133 243/243/243 249/249/249
f 155/155/155 159/159/159 206/206/206
f 206/206/206 180/180/180 155/155/155
f 115/115/115 109/109/109 123/123/123
f 123/123/123 120/120/120 115/115/115
f 109/109/109 302/302/302 126/126/126
f 126/126/126 123/123/123 109/109/109
f 302/302/302 301/301/301 127/127/127
f 127/127/127 126/126/126 302/302/302
f 107/107/107 111/111/111 97/97/97
f 97/97/97 259/259/259 107/107/107
f 296/296/296 292/292/292 300/300/300
f 116/116/116 99/99/99 132/132/132
f 132/132/132 133/133/133 116/116/116
f 108/108/108 117/117/117 141/141/141
f 141/141/141 137/137/137 108/108/108
f 248/248/248 103/103/103 146/146/146
f 146/146/146 143/143/143 248/248/248
f 103/103/103 108/108/108 137/137/137
f 137/137/137 146/146/146 103/103/103
f 100/100/100 114/114/114 151/151/151
f 151/151/151 148/148/148 100/100/100
f 99/99/99 116/116/116 157/157/157
f 157/157/157 156/156/156 99/99/99
f 114/114/114 100/100/100 164/164/164
f 164/164/164 160/160/160 114/114/114
f 100/100/100 99/99/99 156/156/156
f 156/156/156 164/164/164 100/100/100
f 117/117/117 108/108/108 170/170/170
f 170/170/170 168/168/168 117/117/117
f 108/108/108 109/109/109 174/174/174
f 174/174/174 170/170/170 108/108/108
f 109/109/109 115/115/115 177/177/177
f 177/177/177 174/174/174 109/109/109
f 158/158/158 162/162/162 208/208/208
f 208/208/208 207/207/207 158/158/158
f 176/176/176 167/167/167 213/213/213
f 213/213/213 214/214/214 176/176/176
f 144/144/144 147/147/147 201/201/201
f 201/201/201 203/203/203 144/144/144
f 161/161/161 163/163/163 183/183/183
f 183/183/183 209/209/209 161/161/161
f 169/169/169 173/173/173 216/216/216
f 216/216/216 211/211/211 169/169/169
f 172/172/172 175/175/175 215/215/215
f 215/215/215 217/217/217 172/172/172
f 130/130/130 247/247/247 229/229/229
f 229/229/229 178/178/178 130/130/130
f 165/165/165 154/154/154 181/181/181
f 181/181/181 182/182/182 165/165/165
f 119/119/119 122/122/122 187/187/187
f 187/187/187 188/188/188 119/119/119
f 134/134/134 131/131/131 179/179/179
f 179/179/179 194/194/194 134/134/134
f 128/128/128 118/118/118 189/189/189
f 189/189/189 190/190/190 128/128/128
f 185/185/185 276/276/276 294/294/294
f 294/294/294 150/150/150 185/185/185
f 136/136/136 139/139/139 198/198/198
f 198/198/198 196/196/196 136/136/136
f 149/149/149 152/152/152 204/204/204
f 204/204/204 184/184/184 149/149/149
f 121/121/121 125/125/125 192/192/192
f 192/192/192 186/186/186 121/121/121
f 145/145/145 138/138/138 197/197/197
f 197/197/197 200/200/200 145/145/145
f 127/127/127 301/301/301 115/115/115
f 115/115/115 120/120/120 127/127/127
f 157/157/157 116/116/116 114/114/114
f 114/114/114 160/160/160 157/157/157
f 110/110/110 250/250/250 256/256/256
f 256/256/256 98/98/98 110/110/110
f 102/102/102 255/255/255 253/253/253
f 253/253/253 113/113/113 102/102/102
f 243/243/243 251/251/251 249/249/249
f 245/245/245 244/244/244 227/227/227
f 227/227/227 228/228/228 245/245/245
f 230/230/230 240/240/240 225/225/225
f 225/225/225 220/220/220 230/230/230
f 241/241/241 238/238/238 223/223/223
f 223/223/223 224/224/224 241/241/241
f 254/254/254 103/103/103 239/239/239
f 239/239/239 232/232/232 254/254/254
f 99/99/99 257/257/257 246/246/246
f 246/246/246 132/132/132 99/99/99
f 235/235/235 231/231/231 221/221/221
f 221/221/221 218/218/218 235/235/235
f 103/103/103 248/248/248 236/236/236
f 236/236/236 239/239/239 103/103/103
f 252/252/252 254/254/254 232/232/232
f 232/232/232 234/234/234 252/252/252
f 257/257/257 251/251/251 243/243/243
f 243/243/243 246/246/246 257/257/257
f 252/252/252 234/234/234 236/236/236
f 236/236/236 248/248/248 252/252/252
f 153/153/153 291/291/291 275/275/275
f 275/275/275 205/205/205 153/153/153
f 237/237/237 233/233/233 219/219/219
f 219/219/219 222/222/222 237/237/237
f 263/263/263 101/101/101 112/112/112
f 112/112/112 105/105/105 263/263/263
f 292/292/292 151/151/151 300/300/300
f 279/279/279 288/288/288 272/272/272
f 272/272/272 269/269/269 279/279/279
f 287/287/287 286/286/286 271/271/271
f 271/271/271 273/273/273 287/287/287
f 290/290/290 295/295/295 277/277/277
f 277/277/277 274/274/274 290/290/290
f 302/302/302 265/265/265 289/289/289
f 289/289/289 280/280/280 302/302/302
f 296/296/296 260/260/260 293/293/293
f 293/293/293 292/292/292 296/296/296
f 281/281/281 278/278/278 268/268/268
f 268/268/268 267/267/267 281/281/281
f 265/265/265 297/297/297 284/284/284
f 284/284/284 289/289/289 265/265/265
f 293/293/293 260/260/260 100/100/100
f 100/100/100 148/148/148 293/293/293
f 301/301/301 302/302/302 280/280/280
f 280/280/280 282/282/282 301/301/301
f 301/301/301 282/282/282 284/284/284
f 284/284/284 297/297/297 301/301/301
f 116/116/116 133/133/133 249/249/249
f 285/285/285 283/283/283 266/266/266
f 266/266/266 270/270/270 285/285/285
f 298/298/298 106/106/106 258/258/258
f 258/258/258 261/261/261 298/298/298
f 104/104/104 299/299/299 264/264/264
f 264/264/264 262/262/262 104/104/104
f 324/324/324 326/326/326 358/358/358
f 358/358/358 355/355/355 324/324/324
f 314/314/314 317/317/317 349/349/349
f 349/349/349 351/351/351 314/314/314
f 103/103/103 327/327/327 325/325/325
f 325/325/325 108/108/108 103/103/103
f 108/108/108 334/334/334 341/341/341
f 341/341/341 109/109/109 108/108/108
f 332/332/332 335/335/335 361/361/361
f 361/361/361 363/363/363 332/332/332
f 109/109/109 307/307/307 311/311/311
f 311/311/311 310/310/310 109/109/109
f 307/307/307 414/414/414 316/316/316
f 316/316/316 311/311/311 307/307/307
f 414/414/414 302/302/302 319/319/319
f 319/319/319 316/316/316 414/414/414
f 306/306/306 108/108/108 325/325/325
f 325/325/325 322/322/322 306/306/306
f 103/103/103 305/305/305 331/331/331
f 331/331/331 327/327/327 103/103/103
f 305/305/305 306/306/306 322/322/322
f 322/322/322 331/331/331 305/305/305
f 108/108/108 306/306/306 337/337/337
f 337/337/337 334/334/334 108/108/108
f 306/306/306 307/307/307 340/340/340
f 340/340/340 337/337/337 306/306/306
f 307/307/307 109/109/109 341/341/341
f 341/341/341 340/340/340 307/307/307
f 342/342/342 333/333/333 362/362/362
f 362/362/362 365/365/365 342/342/342
f 328/328/328 330/330/330 357/357/357
f 357/357/357 359/359/359 328/328/328
f 336/336/336 339/339/339 367/367/367
f 367/367/367 360/360/360 336/336/336
f 338/338/338 343/343/343 364/364/364
f 364/364/364 366/366/366 338/338/338
f 308/308/308 313/313/313 345/345/345
f 345/345/345 346/346/346 308/308/308
f 318/318/318 309/309/309 347/347/347
f 347/347/347 348/348/348 318/318/318
f 320/320/320 323/323/323 354/354/354
f 354/354/354 352/352/352 320/320/320
f 312/312/312 315/315/315 350/350/350
f 350/350/350 344/344/344 312/312/312
f 329/329/329 321/321/321 353/353/353
f 353/353/353 356/356/356 329/329/329
f 319/319/319 302/302/302 109/109/109
f 109/109/109 310/310/310 319/319/319
f 304/304/304 388/388/388 255/255/255
f 255/255/255 102/102/102 304/304/304
f 378/378/378 387/387/387 374/374/374
f 374/374/374 371/371/371 378/378/378
f 385/385/385 384/384/384 372/372/372
f 372/372/372 375/375/375 385/385/385
f 389/389/389 305/305/305 386/386/386
f 386/386/386 377/377/377 389/389/389
f 380/380/380 376/376/376 370/370/370
f 370/370/370 368/368/368 380/380/380
f 305/305/305 103/103/103 382/382/382
f 382/382/382 386/386/386 305/305/305
f 254/254/254 389/389/389 377/377/377
f 377/377/377 379/379/379 254/254/254
f 254/254/254 379/379/379 382/382/382
f 382/382/382 103/103/103 254/254/254
f 383/383/383 381/381/381 369/369/369
f 369/369/369 373/373/373 383/383/383
f 391/391/391 303/303/303 101/101/101
f 101/101/101 263/263/263 391/391/391
f 403/403/403 412/412/412 401/401/401
f 401/401/401 396/396/396 403/403/403
f 413/413/413 408/408/408 398/398/398
f 398/398/398 400/400/400 413/413/413
f 414/414/414 392/392/392 411/411/411
f 411/411/411 404/404/404 414/414/414
f 406/406/406 402/402/402 397/397/397
f 397/397/397 394/394/394 406/406/406
f 392/392/392 265/265/265 409/409/409
f 409/409/409 411/411/411 392/392/392
f 302/302/302 414/414/414 404/404/404
f 404/404/404 407/407/407 302/302/302
f 302/302/302 407/407/407 409/409/409
f 409/409/409 265/265/265 302/302/302
f 410/410/410 405/405/405 395/395/395
f 395/395/395 399/399/399 410/410/410
f 262/262/262 264/264/264 393/393/393
f 393/393/393 390/390/390 262/262/262
f 493/493/493 496/496/496 415/415/415
f 415/415/415 418/418/418 493/493/493
f 433/433/433 429/429/429 423/423/423
f 423/423/423 437/437/437 433/433/433
f 432/432/432 427/427/427 435/435/435
f 435/435/435 438/438/438 432/432/432
f 419/419/419 425/425/425 422/422/422
f 422/422/422 428/428/428 419/419/419
f 426/426/426 420/420/420 430/430/430
f 430/430/430 434/434/434 426/426/426
f 424/424/424 431/431/431 436/436/436
f 436/436/436 421/421/421 424/424/424
f 445/445/445 444/444/444 440/440/440
f 440/440/440 446/446/446 445/445/445
f 439/439/439 442/442/442 441/441/441
f 441/441/441 443/443/443 439/439/439
f 451/451/451 449/449/449 447/447/447
f 447/447/447 454/454/454 451/451/451
f 450/450/450 448/448/448 452/452/452
f 452/452/452 453/453/453 450/450/450
f 458/458/458 464/464/464 479/479/479
f 479/479/479 469/469/469 458/458/458
f 467/467/467 462/462/462 472/472/472
f 472/472/472 477/477/477 467/467/467
f 459/459/459 456/456/456 461/461/461
f 461/461/461 466/466/466 459/459/459
f 465/465/465 460/460/460 468/468/468
f 468/468/468 476/476/476 465/465/465
f 475/475/475 474/474/474 470/470/470
f 470/470/470 480/480/480 475/475/475
f 457/457/457 471/471/471 473/473/473
f 455/455/455 457/457/457 473/473/473
f 473/473/473 463/463/463 455/455/455
f 478/478/478 465/465/465 476/476/476
f 489/489/489 487/487/487 482/482/482
f 482/482/482 491/491/491 489/489/489
f 417/417/417 416/416/416 495/495/495
f 495/495/495 494/494/494 417/417/417
f 485/485/485 481/481/481 486/486/486
f 486/486/486 490/490/490 485/485/485
f 484/484/484 488/488/488 492/492/492
f 492/492/492 483/483/483 484/484/484
f 576/576/576 577/577/577 497/497/497
f 497/497/497 500/500/500 576/576/576
f 515/515/515 510/510/510 504/504/504
f 504/504/504 520/520/520 515/515/515
f 513/513/513 508/508/508 517/517/517
f 517/517/517 519/519/519 513/513/513
f 501/501/501 507/507/507 503/503/503
f 503/503/503 512/512/512 501/501/501
f 509/509/509 502/502/502 511/511/511
f 511/511/511 516/516/516 509/509/509
f 506/506/506 514/514/514 518/518/518
f 518/518/518 505/505/505 506/506/506
f 527/527/527 525/525/525 522/522/522
f 522/522/522 528/528/528 527/527/527
f 521/521/521 524/524/524 523/523/523
f 523/523/523 526/526/526 521/521/521
f 533/533/533 531/531/531 529/529/529
f 529/529/529 536/536/536 533/533/533
f 532/532/532 530/530/530 534/534/534
f 534/534/534 535/535/535 532/532/532
f 539/539/539 547/547/547 562/562/562
f 562/562/562 552/552/552 539/539/539
f 550/550/550 545/545/545 555/555/555
f 555/555/555 558/558/558 550/550/550
f 542/542/542 538/538/538 544/544/544
f 544/544/544 549/549/549 542/542/542
f 546/546/546 541/541/541 548/548/548
f 548/548/548 559/559/559 546/546/546
f 557/557/557 556/556/556 553/553/553
f 553/553/553 560/560/560 557/557/557
f 540/540/540 551/551/551 554/554/554
f 537/537/537 540/540/540 554/554/554
f 554/554/554 543/543/543 537/537/537
f 561/561/561 546/546/546 559/559/559
f 571/571/571 568/568/568 565/565/565
f 565/565/565 574/574/574 571/571/571
f 499/499/499 498/498/498 578/578/578
f 578/578/578 575/575/575 499/499/499
f 567/567/567 563/563/563 569/569/569
f 569/569/569 572/572/572 567/567/567
f 566/566/566 570/570/570 573/573/573
f 573/573/573 564/564/564 566/566/566
f 658/658/658 660/660/660 579/579/579
f 579/579/579 582/582/582 658/658/658
f 598/598/598 593/593/593 585/585/585
f 585/585/585 600/600/600 598/598/598
f 596/596/596 590/590/590 599/599/599
f 599/599/599 601/601/601 596/596/596
f 583/583/583 588/588/588 586/586/586
f 586/586/586 592/592/592 583/583/583
f 591/591/591 584/584/584 594/594/594
f 594/594/594 597/597/597 591/591/591
f 589/589/589 595/595/595 602/602/602
f 602/602/602 587/587/587 589/589/589
f 609/609/609 608/608/608 605/605/605
f 605/605/605 610/610/610 609/609/609
f 603/603/603 606/606/606 604/604/604
f 604/604/604 607/607/607 603/603/603
f 616/616/616 613/613/613 611/611/611
f 611/611/611 617/617/617 616/616/616
f 614/614/614 612/612/612 615/615/615
f 615/615/615 618/618/618 614/614/614
f 621/621/621 628/628/628 644/644/644
f 644/644/644 635/635/635 621/621/621
f 632/632/632 625/625/625 636/636/636
f 636/636/636 640/640/640 632/632/632
f 623/623/623 620/620/620 626/626/626
f 626/626/626 631/631/631 623/623/623
f 629/629/629 624/624/624 630/630/630
f 630/630/630 641/641/641 629/629/629
f 639/639/639 637/637/637 634/634/634
f 634/634/634 642/642/642 639/639/639
f 622/622/622 633/633/633 638/638/638
f 619/619/619 622/622/622 638/638/638
f 638/638/638 627/627/627 619/619/619
f 643/643/643 629/629/629 641/641/641
f 654/654/654 651/651/651 646/646/646
f 646/646/646 655/655/655 654/654/654
f 581/581/581 580/580/580 659/659/659
f 659/659/659 657/657/657 581/581/581
f 649/649/649 645/645/645 650/650/650
f 650/650/650 653/653/653 649/649/649
f 648/648/648 652/652/652 656/656/656
f 656/656/656 647/647/647 648/648/648
f 740/740/740 741/741/741 661/661/661
f 661/661/661 664/664/664 740/740/740
f 681/681/681 675/675/675 669/669/669
f 669/669/669 682/682/682 681/681/681
f 677/677/677 672/672/672 679/679/679
f 679/679/679 683/683/683 677/677/677
f 666/666/666 671/671/671 668/668/668
f 668/668/668 676/676/676 666/666/666
f 673/673/673 665/665/665 674/674/674
f 674/674/674 680/680/680 673/673/673
f 670/670/670 678/678/678 684/684/684
f 684/684/684 667/667/667 670/670/670
f 691/691/691 689/689/689 687/687/687
f 687/687/687 692/692/692 691/691/691
f 685/685/685 688/688/688 686/686/686
f 686/686/686 690/690/690 685/685/685
f 697/697/697 695/695/695 693/693/693
f 693/693/693 700/700/700 697/697/697
f 696/696/696 694/694/694 698/698/698
f 698/698/698 699/699/699 696/696/696
f 704/704/704 711/711/711 725/725/725
f 725/725/725 717/717/717 704/704/704
f 712/712/712 707/707/707 720/720/720
f 720/720/720 722/722/722 712/712/712
f 705/705/705 702/702/702 708/708/708
f 708/708/708 714/714/714 705/705/705
f 710/710/710 706/706/706 713/713/713
f 713/713/713 721/721/721 710/710/710
f 723/723/723 719/719/719 715/715/715
f 715/715/715 726/726/726 723/723/723
f 703/703/703 716/716/716 718/718/718
f 701/701/701 703/703/703 718/718/718
f 718/718/718 709/709/709 701/701/701
f 724/724/724 710/710/710 721/721/721
f 735/735/735 732/732/732 729/729/729
f 729/729/729 738/738/738 735/735/735
f 663/663/663 662/662/662 742/742/742
f 742/742/742 739/739/739 663/663/663
f 731/731/731 727/727/727 733/733/733
f 733/733/733 736/736/736 731/731/731
f 730/730/730 734/734/734 737/737/737
f 737/737/737 728/728/728 730/730/730
f 821/821/821 823/823/823 743/743/743
f 743/743/743 746/746/746 821/821/821
f 762/762/762 757/757/757 749/749/749
f 749/749/749 764/764/764 762/762/762
f 759/759/759 754/754/754 761/761/761
f 761/761/761 766/766/766 759/759/759
f 747/747/747 752/752/752 751/751/751
f 751/751/751 758/758/758 747/747/747
f 755/755/755 748/748/748 756/756/756
f 756/756/756 763/763/763 755/755/755
f 753/753/753 760/760/760 765/765/765
f 765/765/765 750/750/750 753/753/753
f 773/773/773 771/771/771 769/769/769
f 769/769/769 774/774/774 773/773/773
f 767/767/767 770/770/770 768/768/768
f 768/768/768 772/772/772 767/767/767
f 779/779/779 777/777/777 775/775/775
f 775/775/775 782/782/782 779/779/779
f 778/778/778 776/776/776 780/780/780
f 780/780/780 781/781/781 778/778/778
f 785/785/785 792/792/792 806/806/806
f 806/806/806 798/798/798 785/785/785
f 796/796/796 790/790/790 802/802/802
f 802/802/802 803/803/803 796/796/796
f 788/788/788 783/783/783 789/789/789
f 789/789/789 795/795/795 788/788/788
f 793/793/793 787/787/787 794/794/794
f 794/794/794 804/804/804 793/793/793
f 805/805/805 800/800/800 799/799/799
f 799/799/799 808/808/808 805/805/805
f 786/786/786 797/797/797 801/801/801
f 784/784/784 786/786/786 801/801/801
f 801/801/801 791/791/791 784/784/784
f 807/807/807 793/793/793 804/804/804
f 818/818/818 814/814/814 811/811/811
f 811/811/811 819/819/819 818/818/818
f 745/745/745 744/744/744 824/824/824
f 824/824/824 822/822/822 745/745/745
f 813/813/813 809/809/809 815/815/815
f 815/815/815 817/817/817 813/813/813
f 812/812/812 816/816/816 820/820/820
f 820/820/820 810/810/810 812/812/812
f 904/904/904 905/905/905 825/825/825
f 825/825/825 828/828/828 904/904/904
f 844/844/844 840/840/840 833/833/833
f 833/833/833 847/847/847 844/844/844
f 841/841/841 837/837/837 843/843/843
f 843/843/843 846/846/846 841/841/841
f 829/829/829 835/835/835 831/831/831
f 831/831/831 838/838/838 829/829/829
f 836/836/836 830/830/830 839/839/839
f 839/839/839 845/845/845 836/836/836
f 834/834/834 842/842/842 848/848/848
f 848/848/848 832/832/832 834/834/834
f 855/855/855 854/854/854 851/851/851
f 851/851/851 856/856/856 855/855/855
f 849/849/849 852/852/852 850/850/850
f 850/850/850 853/853/853 849/849/849
f 861/861/861 859/859/859 857/857/857
f 857/857/857 864/864/864 861/861/861
f 860/860/860 858/858/858 862/862/862
f 862/862/862 863/863/863 860/860/860
f 868/868/868 875/875/875 890/890/890
f 890/890/890 881/881/881 868/868/868
f 878/878/878 872/872/872 882/882/882
f 882/882/882 885/885/885 878/878/878
f 869/869/869 865/865/865 873/873/873
f 873/873/873 876/876/876 869/869/869
f 874/874/874 870/870/870 877/877/877
f 877/877/877 886/886/886 874/874/874
f 887/887/887 884/884/884 880/880/880
f 880/880/880 889/889/889 887/887/887
f 867/867/867 879/879/879 883/883/883
f 866/866/866 867/867/867 883/883/883
f 883/883/883 871/871/871 866/866/866
f 888/888/888 874/874/874 886/886/886
f 900/900/900 896/896/896 892/892/892
f 892/892/892 901/901/901 900/900/900
f 827/827/827 826/826/826 906/906/906
f 906/906/906 903/903/903 827/827/827
f 895/895/895 891/891/891 897/897/897
f 897/897/897 899/899/899 895/895/895
f 894/894/894 898/898/898 902/902/902
f 902/902/902 893/893/893 894/894/894
f 986/986/986 987/987/987 907/907/907
f 907/907/907 910/910/910 986/986/986
f 926/926/926 920/920/920 913/913/913
f 913/913/913 930/930/930 926/926/926
f 923/923/923 919/919/919 927/927/927
f 927/927/927 929/929/929 923/923/923
f 911/911/911 917/917/917 914/914/914
f 914/914/914 921/921/921 911/911/911
f 918/918/918 912/912/912 922/922/922
f 922/922/922 925/925/925 918/918/918
f 916/916/916 924/924/924 928/928/928
f 928/928/928 915/915/915 916/916/916
f 937/937/937 936/936/936 933/933/933
f 933/933/933 938/938/938 937/937/937
f 931/931/931 934/934/934 932/932/932
f 932/932/932 935/935/935 931/931/931
f 943/943/943 941/941/941 939/939/939
f 939/939/939 945/945/945 943/943/943
f 942/942/942 940/940/940 944/944/944
f 944/944/944 946/946/946 942/942/942
f 950/950/950 956/956/956 970/970/970
f 970/970/970 961/961/961 950/950/950
f 960/960/960 955/955/955 965/965/965
f 965/965/965 968/968/968 960/960/960
f 952/952/952 947/947/947 953/953/953
f 953/953/953 959/959/959 952/952/952
f 957/957/957 951/951/951 958/958/958
f 958/958/958 969/969/969 957/957/957
f 967/967/967 964/964/964 963/963/963
f 963/963/963 972/972/972 967/967/967
f 949/949/949 962/962/962 966/966/966
f 948/948/948 949/949/949 966/966/966
f 966/966/966 954/954/954 948/948/948
f 971/971/971 957/957/957 969/969/969
f 981/981/981 979/979/979 975/975/975
f 975/975/975 984/984/984 981/981/981
f 909/909/909 908/908/908 988/988/988
f 988/988/988 985/985/985 909/909/909
f 977/977/977 973/973/973 978/978/978
f 978/978/978 982/982/982 977/977/977
f 976/976/976 980/980/980 983/983/983
f 983/983/983 974/974/974 976/976/976
f 1068/1068/1068 1069/1069/1069 989/989/989
f 989/989/989 992/992/992 1068/1068/1068
f 1009/1009/1009 1002/1002/1002 997/997/997
f 997/997/997 1011/1011/1011 1009/1009/1009
f 1006/1006/1006 1001/1001/1001 1007/1007/1007
f 1007/1007/1007 1010/1010/1010 1006/1006/1006
f 993/993/993 999/999/999 996/996/996
f 996/996/996 1004/1004/1004 993/993/993
f 1000/1000/1000 994/994/994 1003/1003/1003
f 1003/1003/1003 1008/1008/1008 1000/1000/1000
f 998/998/998 1005/1005/1005 1012/1012/1012
f 1012/1012/1012 995/995/995 998/998/998
f 1019/1019/1019 1017/1017/1017 1014/1014/1014
f 1014/1014/1014 1020/1020/1020 1019/1019/1019
f 1013/1013/1013 1016/1016/1016 1015/1015/1015
f 1015/1015/1015 1018/1018/1018 1013/1013/1013
f 1025/1025/1025 1023/1023/1023 1021/1021/1021
f 1021/1021/1021 1027/1027/1027 1025/1025/1025
f 1024/1024/1024 1022/1022/1022 1026/1026/1026
f 1026/1026/1026 1028/1028/1028 1024/1024/1024
f 1032/1032/1032 1039/1039/1039 1052/1052/1052
f 1052/1052/1052 1045/1045/1045 1032/1032/1032
f 1040/1040/1040 1035/1035/1035 1048/1048/1048
f 1048/1048/1048 1051/1051/1051 1040/1040/1040
f 1033/1033/1033 1030/1030/1030 1036/1036/1036
f 1036/1036/1036 1041/1041/1041 1033/1033/1033
f 1038/1038/1038 1034/1034/1034 1042/1042/1042
f 1042/1042/1042 1049/1049/1049 1038/1038/1038
f 1050/1050/1050 1046/1046/1046 1044/1044/1044
f 1044/1044/1044 1053/1053/1053 1050/1050/1050
f 1031/1031/1031 1043/1043/1043 1047/1047/1047
f 1029/1029/1029 1031/1031/1031 1047/1047/1047
f 1047/1047/1047 1037/1037/1037 1029/1029/1029
f 1054/1054/1054 1038/1038/1038 1049/1049/1049
f 1063/1063/1063 1061/1061/1061 1056/1056/1056
f 1056/1056/1056 1066/1066/1066 1063/1063/1063
f 991/991/991 990/990/990 1070/1070/1070
f 1070/1070/1070 1067/1067/1067 991/991/991
f 1059/1059/1059 1055/1055/1055 1060/1060/1060
f 1060/1060/1060 1064/1064/1064 1059/1059/1059
f 1058/1058/1058 1062/1062/1062 1065/1065/1065
f 1065/1065/1065 1057/1057/1057 1058/1058/1058
f 1149/1149/1149 1152/1152/1152 1071/1071/1071
f 1071/1071/1071 1074/1074/1074 1149/1149/1149
f 1091/1091/1091 1084/1084/1084 1077/1077/1077
f 1077/1077/1077 1092/1092/1092 1091/1091/1091
f 1087/1087/1087 1083/1083/1083 1090/1090/1090
f 1090/1090/1090 1093/1093/1093 1087/1087/1087
f 1075/1075/1075 1080/1080/1080 1079/1079/1079
f 1079/1079/1079 1085/1085/1085 1075/1075/1075
f 1082/1082/1082 1076/1076/1076 1086/1086/1086
f 1086/1086/1086 1089/1089/1089 1082/1082/1082
f 1081/1081/1081 1088/1088/1088 1094/1094/1094
f 1094/1094/1094 1078/1078/1078 1081/1081/1081
f 1101/1101/1101 1099/1099/1099 1097/1097/1097
f 1097/1097/1097 1102/1102/1102 1101/1101/1101
f 1095/1095/1095 1098/1098/1098 1096/1096/1096
f 1096/1096/1096 1100/1100/1100 1095/1095/1095
f 1108/1108/1108 1105/1105/1105 1103/1103/1103
f 1103/1103/1103 1110/1110/1110 1108/1108/1108
f 1106/1106/1106 1104/1104/1104 1107/1107/1107
f 1107/1107/1107 1109/1109/1109 1106/1106/1106
f 1113/1113/1113 1120/1120/1120 1134/1134/1134
f 1134/1134/1134 1125/1125/1125 1113/1113/1113
f 1123/1123/1123 1119/1119/1119 1130/1130/1130
f 1130/1130/1130 1133/1133/1133 1123/1123/1123
f 1115/1115/1115 1112/1112/1112 1118/1118/1118
f 1118/1118/1118 1124/1124/1124 1115/1115/1115
f 1121/1121/1121 1116/1116/1116 1122/1122/1122
f 1122/1122/1122 1132/1132/1132 1121/1121/1121
f 1131/1131/1131 1128/1128/1128 1126/1126/1126
f 1126/1126/1126 1136/1136/1136 1131/1131/1131
f 1114/1114/1114 1127/1127/1127 1129/1129/1129
f 1111/1111/1111 1114/1114/1114 1129/1129/1129
f 1129/1129/1129 1117/1117/1117 1111/1111/1111
f 1135/1135/1135 1121/1121/1121 1132/1132/1132
f 1146/1146/1146 1143/1143/1143 1139/1139/1139
f 1139/1139/1139 1148/1148/1148 1146/1146/1146
f 1073/1073/1073 1072/1072/1072 1151/1151/1151
f 1151/1151/1151 1150/1150/1150 1073/1073/1073
f 1141/1141/1141 1137/1137/1137 1142/1142/1142
f 1142/1142/1142 1145/1145/1145 1141/1141/1141
f 1140/1140/1140 1144/1144/1144 1147/1147/1147
f 1147/1147/1147 1138/1138/1138 1140/1140/1140
f 1232/1232/1232 1233/1233/1233 1153/1153/1153
f 1153/1153/1153 1156/1156/1156 1232/1232/1232
f 1172/1172/1172 1166/1166/1166 1161/1161/1161
f 1161/1161/1161 1175/1175/1175 1172/1172/1172
f 1170/1170/1170 1165/1165/1165 1171/1171/1171
f 1171/1171/1171 1174/1174/1174 1170/1170/1170
f 1157/1157/1157 1162/1162/1162 1159/1159/1159
f 1159/1159/1159 1167/1167/1167 1157/1157/1157
f 1164/1164/1164 1158/1158/1158 1168/1168/1168
f 1168/1168/1168 1173/1173/1173 1164/1164/1164
f 1163/1163/1163 1169/1169/1169 1176/1176/1176
f 1176/1176/1176 1160/1160/1160 1163/1163/1163
f 1183/1183/1183 1182/1182/1182 1179/1179/1179
f 1179/1179/1179 1184/1184/1184 1183/1183/1183
f 1177/1177/1177 1180/1180/1180 1178/1178/1178
f 1178/1178/1178 1181/1181/1181 1177/1177/1177
f 1189/1189/1189 1187/1187/1187 1185/1185/1185
f 1185/1185/1185 1192/1192/1192 1189/1189/1189
f 1188/1188/1188 1186/1186/1186 1190/1190/1190
f 1190/1190/1190 1191/1191/1191 1188/1188/1188
f 1196/1196/1196 1203/1203/1203 1216/1216/1216
f 1216/1216/1216 1207/1207/1207 1196/1196/1196
f 1204/1204/1204 1200/1200/1200 1212/1212/1212
f 1212/1212/1212 1215/1215/1215 1204/1204/1204
f 1198/1198/1198 1193/1193/1193 1199/1199/1199
f 1199/1199/1199 1206/1206/1206 1198/1198/1198
f 1202/1202/1202 1197/1197/1197 1205/1205/1205
f 1205/1205/1205 1213/1213/1213 1202/1202/1202
f 1214/1214/1214 1211/1211/1211 1208/1208/1208
f 1208/1208/1208 1217/1217/1217 1214/1214/1214
f 1195/1195/1195 1209/1209/1209 1210/1210/1210
f 1194/1194/1194 1195/1195/1195 1210/1210/1210
f 1210/1210/1210 1201/1201/1201 1194/1194/1194
f 1218/1218/1218 1202/1202/1202 1213/1213/1213
f 1228/1228/1228 1225/1225/1225 1221/1221/1221
f 1221/1221/1221 1230/1230/1230 1228/1228/1228
f 1155/1155/1155 1154/1154/1154 1234/1234/1234
f 1234/1234/1234 1231/1231/1231 1155/1155/1155
f 1223/1223/1223 1219/1219/1219 1224/1224/1224
f 1224/1224/1224 1227/1227/1227 1223/1223/1223
f 1222/1222/1222 1226/1226/1226 1229/1229/1229
f 1229/1229/1229 1220/1220/1220 1222/1222/1222
f 1237/1237/1237 1238/1238/1238 1245/1245/1245
f 1245/1245/1245 1242/1242/1242 1237/1237/1237
f 1241/1241/1241 1246/1246/1246 1256/1256/1256
f 1256/1256/1256 1254/1254/1254 1241/1241/1241
f 1255/1255/1255 1258/1258/1258 1250/1250/1250
f 1250/1250/1250 1249/1249/1249 1255/1255/1255
f 1248/1248/1248 1251/1251/1251 1239/1239/1239
f 1239/1239/1239 1236/1236/1236 1248/1248/1248
f 1243/1243/1243 1253/1253/1253 1247/1247/1247
f 1247/1247/1247 1235/1235/1235 1243/1243/1243
f 1262/1262/1262 1266/1266/1266 1281/1281/1281
f 1281/1281/1281 1271/1271/1271 1262/1262/1262
f 1257/1257/1257 1244/1244/1244 1263/1263/1263
f 1263/1263/1263 1261/1261/1261 1257/1257/1257
f 1244/1244/1244 1240/1240/1240 1265/1265/1265
f 1265/1265/1265 1263/1263/1263 1244/1244/1244
f 1240/1240/1240 1252/1252/1252 1269/1269/1269
f 1269/1269/1269 1265/1265/1265 1240/1240/1240
f 1252/1252/1252 1257/1257/1257 1261/1261/1261
f 1261/1261/1261 1269/1269/1269 1252/1252/1252
f 1275/1275/1275 1273/1273/1273 1280/1280/1280
f 1280/1280/1280 1279/1279/1279 1275/1275/1275
f 1259/1259/1259 1264/1264/1264 1272/1272/1272
f 1272/1272/1272 1274/1274/1274 1259/1259/1259
f 1267/1267/1267 1268/1268/1268 1277/1277/1277
f 1277/1277/1277 1282/1282/1282 1267/1267/1267
f 1270/1270/1270 1260/1260/1260 1276/1276/1276
f 1276/1276/1276 1278/1278/1278 1270/1270/1270
f 1307/1307/1307 1313/1313/1313 1292/1292/1292
f 1292/1292/1292 1289/1289/1289 1307/1307/1307
f 1290/1290/1290 1293/1293/1293 1304/1304/1304
f 1304/1304/1304 1302/1302/1302 1290/1290/1290
f 1316/1316/1316 1321/1321/1321 1300/1300/1300
f 1300/1300/1300 1297/1297/1297 1316/1316/1316
f 1295/1295/1295 1299/1299/1299 1286/1286/1286
f 1286/1286/1286 1285/1285/1285 1295/1295/1295
f 1309/1309/1309 1315/1315/1315 1296/1296/1296
f 1296/1296/1296 1284/1284/1284 1309/1309/1309
f 1322/1322/1322 1312/1312/1312 1288/1288/1288
f 1288/1288/1288 1298/1298/1298 1322/1322/1322
f 1305/1305/1305 1294/1294/1294 1314/1314/1314
f 1314/1314/1314 1320/1320/1320 1305/1305/1305
f 1291/1291/1291 1303/1303/1303 1318/1318/1318
f 1318/1318/1318 1308/1308/1308 1291/1291/1291
f 1301/1301/1301 1306/1306/1306 1319/1319/1319
f 1319/1319/1319 1317/1317/1317 1301/1301/1301
f 1283/1283/1283 1287/1287/1287 1311/1311/1311
f 1311/1311/1311 1310/1310/1310 1283/1283/1283
f 1348/1348/1348 1353/1353/1353 1332/1332/1332
f 1332/1332/1332 1329/1329/1329 1348/1348/1348
f 1331/1331/1331 1334/1334/1334 1345/1345/1345
f 1345/1345/1345 1343/1343/1343 1331/1331/1331
f 1355/1355/1355 1362/1362/1362 1338/1338/1338
f 1338/1338/1338 1336/1336/1336 1355/1355/1355
f 1335/1335/1335 1340/1340/1340 1327/1327/1327
f 1327/1327/1327 1324/1324/1324 1335/1335/1335
f 1350/1350/1350 1356/1356/1356 1337/1337/1337
f 1337/1337/1337 1323/1323/1323 1350/1350/1350
f 1361/1361/1361 1352/1352/1352 1326/1326/1326
f 1326/1326/1326 1339/1339/1339 1361/1361/1361
f 1344/1344/1344 1333/1333/1333 1354/1354/1354
f 1354/1354/1354 1359/1359/1359 1344/1344/1344
f 1330/1330/1330 1342/1342/1342 1358/1358/1358
f 1358/1358/1358 1347/1347/1347 1330/1330/1330
f 1341/1341/1341 1346/1346/1346 1360/1360/1360
f 1360/1360/1360 1357/1357/1357 1341/1341/1341
f 1325/1325/1325 1328/1328/1328 1351/1351/1351
f 1351/1351/1351 1349/1349/1349 1325/1325/1325
f 1404/1404/1404 1410/1410/1410 1407/1407/1407
f 1407/1407/1407 1411/1411/1411 1404/1404/1404
f 1439/1439/1439 1412/1412/1412 1406/1406/1406
f 1406/1406/1406 1441/1441/1441 1439/1439/1439
f 1419/1419/1419 1416/1416/1416 1414/1414/1414
f 1414/1414/1414 1420/1420/1420 1419/1419/1419
f 1417/1417/1417 1415/1415/1415 1418/1418/1418
f 1418/1418/1418 1421/1421/1421 1417/1417/1417
f 1422/1422/1422 1426/1426/1426 1457/1457/1457
f 1457/1457/1457 1453/1453/1453 1422/1422/1422
f 1423/1423/1423 1425/1425/1425 1429/1429/1429
f 1429/1429/1429 1428/1428/1428 1423/1423/1423
f 1745/1745/1745 1743/1743/1743 1403/1403/1403
f 1403/1403/1403 1433/1433/1433 1745/1745/1745
f 1442/1442/1442 1408/1408/1408 1409/1409/1409
f 1409/1409/1409 1436/1436/1436 1442/1442/1442
f 1437/1437/1437 1434/1434/1434 1438/1438/1438
f 1438/1438/1438 1443/1443/1443 1437/1437/1437
f 1435/1435/1435 1405/1405/1405 1413/1413/1413
f 1413/1413/1413 1440/1440/1440 1435/1435/1435
f 1450/1450/1450 1449/1449/1449 1445/1445/1445
f 1445/1445/1445 1451/1451/1451 1450/1450/1450
f 1444/1444/1444 1447/1447/1447 1446/1446/1446
f 1446/1446/1446 1448/1448/1448 1444/1444/1444
f 1427/1427/1427 1431/1431/1431 1460/1460/1460
f 1460/1460/1460 1458/1458/1458 1427/1427/1427
f 1455/1455/1455 1452/1452/1452 1456/1456/1456
f 1456/1456/1456 1461/1461/1461 1455/1455/1455
f 1430/1430/1430 1424/1424/1424 1454/1454/1454
f 1454/1454/1454 1459/1459/1459 1430/1430/1430
f 1464/1464/1464 1471/1471/1471 1468/1468/1468
f 1468/1468/1468 1469/1469/1469 1464/1464/1464
f 1498/1498/1498 1503/1503/1503 1466/1466/1466
f 1466/1466/1466 1473/1473/1473 1498/1498/1498
f 1479/1479/1479 1480/1480/1480 1474/1474/1474
f 1474/1474/1474 1476/1476/1476 1479/1479/1479
f 1477/1477/1477 1481/1481/1481 1478/1478/1478
f 1478/1478/1478 1475/1475/1475 1477/1477/1477
f 1483/1483/1483 1513/1513/1513 1516/1516/1516
f 1516/1516/1516 1486/1486/1486 1483/1483/1483
f 1482/1482/1482 1488/1488/1488 1489/1489/1489
f 1489/1489/1489 1484/1484/1484 1482/1482/1482
f 1739/1739/1739 1742/1742/1742 1463/1463/1463
f 1463/1463/1463 1493/1493/1493 1739/1739/1739
f 1501/1501/1501 1497/1497/1497 1470/1470/1470
f 1470/1470/1470 1467/1467/1467 1501/1501/1501
f 1496/1496/1496 1502/1502/1502 1499/1499/1499
f 1499/1499/1499 1495/1495/1495 1496/1496/1496
f 1494/1494/1494 1500/1500/1500 1472/1472/1472
f 1472/1472/1472 1465/1465/1465 1494/1494/1494
f 1510/1510/1510 1511/1511/1511 1505/1505/1505
f 1505/1505/1505 1508/1508/1508 1510/1510/1510
f 1504/1504/1504 1509/1509/1509 1506/1506/1506
f 1506/1506/1506 1507/1507/1507 1504/1504/1504
f 1487/1487/1487 1517/1517/1517 1521/1521/1521
f 1521/1521/1521 1491/1491/1491 1487/1487/1487
f 1515/1515/1515 1519/1519/1519 1518/1518/1518
f 1518/1518/1518 1512/1512/1512 1515/1515/1515
f 1490/1490/1490 1520/1520/1520 1514/1514/1514
f 1514/1514/1514 1485/1485/1485 1490/1490/1490
f 1591/1591/1591 1593/1593/1593 1523/1523/1523
f 1523/1523/1523 1526/1526/1526 1591/1591/1591
f 1541/1541/1541 1538/1538/1538 1531/1531/1531
f 1531/1531/1531 1545/1545/1545 1541/1541/1541
f 1540/1540/1540 1535/1535/1535 1543/1543/1543
f 1543/1543/1543 1546/1546/1546 1540/1540/1540
f 1527/1527/1527 1532/1532/1532 1530/1530/1530
f 1530/1530/1530 1537/1537/1537 1527/1527/1527
f 1534/1534/1534 1528/1528/1528 1536/1536/1536
f 1536/1536/1536 1542/1542/1542 1534/1534/1534
f 1533/1533/1533 1539/1539/1539 1544/1544/1544
f 1544/1544/1544 1529/1529/1529 1533/1533/1533
f 1553/1553/1553 1552/1552/1552 1548/1548/1548
f 1548/1548/1548 1554/1554/1554 1553/1553/1553
f 1547/1547/1547 1550/1550/1550 1549/1549/1549
f 1549/1549/1549 1551/1551/1551 1547/1547/1547
f 1559/1559/1559 1557/1557/1557 1555/1555/1555
f 1555/1555/1555 1561/1561/1561 1559/1559/1559
f 1558/1558/1558 1556/1556/1556 1560/1560/1560
f 1560/1560/1560 1562/1562/1562 1558/1558/1558
f 1574/1574/1574 1570/1570/1570 1575/1575/1575
f 1575/1575/1575 1578/1578/1578 1574/1574/1574
f 1566/1566/1566 1564/1564/1564 1568/1568/1568
f 1568/1568/1568 1573/1573/1573 1566/1566/1566
f 1571/1571/1571 1567/1567/1567 1572/1572/1572
f 1572/1572/1572 1577/1577/1577 1571/1571/1571
f 1563/1563/1563 1565/1565/1565 1576/1576/1576
f 1576/1576/1576 1569/1569/1569 1563/1563/1563
f 1588/1588/1588 1585/1585/1585 1581/1581/1581
f 1581/1581/1581 1589/1589/1589 1588/1588/1588
f 1525/1525/1525 1524/1524/1524 1594/1594/1594
f 1594/1594/1594 1592/1592/1592 1525/1525/1525
f 1583/1583/1583 1579/1579/1579 1584/1584/1584
f 1584/1584/1584 1587/1587/1587 1583/1583/1583
f 1582/1582/1582 1586/1586/1586 1590/1590/1590
f 1590/1590/1590 1580/1580/1580 1582/1582/1582
f 1601/1601/1601 1599/1599/1599 1597/1597/1597
f 1597/1597/1597 1602/1602/1602 1601/1601/1601
f 1595/1595/1595 1598/1598/1598 1596/1596/1596
f 1596/1596/1596 1600/1600/1600 1595/1595/1595
f 1607/1607/1607 1605/1605/1605 1603/1603/1603
f 1603/1603/1603 1609/1609/1609 1607/1607/1607
f 1606/1606/1606 1604/1604/1604 1608/1608/1608
f 1608/1608/1608 1610/1610/1610 1606/1606/1606
f 1620/1620/1620 1619/1619/1619 1616/1616/1616
f 1616/1616/1616 1622/1622/1622 1620/1620/1620
f 1617/1617/1617 1615/1615/1615 1618/1618/1618
f 1618/1618/1618 1621/1621/1621 1617/1617/1617
f 1492/1492/1492 1741/1741/1741 1740/1740/1740
f 1740/1740/1740 1522/1522/1522 1492/1492/1492
f 1462/1462/1462 1432/1432/1432 1744/1744/1744
f 1744/1744/1744 1746/1746/1746 1462/1462/1462
f 1775/1775/1775 1770/1770/1770 1803/1803/1803
f 1803/1803/1803 1751/1751/1751 1775/1775/1775
f 1752/1752/1752 1749/1749/1749 1756/1756/1756
f 1756/1756/1756 1783/1783/1783 1752/1752/1752
f 1782/1782/1782 1754/1754/1754 1758/1758/1758
f 1758/1758/1758 1780/1780/1780 1782/1782/1782
f 1781/1781/1781 1759/1759/1759 1764/1764/1764
f 1764/1764/1764 1778/1778/1778 1781/1781/1781
f 1779/1779/1779 1765/1765/1765 1769/1769/1769
f 1769/1769/1769 1776/1776/1776 1779/1779/1779
f 1777/1777/1777 1766/1766/1766 1773/1773/1773
f 1773/1773/1773 1774/1774/1774 1777/1777/1777
f 1747/1747/1747 1753/1753/1753 1784/1784/1784
f 1762/1762/1762 1794/1794/1794 1796/1796/1796
f 1796/1796/1796 1767/1767/1767 1762/1762/1762
f 1755/1755/1755 1790/1790/1790 1792/1792/1792
f 1792/1792/1792 1761/1761/1761 1755/1755/1755
f 1784/1784/1784 1799/1799/1799 1786/1786/1786
f 1786/1786/1786 1747/1747/1747 1784/1784/1784
f 1768/1768/1768 1795/1795/1795 1798/1798/1798
f 1798/1798/1798 1771/1771/1771 1768/1768/1768
f 1760/1760/1760 1791/1791/1791 1793/1793/1793
f 1793/1793/1793 1763/1763/1763 1760/1760/1760
f 1748/1748/1748 1785/1785/1785 1789/1789/1789
f 1789/1789/1789 1757/1757/1757 1748/1748/1748
f 1772/1772/1772 1797/1797/1797 1787/1787/1787
f 1787/1787/1787 1801/1801/1801 1772/1772/1772
f 1821/1821/1821 1820/1820/1820 1805/1805/1805
f 1805/1805/1805 1808/1808/1808 1821/1821/1821
f 1750/1750/1750 1800/1800/1800 1809/1809/1809
f 1809/1809/1809 1826/1826/1826 1750/1750/1750
f 1825/1825/1825 1810/1810/1810 1815/1815/1815
f 1815/1815/1815 1824/1824/1824 1825/1825/1825
f 1823/1823/1823 1816/1816/1816 1817/1817/1817
f 1817/1817/1817 1822/1822/1822 1823/1823/1823
f 1807/1807/1807 1804/1804/1804 1827/1827/1827
f 1811/1811/1811 1831/1831/1831 1833/1833/1833
f 1833/1833/1833 1813/1813/1813 1811/1811/1811
f 1814/1814/1814 1832/1832/1832 1835/1835/1835
f 1835/1835/1835 1819/1819/1819 1814/1814/1814
f 1802/1802/1802 1788/1788/1788 1830/1830/1830
f 1830/1830/1830 1812/1812/1812 1802/1802/1802
f 1804/1804/1804 1828/1828/1828 1836/1836/1836
f 1836/1836/1836 1827/1827/1827 1804/1804/1804
f 1818/1818/1818 1834/1834/1834 1829/1829/1829
f 1829/1829/1829 1806/1806/1806 1818/1818/1818
f 1983/1983/1983 1953/1953/1953 1919/1919/1919
f 1919/1919/1919 1922/1922/1922 1983/1983/1983
f 1936/1936/1936 1923/1923/1923 1971/1971/1971
f 1971/1971/1971 1992/1992/1992 1936/1936/1936
f 1845/1845/1845 1846/1846/1846 1839/1839/1839
f 1839/1839/1839 1840/1840/1840 1845/1845/1845
f 2018/2018/2018 2033/2033/2033 1867/1867/1867
f 1867/1867/1867 1875/1875/1875 2018/2018/2018
f 1986/1986/1986 1984/1984/1984 1920/1920/1920
f 1920/1920/1920 1932/1932/1932 1986/1986/1986
f 1929/1929/1929 1917/1917/1917 1956/1956/1956
f 1956/1956/1956 1999/1999/1999 1929/1929/1929
f 1990/1990/1990 1973/1973/1973 1980/1980/1980
f 1980/1980/1980 1987/1987/1987 1990/1990/1990
f 1879/1879/1879 1884/1884/1884 1837/1837/1837
f 1837/1837/1837 1870/1870/1870 1879/1879/1879
f 1873/1873/1873 1889/1889/1889 1843/1843/1843
f 1843/1843/1843 1868/1868/1868 1873/1873/1873
f 1868/1868/1868 1843/1843/1843 1841/1841/1841
f 1841/1841/1841 1869/1869/1869 1868/1868/1868
f 1870/1870/1870 1837/1837/1837 1848/1848/1848
f 1848/1848/1848 1866/1866/1866 1870/1870/1870
f 1842/1842/1842 1838/1838/1838 1885/1885/1885
f 1885/1885/1885 1883/1883/1883 1842/1842/1842
f 1882/1882/1882 1886/1886/1886 1891/1891/1891
f 1891/1891/1891 1887/1887/1887 1882/1882/1882
f 1888/1888/1888 1892/1892/1892 1847/1847/1847
f 1847/1847/1847 1844/1844/1844 1888/1888/1888
f 1869/1869/1869 1841/1841/1841 1881/1881/1881
f 1881/1881/1881 1877/1877/1877 1869/1869/1869
f 1866/1866/1866 1848/1848/1848 1890/1890/1890
f 1890/1890/1890 1876/1876/1876 1866/1866/1866
f 1876/1876/1876 1890/1890/1890 1884/1884/1884
f 1884/1884/1884 1879/1879/1879 1876/1876/1876
f 1877/1877/1877 1881/1881/1881 1889/1889/1889
f 1889/1889/1889 1873/1873/1873 1877/1877/1877
f 1903/1903/1903 1900/1900/1900 1895/1895/1895
f 1895/1895/1895 1893/1893/1893 1903/1903/1903
f 1916/1916/1916 1914/1914/1914 1901/1901/1901
f 1901/1901/1901 1903/1903/1903 1916/1916/1916
f 1910/1910/1910 1908/1908/1908 1913/1913/1913
f 1913/1913/1913 1916/1916/1916 1910/1910/1910
f 1893/1893/1893 1898/1898/1898 1906/1906/1906
f 1906/1906/1906 1910/1910/1910 1893/1893/1893
f 1904/1904/1904 1894/1894/1894 1909/1909/1909
f 1909/1909/1909 1915/1915/1915 1904/1904/1904
f 1925/1925/1925 1927/1927/1927 1968/1968/1968
f 1968/1968/1968 1969/1969/1969 1925/1925/1925
f 1947/1947/1947 1950/1950/1950 1938/1938/1938
f 1938/1938/1938 1944/1944/1944 1947/1947/1947
f 1933/1933/1933 1926/1926/1926 1924/1924/1924
f 1924/1924/1924 1935/1935/1935 1933/1933/1933
f 1994/1994/1994 1965/1965/1965 1928/1928/1928
f 1928/1928/1928 1934/1934/1934 1994/1994/1994
f 1931/1931/1931 1921/1921/1921 1918/1918/1918
f 1918/1918/1918 1930/1930/1930 1931/1931/1931
f 1974/1974/1974 1963/1963/1963 1960/1960/1960
f 1960/1960/1960 1977/1977/1977 1974/1974/1974
f 1978/1978/1978 1862/1862/1862 2006/2006/2006
f 2006/2006/2006 1988/1988/1988 1978/1978/1978
f 1981/1981/1981 1857/1857/1857 1854/1854/1854
f 1854/1854/1854 1954/1954/1954 1981/1981/1981
f 1985/1985/1985 2007/2007/2007 1860/1860/1860
f 1860/1860/1860 1982/1982/1982 1985/1985/1985
f 1961/1961/1961 1941/1941/1941 2013/2013/2013
f 2013/2013/2013 1995/1995/1995 1961/1961/1961
f 1998/1998/1998 1959/1959/1959 1964/1964/1964
f 1964/1964/1964 1996/1996/1996 1998/1998/1998
f 1859/1859/1859 1863/1863/1863 1851/1851/1851
f 1851/1851/1851 1856/1856/1856 1859/1859/1859
f 2004/2004/2004 2001/2001/2001 1951/1951/1951
f 1951/1951/1951 1946/1946/1946 2004/2004/2004
f 2008/2008/2008 2005/2005/2005 1864/1864/1864
f 1864/1864/1864 1858/1858/1858 2008/2008/2008
f 2012/2012/2012 2009/2009/2009 1853/1853/1853
f 1853/1853/1853 1849/1849/1849 2012/2012/2012
f 2015/2015/2015 2014/2014/2014 1943/1943/1943
f 1943/1943/1943 1937/1937/1937 2015/2015/2015
f 1958/1958/1958 1850/1850/1850 1861/1861/1861
f 1861/1861/1861 1979/1979/1979 1958/1958/1958
f 1997/1997/1997 2011/2011/2011 1852/1852/1852
f 1852/1852/1852 1957/1957/1957 1997/1997/1997
f 1976/1976/1976 1945/1945/1945 1942/1942/1942
f 1942/1942/1942 1962/1962/1962 1976/1976/1976
f 1955/1955/1955 1855/1855/1855 2010/2010/2010
f 2010/2010/2010 2000/2000/2000 1955/1955/1955
f 1989/1989/1989 2003/2003/2003 1948/1948/1948
f 1948/1948/1948 1975/1975/1975 1989/1989/1989
f 1972/1972/1972 1949/1949/1949 2002/2002/2002
f 2002/2002/2002 1991/1991/1991 1972/1972/1972
f 1966/1966/1966 1939/1939/1939 1952/1952/1952
f 1952/1952/1952 1970/1970/1970 1966/1966/1966
f 1993/1993/1993 2016/2016/2016 1940/1940/1940
f 1940/1940/1940 1967/1967/1967 1993/1993/1993
f 2041/2041/2041 2057/2057/2057 1880/1880/1880
f 1880/1880/1880 1871/1871/1871 2041/2041/2041
f 2046/2046/2046 2029/2029/2029 1897/1897/1897
f 1897/1897/1897 1902/1902/1902 2046/2046/2046
f 2022/2022/2022 2056/2056/2056 1911/1911/1911
f 1911/1911/1911 1905/1905/1905 2022/2022/2022
f 2055/2055/2055 2048/2048/2048 1899/1899/1899
f 1899/1899/1899 1912/1912/1912 2055/2055/2055
f 2034/2034/2034 2044/2044/2044 1872/1872/1872
f 1872/1872/1872 1865/1865/1865 2034/2034/2034
f 2031/2031/2031 2023/2023/2023 1907/1907/1907
f 1907/1907/1907 1896/1896/1896 2031/2031/2031
f 2035/2035/2035 2038/2038/2038 2051/2051/2051
f 2051/2051/2051 2043/2043/2043 2035/2035/2035
f 2037/2037/2037 2032/2032/2032 2045/2045/2045
f 2045/2045/2045 2052/2052/2052 2037/2037/2037
f 2059/2059/2059 2064/2064/2064 2025/2025/2025
f 2025/2025/2025 2017/2017/2017 2059/2059/2059
f 2061/2061/2061 2054/2054/2054 2024/2024/2024
f 2024/2024/2024 2027/2027/2027 2061/2061/2061
f 2019/2019/2019 2026/2026/2026 2040/2040/2040
f 2040/2040/2040 2036/2036/2036 2019/2019/2019
f 2028/2028/2028 2021/2021/2021 2030/2030/2030
f 2030/2030/2030 2039/2039/2039 2028/2028/2028
f 2042/2042/2042 2049/2049/2049 2063/2063/2063
f 2063/2063/2063 2060/2060/2060 2042/2042/2042
f 2050/2050/2050 2047/2047/2047 2053/2053/2053
f 2053/2053/2053 2062/2062/2062 2050/2050/2050
f 2058/2058/2058 2020/2020/2020 1874/1874/1874
f 1874/1874/1874 1878/1878/1878 2058/2058/2058
f 2067/2067/2067 2066/2066/2066 2065/2065/2065
f 2065/2065/2065 2068/2068/2068 2067/2067/2067
f 2069/2069/2069 2074/2074/2074 2089/2089/2089
f 2089/2089/2089 2095/2095/2095 2069/2069/2069
f 2081/2081/2081 2076/2076/2076 2079/2079/2079
f 2079/2079/2079 2084/2084/2084 2081/2081/2081
f 2071/2071/2071 2077/2077/2077 2083/2083/2083
f 2083/2083/2083 2073/2073/2073 2071/2071/2071
f 2097/2097/2097 2082/2082/2082 2086/2086/2086
f 2098/2098/2098 2085/2085/2085 2080/2080/2080
f 2080/2080/2080 2101/2101/2101 2098/2098/2098
f 2094/2094/2094 2087/2087/2087 2088/2088/2088
f 2088/2088/2088 2091/2091/2091 2094/2094/2094
f 2093/2093/2093 2090/2090/2090 2099/2099/2099
f 2099/2099/2099 2100/2100/2100 2093/2093/2093
f 2078/2078/2078 2075/2075/2075 2102/2102/2102
f 2070/2070/2070 2096/2096/2096 2102/2102/2102
f 2102/2102/2102 2075/2075/2075 2070/2070/2070
f 2072/2072/2072 2082/2082/2082 2097/2097/2097
f 2097/2097/2097 2092/2092/2092 2072/2072/2072
f 2103/2103/2103 2123/2123/2123 2111/2111/2111
f 2104/2104/2104 2112/2112/2112 2103/2103/2103
f 2106/2106/2106 2115/2115/2115 2105/2105/2105
f 2110/2110/2110 2117/2117/2117 2108/2108/2108
f 2111/2111/2111 2121/2121/2121 2109/2109/2109
f 2103/2103/2103 2112/2112/2112 2123/2123/2123
f 2104/2104/2104 2114/2114/2114 2112/2112/2112
f 2107/2107/2107 2118/2118/2118 2114/2114/2114
f 2109/2109/2109 2121/2121/2121 2118/2118/2118
f 2111/2111/2111 2123/2123/2123 2121/2121/2121
f 2113/2113/2113 2124/2124/2124 2122/2122/2122
f 2116/2116/2116 2124/2124/2124 2113/2113/2113
f 2119/2119/2119 2124/2124/2124 2116/2116/2116
f 2120/2120/2120 2124/2124/2124 2119/2119/2119
f 2122/2122/2122 2124/2124/2124 2120/2120/2120
f 2125/2125/2125 2141/2141/2141 2131/2131/2131
f 2127/2127/2127 2133/2133/2133 2125/2125/2125
f 2128/2128/2128 2134/2134/2134 2126/2126/2126
f 2130/2130/2130 2136/2136/2136 2128/2128/2128
f 2131/2131/2131 2139/2139/2139 2129/2129/2129
f 2125/2125/2125 2133/2133/2133 2141/2141/2141
f 2127/2127/2127 2134/2134/2134 2133/2133/2133
f 2128/2128/2128 2136/2136/2136 2134/2134/2134
f 2129/2129/2129 2139/2139/2139 2136/2136/2136
f 2131/2131/2131 2141/2141/2141 2139/2139/2139
f 2132/2132/2132 2142/2142/2142 2140/2140/2140
f 2135/2135/2135 2142/2142/2142 2132/2132/2132
f 2137/2137/2137 2142/2142/2142 2135/2135/2135
f 2138/2138/2138 2142/2142/2142 2137/2137/2137
f 2140/2140/2140 2142/2142/2142 2138/2138/2138
f 2144/2144/2144 2146/2146/2146 2152/2152/2152
f 2152/2152/2152 2150/2150/2150 2144/2144/2144
f 2150/2150/2150 2152/2152/2152 2158/2158/2158
f 2158/2158/2158 2155/2155/2155 2150/2150/2150
f 2153/2153/2153 2156/2156/2156 2162/2162/2162
f 2162/2162/2162 2160/2160/2160 2153/2153/2153
f 2159/2159/2159 2162/2162/2162 2167/2167/2167
f 2167/2167/2167 2166/2166/2166 2159/2159/2159
f 2165/2165/2165 2169/2169/2169 2174/2174/2174
f 2174/2174/2174 2171/2171/2171 2165/2165/2165
f 2172/2172/2172 2174/2174/2174 2178/2178/2178
f 2178/2178/2178 2175/2175/2175 2172/2172/2172
f 2205/2205/2205 2207/2207/2207 2259/2259/2259
f 2259/2259/2259 2255/2255/2255 2205/2205/2205
f 2176/2176/2176 2180/2180/2180 2184/2184/2184
f 2184/2184/2184 2181/2181/2181 2176/2176/2176
f 2181/2181/2181 2184/2184/2184 2147/2147/2147
f 2147/2147/2147 2143/2143/2143 2181/2181/2181
f 2154/2154/2154 2161/2161/2161 2289/2289/2289
f 2289/2289/2289 2285/2285/2285 2154/2154/2154
f 2206/2206/2206 2204/2204/2204 2215/2215/2215
f 2215/2215/2215 2216/2216/2216 2206/2206/2206
f 2201/2201/2201 2205/2205/2205 2255/2255/2255
f 2255/2255/2255 2253/2253/2253 2201/2201/2201
f 2173/2173/2173 2168/2168/2168 2225/2225/2225
f 2225/2225/2225 2222/2222/2222 2173/2173/2173
f 2199/2199/2199 2201/2201/2201 2253/2253/2253
f 2253/2253/2253 2251/2251/2251 2199/2199/2199
f 2183/2183/2183 2179/2179/2179 2218/2218/2218
f 2218/2218/2218 2238/2238/2238 2183/2183/2183
f 2157/2157/2157 2151/2151/2151 2234/2234/2234
f 2234/2234/2234 2230/2230/2230 2157/2157/2157
f 2195/2195/2195 2199/2199/2199 2251/2251/2251
f 2251/2251/2251 2247/2247/2247 2195/2195/2195
f 2192/2192/2192 2195/2195/2195 2247/2247/2247
f 2247/2247/2247 2244/2244/2244 2192/2192/2192
f 2213/2213/2213 2212/2212/2212 2217/2217/2217
f 2202/2202/2202 2198/2198/2198 2213/2213/2213
f 2213/2213/2213 2214/2214/2214 2202/2202/2202
f 2196/2196/2196 2191/2191/2191 2211/2211/2211
f 2211/2211/2211 2212/2212/2212 2196/2196/2196
f 2186/2186/2186 2189/2189/2189 2210/2210/2210
f 2210/2210/2210 2209/2209/2209 2186/2186/2186
f 2190/2190/2190 2208/2208/2208 2216/2216/2216
f 2216/2216/2216 2210/2210/2210 2190/2190/2190
f 2203/2203/2203 2200/2200/2200 2214/2214/2214
f 2214/2214/2214 2215/2215/2215 2203/2203/2203
f 2197/2197/2197 2194/2194/2194 2212/2212/2212
f 2212/2212/2212 2213/2213/2213 2197/2197/2197
f 2193/2193/2193 2187/2187/2187 2209/2209/2209
f 2209/2209/2209 2211/2211/2211 2193/2193/2193
f 2221/2221/2221 2223/2223/2223 2249/2249/2249
f 2249/2249/2249 2252/2252/2252 2221/2221/2221
f 2211/2211/2211 2209/2209/2209 2217/2217/2217
f 2216/2216/2216 2215/2215/2215 2217/2217/2217
f 2214/2214/2214 2213/2213/2213 2217/2217/2217
f 2212/2212/2212 2211/2211/2211 2217/2217/2217
f 2209/2209/2209 2210/2210/2210 2217/2217/2217
f 2210/2210/2210 2216/2216/2216 2217/2217/2217
f 2215/2215/2215 2214/2214/2214 2217/2217/2217
f 2229/2229/2229 2235/2235/2235 2240/2240/2240
f 2240/2240/2240 2246/2246/2246 2229/2229/2229
f 2237/2237/2237 2220/2220/2220 2256/2256/2256
f 2256/2256/2256 2257/2257/2257 2237/2237/2237
f 2224/2224/2224 2226/2226/2226 2248/2248/2248
f 2248/2248/2248 2250/2250/2250 2224/2224/2224
f 2219/2219/2219 2221/2221/2221 2252/2252/2252
f 2252/2252/2252 2254/2254/2254 2219/2219/2219
f 2226/2226/2226 2228/2228/2228 2245/2245/2245
f 2245/2245/2245 2248/2248/2248 2226/2226/2226
f 2231/2231/2231 2236/2236/2236 2258/2258/2258
f 2258/2258/2258 2243/2243/2243 2231/2231/2231
f 2233/2233/2233 2231/2231/2231 2243/2243/2243
f 2243/2243/2243 2241/2241/2241 2233/2233/2233
f 2163/2163/2163 2157/2157/2157 2230/2230/2230
f 2230/2230/2230 2227/2227/2227 2163/2163/2163
f 2148/2148/2148 2183/2183/2183 2238/2238/2238
f 2238/2238/2238 2232/2232/2232 2148/2148/2148
f 2151/2151/2151 2148/2148/2148 2232/2232/2232
f 2232/2232/2232 2234/2234/2234 2151/2151/2151
f 2207/2207/2207 2188/2188/2188 2242/2242/2242
f 2242/2242/2242 2259/2259/2259 2207/2207/2207
f 2188/2188/2188 2185/2185/2185 2239/2239/2239
f 2239/2239/2239 2242/2242/2242 2188/2188/2188
f 2179/2179/2179 2173/2173/2173 2222/2222/2222
f 2222/2222/2222 2218/2218/2218 2179/2179/2179
f 2185/2185/2185 2192/2192/2192 2244/2244/2244
f 2244/2244/2244 2239/2239/2239 2185/2185/2185
f 2168/2168/2168 2163/2163/2163 2227/2227/2227
f 2227/2227/2227 2225/2225/2225 2168/2168/2168
f 2328/2328/2328 2331/2331/2331 2276/2276/2276
f 2276/2276/2276 2279/2279/2279 2328/2328/2328
f 2323/2323/2323 2324/2324/2324 2330/2330/2330
f 2330/2330/2330 2327/2327/2327 2323/2323/2323
f 2278/2278/2278 2275/2275/2275 2271/2271/2271
f 2271/2271/2271 2273/2273/2273 2278/2278/2278
f 2164/2164/2164 2170/2170/2170 2293/2293/2293
f 2293/2293/2293 2291/2291/2291 2164/2164/2164
f 2274/2274/2274 2272/2272/2272 2265/2265/2265
f 2265/2265/2265 2268/2268/2268 2274/2274/2274
f 2177/2177/2177 2182/2182/2182 2298/2298/2298
f 2298/2298/2298 2296/2296/2296 2177/2177/2177
f 2149/2149/2149 2154/2154/2154 2285/2285/2285
f 2285/2285/2285 2282/2282/2282 2149/2149/2149
f 2269/2269/2269 2267/2267/2267 2261/2261/2261
f 2261/2261/2261 2264/2264/2264 2269/2269/2269
f 2288/2288/2288 2290/2290/2290 2307/2307/2307
f 2307/2307/2307 2306/2306/2306 2288/2288/2288
f 2295/2295/2295 2300/2300/2300 2312/2312/2312
f 2312/2312/2312 2310/2310/2310 2295/2295/2295
f 2284/2284/2284 2287/2287/2287 2304/2304/2304
f 2304/2304/2304 2302/2302/2302 2284/2284/2284
f 2292/2292/2292 2294/2294/2294 2309/2309/2309
f 2309/2309/2309 2308/2308/2308 2292/2292/2292
f 2299/2299/2299 2281/2281/2281 2301/2301/2301
f 2301/2301/2301 2313/2313/2313 2299/2299/2299
f 2281/2281/2281 2283/2283/2283 2303/2303/2303
f 2303/2303/2303 2301/2301/2301 2281/2281/2281
f 2286/2286/2286 2288/2288/2288 2306/2306/2306
f 2306/2306/2306 2305/2305/2305 2286/2286/2286
f 2294/2294/2294 2297/2297/2297 2311/2311/2311
f 2311/2311/2311 2309/2309/2309 2294/2294/2294
f 2182/2182/2182 2145/2145/2145 2280/2280/2280
f 2280/2280/2280 2298/2298/2298 2182/2182/2182
f 2145/2145/2145 2149/2149/2149 2282/2282/2282
f 2282/2282/2282 2280/2280/2280 2145/2145/2145
f 2318/2318/2318 2320/2320/2320 2326/2326/2326
f 2326/2326/2326 2322/2322/2322 2318/2318/2318
f 2170/2170/2170 2177/2177/2177 2296/2296/2296
f 2296/2296/2296 2293/2293/2293 2170/2170/2170
f 2314/2314/2314 2316/2316/2316 2321/2321/2321
f 2321/2321/2321 2317/2317/2317 2314/2314/2314
f 2161/2161/2161 2164/2164/2164 2291/2291/2291
f 2291/2291/2291 2289/2289/2289 2161/2161/2161
f 2263/2263/2263 2262/2262/2262 2316/2316/2316
f 2316/2316/2316 2314/2314/2314 2263/2263/2263
f 2344/2344/2344 2347/2347/2347 2350/2350/2350
f 2260/2260/2260 2266/2266/2266 2335/2335/2335
f 2335/2335/2335 2333/2333/2333 2260/2260/2260
f 2266/2266/2266 2270/2270/2270 2338/2338/2338
f 2338/2338/2338 2335/2335/2335 2266/2266/2266
f 2270/2270/2270 2277/2277/2277 2340/2340/2340
f 2340/2340/2340 2338/2338/2338 2270/2270/2270
f 2277/2277/2277 2329/2329/2329 2341/2341/2341
f 2341/2341/2341 2340/2340/2340 2277/2277/2277
f 2329/2329/2329 2325/2325/2325 2343/2343/2343
f 2343/2343/2343 2341/2341/2341 2329/2329/2329
f 2325/2325/2325 2319/2319/2319 2346/2346/2346
f 2346/2346/2346 2343/2343/2343 2325/2325/2325
f 2319/2319/2319 2315/2315/2315 2349/2349/2349
f 2349/2349/2349 2346/2346/2346 2319/2319/2319
f 2315/2315/2315 2260/2260/2260 2333/2333/2333
f 2333/2333/2333 2349/2349/2349 2315/2315/2315
f 2339/2339/2339 2342/2342/2342 2350/2350/2350
f 2336/2336/2336 2337/2337/2337 2350/2350/2350
f 2332/2332/2332 2334/2334/2334 2351/2351/2351
f 2345/2345/2345 2348/2348/2348 2351/2351/2351
f 2342/2342/2342 2344/2344/2344 2350/2350/2350
f 2337/2337/2337 2339/2339/2339 2350/2350/2350
f 2348/2348/2348 2332/2332/2332 2351/2351/2351
f 2354/2354/2354 2355/2355/2355 2363/2363/2363
f 2363/2363/2363 2360/2360/2360 2354/2354/2354
f 2359/2359/2359 2362/2362/2362 2373/2373/2373
f 2373/2373/2373 2372/2372/2372 2359/2359/2359
f 2370/2370/2370 2374/2374/2374 2367/2367/2367
f 2367/2367/2367 2365/2365/2365 2370/2370/2370
f 2366/2366/2366 2369/2369/2369 2356/2356/2356
f 2356/2356/2356 2352/2352/2352 2366/2366/2366
f 2358/2358/2358 2371/2371/2371 2364/2364/2364
f 2364/2364/2364 2353/2353/2353 2358/2358/2358
f 2375/2375/2375 2361/2361/2361 2357/2357/2357
f 2357/2357/2357 2368/2368/2368 2375/2375/2375

