# https://github.com/mikedh/trimesh
mtllib material.mtl
usemtl material_0
v -1.00000000 0.00000000 0.98978950
v -1.00000000 0.00000000 0.98978950
v -1.00000000 0.00000000 0.98978950
v -1.00000000 0.10000000 0.98978950
v -1.00000000 0.10000000 0.98978950
v -1.00000000 0.10000000 0.98978950
v -1.00000000 0.00000000 -1.01021050
v -1.00000000 0.00000000 -1.01021050
v -1.00000000 0.00000000 -1.01021050
v -1.00000000 0.10000000 -1.01021050
v -1.00000000 0.10000000 -1.01021050
v -1.00000000 0.10000000 -1.01021050
v 1.00000000 0.00000000 0.98978950
v 1.00000000 0.00000000 0.98978950
v 1.00000000 0.00000000 0.98978950
v 1.00000000 0.10000000 0.98978950
v 1.00000000 0.10000000 0.98978950
v 1.00000000 0.10000000 0.98978950
v 1.00000000 0.00000000 -1.01021050
v 1.00000000 0.00000000 -1.01021050
v 1.00000000 0.00000000 -1.01021050
v 1.00000000 0.10000000 -1.01021050
v 1.00000000 0.10000000 -1.01021050
v 1.00000000 0.10000000 -1.01021050
v 0.90000000 0.00000000 -1.01021050
v 0.90000000 0.00000000 -1.01021050
v 0.90000000 0.00000000 -1.01021050
v -0.90000000 0.00000000 -1.01021050
v -0.90000000 0.00000000 -1.01021050
v -0.90000000 0.00000000 -1.01021050
v -0.90000000 0.10000000 -1.01021050
v -0.90000000 0.10000000 -1.01021050
v -0.90000000 0.10000000 -1.01021050
v -0.90000000 0.10000000 -1.01021050
v 0.90000000 0.10000000 -1.01021050
v 0.90000000 0.10000000 -1.01021050
v 0.90000000 0.10000000 -1.01021050
v 0.90000000 0.10000000 -1.01021050
v -0.90000000 0.00000000 0.98978950
v -0.90000000 0.00000000 0.98978950
v -0.90000000 0.00000000 0.98978950
v 0.90000000 0.00000000 0.98978950
v 0.90000000 0.00000000 0.98978950
v 0.90000000 0.00000000 0.98978950
v 0.90000000 0.10000000 0.98978950
v 0.90000000 0.10000000 0.98978950
v 0.90000000 0.10000000 0.98978950
v 0.90000000 0.10000000 0.98978950
v -0.90000000 0.10000000 0.98978950
v -0.90000000 0.10000000 0.98978950
v -0.90000000 0.10000000 0.98978950
v -0.90000000 0.10000000 0.98978950
v -1.00000000 0.00000000 -0.91021050
v -1.00000000 0.00000000 -0.91021050
v -1.00000000 0.00000000 -0.91021050
v -1.00000000 0.00000000 0.88978950
v -1.00000000 0.00000000 0.88978950
v -1.00000000 0.00000000 0.88978950
v -1.00000000 0.10000000 0.88978950
v -1.00000000 0.10000000 0.88978950
v -1.00000000 0.10000000 0.88978950
v -1.00000000 0.10000000 0.88978950
v -1.00000000 0.10000000 -0.91021050
v -1.00000000 0.10000000 -0.91021050
v -1.00000000 0.10000000 -0.91021050
v -1.00000000 0.10000000 -0.91021050
v 1.00000000 0.00000000 0.88978950
v 1.00000000 0.00000000 0.88978950
v 1.00000000 0.00000000 0.88978950
v 1.00000000 0.00000000 -0.91021050
v 1.00000000 0.00000000 -0.91021050
v 1.00000000 0.00000000 -0.91021050
v 1.00000000 0.10000000 -0.91021050
v 1.00000000 0.10000000 -0.91021050
v 1.00000000 0.10000000 -0.91021050
v 1.00000000 0.10000000 -0.91021050
v 1.00000000 0.10000000 0.88978950
v 1.00000000 0.10000000 0.88978950
v 1.00000000 0.10000000 0.88978950
v 1.00000000 0.10000000 0.88978950
v 0.90000000 0.10000000 -0.91021050
v 0.90000000 0.10000000 -0.91021050
v 0.90000000 0.10000000 -0.91021050
v 0.90000000 0.10000000 0.88978950
v 0.90000000 0.10000000 0.88978950
v 0.90000000 0.10000000 0.88978950
v -0.90000000 0.10000000 -0.91021050
v -0.90000000 0.10000000 -0.91021050
v -0.90000000 0.10000000 -0.91021050
v -0.90000000 0.10000000 0.88978950
v -0.90000000 0.10000000 0.88978950
v -0.90000000 0.10000000 0.88978950
v -0.90000000 0.00000000 -0.91021050
v -0.90000000 0.00000000 0.88978950
v 0.90000000 0.00000000 -0.91021050
v 0.90000000 0.00000000 0.88978950
v -0.80000000 0.10000000 -0.61021050
v -0.80000000 0.10000000 -0.61021050
v 0.80000000 0.10000000 -0.61021050
v 0.80000000 0.10000000 -0.61021050
v 0.40000000 0.10000000 0.58978950
v -0.80000000 0.10000000 0.58978950
v -0.80000000 0.10000000 0.58978950
v -0.00000000 0.10000000 0.58978950
v -0.40000000 0.10000000 0.58978950
v 0.80000000 1.60000100 -0.61021050
v 0.80000000 1.60000100 -0.61021050
v 0.40000000 1.60000100 0.58978950
v -0.80000000 1.60000100 0.58978950
v -0.80000000 1.60000100 0.58978950
v -0.80000000 1.60000100 -0.61021050
v -0.80000000 1.60000100 -0.61021050
v -0.80000000 0.90000000 0.58978950
v -0.80000000 0.90000000 0.58978950
v -0.80000000 0.90000000 0.58978950
v -0.80000000 0.90000000 0.58978950
v -0.40000000 0.90000000 0.58978950
v -0.40000000 0.90000000 0.58978950
v -0.00000000 0.90000000 0.58978950
v -0.00000000 0.90000000 0.58978950
v -0.50000000 1.07500000 0.58978950
v -0.50000000 1.07500000 0.58978950
v -0.50000000 1.07500000 0.58978950
v -0.50000000 1.42500000 0.58978950
v -0.50000000 1.42500000 0.58978950
v -0.50000000 1.42500000 0.58978950
v -0.70000000 1.42500000 0.58978950
v -0.70000000 1.42500000 0.58978950
v -0.70000000 1.42500000 0.58978950
v -0.70000000 1.07500000 0.58978950
v -0.70000000 1.07500000 0.58978950
v -0.70000000 1.07500000 0.58978950
v 0.10000000 0.27500000 0.58978950
v 0.10000000 0.27500000 0.58978950
v 0.10000000 0.27500000 0.58978950
v 0.30000000 0.27500000 0.58978950
v 0.30000000 0.27500000 0.58978950
v 0.30000000 0.27500000 0.58978950
v 0.30000000 0.62500000 0.58978950
v 0.30000000 0.62500000 0.58978950
v 0.30000000 0.62500000 0.58978950
v 0.10000000 0.62500000 0.58978950
v 0.10000000 0.62500000 0.58978950
v 0.10000000 0.62500000 0.58978950
v 0.10000000 1.42500000 0.58978950
v 0.10000000 1.42500000 0.58978950
v 0.10000000 1.42500000 0.58978950
v 0.10000000 1.07500000 0.58978950
v 0.10000000 1.07500000 0.58978950
v 0.10000000 1.07500000 0.58978950
v 0.30000000 1.07500000 0.58978950
v 0.30000000 1.07500000 0.58978950
v 0.30000000 1.07500000 0.58978950
v 0.30000000 1.42500000 0.58978950
v 0.30000000 1.42500000 0.58978950
v 0.30000000 1.42500000 0.58978950
v -0.50000000 0.10500000 0.58978950
v -0.50000000 0.10500000 0.58978950
v -0.50000000 0.10500000 0.58978950
v -0.50000000 0.62500000 0.58978950
v -0.50000000 0.62500000 0.58978950
v -0.50000000 0.62500000 0.58978950
v -0.70000000 0.62500000 0.58978950
v -0.70000000 0.62500000 0.58978950
v -0.70000000 0.62500000 0.58978950
v -0.70000000 0.10500000 0.58978950
v -0.70000000 0.10500000 0.58978950
v -0.70000000 0.10500000 0.58978950
v -0.10000000 0.27500000 0.58978950
v -0.10000000 0.27500000 0.58978950
v -0.10000000 0.27500000 0.58978950
v -0.10000000 0.62500000 0.58978950
v -0.10000000 0.62500000 0.58978950
v -0.10000000 0.62500000 0.58978950
v -0.30000000 0.62500000 0.58978950
v -0.30000000 0.62500000 0.58978950
v -0.30000000 0.62500000 0.58978950
v -0.30000000 0.27500000 0.58978950
v -0.30000000 0.27500000 0.58978950
v -0.30000000 0.27500000 0.58978950
v -0.10000000 1.07500000 0.58978950
v -0.10000000 1.07500000 0.58978950
v -0.10000000 1.07500000 0.58978950
v -0.10000000 1.42500000 0.58978950
v -0.10000000 1.42500000 0.58978950
v -0.10000000 1.42500000 0.58978950
v -0.30000000 1.42500000 0.58978950
v -0.30000000 1.42500000 0.58978950
v -0.30000000 1.42500000 0.58978950
v -0.30000000 1.07500000 0.58978950
v -0.30000000 1.07500000 0.58978950
v -0.30000000 1.07500000 0.58978950
v 0.30000000 0.27500000 0.48978950
v 0.30000000 0.27500000 0.48978950
v 0.10000000 0.27500000 0.48978950
v 0.10000000 0.27500000 0.48978950
v -0.10000000 0.27500000 0.48978950
v -0.10000000 0.27500000 0.48978950
v -0.30000000 0.27500000 0.48978950
v -0.30000000 0.27500000 0.48978950
v -0.50000000 0.10500000 0.48978950
v -0.50000000 0.10500000 0.48978950
v -0.70000000 0.10500000 0.48978950
v -0.70000000 0.10500000 0.48978950
v -0.50000000 1.42500000 0.48978950
v -0.50000000 1.42500000 0.48978950
v -0.50000000 1.07500000 0.48978950
v -0.50000000 1.07500000 0.48978950
v -0.70000000 1.07500000 0.48978950
v -0.70000000 1.07500000 0.48978950
v -0.70000000 1.42500000 0.48978950
v -0.70000000 1.42500000 0.48978950
v 0.10000000 0.62500000 0.48978950
v 0.10000000 0.62500000 0.48978950
v 0.30000000 0.62500000 0.48978950
v 0.30000000 0.62500000 0.48978950
v 0.10000000 1.42500000 0.48978950
v 0.10000000 1.42500000 0.48978950
v 0.10000000 1.07500000 0.48978950
v 0.10000000 1.07500000 0.48978950
v 0.30000000 1.42500000 0.48978950
v 0.30000000 1.42500000 0.48978950
v 0.30000000 1.07500000 0.48978950
v 0.30000000 1.07500000 0.48978950
v -0.50000000 0.62500000 0.48978950
v -0.50000000 0.62500000 0.48978950
v -0.70000000 0.62500000 0.48978950
v -0.70000000 0.62500000 0.48978950
v -0.10000000 0.62500000 0.48978950
v -0.10000000 0.62500000 0.48978950
v -0.30000000 0.62500000 0.48978950
v -0.30000000 0.62500000 0.48978950
v -0.10000000 1.42500000 0.48978950
v -0.10000000 1.42500000 0.48978950
v -0.10000000 1.07500000 0.48978950
v -0.10000000 1.07500000 0.48978950
v -0.30000000 1.07500000 0.48978950
v -0.30000000 1.07500000 0.48978950
v -0.30000000 1.42500000 0.48978950
v -0.30000000 1.42500000 0.48978950
v 0.70000000 1.07500000 0.48978950
v 0.70000000 1.07500000 0.48978950
v 0.70000000 1.42500000 0.48978950
v 0.70000000 1.42500000 0.48978950
v 0.50000000 1.07500000 0.48978950
v 0.50000000 1.07500000 0.48978950
v 0.50000000 1.42500000 0.48978950
v 0.50000000 1.42500000 0.48978950
v 0.70000000 0.62500000 0.48978950
v 0.70000000 0.62500000 0.48978950
v 0.50000000 0.62500000 0.48978950
v 0.50000000 0.62500000 0.48978950
v 0.50000000 0.27500000 0.48978950
v 0.50000000 0.27500000 0.48978950
v 0.70000000 0.27500000 0.48978950
v 0.70000000 0.27500000 0.48978950
v 0.70000000 1.42500000 0.58978950
v 0.70000000 1.42500000 0.58978950
v 0.70000000 1.42500000 0.58978950
v 0.70000000 1.07500000 0.58978950
v 0.70000000 1.07500000 0.58978950
v 0.70000000 1.07500000 0.58978950
v 0.50000000 1.07500000 0.58978950
v 0.50000000 1.07500000 0.58978950
v 0.50000000 1.07500000 0.58978950
v 0.50000000 1.42500000 0.58978950
v 0.50000000 1.42500000 0.58978950
v 0.50000000 1.42500000 0.58978950
v 0.50000000 0.62500000 0.58978950
v 0.50000000 0.62500000 0.58978950
v 0.50000000 0.62500000 0.58978950
v 0.70000000 0.62500000 0.58978950
v 0.70000000 0.62500000 0.58978950
v 0.70000000 0.62500000 0.58978950
v 0.70000000 0.27500000 0.58978950
v 0.70000000 0.27500000 0.58978950
v 0.70000000 0.27500000 0.58978950
v 0.50000000 0.27500000 0.58978950
v 0.50000000 0.27500000 0.58978950
v 0.50000000 0.27500000 0.58978950
v 0.40000000 0.90000000 0.58978950
v 0.40000000 0.90000000 0.58978950
v 0.80000000 0.90000000 0.58978950
v 0.80000000 0.90000000 0.58978950
v 0.80000000 0.90000000 0.58978950
v 0.80000000 0.90000000 0.58978950
v 0.80000000 0.10000000 0.58978950
v 0.80000000 0.10000000 0.58978950
v 0.80000000 2.25000000 -0.61021050
v 0.80000000 2.25000000 -0.61021050
v 0.40000000 2.25000000 0.58978950
v -0.80000000 2.25000000 0.58978950
v -0.80000000 2.25000000 0.58978950
v -0.80000000 2.25000000 -0.61021050
v -0.80000000 2.25000000 -0.61021050
v -0.00000000 2.25000000 0.58978950
v -0.40000000 2.25000000 0.58978950
v -0.40000000 1.60000000 0.58978950
v -0.00000000 1.60000000 0.58978950
v -0.50000000 1.77500000 0.58978950
v -0.50000000 1.77500000 0.58978950
v -0.50000000 1.77500000 0.58978950
v -0.50000000 2.12500000 0.58978950
v -0.50000000 2.12500000 0.58978950
v -0.50000000 2.12500000 0.58978950
v -0.70000000 2.12500000 0.58978950
v -0.70000000 2.12500000 0.58978950
v -0.70000000 2.12500000 0.58978950
v -0.70000000 1.77500000 0.58978950
v -0.70000000 1.77500000 0.58978950
v -0.70000000 1.77500000 0.58978950
v 0.10000000 2.12500000 0.58978950
v 0.10000000 2.12500000 0.58978950
v 0.10000000 2.12500000 0.58978950
v 0.10000000 1.77500000 0.58978950
v 0.10000000 1.77500000 0.58978950
v 0.10000000 1.77500000 0.58978950
v 0.30000000 1.77500000 0.58978950
v 0.30000000 1.77500000 0.58978950
v 0.30000000 1.77500000 0.58978950
v 0.30000000 2.12500000 0.58978950
v 0.30000000 2.12500000 0.58978950
v 0.30000000 2.12500000 0.58978950
v -0.10000000 1.77500000 0.58978950
v -0.10000000 1.77500000 0.58978950
v -0.10000000 1.77500000 0.58978950
v -0.10000000 2.12500000 0.58978950
v -0.10000000 2.12500000 0.58978950
v -0.10000000 2.12500000 0.58978950
v -0.30000000 2.12500000 0.58978950
v -0.30000000 2.12500000 0.58978950
v -0.30000000 2.12500000 0.58978950
v -0.30000000 1.77500000 0.58978950
v -0.30000000 1.77500000 0.58978950
v -0.30000000 1.77500000 0.58978950
v -0.50000000 2.12500000 0.48978950
v -0.50000000 2.12500000 0.48978950
v -0.50000000 1.77500000 0.48978950
v -0.50000000 1.77500000 0.48978950
v -0.70000000 1.77500000 0.48978950
v -0.70000000 1.77500000 0.48978950
v -0.70000000 2.12500000 0.48978950
v -0.70000000 2.12500000 0.48978950
v 0.10000000 2.12500000 0.48978950
v 0.10000000 2.12500000 0.48978950
v 0.10000000 1.77500000 0.48978950
v 0.10000000 1.77500000 0.48978950
v 0.30000000 2.12500000 0.48978950
v 0.30000000 2.12500000 0.48978950
v 0.30000000 1.77500000 0.48978950
v 0.30000000 1.77500000 0.48978950
v -0.10000000 2.12500000 0.48978950
v -0.10000000 2.12500000 0.48978950
v -0.10000000 1.77500000 0.48978950
v -0.10000000 1.77500000 0.48978950
v -0.30000000 1.77500000 0.48978950
v -0.30000000 1.77500000 0.48978950
v -0.30000000 2.12500000 0.48978950
v -0.30000000 2.12500000 0.48978950
v 0.70000000 1.77500000 0.48978950
v 0.70000000 1.77500000 0.48978950
v 0.70000000 2.12500000 0.48978950
v 0.70000000 2.12500000 0.48978950
v 0.50000000 1.77500000 0.48978950
v 0.50000000 1.77500000 0.48978950
v 0.50000000 2.12500000 0.48978950
v 0.50000000 2.12500000 0.48978950
v 0.70000000 2.12500000 0.58978950
v 0.70000000 2.12500000 0.58978950
v 0.70000000 2.12500000 0.58978950
v 0.70000000 1.77500000 0.58978950
v 0.70000000 1.77500000 0.58978950
v 0.70000000 1.77500000 0.58978950
v 0.50000000 1.77500000 0.58978950
v 0.50000000 1.77500000 0.58978950
v 0.50000000 1.77500000 0.58978950
v 0.50000000 2.12500000 0.58978950
v 0.50000000 2.12500000 0.58978950
v 0.50000000 2.12500000 0.58978950
v 0.80000000 1.60000000 0.58978950
v 0.80000000 1.60000000 0.58978950
v 0.80000000 2.25000000 0.58978950
v 0.80000000 2.25000000 0.58978950
v 0.80000000 0.90000000 -0.61021050
v 0.80000000 0.90000000 -0.61021050
v 0.80000000 0.90000000 -0.61021050
v 0.80000000 0.90000000 -0.61021050
v -0.80000000 0.90000000 -0.61021050
v -0.80000000 0.90000000 -0.61021050
v -0.80000000 0.90000000 -0.61021050
v -0.80000000 0.90000000 -0.61021050
v -0.68201700 0.13150000 0.53173750
v -0.68201700 0.13150000 0.53173750
v -0.51797900 0.13150000 0.53173750
v -0.51797900 0.13150000 0.53173750
v -0.72692300 0.63624500 0.49595650
v -0.72692300 0.63624500 0.49595650
v -0.72692300 0.59721000 0.61465950
v -0.72692300 0.59721000 0.61465950
v -0.72692300 0.59721000 0.61465950
v -0.72692300 0.59721000 0.49595650
v -0.72692300 0.59721000 0.49595650
v -0.47307300 0.63624500 0.49595650
v -0.47307300 0.63624500 0.49595650
v -0.72692300 0.63624500 0.61465950
v -0.72692300 0.63624500 0.61465950
v -0.72692300 0.63624500 0.61465950
v -0.47307300 0.59721000 0.49595650
v -0.47307300 0.59721000 0.49595650
v -0.47307300 0.63624500 0.61465950
v -0.47307300 0.63624500 0.61465950
v -0.47307300 0.63624500 0.61465950
v -0.47307300 0.59721000 0.61465950
v -0.47307300 0.59721000 0.61465950
v -0.47307300 0.59721000 0.61465950
v -0.52851400 0.61917400 0.50575950
v -0.52851400 0.13048900 0.55285350
v -0.52851400 0.13048900 0.55285350
v -0.52851400 0.13048900 0.50575950
v -0.52851400 0.61917400 0.55285350
v -0.52851400 0.61917400 0.55285350
v -0.49353200 0.61917400 0.55285350
v -0.49353200 0.13048900 0.55285350
v -0.70646500 0.13048900 0.55285350
v -0.67148300 0.61917400 0.50575950
v -0.70646500 0.61917400 0.55285350
v -0.67148300 0.13048900 0.50575950
v -0.67148300 0.61917400 0.55285350
v -0.67148300 0.61917400 0.55285350
v -0.67148300 0.13048900 0.55285350
v -0.67148300 0.13048900 0.55285350
v -0.72692300 0.13783100 0.46528050
v -0.72692300 0.13783100 0.46528050
v -0.72692300 0.09993000 0.46528050
v -0.47307300 0.13783100 0.46528050
v -0.47307300 0.13783100 0.46528050
v -0.72692300 0.13783100 0.63236550
v -0.72692300 0.13783100 0.63236550
v -0.72692300 0.13783100 0.63236550
v -0.47307300 0.09993000 0.46528050
v -0.47307300 0.13783100 0.63236550
v -0.47307300 0.13783100 0.63236550
v -0.47307300 0.13783100 0.63236550
v -0.72692300 0.09993000 0.63236550
v -0.72692300 0.09993000 0.63236550
v -0.47307300 0.09993000 0.63236550
v -0.47307300 0.09993000 0.63236550
v -0.69813900 0.52645800 0.51372650
v -0.69813900 0.50408600 0.54190850
v -0.69813900 0.50408600 0.54190850
v -0.69813900 0.50408600 0.51372650
v -0.50185700 0.52645800 0.51372650
v -0.69813900 0.52645800 0.54190850
v -0.69813900 0.52645800 0.54190850
v -0.50185700 0.50408600 0.51372650
v -0.50185700 0.52645800 0.54190850
v -0.50185700 0.52645800 0.54190850
v -0.50185700 0.50408600 0.54190850
v -0.50185700 0.50408600 0.54190850
v -0.51797900 0.51476400 0.53173750
v -0.51797900 0.51476400 0.53173750
v -0.68201700 0.51476400 0.53173750
v -0.68201700 0.51476400 0.53173750
v -0.68201700 0.59923300 0.53173750
v -0.51797900 0.59923300 0.53173750
v -0.51797900 0.51476400 0.53173750
v -0.68201700 0.51476400 0.53173750
v -0.51797900 0.28313200 0.53173750
v -0.51797900 0.28313200 0.53173750
v -0.51797900 0.28313200 0.53173750
v -0.68201700 0.28313200 0.53173750
v -0.68201700 0.28313200 0.53173750
v -0.68201700 0.28313200 0.53173750
v -0.54915500 0.25195600 0.53173750
v -0.54915500 0.25195600 0.53173750
v -0.54915500 0.25195600 0.53173750
v -0.65084100 0.25195600 0.53173750
v -0.65084100 0.25195600 0.53173750
v -0.65084100 0.25195600 0.53173750
v -0.65084100 0.16267600 0.53173750
v -0.65084100 0.16267600 0.53173750
v -0.65084100 0.16267600 0.53173750
v -0.54915500 0.16267600 0.53173750
v -0.54915500 0.16267600 0.53173750
v -0.54915500 0.16267600 0.53173750
v -0.54915500 0.48358800 0.53173750
v -0.54915500 0.48358800 0.53173750
v -0.54915500 0.48358800 0.53173750
v -0.65084100 0.48358800 0.53173750
v -0.65084100 0.48358800 0.53173750
v -0.65084100 0.48358800 0.53173750
v -0.65084100 0.31430800 0.53173750
v -0.65084100 0.31430800 0.53173750
v -0.65084100 0.31430800 0.53173750
v -0.54915500 0.31430800 0.53173750
v -0.54915500 0.31430800 0.53173750
v -0.54915500 0.31430800 0.53173750
v -0.56073600 0.26991200 0.55185350
v -0.56073600 0.27521900 0.55715950
v -0.56073600 0.27521900 0.55715950
v -0.56073600 0.27521900 0.55715950
v -0.56604200 0.27521900 0.55185350
v -0.56604200 0.27521900 0.55185350
v -0.56073600 0.29104500 0.55715950
v -0.56073600 0.29104500 0.55715950
v -0.56073600 0.29104500 0.55715950
v -0.56073600 0.29635200 0.55185350
v -0.56604200 0.29104500 0.55185350
v -0.56604200 0.29104500 0.55185350
v -0.56073600 0.26991200 0.53602650
v -0.56604200 0.27521900 0.53602650
v -0.56604200 0.27521900 0.53602650
v -0.56073600 0.27521900 0.53071950
v -0.56073600 0.27521900 0.53071950
v -0.56073600 0.29635200 0.53602650
v -0.56073600 0.29104500 0.53071950
v -0.56073600 0.29104500 0.53071950
v -0.56604200 0.29104500 0.53602650
v -0.56604200 0.29104500 0.53602650
v -0.54490900 0.26991200 0.55185350
v -0.53960300 0.27521900 0.55185350
v -0.53960300 0.27521900 0.55185350
v -0.54490900 0.27521900 0.55715950
v -0.54490900 0.27521900 0.55715950
v -0.54490900 0.27521900 0.55715950
v -0.54490900 0.29635200 0.55185350
v -0.54490900 0.29104500 0.55715950
v -0.54490900 0.29104500 0.55715950
v -0.54490900 0.29104500 0.55715950
v -0.53960300 0.29104500 0.55185350
v -0.53960300 0.29104500 0.55185350
v -0.54490900 0.26991200 0.53602650
v -0.54490900 0.27521900 0.53071950
v -0.54490900 0.27521900 0.53071950
v -0.53960300 0.27521900 0.53602650
v -0.53960300 0.27521900 0.53602650
v -0.54490900 0.29635200 0.53602650
v -0.53960300 0.29104500 0.53602650
v -0.53960300 0.29104500 0.53602650
v -0.54490900 0.29104500 0.53071950
v -0.54490900 0.29104500 0.53071950
v -0.68201900 1.10150000 0.53173750
v -0.68201900 1.39923300 0.53173750
v -0.51798100 1.39923300 0.53173750
v -0.51798100 1.10150000 0.53173750
v -0.72692400 1.43624500 0.49595650
v -0.72692400 1.43624500 0.49595650
v -0.72692400 1.39721000 0.61465950
v -0.72692400 1.39721000 0.61465950
v -0.72692400 1.39721000 0.61465950
v -0.72692400 1.39721000 0.49595650
v -0.72692400 1.39721000 0.49595650
v -0.47307500 1.43624500 0.49595650
v -0.47307500 1.43624500 0.49595650
v -0.72692400 1.43624500 0.61465950
v -0.72692400 1.43624500 0.61465950
v -0.72692400 1.43624500 0.61465950
v -0.47307500 1.39721000 0.49595650
v -0.47307500 1.39721000 0.49595650
v -0.47307500 1.43624500 0.61465950
v -0.47307500 1.43624500 0.61465950
v -0.47307500 1.43624500 0.61465950
v -0.47307500 1.39721000 0.61465950
v -0.47307500 1.39721000 0.61465950
v -0.47307500 1.39721000 0.61465950
v -0.52851600 1.41917400 0.50575950
v -0.52851600 1.10048900 0.55285350
v -0.52851600 1.10048900 0.55285350
v -0.52851600 1.10048900 0.50575950
v -0.52851600 1.41917400 0.55285350
v -0.52851600 1.41917400 0.55285350
v -0.49353400 1.41917400 0.55285350
v -0.49353400 1.10048900 0.55285350
v -0.70646700 1.10048900 0.55285350
v -0.67148400 1.41917400 0.50575950
v -0.70646700 1.41917400 0.55285350
v -0.67148400 1.10048900 0.50575950
v -0.67148400 1.41917400 0.55285350
v -0.67148400 1.41917400 0.55285350
v -0.67148400 1.10048900 0.55285350
v -0.67148400 1.10048900 0.55285350
v -0.72692400 1.10783100 0.46528050
v -0.72692400 1.10783100 0.46528050
v -0.72692400 1.04363900 0.46528050
v -0.72692400 1.04363900 0.46528050
v -0.47307500 1.10783100 0.46528050
v -0.47307500 1.10783100 0.46528050
v -0.72692400 1.10783100 0.63236550
v -0.72692400 1.10783100 0.63236550
v -0.72692400 1.10783100 0.63236550
v -0.47307500 1.04363900 0.46528050
v -0.47307500 1.04363900 0.46528050
v -0.47307500 1.10783100 0.63236550
v -0.47307500 1.10783100 0.63236550
v -0.47307500 1.10783100 0.63236550
v -0.72692400 1.04363900 0.59578250
v -0.72692400 1.04363900 0.59578250
v -0.72692400 1.04363900 0.59578250
v -0.72692400 1.08022100 0.63236550
v -0.72692400 1.08022100 0.63236550
v -0.72692400 1.08022100 0.63236550
v -0.47307500 1.08022100 0.63236550
v -0.47307500 1.08022100 0.63236550
v -0.47307500 1.08022100 0.63236550
v -0.47307500 1.04363900 0.59578250
v -0.47307500 1.04363900 0.59578250
v -0.47307500 1.04363900 0.59578250
v -0.69814000 1.33862900 0.51372650
v -0.69814000 1.31625700 0.54190850
v -0.69814000 1.31625700 0.54190850
v -0.69814000 1.31625700 0.51372650
v -0.50185900 1.33862900 0.51372650
v -0.69814000 1.33862900 0.54190850
v -0.69814000 1.33862900 0.54190850
v -0.50185900 1.31625700 0.51372650
v -0.50185900 1.33862900 0.54190850
v -0.50185900 1.33862900 0.54190850
v -0.50185900 1.31625700 0.54190850
v -0.50185900 1.31625700 0.54190850
v -0.51798100 1.32693500 0.53173750
v -0.51798100 1.32693500 0.53173750
v -0.68201900 1.32693500 0.53173750
v -0.68201900 1.32693500 0.53173750
v -0.28201900 1.10150000 0.53173750
v -0.28201900 1.39923300 0.53173750
v -0.11798100 1.39923300 0.53173750
v -0.11798100 1.10150000 0.53173750
v -0.32692400 1.43624500 0.49595650
v -0.32692400 1.43624500 0.49595650
v -0.32692400 1.39721000 0.61465950
v -0.32692400 1.39721000 0.61465950
v -0.32692400 1.39721000 0.61465950
v -0.32692400 1.39721000 0.49595650
v -0.32692400 1.39721000 0.49595650
v -0.07307500 1.43624500 0.49595650
v -0.07307500 1.43624500 0.49595650
v -0.32692400 1.43624500 0.61465950
v -0.32692400 1.43624500 0.61465950
v -0.32692400 1.43624500 0.61465950
v -0.07307500 1.39721000 0.49595650
v -0.07307500 1.39721000 0.49595650
v -0.07307500 1.43624500 0.61465950
v -0.07307500 1.43624500 0.61465950
v -0.07307500 1.43624500 0.61465950
v -0.07307500 1.39721000 0.61465950
v -0.07307500 1.39721000 0.61465950
v -0.07307500 1.39721000 0.61465950
v -0.12851600 1.41917400 0.50575950
v -0.12851600 1.10048900 0.55285350
v -0.12851600 1.10048900 0.55285350
v -0.12851600 1.10048900 0.50575950
v -0.12851600 1.41917400 0.55285350
v -0.12851600 1.41917400 0.55285350
v -0.09353400 1.41917400 0.55285350
v -0.09353400 1.10048900 0.55285350
v -0.30646700 1.10048900 0.55285350
v -0.27148400 1.41917400 0.50575950
v -0.30646700 1.41917400 0.55285350
v -0.27148400 1.10048900 0.50575950
v -0.27148400 1.41917400 0.55285350
v -0.27148400 1.41917400 0.55285350
v -0.27148400 1.10048900 0.55285350
v -0.27148400 1.10048900 0.55285350
v -0.32692400 1.10783100 0.46528050
v -0.32692400 1.10783100 0.46528050
v -0.32692400 1.04363900 0.46528050
v -0.32692400 1.04363900 0.46528050
v -0.07307500 1.10783100 0.46528050
v -0.07307500 1.10783100 0.46528050
v -0.32692400 1.10783100 0.63236550
v -0.32692400 1.10783100 0.63236550
v -0.32692400 1.10783100 0.63236550
v -0.07307500 1.04363900 0.46528050
v -0.07307500 1.04363900 0.46528050
v -0.07307500 1.10783100 0.63236550
v -0.07307500 1.10783100 0.63236550
v -0.07307500 1.10783100 0.63236550
v -0.32692400 1.04363900 0.59578250
v -0.32692400 1.04363900 0.59578250
v -0.32692400 1.04363900 0.59578250
v -0.32692400 1.08022100 0.63236550
v -0.32692400 1.08022100 0.63236550
v -0.32692400 1.08022100 0.63236550
v -0.07307500 1.08022100 0.63236550
v -0.07307500 1.08022100 0.63236550
v -0.07307500 1.08022100 0.63236550
v -0.07307500 1.04363900 0.59578250
v -0.07307500 1.04363900 0.59578250
v -0.07307500 1.04363900 0.59578250
v -0.29814000 1.22604600 0.51372650
v -0.29814000 1.20367400 0.54190850
v -0.29814000 1.20367400 0.54190850
v -0.29814000 1.20367400 0.51372650
v -0.10185900 1.22604600 0.51372650
v -0.29814000 1.22604600 0.54190850
v -0.29814000 1.22604600 0.54190850
v -0.10185900 1.20367400 0.51372650
v -0.10185900 1.22604600 0.54190850
v -0.10185900 1.22604600 0.54190850
v -0.10185900 1.20367400 0.54190850
v -0.10185900 1.20367400 0.54190850
v -0.11798100 1.21435200 0.53173750
v -0.11798100 1.21435200 0.53173750
v -0.28201900 1.21435200 0.53173750
v -0.28201900 1.21435200 0.53173750
v 0.11798100 1.10150000 0.53173750
v 0.11798100 1.39923300 0.53173750
v 0.28201900 1.39923300 0.53173750
v 0.28201900 1.10150000 0.53173750
v 0.07307600 1.43624500 0.49595650
v 0.07307600 1.43624500 0.49595650
v 0.07307600 1.39721000 0.61465950
v 0.07307600 1.39721000 0.61465950
v 0.07307600 1.39721000 0.61465950
v 0.07307600 1.39721000 0.49595650
v 0.07307600 1.39721000 0.49595650
v 0.32692500 1.43624500 0.49595650
v 0.32692500 1.43624500 0.49595650
v 0.07307600 1.43624500 0.61465950
v 0.07307600 1.43624500 0.61465950
v 0.07307600 1.43624500 0.61465950
v 0.32692500 1.39721000 0.49595650
v 0.32692500 1.39721000 0.49595650
v 0.32692500 1.43624500 0.61465950
v 0.32692500 1.43624500 0.61465950
v 0.32692500 1.43624500 0.61465950
v 0.32692500 1.39721000 0.61465950
v 0.32692500 1.39721000 0.61465950
v 0.32692500 1.39721000 0.61465950
v 0.27148400 1.41917400 0.50575950
v 0.27148400 1.10048900 0.55285350
v 0.27148400 1.10048900 0.55285350
v 0.27148400 1.10048900 0.50575950
v 0.27148400 1.41917400 0.55285350
v 0.27148400 1.41917400 0.55285350
v 0.30646600 1.41917400 0.55285350
v 0.30646600 1.10048900 0.55285350
v 0.09353300 1.10048900 0.55285350
v 0.12851600 1.41917400 0.50575950
v 0.09353300 1.41917400 0.55285350
v 0.12851600 1.10048900 0.50575950
v 0.12851600 1.41917400 0.55285350
v 0.12851600 1.41917400 0.55285350
v 0.12851600 1.10048900 0.55285350
v 0.12851600 1.10048900 0.55285350
v 0.07307600 1.10783100 0.46528050
v 0.07307600 1.10783100 0.46528050
v 0.07307600 1.04363900 0.46528050
v 0.07307600 1.04363900 0.46528050
v 0.32692500 1.10783100 0.46528050
v 0.32692500 1.10783100 0.46528050
v 0.07307600 1.10783100 0.63236550
v 0.07307600 1.10783100 0.63236550
v 0.07307600 1.10783100 0.63236550
v 0.32692500 1.04363900 0.46528050
v 0.32692500 1.04363900 0.46528050
v 0.32692500 1.10783100 0.63236550
v 0.32692500 1.10783100 0.63236550
v 0.32692500 1.10783100 0.63236550
v 0.07307600 1.04363900 0.59578250
v 0.07307600 1.04363900 0.59578250
v 0.07307600 1.04363900 0.59578250
v 0.07307600 1.08022100 0.63236550
v 0.07307600 1.08022100 0.63236550
v 0.07307600 1.08022100 0.63236550
v 0.32692500 1.08022100 0.63236550
v 0.32692500 1.08022100 0.63236550
v 0.32692500 1.08022100 0.63236550
v 0.32692500 1.04363900 0.59578250
v 0.32692500 1.04363900 0.59578250
v 0.32692500 1.04363900 0.59578250
v 0.10186000 1.32645800 0.51372650
v 0.10186000 1.30408600 0.54190850
v 0.10186000 1.30408600 0.54190850
v 0.10186000 1.30408600 0.51372650
v 0.29814100 1.32645800 0.51372650
v 0.10186000 1.32645800 0.54190850
v 0.10186000 1.32645800 0.54190850
v 0.29814100 1.30408600 0.51372650
v 0.29814100 1.32645800 0.54190850
v 0.29814100 1.32645800 0.54190850
v 0.29814100 1.30408600 0.54190850
v 0.29814100 1.30408600 0.54190850
v 0.28201900 1.31476400 0.53173750
v 0.28201900 1.31476400 0.53173750
v 0.11798100 1.31476400 0.53173750
v 0.11798100 1.31476400 0.53173750
v 0.51798100 1.10150000 0.53173750
v 0.51798100 1.39923300 0.53173750
v 0.68201900 1.39923300 0.53173750
v 0.68201900 1.10150000 0.53173750
v 0.47307600 1.43624500 0.49595650
v 0.47307600 1.43624500 0.49595650
v 0.47307600 1.39721000 0.61465950
v 0.47307600 1.39721000 0.61465950
v 0.47307600 1.39721000 0.61465950
v 0.47307600 1.39721000 0.49595650
v 0.47307600 1.39721000 0.49595650
v 0.72692500 1.43624500 0.49595650
v 0.72692500 1.43624500 0.49595650
v 0.47307600 1.43624500 0.61465950
v 0.47307600 1.43624500 0.61465950
v 0.47307600 1.43624500 0.61465950
v 0.72692500 1.39721000 0.49595650
v 0.72692500 1.39721000 0.49595650
v 0.72692500 1.43624500 0.61465950
v 0.72692500 1.43624500 0.61465950
v 0.72692500 1.43624500 0.61465950
v 0.72692500 1.39721000 0.61465950
v 0.72692500 1.39721000 0.61465950
v 0.72692500 1.39721000 0.61465950
v 0.67148400 1.41917400 0.50575950
v 0.67148400 1.10048900 0.55285350
v 0.67148400 1.10048900 0.55285350
v 0.67148400 1.10048900 0.50575950
v 0.67148400 1.41917400 0.55285350
v 0.67148400 1.41917400 0.55285350
v 0.70646600 1.41917400 0.55285350
v 0.70646600 1.10048900 0.55285350
v 0.49353300 1.10048900 0.55285350
v 0.52851600 1.41917400 0.50575950
v 0.49353300 1.41917400 0.55285350
v 0.52851600 1.10048900 0.50575950
v 0.52851600 1.41917400 0.55285350
v 0.52851600 1.41917400 0.55285350
v 0.52851600 1.10048900 0.55285350
v 0.52851600 1.10048900 0.55285350
v 0.47307600 1.10783100 0.46528050
v 0.47307600 1.10783100 0.46528050
v 0.47307600 1.04363900 0.46528050
v 0.47307600 1.04363900 0.46528050
v 0.72692500 1.10783100 0.46528050
v 0.72692500 1.10783100 0.46528050
v 0.47307600 1.10783100 0.63236550
v 0.47307600 1.10783100 0.63236550
v 0.47307600 1.10783100 0.63236550
v 0.72692500 1.04363900 0.46528050
v 0.72692500 1.04363900 0.46528050
v 0.72692500 1.10783100 0.63236550
v 0.72692500 1.10783100 0.63236550
v 0.72692500 1.10783100 0.63236550
v 0.47307600 1.04363900 0.59578250
v 0.47307600 1.04363900 0.59578250
v 0.47307600 1.04363900 0.59578250
v 0.47307600 1.08022100 0.63236550
v 0.47307600 1.08022100 0.63236550
v 0.47307600 1.08022100 0.63236550
v 0.72692500 1.08022100 0.63236550
v 0.72692500 1.08022100 0.63236550
v 0.72692500 1.08022100 0.63236550
v 0.72692500 1.04363900 0.59578250
v 0.72692500 1.04363900 0.59578250
v 0.72692500 1.04363900 0.59578250
v 0.50186000 1.27016700 0.51372650
v 0.50186000 1.24779400 0.54190850
v 0.50186000 1.24779400 0.54190850
v 0.50186000 1.24779400 0.51372650
v 0.69814100 1.27016700 0.51372650
v 0.50186000 1.27016700 0.54190850
v 0.50186000 1.27016700 0.54190850
v 0.69814100 1.24779400 0.51372650
v 0.69814100 1.27016700 0.54190850
v 0.69814100 1.27016700 0.54190850
v 0.69814100 1.24779400 0.54190850
v 0.69814100 1.24779400 0.54190850
v 0.68201900 1.25847300 0.53173750
v 0.68201900 1.25847300 0.53173750
v 0.51798100 1.25847300 0.53173750
v 0.51798100 1.25847300 0.53173750
v -0.28201900 0.30150000 0.53173750
v -0.28201900 0.59923300 0.53173750
v -0.11798100 0.59923300 0.53173750
v -0.11798100 0.30150000 0.53173750
v -0.32692400 0.63624500 0.49595650
v -0.32692400 0.63624500 0.49595650
v -0.32692400 0.59721000 0.61465950
v -0.32692400 0.59721000 0.61465950
v -0.32692400 0.59721000 0.61465950
v -0.32692400 0.59721000 0.49595650
v -0.32692400 0.59721000 0.49595650
v -0.07307500 0.63624500 0.49595650
v -0.07307500 0.63624500 0.49595650
v -0.32692400 0.63624500 0.61465950
v -0.32692400 0.63624500 0.61465950
v -0.32692400 0.63624500 0.61465950
v -0.07307500 0.59721000 0.49595650
v -0.07307500 0.59721000 0.49595650
v -0.07307500 0.63624500 0.61465950
v -0.07307500 0.63624500 0.61465950
v -0.07307500 0.63624500 0.61465950
v -0.07307500 0.59721000 0.61465950
v -0.07307500 0.59721000 0.61465950
v -0.07307500 0.59721000 0.61465950
v -0.12851600 0.61917400 0.50575950
v -0.12851600 0.30048900 0.55285350
v -0.12851600 0.30048900 0.55285350
v -0.12851600 0.30048900 0.50575950
v -0.12851600 0.61917400 0.55285350
v -0.12851600 0.61917400 0.55285350
v -0.09353400 0.61917400 0.55285350
v -0.09353400 0.30048900 0.55285350
v -0.30646700 0.30048900 0.55285350
v -0.27148400 0.61917400 0.50575950
v -0.30646700 0.61917400 0.55285350
v -0.27148400 0.30048900 0.50575950
v -0.27148400 0.61917400 0.55285350
v -0.27148400 0.61917400 0.55285350
v -0.27148400 0.30048900 0.55285350
v -0.27148400 0.30048900 0.55285350
v -0.32692400 0.30783100 0.46528050
v -0.32692400 0.30783100 0.46528050
v -0.32692400 0.24363900 0.46528050
v -0.32692400 0.24363900 0.46528050
v -0.07307500 0.30783100 0.46528050
v -0.07307500 0.30783100 0.46528050
v -0.32692400 0.30783100 0.63236550
v -0.32692400 0.30783100 0.63236550
v -0.32692400 0.30783100 0.63236550
v -0.07307500 0.24363900 0.46528050
v -0.07307500 0.24363900 0.46528050
v -0.07307500 0.30783100 0.63236550
v -0.07307500 0.30783100 0.63236550
v -0.07307500 0.30783100 0.63236550
v -0.32692400 0.24363900 0.59578250
v -0.32692400 0.24363900 0.59578250
v -0.32692400 0.24363900 0.59578250
v -0.32692400 0.28022100 0.63236550
v -0.32692400 0.28022100 0.63236550
v -0.32692400 0.28022100 0.63236550
v -0.07307500 0.28022100 0.63236550
v -0.07307500 0.28022100 0.63236550
v -0.07307500 0.28022100 0.63236550
v -0.07307500 0.24363900 0.59578250
v -0.07307500 0.24363900 0.59578250
v -0.07307500 0.24363900 0.59578250
v -0.29814000 0.45647400 0.51372650
v -0.29814000 0.43410200 0.54190850
v -0.29814000 0.43410200 0.54190850
v -0.29814000 0.43410200 0.51372650
v -0.10185900 0.45647400 0.51372650
v -0.29814000 0.45647400 0.54190850
v -0.29814000 0.45647400 0.54190850
v -0.10185900 0.43410200 0.51372650
v -0.10185900 0.45647400 0.54190850
v -0.10185900 0.45647400 0.54190850
v -0.10185900 0.43410200 0.54190850
v -0.10185900 0.43410200 0.54190850
v -0.11798100 0.44478000 0.53173750
v -0.11798100 0.44478000 0.53173750
v -0.28201900 0.44478000 0.53173750
v -0.28201900 0.44478000 0.53173750
v 0.11798100 0.30150000 0.53173750
v 0.11798100 0.59923300 0.53173750
v 0.28201900 0.59923300 0.53173750
v 0.28201900 0.30150000 0.53173750
v 0.07307600 0.63624500 0.49595650
v 0.07307600 0.63624500 0.49595650
v 0.07307600 0.59721000 0.61465950
v 0.07307600 0.59721000 0.61465950
v 0.07307600 0.59721000 0.61465950
v 0.07307600 0.59721000 0.49595650
v 0.07307600 0.59721000 0.49595650
v 0.32692500 0.63624500 0.49595650
v 0.32692500 0.63624500 0.49595650
v 0.07307600 0.63624500 0.61465950
v 0.07307600 0.63624500 0.61465950
v 0.07307600 0.63624500 0.61465950
v 0.32692500 0.59721000 0.49595650
v 0.32692500 0.59721000 0.49595650
v 0.32692500 0.63624500 0.61465950
v 0.32692500 0.63624500 0.61465950
v 0.32692500 0.63624500 0.61465950
v 0.32692500 0.59721000 0.61465950
v 0.32692500 0.59721000 0.61465950
v 0.32692500 0.59721000 0.61465950
v 0.27148400 0.61917400 0.50575950
v 0.27148400 0.30048900 0.55285350
v 0.27148400 0.30048900 0.55285350
v 0.27148400 0.30048900 0.50575950
v 0.27148400 0.61917400 0.55285350
v 0.27148400 0.61917400 0.55285350
v 0.30646600 0.61917400 0.55285350
v 0.30646600 0.30048900 0.55285350
v 0.09353300 0.30048900 0.55285350
v 0.12851600 0.61917400 0.50575950
v 0.09353300 0.61917400 0.55285350
v 0.12851600 0.30048900 0.50575950
v 0.12851600 0.61917400 0.55285350
v 0.12851600 0.61917400 0.55285350
v 0.12851600 0.30048900 0.55285350
v 0.12851600 0.30048900 0.55285350
v 0.07307600 0.30783100 0.46528050
v 0.07307600 0.30783100 0.46528050
v 0.07307600 0.24363900 0.46528050
v 0.07307600 0.24363900 0.46528050
v 0.32692500 0.30783100 0.46528050
v 0.32692500 0.30783100 0.46528050
v 0.07307600 0.30783100 0.63236550
v 0.07307600 0.30783100 0.63236550
v 0.07307600 0.30783100 0.63236550
v 0.32692500 0.24363900 0.46528050
v 0.32692500 0.24363900 0.46528050
v 0.32692500 0.30783100 0.63236550
v 0.32692500 0.30783100 0.63236550
v 0.32692500 0.30783100 0.63236550
v 0.07307600 0.24363900 0.59578250
v 0.07307600 0.24363900 0.59578250
v 0.07307600 0.24363900 0.59578250
v 0.07307600 0.28022100 0.63236550
v 0.07307600 0.28022100 0.63236550
v 0.07307600 0.28022100 0.63236550
v 0.32692500 0.28022100 0.63236550
v 0.32692500 0.28022100 0.63236550
v 0.32692500 0.28022100 0.63236550
v 0.32692500 0.24363900 0.59578250
v 0.32692500 0.24363900 0.59578250
v 0.32692500 0.24363900 0.59578250
v 0.10186000 0.50808600 0.51372650
v 0.10186000 0.48571400 0.54190850
v 0.10186000 0.48571400 0.54190850
v 0.10186000 0.48571400 0.51372650
v 0.29814100 0.50808600 0.51372650
v 0.10186000 0.50808600 0.54190850
v 0.10186000 0.50808600 0.54190850
v 0.29814100 0.48571400 0.51372650
v 0.29814100 0.50808600 0.54190850
v 0.29814100 0.50808600 0.54190850
v 0.29814100 0.48571400 0.54190850
v 0.29814100 0.48571400 0.54190850
v 0.28201900 0.49639200 0.53173750
v 0.28201900 0.49639200 0.53173750
v 0.11798100 0.49639200 0.53173750
v 0.11798100 0.49639200 0.53173750
v 0.51798100 0.30150000 0.53173750
v 0.51798100 0.59923300 0.53173750
v 0.68201900 0.59923300 0.53173750
v 0.68201900 0.30150000 0.53173750
v 0.47307600 0.63624500 0.49595650
v 0.47307600 0.63624500 0.49595650
v 0.47307600 0.59721000 0.61465950
v 0.47307600 0.59721000 0.61465950
v 0.47307600 0.59721000 0.61465950
v 0.47307600 0.59721000 0.49595650
v 0.47307600 0.59721000 0.49595650
v 0.72692500 0.63624500 0.49595650
v 0.72692500 0.63624500 0.49595650
v 0.47307600 0.63624500 0.61465950
v 0.47307600 0.63624500 0.61465950
v 0.47307600 0.63624500 0.61465950
v 0.72692500 0.59721000 0.49595650
v 0.72692500 0.59721000 0.49595650
v 0.72692500 0.63624500 0.61465950
v 0.72692500 0.63624500 0.61465950
v 0.72692500 0.63624500 0.61465950
v 0.72692500 0.59721000 0.61465950
v 0.72692500 0.59721000 0.61465950
v 0.72692500 0.59721000 0.61465950
v 0.67148400 0.61917400 0.50575950
v 0.67148400 0.30048900 0.55285350
v 0.67148400 0.30048900 0.55285350
v 0.67148400 0.30048900 0.50575950
v 0.67148400 0.61917400 0.55285350
v 0.67148400 0.61917400 0.55285350
v 0.70646600 0.61917400 0.55285350
v 0.70646600 0.30048900 0.55285350
v 0.49353300 0.30048900 0.55285350
v 0.52851600 0.61917400 0.50575950
v 0.49353300 0.61917400 0.55285350
v 0.52851600 0.30048900 0.50575950
v 0.52851600 0.61917400 0.55285350
v 0.52851600 0.61917400 0.55285350
v 0.52851600 0.30048900 0.55285350
v 0.52851600 0.30048900 0.55285350
v 0.47307600 0.30783100 0.46528050
v 0.47307600 0.30783100 0.46528050
v 0.47307600 0.24363900 0.46528050
v 0.47307600 0.24363900 0.46528050
v 0.72692500 0.30783100 0.46528050
v 0.72692500 0.30783100 0.46528050
v 0.47307600 0.30783100 0.63236550
v 0.47307600 0.30783100 0.63236550
v 0.47307600 0.30783100 0.63236550
v 0.72692500 0.24363900 0.46528050
v 0.72692500 0.24363900 0.46528050
v 0.72692500 0.30783100 0.63236550
v 0.72692500 0.30783100 0.63236550
v 0.72692500 0.30783100 0.63236550
v 0.47307600 0.24363900 0.59578250
v 0.47307600 0.24363900 0.59578250
v 0.47307600 0.24363900 0.59578250
v 0.47307600 0.28022100 0.63236550
v 0.47307600 0.28022100 0.63236550
v 0.47307600 0.28022100 0.63236550
v 0.72692500 0.28022100 0.63236550
v 0.72692500 0.28022100 0.63236550
v 0.72692500 0.28022100 0.63236550
v 0.72692500 0.24363900 0.59578250
v 0.72692500 0.24363900 0.59578250
v 0.72692500 0.24363900 0.59578250
v 0.50186000 0.45647400 0.51372650
v 0.50186000 0.43410200 0.54190850
v 0.50186000 0.43410200 0.54190850
v 0.50186000 0.43410200 0.51372650
v 0.69814100 0.45647400 0.51372650
v 0.50186000 0.45647400 0.54190850
v 0.50186000 0.45647400 0.54190850
v 0.69814100 0.43410200 0.51372650
v 0.69814100 0.45647400 0.54190850
v 0.69814100 0.45647400 0.54190850
v 0.69814100 0.43410200 0.54190850
v 0.69814100 0.43410200 0.54190850
v 0.68201900 0.44478000 0.53173750
v 0.68201900 0.44478000 0.53173750
v 0.51798100 0.44478000 0.53173750
v 0.51798100 0.44478000 0.53173750
v -0.68201900 1.80150000 0.53173750
v -0.68201900 2.09923300 0.53173750
v -0.51798100 2.09923300 0.53173750
v -0.51798100 1.80150000 0.53173750
v -0.72692400 2.13624500 0.49595650
v -0.72692400 2.13624500 0.49595650
v -0.72692400 2.09721000 0.61465950
v -0.72692400 2.09721000 0.61465950
v -0.72692400 2.09721000 0.61465950
v -0.72692400 2.09721000 0.49595650
v -0.72692400 2.09721000 0.49595650
v -0.47307500 2.13624500 0.49595650
v -0.47307500 2.13624500 0.49595650
v -0.72692400 2.13624500 0.61465950
v -0.72692400 2.13624500 0.61465950
v -0.72692400 2.13624500 0.61465950
v -0.47307500 2.09721000 0.49595650
v -0.47307500 2.09721000 0.49595650
v -0.47307500 2.13624500 0.61465950
v -0.47307500 2.13624500 0.61465950
v -0.47307500 2.13624500 0.61465950
v -0.47307500 2.09721000 0.61465950
v -0.47307500 2.09721000 0.61465950
v -0.47307500 2.09721000 0.61465950
v -0.52851600 2.11917400 0.50575950
v -0.52851600 1.80048900 0.55285350
v -0.52851600 1.80048900 0.55285350
v -0.52851600 1.80048900 0.50575950
v -0.52851600 2.11917400 0.55285350
v -0.52851600 2.11917400 0.55285350
v -0.49353400 2.11917400 0.55285350
v -0.49353400 1.80048900 0.55285350
v -0.70646700 1.80048900 0.55285350
v -0.67148400 2.11917400 0.50575950
v -0.70646700 2.11917400 0.55285350
v -0.67148400 1.80048900 0.50575950
v -0.67148400 2.11917400 0.55285350
v -0.67148400 2.11917400 0.55285350
v -0.67148400 1.80048900 0.55285350
v -0.67148400 1.80048900 0.55285350
v -0.72692400 1.80783100 0.46528050
v -0.72692400 1.80783100 0.46528050
v -0.72692400 1.74363900 0.46528050
v -0.72692400 1.74363900 0.46528050
v -0.47307500 1.80783100 0.46528050
v -0.47307500 1.80783100 0.46528050
v -0.72692400 1.80783100 0.63236550
v -0.72692400 1.80783100 0.63236550
v -0.72692400 1.80783100 0.63236550
v -0.47307500 1.74363900 0.46528050
v -0.47307500 1.74363900 0.46528050
v -0.47307500 1.80783100 0.63236550
v -0.47307500 1.80783100 0.63236550
v -0.47307500 1.80783100 0.63236550
v -0.72692400 1.74363900 0.59578250
v -0.72692400 1.74363900 0.59578250
v -0.72692400 1.74363900 0.59578250
v -0.72692400 1.78022100 0.63236550
v -0.72692400 1.78022100 0.63236550
v -0.72692400 1.78022100 0.63236550
v -0.47307500 1.78022100 0.63236550
v -0.47307500 1.78022100 0.63236550
v -0.47307500 1.78022100 0.63236550
v -0.47307500 1.74363900 0.59578250
v -0.47307500 1.74363900 0.59578250
v -0.47307500 1.74363900 0.59578250
v -0.69814000 2.02645800 0.51372650
v -0.69814000 2.00408600 0.54190850
v -0.69814000 2.00408600 0.54190850
v -0.69814000 2.00408600 0.51372650
v -0.50185900 2.02645800 0.51372650
v -0.69814000 2.02645800 0.54190850
v -0.69814000 2.02645800 0.54190850
v -0.50185900 2.00408600 0.51372650
v -0.50185900 2.02645800 0.54190850
v -0.50185900 2.02645800 0.54190850
v -0.50185900 2.00408600 0.54190850
v -0.50185900 2.00408600 0.54190850
v -0.51798100 2.01476400 0.53173750
v -0.51798100 2.01476400 0.53173750
v -0.68201900 2.01476400 0.53173750
v -0.68201900 2.01476400 0.53173750
v -0.28201900 2.09923300 0.53173750
v -0.11798100 2.09923300 0.53173750
v -0.32692400 2.13624500 0.49595650
v -0.32692400 2.13624500 0.49595650
v -0.32692400 2.09721000 0.61465950
v -0.32692400 2.09721000 0.61465950
v -0.32692400 2.09721000 0.61465950
v -0.32692400 2.09721000 0.49595650
v -0.32692400 2.09721000 0.49595650
v -0.07307500 2.13624500 0.49595650
v -0.07307500 2.13624500 0.49595650
v -0.32692400 2.13624500 0.61465950
v -0.32692400 2.13624500 0.61465950
v -0.32692400 2.13624500 0.61465950
v -0.07307500 2.09721000 0.49595650
v -0.07307500 2.09721000 0.49595650
v -0.07307500 2.13624500 0.61465950
v -0.07307500 2.13624500 0.61465950
v -0.07307500 2.13624500 0.61465950
v -0.07307500 2.09721000 0.61465950
v -0.07307500 2.09721000 0.61465950
v -0.07307500 2.09721000 0.61465950
v -0.12851600 2.11917400 0.50575950
v -0.12851600 1.80048900 0.55285350
v -0.12851600 1.80048900 0.55285350
v -0.12851600 1.80048900 0.50575950
v -0.12851600 2.11917400 0.55285350
v -0.12851600 2.11917400 0.55285350
v -0.09353400 2.11917400 0.55285350
v -0.09353400 1.80048900 0.55285350
v -0.30646700 1.80048900 0.55285350
v -0.27148400 2.11917400 0.50575950
v -0.30646700 2.11917400 0.55285350
v -0.27148400 1.80048900 0.50575950
v -0.27148400 2.11917400 0.55285350
v -0.27148400 2.11917400 0.55285350
v -0.27148400 1.80048900 0.55285350
v -0.27148400 1.80048900 0.55285350
v -0.32692400 1.80783100 0.46528050
v -0.32692400 1.80783100 0.46528050
v -0.32692400 1.74363900 0.46528050
v -0.32692400 1.74363900 0.46528050
v -0.07307500 1.80783100 0.46528050
v -0.07307500 1.80783100 0.46528050
v -0.32692400 1.80783100 0.63236550
v -0.32692400 1.80783100 0.63236550
v -0.32692400 1.80783100 0.63236550
v -0.07307500 1.74363900 0.46528050
v -0.07307500 1.74363900 0.46528050
v -0.07307500 1.80783100 0.63236550
v -0.07307500 1.80783100 0.63236550
v -0.07307500 1.80783100 0.63236550
v -0.32692400 1.74363900 0.59578250
v -0.32692400 1.74363900 0.59578250
v -0.32692400 1.74363900 0.59578250
v -0.32692400 1.78022100 0.63236550
v -0.32692400 1.78022100 0.63236550
v -0.32692400 1.78022100 0.63236550
v -0.07307500 1.78022100 0.63236550
v -0.07307500 1.78022100 0.63236550
v -0.07307500 1.78022100 0.63236550
v -0.07307500 1.74363900 0.59578250
v -0.07307500 1.74363900 0.59578250
v -0.07307500 1.74363900 0.59578250
v -0.11798100 1.78372800 0.53173750
v -0.28201900 1.78372800 0.53173750
v 0.11798100 1.80150000 0.53173750
v 0.11798100 2.09923300 0.53173750
v 0.28201900 2.09923300 0.53173750
v 0.28201900 1.80150000 0.53173750
v 0.07307600 2.13624500 0.49595650
v 0.07307600 2.13624500 0.49595650
v 0.07307600 2.09721000 0.61465950
v 0.07307600 2.09721000 0.61465950
v 0.07307600 2.09721000 0.61465950
v 0.07307600 2.09721000 0.49595650
v 0.07307600 2.09721000 0.49595650
v 0.32692500 2.13624500 0.49595650
v 0.32692500 2.13624500 0.49595650
v 0.07307600 2.13624500 0.61465950
v 0.07307600 2.13624500 0.61465950
v 0.07307600 2.13624500 0.61465950
v 0.32692500 2.09721000 0.49595650
v 0.32692500 2.09721000 0.49595650
v 0.32692500 2.13624500 0.61465950
v 0.32692500 2.13624500 0.61465950
v 0.32692500 2.13624500 0.61465950
v 0.32692500 2.09721000 0.61465950
v 0.32692500 2.09721000 0.61465950
v 0.32692500 2.09721000 0.61465950
v 0.27148400 2.11917400 0.50575950
v 0.27148400 1.80048900 0.55285350
v 0.27148400 1.80048900 0.55285350
v 0.27148400 1.80048900 0.50575950
v 0.27148400 2.11917400 0.55285350
v 0.27148400 2.11917400 0.55285350
v 0.30646600 2.11917400 0.55285350
v 0.30646600 1.80048900 0.55285350
v 0.09353300 1.80048900 0.55285350
v 0.12851600 2.11917400 0.50575950
v 0.09353300 2.11917400 0.55285350
v 0.12851600 1.80048900 0.50575950
v 0.12851600 2.11917400 0.55285350
v 0.12851600 2.11917400 0.55285350
v 0.12851600 1.80048900 0.55285350
v 0.12851600 1.80048900 0.55285350
v 0.07307600 1.80783100 0.46528050
v 0.07307600 1.80783100 0.46528050
v 0.07307600 1.74363900 0.46528050
v 0.07307600 1.74363900 0.46528050
v 0.32692500 1.80783100 0.46528050
v 0.32692500 1.80783100 0.46528050
v 0.07307600 1.80783100 0.63236550
v 0.07307600 1.80783100 0.63236550
v 0.07307600 1.80783100 0.63236550
v 0.32692500 1.74363900 0.46528050
v 0.32692500 1.74363900 0.46528050
v 0.32692500 1.80783100 0.63236550
v 0.32692500 1.80783100 0.63236550
v 0.32692500 1.80783100 0.63236550
v 0.07307600 1.74363900 0.59578250
v 0.07307600 1.74363900 0.59578250
v 0.07307600 1.74363900 0.59578250
v 0.07307600 1.78022100 0.63236550
v 0.07307600 1.78022100 0.63236550
v 0.07307600 1.78022100 0.63236550
v 0.32692500 1.78022100 0.63236550
v 0.32692500 1.78022100 0.63236550
v 0.32692500 1.78022100 0.63236550
v 0.32692500 1.74363900 0.59578250
v 0.32692500 1.74363900 0.59578250
v 0.32692500 1.74363900 0.59578250
v 0.10186000 2.02645800 0.51372650
v 0.10186000 2.00408600 0.54190850
v 0.10186000 2.00408600 0.54190850
v 0.10186000 2.00408600 0.51372650
v 0.29814100 2.02645800 0.51372650
v 0.10186000 2.02645800 0.54190850
v 0.10186000 2.02645800 0.54190850
v 0.29814100 2.00408600 0.51372650
v 0.29814100 2.02645800 0.54190850
v 0.29814100 2.02645800 0.54190850
v 0.29814100 2.00408600 0.54190850
v 0.29814100 2.00408600 0.54190850
v 0.28201900 2.01476400 0.53173750
v 0.28201900 2.01476400 0.53173750
v 0.11798100 2.01476400 0.53173750
v 0.11798100 2.01476400 0.53173750
v 0.51798100 1.80150000 0.53173750
v 0.51798100 2.09923300 0.53173750
v 0.68201900 2.09923300 0.53173750
v 0.68201900 1.80150000 0.53173750
v 0.47307600 2.13624500 0.49595650
v 0.47307600 2.13624500 0.49595650
v 0.47307600 2.09721000 0.61465950
v 0.47307600 2.09721000 0.61465950
v 0.47307600 2.09721000 0.61465950
v 0.47307600 2.09721000 0.49595650
v 0.47307600 2.09721000 0.49595650
v 0.72692500 2.13624500 0.49595650
v 0.72692500 2.13624500 0.49595650
v 0.47307600 2.13624500 0.61465950
v 0.47307600 2.13624500 0.61465950
v 0.47307600 2.13624500 0.61465950
v 0.72692500 2.09721000 0.49595650
v 0.72692500 2.09721000 0.49595650
v 0.72692500 2.13624500 0.61465950
v 0.72692500 2.13624500 0.61465950
v 0.72692500 2.13624500 0.61465950
v 0.72692500 2.09721000 0.61465950
v 0.72692500 2.09721000 0.61465950
v 0.72692500 2.09721000 0.61465950
v 0.67148400 2.11917400 0.50575950
v 0.67148400 1.80048900 0.55285350
v 0.67148400 1.80048900 0.55285350
v 0.67148400 1.80048900 0.50575950
v 0.67148400 2.11917400 0.55285350
v 0.67148400 2.11917400 0.55285350
v 0.70646600 2.11917400 0.55285350
v 0.70646600 1.80048900 0.55285350
v 0.49353300 1.80048900 0.55285350
v 0.52851600 2.11917400 0.50575950
v 0.49353300 2.11917400 0.55285350
v 0.52851600 1.80048900 0.50575950
v 0.52851600 2.11917400 0.55285350
v 0.52851600 2.11917400 0.55285350
v 0.52851600 1.80048900 0.55285350
v 0.52851600 1.80048900 0.55285350
v 0.47307600 1.80783100 0.46528050
v 0.47307600 1.80783100 0.46528050
v 0.47307600 1.74363900 0.46528050
v 0.47307600 1.74363900 0.46528050
v 0.72692500 1.80783100 0.46528050
v 0.72692500 1.80783100 0.46528050
v 0.47307600 1.80783100 0.63236550
v 0.47307600 1.80783100 0.63236550
v 0.47307600 1.80783100 0.63236550
v 0.72692500 1.74363900 0.46528050
v 0.72692500 1.74363900 0.46528050
v 0.72692500 1.80783100 0.63236550
v 0.72692500 1.80783100 0.63236550
v 0.72692500 1.80783100 0.63236550
v 0.47307600 1.74363900 0.59578250
v 0.47307600 1.74363900 0.59578250
v 0.47307600 1.74363900 0.59578250
v 0.47307600 1.78022100 0.63236550
v 0.47307600 1.78022100 0.63236550
v 0.47307600 1.78022100 0.63236550
v 0.72692500 1.78022100 0.63236550
v 0.72692500 1.78022100 0.63236550
v 0.72692500 1.78022100 0.63236550
v 0.72692500 1.74363900 0.59578250
v 0.72692500 1.74363900 0.59578250
v 0.72692500 1.74363900 0.59578250
v 0.50186000 1.98385900 0.51372650
v 0.50186000 1.96148700 0.54190850
v 0.50186000 1.96148700 0.54190850
v 0.50186000 1.96148700 0.51372650
v 0.69814100 1.98385900 0.51372650
v 0.50186000 1.98385900 0.54190850
v 0.50186000 1.98385900 0.54190850
v 0.69814100 1.96148700 0.51372650
v 0.69814100 1.98385900 0.54190850
v 0.69814100 1.98385900 0.54190850
v 0.69814100 1.96148700 0.54190850
v 0.69814100 1.96148700 0.54190850
v 0.68201900 1.97216500 0.53173750
v 0.68201900 1.97216500 0.53173750
v 0.51798100 1.97216500 0.53173750
v 0.51798100 1.97216500 0.53173750
v -0.79999900 2.25000000 0.63978950
v -0.79999900 2.25000000 0.63978950
v -0.79999900 2.25000000 0.63978950
v -0.79999900 2.35000000 0.63978950
v -0.79999900 2.35000000 0.63978950
v -0.79999900 2.35000000 0.63978950
v -0.79999900 2.25000000 -0.66021050
v -0.79999900 2.25000000 -0.66021050
v -0.79999900 2.25000000 -0.66021050
v -0.79999900 2.35000000 -0.66021050
v -0.79999900 2.35000000 -0.66021050
v -0.79999900 2.35000000 -0.66021050
v 0.80000100 2.25000000 0.63978950
v 0.80000100 2.25000000 0.63978950
v 0.80000100 2.25000000 0.63978950
v 0.80000100 2.35000000 0.63978950
v 0.80000100 2.35000000 0.63978950
v 0.80000100 2.35000000 0.63978950
v 0.80000100 2.25000000 -0.66021050
v 0.80000100 2.25000000 -0.66021050
v 0.80000100 2.25000000 -0.66021050
v 0.80000100 2.35000000 -0.66021050
v 0.80000100 2.35000000 -0.66021050
v 0.80000100 2.35000000 -0.66021050
v 0.69849900 2.35000000 -0.55870750
v 0.69849900 2.35000000 -0.55870750
v 0.69849900 2.35000000 -0.55870750
v -0.69849600 2.35000000 -0.55870750
v -0.69849600 2.35000000 -0.55870750
v -0.69849600 2.35000000 -0.55870750
v -0.69849600 2.35000000 0.53828650
v -0.69849600 2.35000000 0.53828650
v -0.69849600 2.35000000 0.53828650
v 0.69849900 2.35000000 0.53828650
v 0.69849900 2.35000000 0.53828650
v 0.69849900 2.35000000 0.53828650
v -0.67300600 2.30662100 -0.53321750
v -0.67300600 2.30662100 -0.53321750
v -0.67300600 2.30662100 -0.53321750
v 0.67300900 2.30662100 -0.53321750
v 0.67300900 2.30662100 -0.53321750
v 0.67300900 2.30662100 -0.53321750
v 0.67300900 2.30662100 0.51279650
v 0.67300900 2.30662100 0.51279650
v 0.67300900 2.30662100 0.51279650
v -0.67300600 2.30662100 0.51279650
v -0.67300600 2.30662100 0.51279650
v -0.67300600 2.30662100 0.51279650
v -0.80000000 0.85000000 0.63978950
v -0.80000000 0.85000000 0.63978950
v -0.80000000 0.85000000 0.63978950
v -0.80000000 0.95000000 0.63978950
v -0.80000000 0.95000000 0.63978950
v -0.80000000 0.95000000 0.63978950
v -0.80000000 0.85000000 -0.66021050
v -0.80000000 0.85000000 -0.66021050
v -0.80000000 0.85000000 -0.66021050
v -0.80000000 0.95000000 -0.66021050
v -0.80000000 0.95000000 -0.66021050
v -0.80000000 0.95000000 -0.66021050
v 0.80000000 0.85000000 0.63978950
v 0.80000000 0.85000000 0.63978950
v 0.80000000 0.85000000 0.63978950
v 0.80000000 0.95000000 0.63978950
v 0.80000000 0.95000000 0.63978950
v 0.80000000 0.95000000 0.63978950
v 0.80000000 0.85000000 -0.66021050
v 0.80000000 0.85000000 -0.66021050
v 0.80000000 0.85000000 -0.66021050
v 0.80000000 0.95000000 -0.66021050
v 0.80000000 0.95000000 -0.66021050
v 0.80000000 0.95000000 -0.66021050
v -0.80000000 0.85000000 -0.61021050
v -0.80000000 0.85000000 -0.61021050
v -0.80000000 0.85000000 0.58978950
v -0.80000000 0.85000000 0.58978950
v -0.80000000 0.95000000 0.58978950
v -0.80000000 0.95000000 0.58978950
v -0.80000000 0.95000000 -0.61021050
v -0.80000000 0.95000000 -0.61021050
v 0.80000000 0.85000000 0.58978950
v 0.80000000 0.85000000 0.58978950
v 0.80000000 0.85000000 -0.61021050
v 0.80000000 0.85000000 -0.61021050
v 0.80000000 0.95000000 -0.61021050
v 0.80000000 0.95000000 -0.61021050
v 0.80000000 0.95000000 0.58978950
v 0.80000000 0.95000000 0.58978950
v -0.80000000 1.55000000 0.63978950
v -0.80000000 1.55000000 0.63978950
v -0.80000000 1.55000000 0.63978950
v -0.80000000 1.65000000 0.63978950
v -0.80000000 1.65000000 0.63978950
v -0.80000000 1.65000000 0.63978950
v -0.80000000 1.55000000 -0.66021050
v -0.80000000 1.55000000 -0.66021050
v -0.80000000 1.55000000 -0.66021050
v -0.80000000 1.65000000 -0.66021050
v -0.80000000 1.65000000 -0.66021050
v -0.80000000 1.65000000 -0.66021050
v 0.80000000 1.55000000 0.63978950
v 0.80000000 1.55000000 0.63978950
v 0.80000000 1.55000000 0.63978950
v 0.80000000 1.65000000 0.63978950
v 0.80000000 1.65000000 0.63978950
v 0.80000000 1.65000000 0.63978950
v 0.80000000 1.55000000 -0.66021050
v 0.80000000 1.55000000 -0.66021050
v 0.80000000 1.55000000 -0.66021050
v 0.80000000 1.65000000 -0.66021050
v 0.80000000 1.65000000 -0.66021050
v 0.80000000 1.65000000 -0.66021050
v -0.80000000 1.55000000 -0.61021050
v -0.80000000 1.55000000 -0.61021050
v -0.80000000 1.55000000 0.58978950
v -0.80000000 1.55000000 0.58978950
v -0.80000000 1.65000000 0.58978950
v -0.80000000 1.65000000 0.58978950
v -0.80000000 1.65000000 -0.61021050
v -0.80000000 1.65000000 -0.61021050
v 0.80000000 1.55000000 0.58978950
v 0.80000000 1.55000000 0.58978950
v 0.80000000 1.55000000 -0.61021050
v 0.80000000 1.55000000 -0.61021050
v 0.80000000 1.65000000 -0.61021050
v 0.80000000 1.65000000 -0.61021050
v 0.80000000 1.65000000 0.58978950
v 0.80000000 1.65000000 0.58978950
v 0.80337000 0.29856700 -0.34718350
v 0.80337000 0.34212300 -0.34718350
v 0.80337000 0.34212300 -0.25994250
v 0.80337000 0.29856700 -0.25994250
v 0.80337000 0.36973900 -0.28194250
v 0.80337000 0.41329500 -0.28194250
v 0.80337000 0.41329500 -0.19470050
v 0.80337000 0.36973900 -0.19470050
v 0.80337000 1.69856700 0.10529950
v 0.80337000 1.74212300 0.10529950
v 0.80337000 1.74212300 0.01805750
v 0.80337000 1.69856700 0.01805750
v 0.80337000 1.76973900 0.04005850
v 0.80337000 1.81329500 0.04005850
v 0.80337000 1.81329500 -0.04718350
v 0.80337000 1.76973900 -0.04718350
v -0.41638300 0.28856700 -0.61693650
v -0.41638300 0.33212300 -0.61693650
v -0.50362500 0.33212300 -0.61693650
v -0.50362500 0.28856700 -0.61693650
v -0.48162500 0.35973900 -0.61693650
v -0.48162500 0.40329500 -0.61693650
v -0.56886600 0.40329500 -0.61693650
v -0.56886600 0.35973900 -0.61693650
v 0.38361700 1.18856700 -0.61693650
v 0.38361700 1.23212300 -0.61693650
v 0.29637500 1.23212300 -0.61693650
v 0.29637500 1.18856700 -0.61693650
v 0.31837500 1.25973900 -0.61693650
v 0.31837500 1.30329500 -0.61693650
v 0.23113400 1.30329500 -0.61693650
v 0.23113400 1.25973900 -0.61693650
v -0.80337000 1.26973900 -0.04718350
v -0.80337000 1.31329500 -0.04718350
v -0.80337000 1.31329500 0.04005850
v -0.80337000 1.26973900 0.04005850
v -0.80337000 1.19856700 0.01805750
v -0.80337000 1.24212300 0.01805750
v -0.80337000 1.24212300 0.10529950
v -0.80337000 1.19856700 0.10529950
v 0.26401600 2.50000000 -0.10095350
v 0.26401600 2.50000000 -0.10095350
v 0.26401600 2.50000000 -0.10095350
v 0.26401600 2.50000000 -0.10095350
v 0.26401600 2.50000000 -0.10095350
v 0.36313500 2.50000000 -0.07106350
v 0.36313500 2.50000000 -0.07106350
v 0.36313500 2.50000000 -0.07106350
v 0.43403000 2.50000000 0.00438050
v 0.43403000 2.50000000 0.00438050
v 0.43403000 2.50000000 0.00438050
v 0.45770400 2.50000000 0.10516550
v 0.45770400 2.50000000 0.10516550
v 0.45770400 2.50000000 0.10516550
v 0.45770400 2.50000000 0.10516550
v 0.45770400 2.50000000 0.10516550
v 0.42781500 2.50000000 0.20428450
v 0.42781500 2.50000000 0.20428450
v 0.42781500 2.50000000 0.20428450
v 0.35237000 2.50000000 0.27517950
v 0.35237000 2.50000000 0.27517950
v 0.35237000 2.50000000 0.27517950
v 0.25158600 2.50000000 0.29885350
v 0.25158600 2.50000000 0.29885350
v 0.25158600 2.50000000 0.29885350
v 0.25158600 2.50000000 0.29885350
v 0.25158600 2.50000000 0.29885350
v 0.15246700 2.50000000 0.26896350
v 0.15246700 2.50000000 0.26896350
v 0.15246700 2.50000000 0.26896350
v 0.08157200 2.50000000 0.19351950
v 0.08157200 2.50000000 0.19351950
v 0.08157200 2.50000000 0.19351950
v 0.05789800 2.50000000 0.09273450
v 0.05789800 2.50000000 0.09273450
v 0.05789800 2.50000000 0.09273450
v 0.05789800 2.50000000 0.09273450
v 0.05789800 2.50000000 0.09273450
v 0.08778700 2.50000000 -0.00638450
v 0.08778700 2.50000000 -0.00638450
v 0.08778700 2.50000000 -0.00638450
v 0.16323200 2.50000000 -0.07727850
v 0.16323200 2.50000000 -0.07727850
v 0.16323200 2.50000000 -0.07727850
v 0.26582600 2.84209300 -0.15916750
v 0.26582600 2.84209300 -0.15916750
v 0.26582600 2.84209300 -0.15916750
v 0.25780100 2.97000000 0.09895050
v 0.39381000 2.84209300 -0.12057350
v 0.39381000 2.84209300 -0.12057350
v 0.39381000 2.84209300 -0.12057350
v 0.48535000 2.84209300 -0.02315850
v 0.48535000 2.84209300 -0.02315850
v 0.48535000 2.84209300 -0.02315850
v 0.51591900 2.84209300 0.10697550
v 0.51591900 2.84209300 0.10697550
v 0.51591900 2.84209300 0.10697550
v 0.47732500 2.84209300 0.23495850
v 0.47732500 2.84209300 0.23495850
v 0.47732500 2.84209300 0.23495850
v 0.37991000 2.84209300 0.32649950
v 0.37991000 2.84209300 0.32649950
v 0.37991000 2.84209300 0.32649950
v 0.24977600 2.84209300 0.35706750
v 0.24977600 2.84209300 0.35706750
v 0.24977600 2.84209300 0.35706750
v 0.12179200 2.84209300 0.31847450
v 0.12179200 2.84209300 0.31847450
v 0.12179200 2.84209300 0.31847450
v 0.03025200 2.84209300 0.22105950
v 0.03025200 2.84209300 0.22105950
v 0.03025200 2.84209300 0.22105950
v -0.00031700 2.84209300 0.09092550
v -0.00031700 2.84209300 0.09092550
v -0.00031700 2.84209300 0.09092550
v 0.03827700 2.84209300 -0.03705850
v 0.03827700 2.84209300 -0.03705850
v 0.03827700 2.84209300 -0.03705850
v 0.13569200 2.84209300 -0.12859850
v 0.13569200 2.84209300 -0.12859850
v 0.13569200 2.84209300 -0.12859850
v 0.36313500 2.79448200 -0.07106350
v 0.36313500 2.79448200 -0.07106350
v 0.26401600 2.79448200 -0.10095350
v 0.26401600 2.79448200 -0.10095350
v 0.43403000 2.79448200 0.00438050
v 0.43403000 2.79448200 0.00438050
v 0.45770400 2.79448200 0.10516550
v 0.45770400 2.79448200 0.10516550
v 0.42781500 2.79448200 0.20428450
v 0.42781500 2.79448200 0.20428450
v 0.35237000 2.79448200 0.27517950
v 0.35237000 2.79448200 0.27517950
v 0.25158600 2.79448200 0.29885350
v 0.25158600 2.79448200 0.29885350
v 0.15246700 2.79448200 0.26896350
v 0.15246700 2.79448200 0.26896350
v 0.08157200 2.79448200 0.19351950
v 0.08157200 2.79448200 0.19351950
v 0.05789800 2.79448200 0.09273450
v 0.05789800 2.79448200 0.09273450
v 0.08778700 2.79448200 -0.00638450
v 0.08778700 2.79448200 -0.00638450
v 0.16323200 2.79448200 -0.07727850
v 0.16323200 2.79448200 -0.07727850
v 0.26582600 2.80306000 -0.15916750
v 0.26582600 2.80306000 -0.15916750
v 0.39381000 2.80306000 -0.12057350
v 0.39381000 2.80306000 -0.12057350
v 0.48535000 2.80306000 -0.02315850
v 0.48535000 2.80306000 -0.02315850
v 0.51591900 2.80306000 0.10697550
v 0.51591900 2.80306000 0.10697550
v 0.47732500 2.80306000 0.23495850
v 0.47732500 2.80306000 0.23495850
v 0.37991000 2.80306000 0.32649950
v 0.37991000 2.80306000 0.32649950
v 0.24977600 2.80306000 0.35706750
v 0.24977600 2.80306000 0.35706750
v 0.12179200 2.80306000 0.31847450
v 0.12179200 2.80306000 0.31847450
v 0.03025200 2.80306000 0.22105950
v 0.03025200 2.80306000 0.22105950
v -0.00031700 2.80306000 0.09092550
v -0.00031700 2.80306000 0.09092550
v 0.03827700 2.80306000 -0.03705850
v 0.03827700 2.80306000 -0.03705850
v 0.13569200 2.80306000 -0.12859850
v 0.13569200 2.80306000 -0.12859850
v 0.06384000 2.45600000 0.09291950
v 0.06384000 2.45600000 0.09291950
v 0.06384000 2.45600000 0.09291950
v 0.26383100 2.45600000 -0.09501150
v 0.26383100 2.45600000 -0.09501150
v 0.26383100 2.45600000 -0.09501150
v 0.45176200 2.45600000 0.10498050
v 0.45176200 2.45600000 0.10498050
v 0.45176200 2.45600000 0.10498050
v 0.25177100 2.45600000 0.29291150
v 0.25177100 2.45600000 0.29291150
v 0.25177100 2.45600000 0.29291150
v 0.40802800 2.29999900 0.10362250
v 0.40802800 2.29999900 0.10362250
v 0.44251500 2.29999900 0.07121450
v 0.44251500 2.29999900 0.07121450
v 0.47492300 2.29999900 0.10570150
v 0.47492300 2.29999900 0.10570150
v 0.44043600 2.29999900 0.13810950
v 0.44043600 2.29999900 0.13810950
v 0.31744200 2.49910300 0.10080450
v 0.31744200 2.49910300 0.10080450
v 0.35390800 2.49910300 0.06653850
v 0.35390800 2.49910300 0.06653850
v 0.38817400 2.49910300 0.10300350
v 0.38817400 2.49910300 0.10300350
v 0.35170900 2.49910300 0.13727050
v 0.35170900 2.49910300 0.13727050
v 0.23006500 2.29999900 -0.08576150
v 0.23006500 2.29999900 -0.08576150
v 0.26455300 2.29999900 -0.11816950
v 0.26455300 2.29999900 -0.11816950
v 0.29696000 2.29999900 -0.08368150
v 0.29696000 2.29999900 -0.08368150
v 0.26247300 2.29999900 -0.05127450
v 0.26247300 2.29999900 -0.05127450
v 0.22538900 2.49910300 0.00284450
v 0.22538900 2.49910300 0.00284450
v 0.26185500 2.49910300 -0.03142250
v 0.26185500 2.49910300 -0.03142250
v 0.29612200 2.49910300 0.00504350
v 0.29612200 2.49910300 0.00504350
v 0.25965600 2.49910300 0.03931050
v 0.25965600 2.49910300 0.03931050
v 0.21864400 2.29999900 0.28158450
v 0.21864400 2.29999900 0.28158450
v 0.25313200 2.29999900 0.24917650
v 0.25313200 2.29999900 0.24917650
v 0.28553900 2.29999900 0.28366450
v 0.28553900 2.29999900 0.28366450
v 0.25105200 2.29999900 0.31607250
v 0.25105200 2.29999900 0.31607250
v 0.21948100 2.49910300 0.19285750
v 0.21948100 2.49910300 0.19285750
v 0.25594700 2.49910300 0.15859150
v 0.25594700 2.49910300 0.15859150
v 0.29021400 2.49910300 0.19505650
v 0.29021400 2.49910300 0.19505650
v 0.25374800 2.49910300 0.22932350
v 0.25374800 2.49910300 0.22932350
v 0.04068100 2.29999900 0.09220050
v 0.04068100 2.29999900 0.09220050
v 0.07516900 2.29999900 0.05979350
v 0.07516900 2.29999900 0.05979350
v 0.10757700 2.29999900 0.09428050
v 0.10757700 2.29999900 0.09428050
v 0.07308900 2.29999900 0.12668850
v 0.07308900 2.29999900 0.12668850
v 0.12742900 2.49910300 0.09489750
v 0.12742900 2.49910300 0.09489750
v 0.16389400 2.49910300 0.06063050
v 0.16389400 2.49910300 0.06063050
v 0.19816100 2.49910300 0.09709650
v 0.19816100 2.49910300 0.09709650
v 0.16169500 2.49910300 0.13136250
v 0.16169500 2.49910300 0.13136250
v 0.32635100 2.30000000 0.11686550
v 0.32635100 2.30000000 0.11686550
v 0.32635100 2.48466500 0.11686550
v 0.32635100 2.48466500 0.11686550
v 0.33497000 2.30000000 0.15355450
v 0.33497000 2.30000000 0.15355450
v 0.33497000 2.48466500 0.15355450
v 0.33497000 2.48466500 0.15355450
v 0.30750600 2.30000000 0.17936150
v 0.30750600 2.30000000 0.17936150
v 0.30750600 2.48466500 0.17936150
v 0.30750600 2.48466500 0.17936150
v 0.27142400 2.30000000 0.16848150
v 0.27142400 2.30000000 0.16848150
v 0.27142400 2.48466500 0.16848150
v 0.27142400 2.48466500 0.16848150
v 0.26280600 2.30000000 0.13179250
v 0.26280600 2.30000000 0.13179250
v 0.26280600 2.48466500 0.13179250
v 0.26280600 2.48466500 0.13179250
v 0.29026900 2.30000000 0.10598550
v 0.29026900 2.30000000 0.10598550
v 0.29026900 2.48466500 0.10598550
v 0.29026900 2.48466500 0.10598550
v 0.02308700 2.30662100 -0.06094050
v 0.02308700 2.30662100 -0.06094050
v 0.02308700 2.30662100 -0.06094050
v 0.10270300 2.30662100 -0.14435650
v 0.10270300 2.30662100 -0.14435650
v 0.10270300 2.30662100 -0.14435650
v 0.10650300 2.30662100 0.01867550
v 0.10650300 2.30662100 0.01867550
v 0.10650300 2.30662100 0.01867550
v 0.10650300 2.40796100 0.01867550
v 0.10650300 2.40796100 0.01867550
v 0.10650300 2.40796100 0.01867550
v 0.18611900 2.30662100 -0.06474050
v 0.18611900 2.30662100 -0.06474050
v 0.18611900 2.30662100 -0.06474050
v 0.18611900 2.40796100 -0.06474050
v 0.18611900 2.40796100 -0.06474050
v 0.18611900 2.40796100 -0.06474050
v 0.02897400 2.38974300 -0.05286950
v 0.03186400 2.36818800 -0.05011150
v 0.05163800 2.39555000 -0.03123750
v 0.05452800 2.37399500 -0.02847950
v 0.06479500 2.43525900 -0.02113250
v 0.14441100 2.43525900 -0.10454850
v 0.10270300 2.40796100 -0.14435650
v 0.10270300 2.40796100 -0.14435650
v 0.10270300 2.40796100 -0.14435650
v 0.10270300 2.40796100 -0.14435650
v 0.02308700 2.40796100 -0.06094050
v 0.02308700 2.40796100 -0.06094050
v 0.02308700 2.40796100 -0.06094050
v 0.02308700 2.40796100 -0.06094050
v 0.14441100 2.40796100 -0.10454850
v 0.14441100 2.40796100 -0.10454850
v 0.14441100 2.40796100 -0.10454850
v 0.06479500 2.40796100 -0.02113250
v 0.06479500 2.40796100 -0.02113250
v 0.06479500 2.40796100 -0.02113250
v 0.62534700 0.10000000 0.98212150
v 0.62534700 0.10000000 0.98212150
v 0.62534700 0.17000000 0.98212150
v 0.62534700 0.17000000 0.98212150
v 0.62534700 0.10000000 0.88829950
v 0.62534700 0.10000000 0.88829950
v 0.62534700 0.17000000 0.88829950
v 0.62534700 0.17000000 0.88829950
v 0.66315600 0.10000000 0.98212150
v 0.66315600 0.10000000 0.98212150
v 0.66315600 0.17000000 0.98212150
v 0.66315600 0.17000000 0.98212150
v 0.66315600 0.10000000 0.88829950
v 0.66315600 0.10000000 0.88829950
v 0.66315600 0.17000000 0.88829950
v 0.66315600 0.17000000 0.88829950
v 0.36534700 0.10000000 0.98212150
v 0.36534700 0.10000000 0.98212150
v 0.36534700 0.17000000 0.98212150
v 0.36534700 0.17000000 0.98212150
v 0.36534700 0.10000000 0.88829950
v 0.36534700 0.10000000 0.88829950
v 0.36534700 0.17000000 0.88829950
v 0.36534700 0.17000000 0.88829950
v 0.40315600 0.10000000 0.98212150
v 0.40315600 0.10000000 0.98212150
v 0.40315600 0.17000000 0.98212150
v 0.40315600 0.17000000 0.98212150
v 0.40315600 0.10000000 0.88829950
v 0.40315600 0.10000000 0.88829950
v 0.40315600 0.17000000 0.88829950
v 0.40315600 0.17000000 0.88829950
v 0.34138500 0.16000000 1.01021050
v 0.34138500 0.16000000 1.01021050
v 0.34138500 0.16000000 1.01021050
v 0.31425200 0.16000000 0.98307750
v 0.31425200 0.16000000 0.98307750
v 0.31425200 0.20000000 0.98307750
v 0.31425200 0.20000000 0.98307750
v 0.34138500 0.20000000 1.01021050
v 0.34138500 0.20000000 1.01021050
v 0.34138500 0.20000000 1.01021050
v 0.31425200 0.16000000 0.88734350
v 0.31425200 0.16000000 0.88734350
v 0.34138500 0.16000000 0.86021050
v 0.34138500 0.16000000 0.86021050
v 0.34138500 0.16000000 0.86021050
v 0.34138500 0.20000000 0.86021050
v 0.34138500 0.20000000 0.86021050
v 0.34138500 0.20000000 0.86021050
v 0.31425200 0.20000000 0.88734350
v 0.31425200 0.20000000 0.88734350
v 0.71425200 0.16000000 0.98307750
v 0.71425200 0.16000000 0.98307750
v 0.68711900 0.16000000 1.01021050
v 0.68711900 0.16000000 1.01021050
v 0.68711900 0.16000000 1.01021050
v 0.68711900 0.20000000 1.01021050
v 0.68711900 0.20000000 1.01021050
v 0.68711900 0.20000000 1.01021050
v 0.71425200 0.20000000 0.98307750
v 0.71425200 0.20000000 0.98307750
v 0.68711900 0.16000000 0.86021050
v 0.68711900 0.16000000 0.86021050
v 0.68711900 0.16000000 0.86021050
v 0.71425200 0.16000000 0.88734350
v 0.71425200 0.16000000 0.88734350
v 0.71425200 0.20000000 0.88734350
v 0.71425200 0.20000000 0.88734350
v 0.68711900 0.20000000 0.86021050
v 0.68711900 0.20000000 0.86021050
v 0.68711900 0.20000000 0.86021050
vn -1.00000000 0.00000000 0.00000000
vn 0.00000000 -1.00000000 0.00000000
vn 0.00000000 0.00000000 1.00000000
vn -1.00000000 0.00000000 0.00000000
vn 0.00000000 0.00000000 1.00000000
vn 0.00000000 1.00000000 0.00000000
vn 0.00000000 -1.00000000 0.00000000
vn -1.00000000 0.00000000 0.00000000
vn 0.00000000 0.00000000 -1.00000000
vn 0.00000000 0.00000000 -1.00000000
vn -1.00000000 0.00000000 0.00000000
vn 0.00000000 1.00000000 0.00000000
vn 0.00000000 -1.00000000 0.00000000
vn 0.00000000 0.00000000 1.00000000
vn 1.00000000 0.00000000 0.00000000
vn 0.00000000 0.00000000 1.00000000
vn 1.00000000 0.00000000 0.00000000
vn 0.00000000 1.00000000 0.00000000
vn 0.00000000 -1.00000000 0.00000000
vn 1.00000000 0.00000000 0.00000000
vn 0.00000000 0.00000000 -1.00000000
vn 1.00000000 0.00000000 0.00000000
vn 0.00000000 1.00000000 0.00000000
vn 0.00000000 0.00000000 -1.00000000
vn 0.00000000 -1.00000000 0.00000000
vn 0.00000000 0.00000000 -1.00000000
vn 0.00000000 0.00000000 -1.00000000
vn 0.00000000 0.00000000 -1.00000000
vn 0.00000000 0.00000000 -1.00000000
vn 0.00000000 -1.00000000 0.00000000
vn 0.00000000 0.00000000 -1.00000000
vn 0.00000000 1.00000000 0.00000000
vn 0.00000000 1.00000000 0.00000000
vn 0.00000000 0.00000000 -1.00000000
vn 0.00000000 0.00000000 -1.00000000
vn 0.00000000 1.00000000 0.00000000
vn 0.00000000 0.00000000 -1.00000000
vn 0.00000000 1.00000000 0.00000000
vn 0.00000000 0.00000000 1.00000000
vn 0.00000000 0.00000000 1.00000000
vn 0.00000000 -1.00000000 0.00000000
vn 0.00000000 0.00000000 1.00000000
vn 0.00000000 0.00000000 1.00000000
vn 0.00000000 -1.00000000 0.00000000
vn 0.00000000 0.00000000 1.00000000
vn 0.00000000 1.00000000 0.00000000
vn 0.00000000 1.00000000 0.00000000
vn 0.00000000 0.00000000 1.00000000
vn 0.00000000 1.00000000 0.00000000
vn 0.00000000 0.00000000 1.00000000
vn 0.00000000 1.00000000 0.00000000
vn 0.00000000 0.00000000 1.00000000
vn 0.00000000 -1.00000000 0.00000000
vn -1.00000000 0.00000000 0.00000000
vn -1.00000000 0.00000000 0.00000000
vn -1.00000000 0.00000000 0.00000000
vn 0.00000000 -1.00000000 0.00000000
vn -1.00000000 0.00000000 0.00000000
vn 0.00000000 1.00000000 0.00000000
vn -1.00000000 0.00000000 0.00000000
vn -1.00000000 0.00000000 0.00000000
vn 0.00000000 1.00000000 0.00000000
vn 0.00000000 1.00000000 0.00000000
vn 0.00000000 1.00000000 0.00000000
vn -1.00000000 0.00000000 0.00000000
vn -1.00000000 0.00000000 0.00000000
vn 0.00000000 -1.00000000 0.00000000
vn 1.00000000 0.00000000 0.00000000
vn 1.00000000 0.00000000 0.00000000
vn 1.00000000 0.00000000 0.00000000
vn 0.00000000 -1.00000000 0.00000000
vn 1.00000000 0.00000000 0.00000000
vn 1.00000000 0.00000000 0.00000000
vn 0.00000000 1.00000000 0.00000000
vn 0.00000000 1.00000000 0.00000000
vn 1.00000000 0.00000000 0.00000000
vn 0.00000000 1.00000000 0.00000000
vn 1.00000000 0.00000000 0.00000000
vn 0.00000000 1.00000000 0.00000000
vn 1.00000000 0.00000000 0.00000000
vn 0.00000000 1.00000000 0.00000000
vn 0.00000000 1.00000000 0.00000000
vn 0.00000000 1.00000000 0.00000000
vn 0.00000000 1.00000000 0.00000000
vn 0.00000000 1.00000000 0.00000000
vn 0.00000000 1.00000000 0.00000000
vn 0.00000000 1.00000000 0.00000000
vn 0.00000000 1.00000000 0.00000000
vn 0.00000000 1.00000000 0.00000000
vn 0.00000000 1.00000000 0.00000000
vn 0.00000000 1.00000000 0.00000000
vn 0.00000000 1.00000000 0.00000000
vn 0.00000000 -1.00000000 0.00000000
vn 0.00000000 -1.00000000 0.00000000
vn 0.00000000 -1.00000000 0.00000000
vn 0.00000000 -1.00000000 0.00000000
vn 0.00000000 0.00000000 -1.00000000
vn -1.00000000 0.00000000 0.00000000
vn 0.00000000 0.00000000 -1.00000000
vn 1.00000000 0.00000000 0.00000000
vn 0.00000000 0.00000000 1.00000000
vn 0.00000000 0.00000000 1.00000000
vn -1.00000000 0.00000000 0.00000000
vn 0.00000000 0.00000000 1.00000000
vn 0.00000000 0.00000000 1.00000000
vn 1.00000000 0.00000000 0.00000000
vn 0.00000000 0.00000000 -1.00000000
vn 0.00000000 0.00000000 1.00000000
vn 0.00000000 0.00000000 1.00000000
vn -1.00000000 0.00000000 0.00000000
vn -1.00000000 0.00000000 0.00000000
vn 0.00000000 0.00000000 -1.00000000
vn 0.00000000 0.00000000 1.00000000
vn 0.00000000 0.00000000 1.00000000
vn -1.00000000 0.00000000 0.00000000
vn -1.00000000 0.00000000 0.00000000
vn 0.00000000 0.00000000 1.00000000
vn 0.00000000 0.00000000 1.00000000
vn 0.00000000 0.00000000 1.00000000
vn 0.00000000 0.00000000 1.00000000
vn 0.00000000 0.00000000 1.00000000
vn 0.00000000 1.00000000 0.00000000
vn -1.00000000 0.00000000 0.00000000
vn 0.00000000 0.00000000 1.00000000
vn -1.00000000 0.00000000 0.00000000
vn 0.00000000 -1.00000000 0.00000000
vn 1.00000000 0.00000000 0.00000000
vn 0.00000000 -1.00000000 0.00000000
vn 0.00000000 0.00000000 1.00000000
vn 0.00000000 0.00000000 1.00000000
vn 0.00000000 1.00000000 0.00000000
vn 1.00000000 0.00000000 0.00000000
vn 0.00000000 1.00000000 0.00000000
vn 0.00000000 0.00000000 1.00000000
vn 1.00000000 0.00000000 0.00000000
vn 0.00000000 1.00000000 0.00000000
vn 0.00000000 0.00000000 1.00000000
vn -1.00000000 0.00000000 0.00000000
vn -1.00000000 0.00000000 0.00000000
vn 0.00000000 -1.00000000 0.00000000
vn 0.00000000 0.00000000 1.00000000
vn 0.00000000 0.00000000 1.00000000
vn 0.00000000 -1.00000000 0.00000000
vn 1.00000000 0.00000000 0.00000000
vn 0.00000000 0.00000000 1.00000000
vn 0.00000000 -1.00000000 0.00000000
vn 1.00000000 0.00000000 0.00000000
vn 1.00000000 0.00000000 0.00000000
vn 0.00000000 0.00000000 1.00000000
vn 0.00000000 1.00000000 0.00000000
vn 0.00000000 1.00000000 0.00000000
vn 0.00000000 0.00000000 1.00000000
vn -1.00000000 0.00000000 0.00000000
vn 0.00000000 -1.00000000 0.00000000
vn -1.00000000 0.00000000 0.00000000
vn 0.00000000 0.00000000 1.00000000
vn -1.00000000 0.00000000 0.00000000
vn 0.00000000 0.00000000 1.00000000
vn 0.00000000 1.00000000 0.00000000
vn 0.00000000 -1.00000000 0.00000000
vn -1.00000000 0.00000000 0.00000000
vn 0.00000000 0.00000000 1.00000000
vn 1.00000000 0.00000000 0.00000000
vn 0.00000000 0.00000000 1.00000000
vn 0.00000000 -1.00000000 0.00000000
vn 0.00000000 1.00000000 0.00000000
vn 1.00000000 0.00000000 0.00000000
vn 0.00000000 0.00000000 1.00000000
vn 0.00000000 0.00000000 1.00000000
vn 0.00000000 1.00000000 0.00000000
vn -1.00000000 0.00000000 0.00000000
vn 0.00000000 -1.00000000 0.00000000
vn -1.00000000 0.00000000 0.00000000
vn 0.00000000 0.00000000 1.00000000
vn 0.00000000 0.00000000 1.00000000
vn 1.00000000 0.00000000 0.00000000
vn 0.00000000 -1.00000000 0.00000000
vn 0.00000000 0.00000000 1.00000000
vn 1.00000000 0.00000000 0.00000000
vn 0.00000000 1.00000000 0.00000000
vn -1.00000000 0.00000000 0.00000000
vn 0.00000000 0.00000000 1.00000000
vn 0.00000000 1.00000000 0.00000000
vn 0.00000000 0.00000000 1.00000000
vn 0.00000000 -1.00000000 0.00000000
vn -1.00000000 0.00000000 0.00000000
vn 0.00000000 -1.00000000 0.00000000
vn 1.00000000 0.00000000 0.00000000
vn 0.00000000 0.00000000 1.00000000
vn 0.00000000 0.00000000 1.00000000
vn 1.00000000 0.00000000 0.00000000
vn 0.00000000 1.00000000 0.00000000
vn -1.00000000 0.00000000 0.00000000
vn 0.00000000 1.00000000 0.00000000
vn 0.00000000 1.00000000 0.00000000
vn 1.00000000 0.00000000 0.00000000
vn -1.00000000 0.00000000 0.00000000
vn 0.00000000 1.00000000 0.00000000
vn 1.00000000 0.00000000 0.00000000
vn 0.00000000 1.00000000 0.00000000
vn -1.00000000 0.00000000 0.00000000
vn 0.00000000 1.00000000 0.00000000
vn 1.00000000 0.00000000 0.00000000
vn 0.00000000 1.00000000 0.00000000
vn -1.00000000 0.00000000 0.00000000
vn 0.00000000 -1.00000000 0.00000000
vn -1.00000000 0.00000000 0.00000000
vn 0.00000000 1.00000000 0.00000000
vn 1.00000000 0.00000000 0.00000000
vn 0.00000000 1.00000000 0.00000000
vn 1.00000000 0.00000000 0.00000000
vn 0.00000000 -1.00000000 0.00000000
vn 1.00000000 0.00000000 0.00000000
vn 0.00000000 -1.00000000 0.00000000
vn 0.00000000 -1.00000000 0.00000000
vn -1.00000000 0.00000000 0.00000000
vn 1.00000000 0.00000000 0.00000000
vn 0.00000000 -1.00000000 0.00000000
vn 1.00000000 0.00000000 0.00000000
vn 0.00000000 1.00000000 0.00000000
vn 0.00000000 -1.00000000 0.00000000
vn -1.00000000 0.00000000 0.00000000
vn 0.00000000 1.00000000 0.00000000
vn -1.00000000 0.00000000 0.00000000
vn -1.00000000 0.00000000 0.00000000
vn 0.00000000 -1.00000000 0.00000000
vn 1.00000000 0.00000000 0.00000000
vn 0.00000000 -1.00000000 0.00000000
vn 0.00000000 -1.00000000 0.00000000
vn -1.00000000 0.00000000 0.00000000
vn 0.00000000 -1.00000000 0.00000000
vn 1.00000000 0.00000000 0.00000000
vn 0.00000000 -1.00000000 0.00000000
vn -1.00000000 0.00000000 0.00000000
vn 0.00000000 1.00000000 0.00000000
vn -1.00000000 0.00000000 0.00000000
vn 0.00000000 1.00000000 0.00000000
vn 1.00000000 0.00000000 0.00000000
vn 0.00000000 -1.00000000 0.00000000
vn 1.00000000 0.00000000 0.00000000
vn 0.00000000 1.00000000 0.00000000
vn -1.00000000 0.00000000 0.00000000
vn -1.00000000 0.00000000 0.00000000
vn 0.00000000 -1.00000000 0.00000000
vn 1.00000000 0.00000000 0.00000000
vn 0.00000000 1.00000000 0.00000000
vn 0.00000000 -1.00000000 0.00000000
vn 1.00000000 0.00000000 0.00000000
vn 0.00000000 -1.00000000 0.00000000
vn -1.00000000 0.00000000 0.00000000
vn 0.00000000 -1.00000000 0.00000000
vn 1.00000000 0.00000000 0.00000000
vn 0.00000000 1.00000000 0.00000000
vn 1.00000000 0.00000000 0.00000000
vn 0.00000000 1.00000000 0.00000000
vn -1.00000000 0.00000000 0.00000000
vn 0.00000000 -1.00000000 0.00000000
vn 0.00000000 0.00000000 1.00000000
vn -1.00000000 0.00000000 0.00000000
vn 0.00000000 0.00000000 1.00000000
vn -1.00000000 0.00000000 0.00000000
vn 0.00000000 1.00000000 0.00000000
vn 1.00000000 0.00000000 0.00000000
vn 0.00000000 0.00000000 1.00000000
vn 0.00000000 1.00000000 0.00000000
vn 0.00000000 -1.00000000 0.00000000
vn 1.00000000 0.00000000 0.00000000
vn 0.00000000 0.00000000 1.00000000
vn 0.00000000 0.00000000 1.00000000
vn 0.00000000 -1.00000000 0.00000000
vn 1.00000000 0.00000000 0.00000000
vn 0.00000000 -1.00000000 0.00000000
vn 0.00000000 0.00000000 1.00000000
vn -1.00000000 0.00000000 0.00000000
vn -1.00000000 0.00000000 0.00000000
vn 0.00000000 0.00000000 1.00000000
vn 0.00000000 1.00000000 0.00000000
vn 0.00000000 0.00000000 1.00000000
vn 0.00000000 1.00000000 0.00000000
vn 1.00000000 0.00000000 0.00000000
vn 0.00000000 0.00000000 1.00000000
vn 0.00000000 0.00000000 1.00000000
vn 1.00000000 0.00000000 0.00000000
vn 1.00000000 0.00000000 0.00000000
vn 0.00000000 0.00000000 1.00000000
vn 0.00000000 0.00000000 1.00000000
vn 0.00000000 0.00000000 1.00000000
vn 1.00000000 0.00000000 0.00000000
vn 1.00000000 0.00000000 0.00000000
vn 0.00000000 0.00000000 -1.00000000
vn 0.00000000 0.00000000 1.00000000
vn -1.00000000 0.00000000 0.00000000
vn 0.00000000 0.00000000 1.00000000
vn -1.00000000 0.00000000 0.00000000
vn 0.00000000 0.00000000 -1.00000000
vn 0.00000000 0.00000000 1.00000000
vn 0.00000000 0.00000000 1.00000000
vn 0.00000000 0.00000000 1.00000000
vn 0.00000000 0.00000000 1.00000000
vn -1.00000000 0.00000000 0.00000000
vn 0.00000000 1.00000000 0.00000000
vn 0.00000000 0.00000000 1.00000000
vn -1.00000000 0.00000000 0.00000000
vn 0.00000000 -1.00000000 0.00000000
vn 0.00000000 0.00000000 1.00000000
vn 0.00000000 0.00000000 1.00000000
vn 1.00000000 0.00000000 0.00000000
vn 0.00000000 -1.00000000 0.00000000
vn 1.00000000 0.00000000 0.00000000
vn 0.00000000 1.00000000 0.00000000
vn 0.00000000 0.00000000 1.00000000
vn 0.00000000 -1.00000000 0.00000000
vn 0.00000000 0.00000000 1.00000000
vn 1.00000000 0.00000000 0.00000000
vn 1.00000000 0.00000000 0.00000000
vn 0.00000000 1.00000000 0.00000000
vn 0.00000000 0.00000000 1.00000000
vn 0.00000000 0.00000000 1.00000000
vn -1.00000000 0.00000000 0.00000000
vn 0.00000000 1.00000000 0.00000000
vn 0.00000000 0.00000000 1.00000000
vn 0.00000000 -1.00000000 0.00000000
vn -1.00000000 0.00000000 0.00000000
vn 0.00000000 0.00000000 1.00000000
vn 0.00000000 1.00000000 0.00000000
vn -1.00000000 0.00000000 0.00000000
vn 0.00000000 0.00000000 1.00000000
vn 0.00000000 -1.00000000 0.00000000
vn -1.00000000 0.00000000 0.00000000
vn 0.00000000 -1.00000000 0.00000000
vn 0.00000000 0.00000000 1.00000000
vn 1.00000000 0.00000000 0.00000000
vn 0.00000000 1.00000000 0.00000000
vn 0.00000000 0.00000000 1.00000000
vn 1.00000000 0.00000000 0.00000000
vn 0.00000000 -1.00000000 0.00000000
vn -1.00000000 0.00000000 0.00000000
vn -1.00000000 0.00000000 0.00000000
vn 0.00000000 1.00000000 0.00000000
vn 0.00000000 1.00000000 0.00000000
vn 1.00000000 0.00000000 0.00000000
vn 1.00000000 0.00000000 0.00000000
vn 0.00000000 -1.00000000 0.00000000
vn 0.00000000 -1.00000000 0.00000000
vn 1.00000000 0.00000000 0.00000000
vn 1.00000000 0.00000000 0.00000000
vn 0.00000000 1.00000000 0.00000000
vn -1.00000000 0.00000000 0.00000000
vn 0.00000000 -1.00000000 0.00000000
vn 0.00000000 1.00000000 0.00000000
vn -1.00000000 0.00000000 0.00000000
vn 0.00000000 -1.00000000 0.00000000
vn -1.00000000 0.00000000 0.00000000
vn -1.00000000 0.00000000 0.00000000
vn 0.00000000 1.00000000 0.00000000
vn 0.00000000 1.00000000 0.00000000
vn 1.00000000 0.00000000 0.00000000
vn 1.00000000 0.00000000 0.00000000
vn 0.00000000 -1.00000000 0.00000000
vn -1.00000000 0.00000000 0.00000000
vn 0.00000000 1.00000000 0.00000000
vn 0.00000000 -1.00000000 0.00000000
vn -1.00000000 0.00000000 0.00000000
vn 0.00000000 1.00000000 0.00000000
vn 1.00000000 0.00000000 0.00000000
vn 1.00000000 0.00000000 0.00000000
vn 0.00000000 -1.00000000 0.00000000
vn 0.00000000 -1.00000000 0.00000000
vn 0.00000000 0.00000000 1.00000000
vn -1.00000000 0.00000000 0.00000000
vn 0.00000000 1.00000000 0.00000000
vn -1.00000000 0.00000000 0.00000000
vn 0.00000000 0.00000000 1.00000000
vn 0.00000000 0.00000000 1.00000000
vn 1.00000000 0.00000000 0.00000000
vn 0.00000000 1.00000000 0.00000000
vn 0.00000000 0.00000000 1.00000000
vn 1.00000000 0.00000000 0.00000000
vn 0.00000000 -1.00000000 0.00000000
vn 1.00000000 0.00000000 0.00000000
vn 0.00000000 0.00000000 1.00000000
vn 0.00000000 0.00000000 1.00000000
vn 1.00000000 0.00000000 0.00000000
vn 0.00000000 0.00000000 -1.00000000
vn 1.00000000 0.00000000 0.00000000
vn 0.00000000 0.00000000 -1.00000000
vn 1.00000000 0.00000000 0.00000000
vn 0.00000000 0.00000000 -1.00000000
vn 0.00000000 0.00000000 -1.00000000
vn -1.00000000 0.00000000 0.00000000
vn -1.00000000 0.00000000 0.00000000
vn 0.00000000 0.00000000 1.00000000
vn 0.00000000 0.00000000 1.00000000
vn 0.00000000 0.00000000 1.00000000
vn 0.00000000 0.00000000 1.00000000
vn 0.00000000 1.00000000 0.00000000
vn -1.00000000 0.00000000 0.00000000
vn 0.00000000 -1.00000000 0.00000000
vn -1.00000000 0.00000000 0.00000000
vn 0.00000000 0.00000000 1.00000000
vn -1.00000000 0.00000000 0.00000000
vn 0.00000000 -1.00000000 0.00000000
vn 0.00000000 1.00000000 0.00000000
vn 1.00000000 0.00000000 0.00000000
vn 0.00000000 0.00000000 1.00000000
vn -1.00000000 0.00000000 0.00000000
vn 0.00000000 1.00000000 0.00000000
vn 0.00000000 -1.00000000 0.00000000
vn 1.00000000 0.00000000 0.00000000
vn 0.00000000 0.00000000 1.00000000
vn 0.00000000 1.00000000 0.00000000
vn 1.00000000 0.00000000 0.00000000
vn 1.00000000 0.00000000 0.00000000
vn 0.00000000 0.00000000 1.00000000
vn 0.00000000 -1.00000000 0.00000000
vn -1.00000000 0.00000000 0.00000000
vn 0.00000000 0.00000000 1.00000000
vn -1.00000000 0.00000000 0.00000000
vn -1.00000000 0.00000000 0.00000000
vn -1.00000000 0.00000000 0.00000000
vn 0.00000000 0.00000000 1.00000000
vn 0.00000000 0.00000000 1.00000000
vn 0.00000000 0.00000000 1.00000000
vn 0.00000000 0.00000000 1.00000000
vn 1.00000000 0.00000000 0.00000000
vn 0.00000000 0.00000000 1.00000000
vn 1.00000000 0.00000000 0.00000000
vn 1.00000000 0.00000000 0.00000000
vn 0.00000000 0.00000000 1.00000000
vn 0.00000000 0.00000000 1.00000000
vn 1.00000000 0.00000000 0.00000000
vn -1.00000000 0.00000000 0.00000000
vn 0.00000000 1.00000000 0.00000000
vn -1.00000000 0.00000000 0.00000000
vn 1.00000000 0.00000000 0.00000000
vn 0.00000000 1.00000000 0.00000000
vn 0.00000000 0.00000000 1.00000000
vn 0.00000000 1.00000000 0.00000000
vn -1.00000000 0.00000000 0.00000000
vn 1.00000000 0.00000000 0.00000000
vn 1.00000000 0.00000000 0.00000000
vn 0.00000000 1.00000000 0.00000000
vn 0.00000000 0.00000000 1.00000000
vn -1.00000000 0.00000000 0.00000000
vn 0.00000000 0.00000000 1.00000000
vn 1.00000000 0.00000000 0.00000000
vn 0.00000000 0.00000000 1.00000000
vn 0.00000000 1.00000000 0.00000000
vn 0.00000000 0.00000000 1.00000000
vn 0.00000000 -1.00000000 0.00000000
vn 0.00000000 -1.00000000 0.00000000
vn 0.00000000 1.00000000 0.00000000
vn 0.00000000 1.00000000 0.00000000
vn 0.00000000 0.00000000 1.00000000
vn 0.00000000 -1.00000000 0.00000000
vn 0.00000000 1.00000000 0.00000000
vn 0.00000000 0.00000000 1.00000000
vn 0.00000000 0.00000000 1.00000000
vn 0.00000000 -1.00000000 0.00000000
vn 0.00000000 0.00000000 1.00000000
vn 0.00000000 0.00000000 1.00000000
vn 0.00000000 0.00000000 1.00000000
vn 0.00000000 0.00000000 1.00000000
vn 0.00000000 0.00000000 1.00000000
vn 0.00000000 0.00000000 1.00000000
vn 0.00000000 0.00000000 1.00000000
vn 0.00000000 0.00000000 1.00000000
vn 0.00000000 0.00000000 1.00000000
vn 0.00000000 0.00000000 1.00000000
vn 0.00000000 0.00000000 1.00000000
vn 0.00000000 0.00000000 1.00000000
vn 0.00000000 0.00000000 1.00000000
vn 0.00000000 0.00000000 1.00000000
vn 0.00000000 0.00000000 1.00000000
vn 0.00000000 0.00000000 1.00000000
vn 0.00000000 0.00000000 1.00000000
vn 0.00000000 0.00000000 1.00000000
vn 0.00000000 0.00000000 1.00000000
vn 0.00000000 0.00000000 1.00000000
vn 0.00000000 0.00000000 1.00000000
vn 0.00000000 0.00000000 1.00000000
vn 0.00000000 0.00000000 1.00000000
vn 0.00000000 0.00000000 1.00000000
vn 0.00000000 0.00000000 1.00000000
vn 0.00000000 0.00000000 1.00000000
vn 0.00000000 0.00000000 1.00000000
vn 0.00000000 0.00000000 1.00000000
vn 0.00000000 0.00000000 1.00000000
vn 0.00000000 0.00000000 1.00000000
vn 0.00000000 0.00000000 1.00000000
vn 0.00000000 0.00000000 1.00000000
vn 0.00000000 0.00000000 1.00000000
vn 0.00000000 0.00000000 1.00000000
vn 0.00000000 0.00000000 1.00000000
vn 0.00000000 0.00000000 1.00000000
vn 0.00000000 0.00000000 1.00000000
vn 0.00000000 0.00000000 1.00000000
vn -0.34161890 -0.87555300 0.34161890
vn -0.24186072 -0.68604882 0.68617812
vn 0.00000000 0.00000000 1.00000000
vn -0.70710678 0.00000000 0.70710678
vn -0.92387953 0.00000000 0.38268343
vn -0.68617812 -0.68604882 0.24186072
vn 0.00000000 0.00000000 1.00000000
vn -0.70710678 0.00000000 0.70710678
vn -0.24186072 0.68604882 0.68617812
vn -0.34161890 0.87555300 0.34161890
vn -0.68617812 0.68604882 0.24186072
vn -0.92387953 0.00000000 0.38268343
vn -0.34162421 -0.87556584 -0.34158068
vn -0.92389756 0.00000000 -0.38263991
vn -0.68618270 -0.68605340 -0.24183473
vn -0.70717340 0.00000000 -0.70704015
vn -0.24186223 -0.68611321 -0.68611321
vn -0.34162421 0.87556584 -0.34158068
vn -0.70717340 0.00000000 -0.70704015
vn -0.24186223 0.68611321 -0.68611321
vn -0.68618270 0.68605340 -0.24183473
vn -0.92389756 0.00000000 -0.38263991
vn 0.34161890 -0.87555300 0.34161890
vn 0.68617812 -0.68604882 0.24186072
vn 0.92387953 0.00000000 0.38268343
vn 0.70710678 0.00000000 0.70710678
vn 0.24186072 -0.68604882 0.68617812
vn 0.00000000 0.00000000 1.00000000
vn 0.34161890 0.87555300 0.34161890
vn 0.70710678 0.00000000 0.70710678
vn 0.00000000 0.00000000 1.00000000
vn 0.24186072 0.68604882 0.68617812
vn 0.92387953 0.00000000 0.38268343
vn 0.68617812 0.68604882 0.24186072
vn 0.34162421 -0.87556584 -0.34158068
vn 0.70717340 0.00000000 -0.70704015
vn 0.24186223 -0.68611321 -0.68611321
vn 0.92389756 0.00000000 -0.38263991
vn 0.68618270 -0.68605340 -0.24183473
vn 0.34162421 0.87556584 -0.34158068
vn 0.68618270 0.68605340 -0.24183473
vn 0.92389756 0.00000000 -0.38263991
vn 0.70717340 0.00000000 -0.70704015
vn 0.24186223 0.68611321 -0.68611321
vn 0.00000000 0.00000000 1.00000000
vn 0.00000000 0.00000000 1.00000000
vn 0.00000000 0.00000000 1.00000000
vn 0.00000000 0.00000000 1.00000000
vn 0.00000000 1.00000000 0.00000000
vn -1.00000000 0.00000000 0.00000000
vn 0.00000000 0.00000000 1.00000000
vn 0.00000000 -1.00000000 0.00000000
vn -1.00000000 0.00000000 0.00000000
vn -1.00000000 0.00000000 0.00000000
vn 0.00000000 -1.00000000 0.00000000
vn 1.00000000 0.00000000 0.00000000
vn 0.00000000 1.00000000 0.00000000
vn 0.00000000 1.00000000 0.00000000
vn 0.00000000 0.00000000 1.00000000
vn -1.00000000 0.00000000 0.00000000
vn 1.00000000 0.00000000 0.00000000
vn 0.00000000 -1.00000000 0.00000000
vn 0.00000000 0.00000000 1.00000000
vn 1.00000000 0.00000000 0.00000000
vn 0.00000000 1.00000000 0.00000000
vn 0.00000000 -1.00000000 0.00000000
vn 0.00000000 0.00000000 1.00000000
vn 1.00000000 0.00000000 0.00000000
vn -1.00000000 0.00000000 0.00000000
vn -1.00000000 0.00000000 0.00000000
vn 0.00000000 0.00000000 1.00000000
vn -1.00000000 0.00000000 0.00000000
vn -1.00000000 0.00000000 0.00000000
vn 0.00000000 0.00000000 1.00000000
vn 0.00000000 0.00000000 1.00000000
vn 0.00000000 0.00000000 1.00000000
vn 0.00000000 0.00000000 1.00000000
vn 1.00000000 0.00000000 0.00000000
vn 0.00000000 0.00000000 1.00000000
vn 1.00000000 0.00000000 0.00000000
vn 0.00000000 0.00000000 1.00000000
vn 1.00000000 0.00000000 0.00000000
vn 0.00000000 0.00000000 1.00000000
vn 1.00000000 0.00000000 0.00000000
vn -1.00000000 0.00000000 0.00000000
vn 0.00000000 1.00000000 0.00000000
vn -1.00000000 0.00000000 0.00000000
vn 0.00000000 -1.00000000 0.00000000
vn 0.00000000 1.00000000 0.00000000
vn 1.00000000 0.00000000 0.00000000
vn -1.00000000 0.00000000 0.00000000
vn 0.00000000 0.00000000 1.00000000
vn 0.00000000 1.00000000 0.00000000
vn 0.00000000 -1.00000000 0.00000000
vn 1.00000000 0.00000000 0.00000000
vn 0.00000000 0.00000000 1.00000000
vn 0.00000000 1.00000000 0.00000000
vn 1.00000000 0.00000000 0.00000000
vn 0.00000000 -1.00000000 0.00000000
vn 0.00000000 -0.70711645 0.70709712
vn -1.00000000 0.00000000 0.00000000
vn 0.00000000 -0.70711645 0.70709712
vn -1.00000000 0.00000000 0.00000000
vn 0.00000000 0.00000000 1.00000000
vn 0.00000000 0.00000000 1.00000000
vn 1.00000000 0.00000000 0.00000000
vn 0.00000000 -0.70711645 0.70709712
vn 0.00000000 -0.70711645 0.70709712
vn 1.00000000 0.00000000 0.00000000
vn 0.00000000 -1.00000000 0.00000000
vn 0.00000000 1.00000000 0.00000000
vn 0.00000000 -1.00000000 0.00000000
vn 0.00000000 0.00000000 1.00000000
vn 0.00000000 -1.00000000 0.00000000
vn 0.00000000 1.00000000 0.00000000
vn 0.00000000 1.00000000 0.00000000
vn 0.00000000 0.00000000 1.00000000
vn 0.00000000 -1.00000000 0.00000000
vn 0.00000000 0.00000000 1.00000000
vn 0.00000000 1.00000000 0.00000000
vn 0.00000000 -1.00000000 0.00000000
vn 0.00000000 0.00000000 1.00000000
vn 0.00000000 0.00000000 1.00000000
vn 0.00000000 0.00000000 1.00000000
vn 0.00000000 0.00000000 1.00000000
vn 0.00000000 0.00000000 1.00000000
vn 0.00000000 0.00000000 1.00000000
vn 0.00000000 0.00000000 1.00000000
vn 0.00000000 0.00000000 1.00000000
vn 0.00000000 0.00000000 1.00000000
vn -1.00000000 0.00000000 0.00000000
vn 0.00000000 1.00000000 0.00000000
vn 0.00000000 -1.00000000 0.00000000
vn 0.00000000 0.00000000 1.00000000
vn -1.00000000 0.00000000 0.00000000
vn -1.00000000 0.00000000 0.00000000
vn 0.00000000 -1.00000000 0.00000000
vn 1.00000000 0.00000000 0.00000000
vn 0.00000000 1.00000000 0.00000000
vn 0.00000000 1.00000000 0.00000000
vn -1.00000000 0.00000000 0.00000000
vn 0.00000000 0.00000000 1.00000000
vn 0.00000000 -1.00000000 0.00000000
vn 1.00000000 0.00000000 0.00000000
vn 1.00000000 0.00000000 0.00000000
vn 0.00000000 0.00000000 1.00000000
vn 0.00000000 1.00000000 0.00000000
vn 1.00000000 0.00000000 0.00000000
vn 0.00000000 0.00000000 1.00000000
vn 0.00000000 -1.00000000 0.00000000
vn -1.00000000 0.00000000 0.00000000
vn 0.00000000 0.00000000 1.00000000
vn -1.00000000 0.00000000 0.00000000
vn -1.00000000 0.00000000 0.00000000
vn -1.00000000 0.00000000 0.00000000
vn 0.00000000 0.00000000 1.00000000
vn 0.00000000 0.00000000 1.00000000
vn 0.00000000 0.00000000 1.00000000
vn 0.00000000 0.00000000 1.00000000
vn 1.00000000 0.00000000 0.00000000
vn 0.00000000 0.00000000 1.00000000
vn 1.00000000 0.00000000 0.00000000
vn 0.00000000 0.00000000 1.00000000
vn 1.00000000 0.00000000 0.00000000
vn 1.00000000 0.00000000 0.00000000
vn 0.00000000 0.00000000 1.00000000
vn 0.00000000 1.00000000 0.00000000
vn -1.00000000 0.00000000 0.00000000
vn 0.00000000 -1.00000000 0.00000000
vn -1.00000000 0.00000000 0.00000000
vn 1.00000000 0.00000000 0.00000000
vn 0.00000000 1.00000000 0.00000000
vn -1.00000000 0.00000000 0.00000000
vn 0.00000000 1.00000000 0.00000000
vn 0.00000000 0.00000000 1.00000000
vn 1.00000000 0.00000000 0.00000000
vn 0.00000000 -1.00000000 0.00000000
vn 1.00000000 0.00000000 0.00000000
vn 0.00000000 0.00000000 1.00000000
vn 0.00000000 1.00000000 0.00000000
vn 0.00000000 -0.70711645 0.70709712
vn -1.00000000 0.00000000 0.00000000
vn 0.00000000 -1.00000000 0.00000000
vn 0.00000000 -0.70711645 0.70709712
vn 0.00000000 0.00000000 1.00000000
vn -1.00000000 0.00000000 0.00000000
vn 0.00000000 -0.70711645 0.70709712
vn 1.00000000 0.00000000 0.00000000
vn 0.00000000 0.00000000 1.00000000
vn 0.00000000 -1.00000000 0.00000000
vn 0.00000000 -0.70711645 0.70709712
vn 1.00000000 0.00000000 0.00000000
vn 0.00000000 1.00000000 0.00000000
vn 0.00000000 0.00000000 1.00000000
vn 0.00000000 -1.00000000 0.00000000
vn 0.00000000 -1.00000000 0.00000000
vn 0.00000000 1.00000000 0.00000000
vn 0.00000000 0.00000000 1.00000000
vn 0.00000000 1.00000000 0.00000000
vn 0.00000000 -1.00000000 0.00000000
vn 0.00000000 0.00000000 1.00000000
vn 0.00000000 1.00000000 0.00000000
vn 0.00000000 -1.00000000 0.00000000
vn 0.00000000 0.00000000 1.00000000
vn 0.00000000 0.00000000 1.00000000
vn 0.00000000 0.00000000 1.00000000
vn 0.00000000 0.00000000 1.00000000
vn 0.00000000 0.00000000 1.00000000
vn 0.00000000 0.00000000 1.00000000
vn 0.00000000 0.00000000 1.00000000
vn 0.00000000 0.00000000 1.00000000
vn 0.00000000 0.00000000 1.00000000
vn 0.00000000 1.00000000 0.00000000
vn -1.00000000 0.00000000 0.00000000
vn 0.00000000 -1.00000000 0.00000000
vn 0.00000000 0.00000000 1.00000000
vn -1.00000000 0.00000000 0.00000000
vn 0.00000000 -1.00000000 0.00000000
vn -1.00000000 0.00000000 0.00000000
vn 0.00000000 1.00000000 0.00000000
vn 1.00000000 0.00000000 0.00000000
vn 0.00000000 0.00000000 1.00000000
vn 0.00000000 1.00000000 0.00000000
vn -1.00000000 0.00000000 0.00000000
vn 0.00000000 -1.00000000 0.00000000
vn 1.00000000 0.00000000 0.00000000
vn 0.00000000 0.00000000 1.00000000
vn 1.00000000 0.00000000 0.00000000
vn 0.00000000 1.00000000 0.00000000
vn 0.00000000 0.00000000 1.00000000
vn 1.00000000 0.00000000 0.00000000
vn 0.00000000 -1.00000000 0.00000000
vn -1.00000000 0.00000000 0.00000000
vn -1.00000000 0.00000000 0.00000000
vn 0.00000000 0.00000000 1.00000000
vn -1.00000000 0.00000000 0.00000000
vn -1.00000000 0.00000000 0.00000000
vn 0.00000000 0.00000000 1.00000000
vn 0.00000000 0.00000000 1.00000000
vn 0.00000000 0.00000000 1.00000000
vn 0.00000000 0.00000000 1.00000000
vn 1.00000000 0.00000000 0.00000000
vn 0.00000000 0.00000000 1.00000000
vn 1.00000000 0.00000000 0.00000000
vn 0.00000000 0.00000000 1.00000000
vn 1.00000000 0.00000000 0.00000000
vn 1.00000000 0.00000000 0.00000000
vn 0.00000000 0.00000000 1.00000000
vn 0.00000000 1.00000000 0.00000000
vn -1.00000000 0.00000000 0.00000000
vn -1.00000000 0.00000000 0.00000000
vn 0.00000000 -1.00000000 0.00000000
vn 0.00000000 1.00000000 0.00000000
vn 1.00000000 0.00000000 0.00000000
vn 0.00000000 0.00000000 1.00000000
vn 0.00000000 1.00000000 0.00000000
vn -1.00000000 0.00000000 0.00000000
vn 0.00000000 -1.00000000 0.00000000
vn 1.00000000 0.00000000 0.00000000
vn 0.00000000 1.00000000 0.00000000
vn 0.00000000 0.00000000 1.00000000
vn 1.00000000 0.00000000 0.00000000
vn 0.00000000 -1.00000000 0.00000000
vn 0.00000000 -0.70711645 0.70709712
vn -1.00000000 0.00000000 0.00000000
vn 0.00000000 0.00000000 1.00000000
vn 0.00000000 -0.70711645 0.70709712
vn -1.00000000 0.00000000 0.00000000
vn 1.00000000 0.00000000 0.00000000
vn 0.00000000 0.00000000 1.00000000
vn 0.00000000 -0.70711645 0.70709712
vn 0.00000000 -0.70711645 0.70709712
vn 1.00000000 0.00000000 0.00000000
vn 0.00000000 -1.00000000 0.00000000
vn 0.00000000 1.00000000 0.00000000
vn 0.00000000 0.00000000 1.00000000
vn 0.00000000 -1.00000000 0.00000000
vn 0.00000000 -1.00000000 0.00000000
vn 0.00000000 1.00000000 0.00000000
vn 0.00000000 1.00000000 0.00000000
vn 0.00000000 0.00000000 1.00000000
vn 0.00000000 -1.00000000 0.00000000
vn 0.00000000 0.00000000 1.00000000
vn 0.00000000 1.00000000 0.00000000
vn 0.00000000 -1.00000000 0.00000000
vn 0.00000000 0.00000000 1.00000000
vn 0.00000000 0.00000000 1.00000000
vn 0.00000000 0.00000000 1.00000000
vn 0.00000000 0.00000000 1.00000000
vn 0.00000000 0.00000000 1.00000000
vn 0.00000000 0.00000000 1.00000000
vn 0.00000000 0.00000000 1.00000000
vn 0.00000000 0.00000000 1.00000000
vn 0.00000000 0.00000000 1.00000000
vn 0.00000000 1.00000000 0.00000000
vn -1.00000000 0.00000000 0.00000000
vn 0.00000000 0.00000000 1.00000000
vn -1.00000000 0.00000000 0.00000000
vn 0.00000000 -1.00000000 0.00000000
vn 0.00000000 -1.00000000 0.00000000
vn -1.00000000 0.00000000 0.00000000
vn 1.00000000 0.00000000 0.00000000
vn 0.00000000 1.00000000 0.00000000
vn -1.00000000 0.00000000 0.00000000
vn 0.00000000 0.00000000 1.00000000
vn 0.00000000 1.00000000 0.00000000
vn 0.00000000 -1.00000000 0.00000000
vn 1.00000000 0.00000000 0.00000000
vn 0.00000000 1.00000000 0.00000000
vn 0.00000000 0.00000000 1.00000000
vn 1.00000000 0.00000000 0.00000000
vn 0.00000000 -1.00000000 0.00000000
vn 1.00000000 0.00000000 0.00000000
vn 0.00000000 0.00000000 1.00000000
vn -1.00000000 0.00000000 0.00000000
vn -1.00000000 0.00000000 0.00000000
vn 0.00000000 0.00000000 1.00000000
vn -1.00000000 0.00000000 0.00000000
vn -1.00000000 0.00000000 0.00000000
vn 0.00000000 0.00000000 1.00000000
vn 0.00000000 0.00000000 1.00000000
vn 0.00000000 0.00000000 1.00000000
vn 0.00000000 0.00000000 1.00000000
vn 1.00000000 0.00000000 0.00000000
vn 0.00000000 0.00000000 1.00000000
vn 1.00000000 0.00000000 0.00000000
vn 1.00000000 0.00000000 0.00000000
vn 0.00000000 0.00000000 1.00000000
vn 0.00000000 0.00000000 1.00000000
vn 1.00000000 0.00000000 0.00000000
vn 0.00000000 1.00000000 0.00000000
vn -1.00000000 0.00000000 0.00000000
vn 0.00000000 -1.00000000 0.00000000
vn -1.00000000 0.00000000 0.00000000
vn 0.00000000 1.00000000 0.00000000
vn 1.00000000 0.00000000 0.00000000
vn -1.00000000 0.00000000 0.00000000
vn 0.00000000 0.00000000 1.00000000
vn 0.00000000 1.00000000 0.00000000
vn 0.00000000 -1.00000000 0.00000000
vn 1.00000000 0.00000000 0.00000000
vn 1.00000000 0.00000000 0.00000000
vn 0.00000000 0.00000000 1.00000000
vn 0.00000000 1.00000000 0.00000000
vn -1.00000000 0.00000000 0.00000000
vn 0.00000000 -1.00000000 0.00000000
vn 0.00000000 -0.70711645 0.70709712
vn 0.00000000 0.00000000 1.00000000
vn -1.00000000 0.00000000 0.00000000
vn 0.00000000 -0.70711645 0.70709712
vn 0.00000000 0.00000000 1.00000000
vn 0.00000000 -0.70711645 0.70709712
vn 1.00000000 0.00000000 0.00000000
vn 0.00000000 -0.70711645 0.70709712
vn 0.00000000 -1.00000000 0.00000000
vn 1.00000000 0.00000000 0.00000000
vn 0.00000000 1.00000000 0.00000000
vn 0.00000000 -1.00000000 0.00000000
vn 0.00000000 0.00000000 1.00000000
vn 0.00000000 -1.00000000 0.00000000
vn 0.00000000 1.00000000 0.00000000
vn 0.00000000 1.00000000 0.00000000
vn 0.00000000 0.00000000 1.00000000
vn 0.00000000 -1.00000000 0.00000000
vn 0.00000000 1.00000000 0.00000000
vn 0.00000000 0.00000000 1.00000000
vn 0.00000000 0.00000000 1.00000000
vn 0.00000000 -1.00000000 0.00000000
vn 0.00000000 0.00000000 1.00000000
vn 0.00000000 0.00000000 1.00000000
vn 0.00000000 0.00000000 1.00000000
vn 0.00000000 0.00000000 1.00000000
vn 0.00000000 0.00000000 1.00000000
vn 0.00000000 0.00000000 1.00000000
vn 0.00000000 0.00000000 1.00000000
vn 0.00000000 0.00000000 1.00000000
vn -1.00000000 0.00000000 0.00000000
vn 0.00000000 1.00000000 0.00000000
vn -1.00000000 0.00000000 0.00000000
vn 0.00000000 0.00000000 1.00000000
vn 0.00000000 -1.00000000 0.00000000
vn 0.00000000 -1.00000000 0.00000000
vn -1.00000000 0.00000000 0.00000000
vn 0.00000000 1.00000000 0.00000000
vn 1.00000000 0.00000000 0.00000000
vn 0.00000000 1.00000000 0.00000000
vn -1.00000000 0.00000000 0.00000000
vn 0.00000000 0.00000000 1.00000000
vn 0.00000000 -1.00000000 0.00000000
vn 1.00000000 0.00000000 0.00000000
vn 0.00000000 0.00000000 1.00000000
vn 1.00000000 0.00000000 0.00000000
vn 0.00000000 1.00000000 0.00000000
vn 0.00000000 0.00000000 1.00000000
vn 0.00000000 -1.00000000 0.00000000
vn 1.00000000 0.00000000 0.00000000
vn -1.00000000 0.00000000 0.00000000
vn -1.00000000 0.00000000 0.00000000
vn 0.00000000 0.00000000 1.00000000
vn -1.00000000 0.00000000 0.00000000
vn 0.00000000 0.00000000 1.00000000
vn -1.00000000 0.00000000 0.00000000
vn 0.00000000 0.00000000 1.00000000
vn 0.00000000 0.00000000 1.00000000
vn 0.00000000 0.00000000 1.00000000
vn 1.00000000 0.00000000 0.00000000
vn 0.00000000 0.00000000 1.00000000
vn 1.00000000 0.00000000 0.00000000
vn 0.00000000 0.00000000 1.00000000
vn 1.00000000 0.00000000 0.00000000
vn 1.00000000 0.00000000 0.00000000
vn 0.00000000 0.00000000 1.00000000
vn 0.00000000 1.00000000 0.00000000
vn -1.00000000 0.00000000 0.00000000
vn -1.00000000 0.00000000 0.00000000
vn 0.00000000 -1.00000000 0.00000000
vn 1.00000000 0.00000000 0.00000000
vn 0.00000000 1.00000000 0.00000000
vn 0.00000000 0.00000000 1.00000000
vn 0.00000000 1.00000000 0.00000000
vn -1.00000000 0.00000000 0.00000000
vn 0.00000000 -1.00000000 0.00000000
vn 1.00000000 0.00000000 0.00000000
vn 0.00000000 1.00000000 0.00000000
vn 1.00000000 0.00000000 0.00000000
vn 0.00000000 0.00000000 1.00000000
vn 0.00000000 -0.70711645 0.70709712
vn 0.00000000 -1.00000000 0.00000000
vn -1.00000000 0.00000000 0.00000000
vn 0.00000000 0.00000000 1.00000000
vn 0.00000000 -0.70711645 0.70709712
vn -1.00000000 0.00000000 0.00000000
vn 1.00000000 0.00000000 0.00000000
vn 0.00000000 -0.70711645 0.70709712
vn 0.00000000 0.00000000 1.00000000
vn 0.00000000 -1.00000000 0.00000000
vn 1.00000000 0.00000000 0.00000000
vn 0.00000000 -0.70711645 0.70709712
vn 0.00000000 1.00000000 0.00000000
vn 0.00000000 -1.00000000 0.00000000
vn 0.00000000 0.00000000 1.00000000
vn 0.00000000 -1.00000000 0.00000000
vn 0.00000000 1.00000000 0.00000000
vn 0.00000000 1.00000000 0.00000000
vn 0.00000000 0.00000000 1.00000000
vn 0.00000000 -1.00000000 0.00000000
vn 0.00000000 1.00000000 0.00000000
vn 0.00000000 0.00000000 1.00000000
vn 0.00000000 0.00000000 1.00000000
vn 0.00000000 -1.00000000 0.00000000
vn 0.00000000 0.00000000 1.00000000
vn 0.00000000 0.00000000 1.00000000
vn 0.00000000 0.00000000 1.00000000
vn 0.00000000 0.00000000 1.00000000
vn 0.00000000 0.00000000 1.00000000
vn 0.00000000 0.00000000 1.00000000
vn 0.00000000 0.00000000 1.00000000
vn 0.00000000 0.00000000 1.00000000
vn -1.00000000 0.00000000 0.00000000
vn 0.00000000 1.00000000 0.00000000
vn -1.00000000 0.00000000 0.00000000
vn 0.00000000 -1.00000000 0.00000000
vn 0.00000000 0.00000000 1.00000000
vn -1.00000000 0.00000000 0.00000000
vn 0.00000000 -1.00000000 0.00000000
vn 0.00000000 1.00000000 0.00000000
vn 1.00000000 0.00000000 0.00000000
vn 0.00000000 1.00000000 0.00000000
vn 0.00000000 0.00000000 1.00000000
vn -1.00000000 0.00000000 0.00000000
vn 0.00000000 -1.00000000 0.00000000
vn 1.00000000 0.00000000 0.00000000
vn 0.00000000 0.00000000 1.00000000
vn 0.00000000 1.00000000 0.00000000
vn 1.00000000 0.00000000 0.00000000
vn 1.00000000 0.00000000 0.00000000
vn 0.00000000 -1.00000000 0.00000000
vn 0.00000000 0.00000000 1.00000000
vn -1.00000000 0.00000000 0.00000000
vn 0.00000000 0.00000000 1.00000000
vn -1.00000000 0.00000000 0.00000000
vn -1.00000000 0.00000000 0.00000000
vn -1.00000000 0.00000000 0.00000000
vn 0.00000000 0.00000000 1.00000000
vn 0.00000000 0.00000000 1.00000000
vn 0.00000000 0.00000000 1.00000000
vn 0.00000000 0.00000000 1.00000000
vn 1.00000000 0.00000000 0.00000000
vn 0.00000000 0.00000000 1.00000000
vn 1.00000000 0.00000000 0.00000000
vn 0.00000000 0.00000000 1.00000000
vn 1.00000000 0.00000000 0.00000000
vn 1.00000000 0.00000000 0.00000000
vn 0.00000000 0.00000000 1.00000000
vn 0.00000000 1.00000000 0.00000000
vn -1.00000000 0.00000000 0.00000000
vn 0.00000000 -1.00000000 0.00000000
vn -1.00000000 0.00000000 0.00000000
vn 1.00000000 0.00000000 0.00000000
vn 0.00000000 1.00000000 0.00000000
vn -1.00000000 0.00000000 0.00000000
vn 0.00000000 1.00000000 0.00000000
vn 0.00000000 0.00000000 1.00000000
vn 1.00000000 0.00000000 0.00000000
vn 0.00000000 -1.00000000 0.00000000
vn 1.00000000 0.00000000 0.00000000
vn 0.00000000 1.00000000 0.00000000
vn 0.00000000 0.00000000 1.00000000
vn 0.00000000 -0.70711645 0.70709712
vn 0.00000000 -1.00000000 0.00000000
vn -1.00000000 0.00000000 0.00000000
vn 0.00000000 -0.70711645 0.70709712
vn -1.00000000 0.00000000 0.00000000
vn 0.00000000 0.00000000 1.00000000
vn 0.00000000 0.00000000 1.00000000
vn 1.00000000 0.00000000 0.00000000
vn 0.00000000 -0.70711645 0.70709712
vn 0.00000000 -1.00000000 0.00000000
vn 1.00000000 0.00000000 0.00000000
vn 0.00000000 -0.70711645 0.70709712
vn 0.00000000 1.00000000 0.00000000
vn 0.00000000 -1.00000000 0.00000000
vn 0.00000000 0.00000000 1.00000000
vn 0.00000000 -1.00000000 0.00000000
vn 0.00000000 1.00000000 0.00000000
vn 0.00000000 0.00000000 1.00000000
vn 0.00000000 1.00000000 0.00000000
vn 0.00000000 -1.00000000 0.00000000
vn 0.00000000 1.00000000 0.00000000
vn 0.00000000 0.00000000 1.00000000
vn 0.00000000 -1.00000000 0.00000000
vn 0.00000000 0.00000000 1.00000000
vn 0.00000000 0.00000000 1.00000000
vn 0.00000000 0.00000000 1.00000000
vn 0.00000000 0.00000000 1.00000000
vn 0.00000000 0.00000000 1.00000000
vn 0.00000000 0.00000000 1.00000000
vn 0.00000000 0.00000000 1.00000000
vn 0.00000000 0.00000000 1.00000000
vn 0.00000000 0.00000000 1.00000000
vn 0.00000000 1.00000000 0.00000000
vn -1.00000000 0.00000000 0.00000000
vn 0.00000000 -1.00000000 0.00000000
vn -1.00000000 0.00000000 0.00000000
vn 0.00000000 0.00000000 1.00000000
vn 0.00000000 -1.00000000 0.00000000
vn -1.00000000 0.00000000 0.00000000
vn 1.00000000 0.00000000 0.00000000
vn 0.00000000 1.00000000 0.00000000
vn -1.00000000 0.00000000 0.00000000
vn 0.00000000 1.00000000 0.00000000
vn 0.00000000 0.00000000 1.00000000
vn 0.00000000 -1.00000000 0.00000000
vn 1.00000000 0.00000000 0.00000000
vn 0.00000000 1.00000000 0.00000000
vn 1.00000000 0.00000000 0.00000000
vn 0.00000000 0.00000000 1.00000000
vn 0.00000000 -1.00000000 0.00000000
vn 1.00000000 0.00000000 0.00000000
vn 0.00000000 0.00000000 1.00000000
vn -1.00000000 0.00000000 0.00000000
vn 0.00000000 0.00000000 1.00000000
vn -1.00000000 0.00000000 0.00000000
vn -1.00000000 0.00000000 0.00000000
vn 0.00000000 0.00000000 1.00000000
vn -1.00000000 0.00000000 0.00000000
vn 0.00000000 0.00000000 1.00000000
vn 0.00000000 0.00000000 1.00000000
vn 0.00000000 0.00000000 1.00000000
vn 1.00000000 0.00000000 0.00000000
vn 0.00000000 0.00000000 1.00000000
vn 1.00000000 0.00000000 0.00000000
vn 0.00000000 0.00000000 1.00000000
vn 1.00000000 0.00000000 0.00000000
vn 0.00000000 0.00000000 1.00000000
vn 1.00000000 0.00000000 0.00000000
vn -1.00000000 0.00000000 0.00000000
vn 0.00000000 1.00000000 0.00000000
vn -1.00000000 0.00000000 0.00000000
vn 0.00000000 -1.00000000 0.00000000
vn 1.00000000 0.00000000 0.00000000
vn 0.00000000 1.00000000 0.00000000
vn -1.00000000 0.00000000 0.00000000
vn 0.00000000 0.00000000 1.00000000
vn 0.00000000 1.00000000 0.00000000
vn 0.00000000 -1.00000000 0.00000000
vn 1.00000000 0.00000000 0.00000000
vn 0.00000000 0.00000000 1.00000000
vn 0.00000000 1.00000000 0.00000000
vn 1.00000000 0.00000000 0.00000000
vn 0.00000000 -0.70711645 0.70709712
vn 0.00000000 -1.00000000 0.00000000
vn -1.00000000 0.00000000 0.00000000
vn -1.00000000 0.00000000 0.00000000
vn 0.00000000 0.00000000 1.00000000
vn 0.00000000 -0.70711645 0.70709712
vn 1.00000000 0.00000000 0.00000000
vn 0.00000000 0.00000000 1.00000000
vn 0.00000000 -0.70711645 0.70709712
vn 1.00000000 0.00000000 0.00000000
vn 0.00000000 -0.70711645 0.70709712
vn 0.00000000 -1.00000000 0.00000000
vn 0.00000000 1.00000000 0.00000000
vn 0.00000000 -1.00000000 0.00000000
vn 0.00000000 0.00000000 1.00000000
vn 0.00000000 -1.00000000 0.00000000
vn 0.00000000 1.00000000 0.00000000
vn 0.00000000 0.00000000 1.00000000
vn 0.00000000 1.00000000 0.00000000
vn 0.00000000 -1.00000000 0.00000000
vn 0.00000000 0.00000000 1.00000000
vn 0.00000000 1.00000000 0.00000000
vn 0.00000000 0.00000000 1.00000000
vn 0.00000000 -1.00000000 0.00000000
vn 0.00000000 0.00000000 1.00000000
vn 0.00000000 0.00000000 1.00000000
vn 0.00000000 0.00000000 1.00000000
vn 0.00000000 0.00000000 1.00000000
vn 0.00000000 0.00000000 1.00000000
vn 0.00000000 0.00000000 1.00000000
vn 0.00000000 0.00000000 1.00000000
vn 0.00000000 0.00000000 1.00000000
vn 0.00000000 1.00000000 0.00000000
vn -1.00000000 0.00000000 0.00000000
vn 0.00000000 -1.00000000 0.00000000
vn 0.00000000 0.00000000 1.00000000
vn -1.00000000 0.00000000 0.00000000
vn 0.00000000 -1.00000000 0.00000000
vn -1.00000000 0.00000000 0.00000000
vn 1.00000000 0.00000000 0.00000000
vn 0.00000000 1.00000000 0.00000000
vn -1.00000000 0.00000000 0.00000000
vn 0.00000000 1.00000000 0.00000000
vn 0.00000000 0.00000000 1.00000000
vn 0.00000000 -1.00000000 0.00000000
vn 1.00000000 0.00000000 0.00000000
vn 0.00000000 0.00000000 1.00000000
vn 1.00000000 0.00000000 0.00000000
vn 0.00000000 1.00000000 0.00000000
vn 0.00000000 -1.00000000 0.00000000
vn 1.00000000 0.00000000 0.00000000
vn 0.00000000 0.00000000 1.00000000
vn -1.00000000 0.00000000 0.00000000
vn -1.00000000 0.00000000 0.00000000
vn 0.00000000 0.00000000 1.00000000
vn -1.00000000 0.00000000 0.00000000
vn -1.00000000 0.00000000 0.00000000
vn 0.00000000 0.00000000 1.00000000
vn 0.00000000 0.00000000 1.00000000
vn 0.00000000 0.00000000 1.00000000
vn 0.00000000 0.00000000 1.00000000
vn 1.00000000 0.00000000 0.00000000
vn 0.00000000 0.00000000 1.00000000
vn 1.00000000 0.00000000 0.00000000
vn 0.00000000 0.00000000 1.00000000
vn 1.00000000 0.00000000 0.00000000
vn 0.00000000 0.00000000 1.00000000
vn 1.00000000 0.00000000 0.00000000
vn -1.00000000 0.00000000 0.00000000
vn 0.00000000 1.00000000 0.00000000
vn 0.00000000 -1.00000000 0.00000000
vn -1.00000000 0.00000000 0.00000000
vn 1.00000000 0.00000000 0.00000000
vn 0.00000000 1.00000000 0.00000000
vn 0.00000000 0.00000000 1.00000000
vn 0.00000000 1.00000000 0.00000000
vn -1.00000000 0.00000000 0.00000000
vn 1.00000000 0.00000000 0.00000000
vn 0.00000000 -1.00000000 0.00000000
vn 0.00000000 1.00000000 0.00000000
vn 1.00000000 0.00000000 0.00000000
vn 0.00000000 0.00000000 1.00000000
vn -1.00000000 0.00000000 0.00000000
vn 0.00000000 -1.00000000 0.00000000
vn 0.00000000 -0.70711645 0.70709712
vn 0.00000000 0.00000000 1.00000000
vn 0.00000000 -0.70711645 0.70709712
vn -1.00000000 0.00000000 0.00000000
vn 1.00000000 0.00000000 0.00000000
vn 0.00000000 -0.70711645 0.70709712
vn 0.00000000 0.00000000 1.00000000
vn 0.00000000 -0.70711645 0.70709712
vn 0.00000000 -1.00000000 0.00000000
vn 1.00000000 0.00000000 0.00000000
vn 0.00000000 1.00000000 0.00000000
vn 0.00000000 -1.00000000 0.00000000
vn 0.00000000 0.00000000 1.00000000
vn 0.00000000 -1.00000000 0.00000000
vn 0.00000000 1.00000000 0.00000000
vn 0.00000000 0.00000000 1.00000000
vn 0.00000000 1.00000000 0.00000000
vn 0.00000000 -1.00000000 0.00000000
vn 0.00000000 0.00000000 1.00000000
vn 0.00000000 1.00000000 0.00000000
vn 0.00000000 -1.00000000 0.00000000
vn 0.00000000 0.00000000 1.00000000
vn 0.00000000 0.00000000 1.00000000
vn 0.00000000 0.00000000 1.00000000
vn 0.00000000 0.00000000 1.00000000
vn 0.00000000 0.00000000 1.00000000
vn 0.00000000 0.00000000 1.00000000
vn 0.00000000 0.00000000 1.00000000
vn 0.00000000 1.00000000 0.00000000
vn -1.00000000 0.00000000 0.00000000
vn 0.00000000 -1.00000000 0.00000000
vn 0.00000000 0.00000000 1.00000000
vn -1.00000000 0.00000000 0.00000000
vn -1.00000000 0.00000000 0.00000000
vn 0.00000000 -1.00000000 0.00000000
vn 0.00000000 1.00000000 0.00000000
vn 1.00000000 0.00000000 0.00000000
vn 0.00000000 1.00000000 0.00000000
vn -1.00000000 0.00000000 0.00000000
vn 0.00000000 0.00000000 1.00000000
vn 1.00000000 0.00000000 0.00000000
vn 0.00000000 -1.00000000 0.00000000
vn 1.00000000 0.00000000 0.00000000
vn 0.00000000 0.00000000 1.00000000
vn 0.00000000 1.00000000 0.00000000
vn 0.00000000 -1.00000000 0.00000000
vn 1.00000000 0.00000000 0.00000000
vn 0.00000000 0.00000000 1.00000000
vn -1.00000000 0.00000000 0.00000000
vn 0.00000000 0.00000000 1.00000000
vn -1.00000000 0.00000000 0.00000000
vn -1.00000000 0.00000000 0.00000000
vn -1.00000000 0.00000000 0.00000000
vn 0.00000000 0.00000000 1.00000000
vn 0.00000000 0.00000000 1.00000000
vn 0.00000000 0.00000000 1.00000000
vn 0.00000000 0.00000000 1.00000000
vn 1.00000000 0.00000000 0.00000000
vn 0.00000000 0.00000000 1.00000000
vn 1.00000000 0.00000000 0.00000000
vn 0.00000000 0.00000000 1.00000000
vn 1.00000000 0.00000000 0.00000000
vn 0.00000000 0.00000000 1.00000000
vn 1.00000000 0.00000000 0.00000000
vn 0.00000000 1.00000000 0.00000000
vn -1.00000000 0.00000000 0.00000000
vn -1.00000000 0.00000000 0.00000000
vn 0.00000000 -1.00000000 0.00000000
vn 1.00000000 0.00000000 0.00000000
vn 0.00000000 1.00000000 0.00000000
vn 0.00000000 1.00000000 0.00000000
vn -1.00000000 0.00000000 0.00000000
vn 0.00000000 0.00000000 1.00000000
vn 1.00000000 0.00000000 0.00000000
vn 0.00000000 -1.00000000 0.00000000
vn 0.00000000 0.00000000 1.00000000
vn 0.00000000 1.00000000 0.00000000
vn 1.00000000 0.00000000 0.00000000
vn -1.00000000 0.00000000 0.00000000
vn 0.00000000 -1.00000000 0.00000000
vn 0.00000000 -0.70711645 0.70709712
vn 0.00000000 -0.70711645 0.70709712
vn -1.00000000 0.00000000 0.00000000
vn 0.00000000 0.00000000 1.00000000
vn 1.00000000 0.00000000 0.00000000
vn 0.00000000 -0.70711645 0.70709712
vn 0.00000000 0.00000000 1.00000000
vn 0.00000000 -0.70711645 0.70709712
vn 1.00000000 0.00000000 0.00000000
vn 0.00000000 -1.00000000 0.00000000
vn 0.00000000 0.00000000 1.00000000
vn 0.00000000 0.00000000 1.00000000
vn 0.00000000 0.00000000 1.00000000
vn 0.00000000 0.00000000 1.00000000
vn 0.00000000 0.00000000 1.00000000
vn 0.00000000 0.00000000 1.00000000
vn 0.00000000 1.00000000 0.00000000
vn -1.00000000 0.00000000 0.00000000
vn -1.00000000 0.00000000 0.00000000
vn 0.00000000 0.00000000 1.00000000
vn 0.00000000 -1.00000000 0.00000000
vn -1.00000000 0.00000000 0.00000000
vn 0.00000000 -1.00000000 0.00000000
vn 0.00000000 1.00000000 0.00000000
vn 1.00000000 0.00000000 0.00000000
vn -1.00000000 0.00000000 0.00000000
vn 0.00000000 0.00000000 1.00000000
vn 0.00000000 1.00000000 0.00000000
vn 1.00000000 0.00000000 0.00000000
vn 0.00000000 -1.00000000 0.00000000
vn 0.00000000 1.00000000 0.00000000
vn 1.00000000 0.00000000 0.00000000
vn 0.00000000 0.00000000 1.00000000
vn 0.00000000 -1.00000000 0.00000000
vn 0.00000000 0.00000000 1.00000000
vn 1.00000000 0.00000000 0.00000000
vn -1.00000000 0.00000000 0.00000000
vn 0.00000000 0.00000000 1.00000000
vn -1.00000000 0.00000000 0.00000000
vn -1.00000000 0.00000000 0.00000000
vn 0.00000000 0.00000000 1.00000000
vn -1.00000000 0.00000000 0.00000000
vn 0.00000000 0.00000000 1.00000000
vn 0.00000000 0.00000000 1.00000000
vn 0.00000000 0.00000000 1.00000000
vn 1.00000000 0.00000000 0.00000000
vn 0.00000000 0.00000000 1.00000000
vn 1.00000000 0.00000000 0.00000000
vn 0.00000000 0.00000000 1.00000000
vn 1.00000000 0.00000000 0.00000000
vn 0.00000000 0.00000000 1.00000000
vn 1.00000000 0.00000000 0.00000000
vn -1.00000000 0.00000000 0.00000000
vn 0.00000000 1.00000000 0.00000000
vn -1.00000000 0.00000000 0.00000000
vn 0.00000000 -1.00000000 0.00000000
vn 0.00000000 1.00000000 0.00000000
vn 1.00000000 0.00000000 0.00000000
vn 0.00000000 1.00000000 0.00000000
vn -1.00000000 0.00000000 0.00000000
vn 0.00000000 0.00000000 1.00000000
vn 1.00000000 0.00000000 0.00000000
vn 0.00000000 -1.00000000 0.00000000
vn 0.00000000 1.00000000 0.00000000
vn 0.00000000 0.00000000 1.00000000
vn 1.00000000 0.00000000 0.00000000
vn -1.00000000 0.00000000 0.00000000
vn 0.00000000 -0.70711645 0.70709712
vn 0.00000000 -1.00000000 0.00000000
vn 0.00000000 -0.70711645 0.70709712
vn -1.00000000 0.00000000 0.00000000
vn 0.00000000 0.00000000 1.00000000
vn 1.00000000 0.00000000 0.00000000
vn 0.00000000 0.00000000 1.00000000
vn 0.00000000 -0.70711645 0.70709712
vn 1.00000000 0.00000000 0.00000000
vn 0.00000000 -0.70711645 0.70709712
vn 0.00000000 -1.00000000 0.00000000
vn 0.00000000 1.00000000 0.00000000
vn 0.00000000 0.00000000 1.00000000
vn 0.00000000 -1.00000000 0.00000000
vn 0.00000000 -1.00000000 0.00000000
vn 0.00000000 1.00000000 0.00000000
vn 0.00000000 1.00000000 0.00000000
vn 0.00000000 0.00000000 1.00000000
vn 0.00000000 -1.00000000 0.00000000
vn 0.00000000 0.00000000 1.00000000
vn 0.00000000 1.00000000 0.00000000
vn 0.00000000 0.00000000 1.00000000
vn 0.00000000 -1.00000000 0.00000000
vn 0.00000000 0.00000000 1.00000000
vn 0.00000000 0.00000000 1.00000000
vn 0.00000000 0.00000000 1.00000000
vn 0.00000000 0.00000000 1.00000000
vn 0.00000000 0.00000000 1.00000000
vn 0.00000000 0.00000000 1.00000000
vn 0.00000000 0.00000000 1.00000000
vn 0.00000000 0.00000000 1.00000000
vn -1.00000000 0.00000000 0.00000000
vn 0.00000000 1.00000000 0.00000000
vn 0.00000000 0.00000000 1.00000000
vn 0.00000000 -1.00000000 0.00000000
vn -1.00000000 0.00000000 0.00000000
vn -1.00000000 0.00000000 0.00000000
vn 0.00000000 -1.00000000 0.00000000
vn 0.00000000 1.00000000 0.00000000
vn 1.00000000 0.00000000 0.00000000
vn -1.00000000 0.00000000 0.00000000
vn 0.00000000 0.00000000 1.00000000
vn 0.00000000 1.00000000 0.00000000
vn 1.00000000 0.00000000 0.00000000
vn 0.00000000 -1.00000000 0.00000000
vn 0.00000000 1.00000000 0.00000000
vn 1.00000000 0.00000000 0.00000000
vn 0.00000000 0.00000000 1.00000000
vn 1.00000000 0.00000000 0.00000000
vn 0.00000000 0.00000000 1.00000000
vn 0.00000000 -1.00000000 0.00000000
vn -1.00000000 0.00000000 0.00000000
vn 0.00000000 0.00000000 1.00000000
vn -1.00000000 0.00000000 0.00000000
vn -1.00000000 0.00000000 0.00000000
vn 0.00000000 0.00000000 1.00000000
vn -1.00000000 0.00000000 0.00000000
vn 0.00000000 0.00000000 1.00000000
vn 0.00000000 0.00000000 1.00000000
vn 0.00000000 0.00000000 1.00000000
vn 1.00000000 0.00000000 0.00000000
vn 0.00000000 0.00000000 1.00000000
vn 1.00000000 0.00000000 0.00000000
vn 1.00000000 0.00000000 0.00000000
vn 0.00000000 0.00000000 1.00000000
vn 1.00000000 0.00000000 0.00000000
vn 0.00000000 0.00000000 1.00000000
vn 0.00000000 1.00000000 0.00000000
vn -1.00000000 0.00000000 0.00000000
vn 0.00000000 -1.00000000 0.00000000
vn -1.00000000 0.00000000 0.00000000
vn 1.00000000 0.00000000 0.00000000
vn 0.00000000 1.00000000 0.00000000
vn 0.00000000 1.00000000 0.00000000
vn -1.00000000 0.00000000 0.00000000
vn 0.00000000 0.00000000 1.00000000
vn 1.00000000 0.00000000 0.00000000
vn 0.00000000 -1.00000000 0.00000000
vn 0.00000000 1.00000000 0.00000000
vn 1.00000000 0.00000000 0.00000000
vn 0.00000000 0.00000000 1.00000000
vn 0.00000000 -0.70711645 0.70709712
vn 0.00000000 -1.00000000 0.00000000
vn -1.00000000 0.00000000 0.00000000
vn -1.00000000 0.00000000 0.00000000
vn 0.00000000 0.00000000 1.00000000
vn 0.00000000 -0.70711645 0.70709712
vn 0.00000000 -0.70711645 0.70709712
vn 1.00000000 0.00000000 0.00000000
vn 0.00000000 0.00000000 1.00000000
vn 0.00000000 -0.70711645 0.70709712
vn 0.00000000 -1.00000000 0.00000000
vn 1.00000000 0.00000000 0.00000000
vn 0.00000000 1.00000000 0.00000000
vn 0.00000000 0.00000000 1.00000000
vn 0.00000000 -1.00000000 0.00000000
vn 0.00000000 -1.00000000 0.00000000
vn 0.00000000 1.00000000 0.00000000
vn 0.00000000 1.00000000 0.00000000
vn 0.00000000 0.00000000 1.00000000
vn 0.00000000 -1.00000000 0.00000000
vn 0.00000000 0.00000000 1.00000000
vn 0.00000000 1.00000000 0.00000000
vn 0.00000000 -1.00000000 0.00000000
vn 0.00000000 0.00000000 1.00000000
vn 0.00000000 0.00000000 1.00000000
vn 0.00000000 0.00000000 1.00000000
vn 0.00000000 0.00000000 1.00000000
vn 0.00000000 0.00000000 1.00000000
vn 0.00000000 0.00000000 1.00000000
vn 0.00000000 -1.00000000 0.00000000
vn -1.00000000 0.00000000 0.00000000
vn 0.00000000 0.00000000 1.00000000
vn -1.00000000 0.00000000 0.00000000
vn 0.00000000 1.00000000 0.00000000
vn 0.00000000 -1.00000000 0.00000000
vn -1.00000000 0.00000000 0.00000000
vn 0.00000000 0.00000000 -1.00000000
vn -1.00000000 0.00000000 0.00000000
vn 0.00000000 0.00000000 -1.00000000
vn 0.00000000 1.00000000 0.00000000
vn 1.00000000 0.00000000 0.00000000
vn 0.00000000 0.00000000 1.00000000
vn 0.00000000 -1.00000000 0.00000000
vn 1.00000000 0.00000000 0.00000000
vn 0.00000000 0.00000000 1.00000000
vn 0.00000000 1.00000000 0.00000000
vn 0.00000000 -1.00000000 0.00000000
vn 0.00000000 0.00000000 -1.00000000
vn 1.00000000 0.00000000 0.00000000
vn 1.00000000 0.00000000 0.00000000
vn 0.00000000 1.00000000 0.00000000
vn 0.00000000 0.00000000 -1.00000000
vn -0.86216915 0.50662052 0.00000000
vn 0.00000000 1.00000000 0.00000000
vn 0.00000000 0.50662052 0.86216915
vn 0.00000000 1.00000000 0.00000000
vn 0.86216915 0.50662052 0.00000000
vn 0.00000000 0.50662052 0.86216915
vn 0.86216915 0.50662052 0.00000000
vn 0.00000000 1.00000000 0.00000000
vn 0.00000000 0.50662052 -0.86216915
vn 0.00000000 0.50662052 -0.86216915
vn -0.86216915 0.50662052 0.00000000
vn 0.00000000 1.00000000 0.00000000
vn 0.00000000 1.00000000 0.00000000
vn 0.86216915 0.50662052 0.00000000
vn 0.00000000 0.50662052 0.86216915
vn -0.86216915 0.50662052 0.00000000
vn 0.00000000 0.50662052 0.86216915
vn 0.00000000 1.00000000 0.00000000
vn 0.00000000 1.00000000 0.00000000
vn -0.86216915 0.50662052 0.00000000
vn 0.00000000 0.50662052 -0.86216915
vn 0.00000000 0.50662052 -0.86216915
vn 0.00000000 1.00000000 0.00000000
vn 0.86216915 0.50662052 0.00000000
vn 0.00000000 -1.00000000 0.00000000
vn 0.00000000 0.00000000 1.00000000
vn -1.00000000 0.00000000 0.00000000
vn -1.00000000 0.00000000 0.00000000
vn 0.00000000 0.00000000 1.00000000
vn 0.00000000 1.00000000 0.00000000
vn -1.00000000 0.00000000 0.00000000
vn 0.00000000 -1.00000000 0.00000000
vn 0.00000000 0.00000000 -1.00000000
vn -1.00000000 0.00000000 0.00000000
vn 0.00000000 1.00000000 0.00000000
vn 0.00000000 0.00000000 -1.00000000
vn 0.00000000 0.00000000 1.00000000
vn 1.00000000 0.00000000 0.00000000
vn 0.00000000 -1.00000000 0.00000000
vn 1.00000000 0.00000000 0.00000000
vn 0.00000000 0.00000000 1.00000000
vn 0.00000000 1.00000000 0.00000000
vn 0.00000000 -1.00000000 0.00000000
vn 1.00000000 0.00000000 0.00000000
vn 0.00000000 0.00000000 -1.00000000
vn 1.00000000 0.00000000 0.00000000
vn 0.00000000 1.00000000 0.00000000
vn 0.00000000 0.00000000 -1.00000000
vn -1.00000000 0.00000000 0.00000000
vn 0.00000000 -1.00000000 0.00000000
vn 0.00000000 -1.00000000 0.00000000
vn -1.00000000 0.00000000 0.00000000
vn -1.00000000 0.00000000 0.00000000
vn 0.00000000 1.00000000 0.00000000
vn -1.00000000 0.00000000 0.00000000
vn 0.00000000 1.00000000 0.00000000
vn 0.00000000 -1.00000000 0.00000000
vn 1.00000000 0.00000000 0.00000000
vn 1.00000000 0.00000000 0.00000000
vn 0.00000000 -1.00000000 0.00000000
vn 0.00000000 1.00000000 0.00000000
vn 1.00000000 0.00000000 0.00000000
vn 1.00000000 0.00000000 0.00000000
vn 0.00000000 1.00000000 0.00000000
vn 0.00000000 -1.00000000 0.00000000
vn -1.00000000 0.00000000 0.00000000
vn 0.00000000 0.00000000 1.00000000
vn -1.00000000 0.00000000 0.00000000
vn 0.00000000 1.00000000 0.00000000
vn 0.00000000 0.00000000 1.00000000
vn 0.00000000 0.00000000 -1.00000000
vn 0.00000000 -1.00000000 0.00000000
vn -1.00000000 0.00000000 0.00000000
vn 0.00000000 1.00000000 0.00000000
vn 0.00000000 0.00000000 -1.00000000
vn -1.00000000 0.00000000 0.00000000
vn 0.00000000 -1.00000000 0.00000000
vn 0.00000000 0.00000000 1.00000000
vn 1.00000000 0.00000000 0.00000000
vn 0.00000000 1.00000000 0.00000000
vn 0.00000000 0.00000000 1.00000000
vn 1.00000000 0.00000000 0.00000000
vn 0.00000000 0.00000000 -1.00000000
vn 0.00000000 -1.00000000 0.00000000
vn 1.00000000 0.00000000 0.00000000
vn 1.00000000 0.00000000 0.00000000
vn 0.00000000 1.00000000 0.00000000
vn 0.00000000 0.00000000 -1.00000000
vn -1.00000000 0.00000000 0.00000000
vn 0.00000000 -1.00000000 0.00000000
vn 0.00000000 -1.00000000 0.00000000
vn -1.00000000 0.00000000 0.00000000
vn -1.00000000 0.00000000 0.00000000
vn 0.00000000 1.00000000 0.00000000
vn -1.00000000 0.00000000 0.00000000
vn 0.00000000 1.00000000 0.00000000
vn 1.00000000 0.00000000 0.00000000
vn 0.00000000 -1.00000000 0.00000000
vn 0.00000000 -1.00000000 0.00000000
vn 1.00000000 0.00000000 0.00000000
vn 0.00000000 1.00000000 0.00000000
vn 1.00000000 0.00000000 0.00000000
vn 1.00000000 0.00000000 0.00000000
vn 0.00000000 1.00000000 0.00000000
vn 1.00000000 0.00000000 0.00000000
vn 1.00000000 0.00000000 0.00000000
vn 1.00000000 0.00000000 0.00000000
vn 1.00000000 0.00000000 0.00000000
vn 1.00000000 0.00000000 0.00000000
vn 1.00000000 0.00000000 0.00000000
vn 1.00000000 0.00000000 0.00000000
vn 1.00000000 0.00000000 0.00000000
vn -1.00000000 0.00000000 0.00000000
vn -1.00000000 0.00000000 0.00000000
vn -1.00000000 0.00000000 0.00000000
vn -1.00000000 0.00000000 0.00000000
vn -1.00000000 0.00000000 0.00000000
vn -1.00000000 0.00000000 0.00000000
vn -1.00000000 0.00000000 0.00000000
vn -1.00000000 0.00000000 0.00000000
vn 0.00000000 0.00000000 -1.00000000
vn 0.00000000 0.00000000 -1.00000000
vn 0.00000000 0.00000000 -1.00000000
vn 0.00000000 0.00000000 -1.00000000
vn 0.00000000 0.00000000 -1.00000000
vn 0.00000000 0.00000000 -1.00000000
vn 0.00000000 0.00000000 -1.00000000
vn 0.00000000 0.00000000 -1.00000000
vn 0.00000000 0.00000000 -1.00000000
vn 0.00000000 0.00000000 -1.00000000
vn 0.00000000 0.00000000 -1.00000000
vn 0.00000000 0.00000000 -1.00000000
vn 0.00000000 0.00000000 -1.00000000
vn 0.00000000 0.00000000 -1.00000000
vn 0.00000000 0.00000000 -1.00000000
vn 0.00000000 0.00000000 -1.00000000
vn -1.00000000 0.00000000 0.00000000
vn -1.00000000 0.00000000 0.00000000
vn -1.00000000 0.00000000 0.00000000
vn -1.00000000 0.00000000 0.00000000
vn -1.00000000 0.00000000 0.00000000
vn -1.00000000 0.00000000 0.00000000
vn -1.00000000 0.00000000 0.00000000
vn -1.00000000 0.00000000 0.00000000
vn -0.68168819 -0.09510062 -0.72543579
vn 0.00000000 -1.00000000 0.00000000
vn -0.22868345 0.00000000 -0.97350084
vn 0.28871495 0.00000000 -0.95741510
vn 0.72543615 -0.09510798 -0.68168678
vn 0.00000000 -1.00000000 0.00000000
vn 0.28871495 0.00000000 -0.95741510
vn 0.72873544 0.00000000 -0.68479534
vn 0.97350349 0.00000000 -0.22867214
vn 0.72873544 0.00000000 -0.68479534
vn 0.00000000 -1.00000000 0.00000000
vn 0.97350349 0.00000000 -0.22867214
vn 0.72543742 -0.09510084 -0.68168642
vn 0.00000000 -1.00000000 0.00000000
vn 0.68168858 -0.09510817 0.72543444
vn 0.95741777 0.00000000 0.28870610
vn 0.00000000 -1.00000000 0.00000000
vn 0.95741777 0.00000000 0.28870610
vn 0.68479052 0.00000000 0.72873997
vn 0.00000000 -1.00000000 0.00000000
vn 0.68479052 0.00000000 0.72873997
vn 0.22867429 0.00000000 0.97350299
vn 0.00000000 -1.00000000 0.00000000
vn -0.72543615 -0.09510798 0.68168678
vn -0.28871495 0.00000000 0.95741510
vn 0.22867429 0.00000000 0.97350299
vn 0.68168819 -0.09510062 0.72543579
vn -0.72873544 0.00000000 0.68479534
vn -0.28871495 0.00000000 0.95741510
vn 0.00000000 -1.00000000 0.00000000
vn -0.72873544 0.00000000 0.68479534
vn 0.00000000 -1.00000000 0.00000000
vn -0.97350349 0.00000000 0.22867214
vn -0.72543742 -0.09510084 0.68168642
vn -0.68168858 -0.09510817 -0.72543444
vn 0.00000000 -1.00000000 0.00000000
vn -0.95741777 0.00000000 -0.28870610
vn -0.97350349 0.00000000 0.22867214
vn 0.00000000 -1.00000000 0.00000000
vn -0.68478539 0.00000000 -0.72874479
vn -0.95741777 0.00000000 -0.28870610
vn -0.22868345 0.00000000 -0.97350084
vn 0.00000000 -1.00000000 0.00000000
vn -0.68478539 0.00000000 -0.72874479
vn 0.13173381 0.88983571 -0.43685079
vn 0.03107512 0.00000000 -0.99951705
vn -0.10434213 0.88983568 -0.44419048
vn 0.00000010 1.00000000 0.00000033
vn 0.13173381 0.88983571 -0.43685079
vn 0.33251035 0.88983566 -0.31245699
vn 0.52667192 0.00000000 -0.85006863
vn 0.33251035 0.88983566 -0.31245699
vn 0.44419048 0.88983568 -0.10434213
vn 0.88114476 0.00000000 -0.47284660
vn 0.43685071 0.88983560 0.13173481
vn 0.44419048 0.88983568 -0.10434213
vn 0.99951702 0.00000000 0.03107620
vn 0.85006950 0.00000000 0.52667053
vn 0.43685071 0.88983560 0.13173481
vn 0.31245917 0.88983538 0.33250903
vn 0.10433906 0.88983532 0.44419192
vn 0.31245917 0.88983538 0.33250903
vn 0.47284580 0.00000000 0.88114519
vn -0.03107518 0.00000000 0.99951705
vn -0.13173088 0.88983535 0.43685240
vn 0.10433906 0.88983532 0.44419192
vn -0.52666888 0.00000000 0.85007052
vn -0.13173088 0.88983535 0.43685240
vn -0.33251035 0.88983566 0.31245699
vn -0.88114476 0.00000000 0.47284660
vn -0.44419048 0.88983568 0.10434213
vn -0.33251035 0.88983566 0.31245699
vn -0.99951705 0.00000000 -0.03107512
vn -0.44419048 0.88983568 0.10434213
vn -0.43685079 0.88983571 -0.13173381
vn -0.43685079 0.88983571 -0.13173381
vn -0.85006863 0.00000000 -0.52667192
vn -0.31245699 0.88983566 -0.33251035
vn -0.47284660 0.00000000 -0.88114476
vn -0.10434213 0.88983568 -0.44419048
vn -0.31245699 0.88983566 -0.33251035
vn 0.52667040 0.00000000 -0.85006958
vn 0.07674018 -0.98932751 -0.12386294
vn 0.00452808 -0.98932740 -0.14563927
vn 0.03107464 0.00000000 -0.99951707
vn 0.88114496 0.00000000 -0.47284623
vn 0.12839142 -0.98932739 -0.06889815
vn 0.99951703 0.00000000 0.03107582
vn 0.14563732 -0.98932769 0.00452743
vn 0.85007027 0.00000000 0.52666928
vn 0.12386309 -0.98932739 0.07674148
vn 0.06889783 -0.98932749 0.12839085
vn 0.47284429 0.00000000 0.88114600
vn -0.03107934 0.00000000 0.99951692
vn -0.00452877 -0.98932738 0.14563934
vn -0.07673905 -0.98932777 0.12386153
vn -0.52667040 0.00000000 0.85006958
vn -0.88114496 0.00000000 0.47284623
vn -0.12839062 -0.98932756 0.06889719
vn -0.99951703 0.00000000 -0.03107582
vn -0.14563738 -0.98932768 -0.00452797
vn -0.85006842 0.00000000 -0.52667227
vn -0.12386292 -0.98932737 -0.07674193
vn -0.06889814 -0.98932748 -0.12839075
vn -0.47284533 0.00000000 -0.88114544
vn 0.03107512 0.00000000 -0.99951705
vn 0.00452811 -0.98932739 -0.14563930
vn 0.07674074 -0.98932748 -0.12386279
vn 0.52667192 0.00000000 -0.85006863
vn 0.88114476 0.00000000 -0.47284660
vn 0.12839151 -0.98932740 -0.06889785
vn 0.14563737 -0.98932768 0.00452772
vn 0.99951702 0.00000000 0.03107620
vn 0.12386343 -0.98932737 0.07674113
vn 0.85006950 0.00000000 0.52667053
vn 0.47284580 0.00000000 0.88114519
vn 0.06889799 -0.98932751 0.12839061
vn -0.00452839 -0.98932744 0.14563897
vn -0.03107518 0.00000000 0.99951705
vn -0.52666888 0.00000000 0.85007052
vn -0.07673911 -0.98932779 0.12386135
vn -0.12839035 -0.98932757 0.06889756
vn -0.88114476 0.00000000 0.47284660
vn -0.99951705 0.00000000 -0.03107512
vn -0.14563737 -0.98932768 -0.00452734
vn -0.85006863 0.00000000 -0.52667192
vn -0.12386323 -0.98932738 -0.07674132
vn -0.06889821 -0.98932749 -0.12839060
vn -0.47284660 0.00000000 -0.88114476
vn -0.72543729 -0.09510160 0.68168646
vn 0.00000000 -1.00000000 0.00000000
vn -0.68168862 -0.09510907 -0.72543428
vn 0.00000000 -1.00000000 0.00000000
vn 0.72543599 -0.09510884 -0.68168683
vn -0.68168823 -0.09510142 -0.72543564
vn 0.68168862 -0.09510907 0.72543428
vn 0.72543729 -0.09510160 -0.68168646
vn 0.00000000 -1.00000000 0.00000000
vn 0.68168823 -0.09510142 0.72543564
vn -0.72543599 -0.09510884 0.68168683
vn 0.00000000 -1.00000000 0.00000000
vn -0.65186344 -0.30638999 -0.69368525
vn -0.69368587 -0.30637890 0.65186800
vn -0.65186551 -0.30639018 -0.69368322
vn 0.69640187 0.29455201 -0.65441848
vn 0.65441737 0.29456361 0.69639801
vn 0.69640100 0.29455192 -0.65441945
vn 0.65441704 0.29456334 0.69639843
vn -0.69368674 -0.30637968 0.65186671
vn -0.69369052 -0.30638307 0.65186108
vn -0.65184868 -0.30638867 -0.69369970
vn -0.65185066 -0.30638885 -0.69369776
vn 0.69640808 0.29455261 -0.65441161
vn 0.69640724 0.29455253 -0.65441253
vn 0.65441912 0.29456505 0.69639575
vn -0.69369135 -0.30638381 0.65185986
vn 0.65441881 0.29456479 0.69639616
vn 0.69368392 0.30638721 -0.65186617
vn 0.65441027 -0.29454940 0.69641069
vn 0.65440990 -0.29454943 0.69641103
vn -0.69641953 -0.29454728 0.65440181
vn -0.65185708 0.30638258 -0.69369450
vn -0.69642193 -0.29454575 0.65439995
vn -0.65185642 0.30638298 -0.69369495
vn 0.69368475 0.30638714 -0.65186531
vn 0.69368990 0.30638667 -0.65186006
vn 0.65441294 -0.29454916 0.69640828
vn -0.69640688 -0.29455537 0.65441163
vn 0.65441258 -0.29454920 0.69640860
vn -0.69640916 -0.29455391 0.65440987
vn -0.65186059 0.30638046 -0.69369214
vn -0.65185996 0.30638084 -0.69369256
vn 0.69369070 0.30638659 -0.65185924
vn -0.69641025 0.29455289 0.65440917
vn -0.65185450 -0.30638944 -0.69369389
vn 0.69370186 -0.30638230 -0.65184938
vn -0.65185581 -0.30638866 -0.69369301
vn 0.69370460 -0.30638205 -0.65184658
vn 0.65441729 0.29455801 0.69640045
vn 0.65441818 0.29455793 0.69639965
vn -0.69640973 0.29455322 0.65440957
vn -0.69640747 0.29455466 0.65441133
vn -0.65184759 -0.30639361 -0.69369854
vn 0.69368237 -0.30638408 -0.65186929
vn -0.65184883 -0.30639287 -0.69369771
vn 0.65441096 0.29455855 0.69640617
vn 0.69368498 -0.30638384 -0.65186662
vn 0.65441181 0.29455848 0.69640540
vn -0.69640697 0.29455498 0.65441172
vn 0.65440378 -0.29454515 0.69641859
vn 0.69640964 -0.29455562 -0.65440859
vn -0.69368683 0.30637930 0.65186679
vn 0.65440062 -0.29454256 0.69642265
vn -0.65185751 0.30637697 -0.69369658
vn -0.69368596 0.30637852 0.65186808
vn 0.69640937 -0.29455560 -0.65440889
vn -0.65185837 0.30637705 -0.69369573
vn 0.65442043 -0.29455886 0.69639714
vn 0.69640771 -0.29455544 -0.65441073
vn -0.69369144 0.30638343 0.65185994
vn 0.65441743 -0.29455639 0.69640101
vn -0.65185138 0.30637643 -0.69370258
vn -0.69369061 0.30638269 0.65186117
vn 0.69640745 -0.29455541 -0.65441101
vn -0.65185220 0.30637650 -0.69370177
vn 0.28869624 0.00000000 -0.95742074
vn 0.97349819 0.00000000 -0.22869473
vn 0.97349819 0.00000000 -0.22869473
vn 0.28869624 0.00000000 -0.95742074
vn 0.68478096 0.00000000 0.72874895
vn 0.97349819 0.00000000 -0.22869473
vn 0.97349819 0.00000000 -0.22869473
vn 0.68478096 0.00000000 0.72874895
vn 0.68478096 0.00000000 0.72874895
vn -0.28869624 0.00000000 0.95742074
vn 0.68478096 0.00000000 0.72874895
vn -0.28869624 0.00000000 0.95742074
vn -0.97350409 0.00000000 0.22866958
vn -0.28869624 0.00000000 0.95742074
vn -0.97350409 0.00000000 0.22866958
vn -0.28869624 0.00000000 0.95742074
vn -0.68479420 0.00000000 -0.72873651
vn -0.97350409 0.00000000 0.22866958
vn -0.68479420 0.00000000 -0.72873651
vn -0.97350409 0.00000000 0.22866958
vn 0.28869624 0.00000000 -0.95742074
vn -0.68479420 0.00000000 -0.72873651
vn 0.28869624 0.00000000 -0.95742074
vn -0.68479420 0.00000000 -0.72873651
vn -0.69043779 0.00000000 0.72339177
vn 0.00000000 -1.00000000 0.00000000
vn -0.72339177 0.00000000 -0.69043779
vn 0.00000000 -1.00000000 0.00000000
vn -0.72339177 0.00000000 -0.69043779
vn 0.69043779 -0.00000000 -0.72339177
vn 0.72339177 0.00000000 0.69043779
vn 0.00000000 -1.00000000 0.00000000
vn -0.69043779 0.00000000 0.72339177
vn 0.00000000 1.00000000 0.00000000
vn -0.69043779 0.00000000 0.72339177
vn 0.72339177 0.00000000 0.69043779
vn 0.00000000 -1.00000000 0.00000000
vn 0.69043779 -0.00000000 -0.72339177
vn 0.72339177 0.00000000 0.69043779
vn 0.72339177 0.00000000 0.69043779
vn 0.69043779 0.00000000 -0.72339177
vn 0.00000000 1.00000000 0.00000000
vn -0.69044362 -0.00001312 0.72338621
vn -0.69044362 -0.00001312 0.72338621
vn -0.69044362 -0.00001312 0.72338621
vn -0.69044362 -0.00001312 0.72338621
vn -0.30955541 0.90381556 -0.29545368
vn -0.30955541 0.90381556 -0.29545368
vn 0.69043779 0.00000000 -0.72339177
vn 0.00000000 1.00000000 0.00000000
vn -0.72339177 0.00000000 -0.69043779
vn -0.30955541 0.90381556 -0.29545368
vn -0.72339177 0.00000000 -0.69043779
vn 0.00000000 1.00000000 0.00000000
vn -0.30955541 0.90381556 -0.29545368
vn -0.69043779 0.00000000 0.72339177
vn 0.69043779 -0.00000000 -0.72339177
vn 0.00000000 1.00000000 0.00000000
vn 0.00000000 1.00000000 0.00000000
vn 0.00000000 1.00000000 0.00000000
vn 0.00000000 1.00000000 0.00000000
vn -0.69043779 0.00000000 0.72339177
vn -1.00000000 0.00000000 0.00000000
vn 0.00000000 0.00000000 1.00000000
vn -1.00000000 0.00000000 0.00000000
vn 0.00000000 0.00000000 1.00000000
vn 0.00000000 0.00000000 -1.00000000
vn -1.00000000 0.00000000 0.00000000
vn 0.00000000 0.00000000 -1.00000000
vn -1.00000000 0.00000000 0.00000000
vn 0.00000000 0.00000000 1.00000000
vn 1.00000000 0.00000000 0.00000000
vn 1.00000000 0.00000000 0.00000000
vn 0.00000000 0.00000000 1.00000000
vn 1.00000000 0.00000000 0.00000000
vn 0.00000000 0.00000000 -1.00000000
vn 0.00000000 0.00000000 -1.00000000
vn 1.00000000 0.00000000 0.00000000
vn 0.00000000 0.00000000 1.00000000
vn -1.00000000 0.00000000 0.00000000
vn -1.00000000 0.00000000 0.00000000
vn 0.00000000 0.00000000 1.00000000
vn -1.00000000 0.00000000 0.00000000
vn 0.00000000 0.00000000 -1.00000000
vn 0.00000000 0.00000000 -1.00000000
vn -1.00000000 0.00000000 0.00000000
vn 0.00000000 0.00000000 1.00000000
vn 1.00000000 0.00000000 0.00000000
vn 1.00000000 0.00000000 0.00000000
vn 0.00000000 0.00000000 1.00000000
vn 0.00000000 0.00000000 -1.00000000
vn 1.00000000 0.00000000 0.00000000
vn 1.00000000 0.00000000 0.00000000
vn 0.00000000 0.00000000 -1.00000000
vn 0.00000000 0.00000000 1.00000000
vn -0.70710678 0.00000000 0.70710678
vn 0.00000000 -1.00000000 0.00000000
vn -0.92387953 0.00000000 0.38268343
vn 0.00000000 -1.00000000 0.00000000
vn 0.00000000 1.00000000 0.00000000
vn -0.92387953 0.00000000 0.38268343
vn 0.00000000 0.00000000 1.00000000
vn 0.00000000 1.00000000 0.00000000
vn -0.70710678 0.00000000 0.70710678
vn 0.00000000 -1.00000000 0.00000000
vn -0.92387953 0.00000000 -0.38268343
vn -0.70710678 0.00000000 -0.70710678
vn 0.00000000 0.00000000 -1.00000000
vn 0.00000000 -1.00000000 0.00000000
vn 0.00000000 1.00000000 0.00000000
vn -0.70710678 0.00000000 -0.70710678
vn 0.00000000 0.00000000 -1.00000000
vn 0.00000000 1.00000000 0.00000000
vn -0.92387953 0.00000000 -0.38268343
vn 0.00000000 -1.00000000 0.00000000
vn 0.92387953 0.00000000 0.38268343
vn 0.70710678 0.00000000 0.70710678
vn 0.00000000 0.00000000 1.00000000
vn 0.00000000 -1.00000000 0.00000000
vn 0.00000000 1.00000000 0.00000000
vn 0.70710678 0.00000000 0.70710678
vn 0.00000000 0.00000000 1.00000000
vn 0.00000000 1.00000000 0.00000000
vn 0.92387953 0.00000000 0.38268343
vn 0.00000000 -1.00000000 0.00000000
vn 0.00000000 0.00000000 -1.00000000
vn 0.70710678 0.00000000 -0.70710678
vn 0.00000000 -1.00000000 0.00000000
vn 0.92387953 0.00000000 -0.38268343
vn 0.92387953 0.00000000 -0.38268343
vn 0.00000000 1.00000000 0.00000000
vn 0.70710678 0.00000000 -0.70710678
vn 0.00000000 0.00000000 -1.00000000
vn 0.00000000 1.00000000 0.00000000
vt 0.27891000 0.82734200
vt 0.27891000 0.78046700
vt 0.27891000 0.82734200
vt 0.27891000 0.84765600
vt 0.27891000 0.84765600
vt 0.27891000 0.87890600
vt 0.27891000 0.78046700
vt 0.27891000 0.82734200
vt 0.27891000 0.82734200
vt 0.27891000 0.84765600
vt 0.27891000 0.84765600
vt 0.27891000 0.87890600
vt 0.33437100 0.78046700
vt 0.33437100 0.82734200
vt 0.33437100 0.82734200
vt 0.33437100 0.84765600
vt 0.33437100 0.84765600
vt 0.33437100 0.87890600
vt 0.33437100 0.78046700
vt 0.33437100 0.82734200
vt 0.33437100 0.82734200
vt 0.33437100 0.84765600
vt 0.33437100 0.87890600
vt 0.33437100 0.84765600
vt 0.33159800 0.78046700
vt 0.33159800 0.81171700
vt 0.33159800 0.82734200
vt 0.28168300 0.82734200
vt 0.28168300 0.81171700
vt 0.28168300 0.78046700
vt 0.28168300 0.84765600
vt 0.28168300 0.87890600
vt 0.28168300 0.86328100
vt 0.28168300 0.83203100
vt 0.33159800 0.84765600
vt 0.33159800 0.87890600
vt 0.33159800 0.83203100
vt 0.33159800 0.86328100
vt 0.28168300 0.82734200
vt 0.28168300 0.81171700
vt 0.28168300 0.78046700
vt 0.33159800 0.82734200
vt 0.33159800 0.81171700
vt 0.33159800 0.78046700
vt 0.33159800 0.83203100
vt 0.33159800 0.87890600
vt 0.33159800 0.86328100
vt 0.33159800 0.84765600
vt 0.28168300 0.87890600
vt 0.28168300 0.83203100
vt 0.28168300 0.86328100
vt 0.28168300 0.84765600
vt 0.27891000 0.78046700
vt 0.27891000 0.81171700
vt 0.27891000 0.82734200
vt 0.27891000 0.81171700
vt 0.27891000 0.78046700
vt 0.27891000 0.82734200
vt 0.27891000 0.87890600
vt 0.27891000 0.84765600
vt 0.27891000 0.83203100
vt 0.27891000 0.86328100
vt 0.27891000 0.86328100
vt 0.27891000 0.87890600
vt 0.27891000 0.83203100
vt 0.27891000 0.84765600
vt 0.33437100 0.78046700
vt 0.33437100 0.81171700
vt 0.33437100 0.82734200
vt 0.33437100 0.81171700
vt 0.33437100 0.78046700
vt 0.33437100 0.82734200
vt 0.33437100 0.84765600
vt 0.33437100 0.86328100
vt 0.33437100 0.87890600
vt 0.33437100 0.83203100
vt 0.33437100 0.86328100
vt 0.33437100 0.84765600
vt 0.33437100 0.87890600
vt 0.33437100 0.83203100
vt 0.33159800 0.84765600
vt 0.33159800 0.86328100
vt 0.33159800 0.87890600
vt 0.33159800 0.84765600
vt 0.33159800 0.86328100
vt 0.33159800 0.87890600
vt 0.28168300 0.84765600
vt 0.28168300 0.86328100
vt 0.28168300 0.87890600
vt 0.28168300 0.84765600
vt 0.28168300 0.86328100
vt 0.28168300 0.87890600
vt 0.28168300 0.78046700
vt 0.28168300 0.78046700
vt 0.33159800 0.78046700
vt 0.33159800 0.78046700
vt 0.68750000 0.56587400
vt 0.65625000 0.51899900
vt 0.68750000 0.56587400
vt 0.65625000 0.51899900
vt 0.68750000 0.56587400
vt 0.68750000 0.56587400
vt 0.65625000 0.51899900
vt 0.68750000 0.56587400
vt 0.68750000 0.56587400
vt 0.28125000 0.34769200
vt 0.31250000 0.39456700
vt 0.31250000 0.39456700
vt 0.31250000 0.39456700
vt 0.28125000 0.34769200
vt 0.28125000 0.34769200
vt 0.31250000 0.39456700
vt 0.31250000 0.35784400
vt 0.68750000 0.60784400
vt 0.28125000 0.31096900
vt 0.65625000 0.56096900
vt 0.68750000 0.60784400
vt 0.31250000 0.35784400
vt 0.68750000 0.60784400
vt 0.31250000 0.35784400
vt 0.31250000 0.36702400
vt 0.34375000 0.32014900
vt 0.34375000 0.32014900
vt 0.31250000 0.38538600
vt 0.34375000 0.33851100
vt 0.34375000 0.33851100
vt 0.34375000 0.33851100
vt 0.34375000 0.33851100
vt 0.31250000 0.38538600
vt 0.31250000 0.36702400
vt 0.34375000 0.32014900
vt 0.34375000 0.32014900
vt 0.71875000 0.52818000
vt 0.68750000 0.57505500
vt 0.71875000 0.52818000
vt 0.71875000 0.52818000
vt 0.68750000 0.57505500
vt 0.71875000 0.52818000
vt 0.71875000 0.54654200
vt 0.71875000 0.54654200
vt 0.68750000 0.59341700
vt 0.68750000 0.59341700
vt 0.71875000 0.54654200
vt 0.71875000 0.54654200
vt 0.31250000 0.38538600
vt 0.34375000 0.33851100
vt 0.34375000 0.33851100
vt 0.34375000 0.32014900
vt 0.31250000 0.36702400
vt 0.34375000 0.32014900
vt 0.34375000 0.32014900
vt 0.31250000 0.36702400
vt 0.34375000 0.32014900
vt 0.34375000 0.33851100
vt 0.34375000 0.33851100
vt 0.31250000 0.38538600
vt 0.71875000 0.51926200
vt 0.68750000 0.56613700
vt 0.71875000 0.51926200
vt 0.71875000 0.54654200
vt 0.71875000 0.54654200
vt 0.68750000 0.59341700
vt 0.71875000 0.54654200
vt 0.68750000 0.59341700
vt 0.71875000 0.54654200
vt 0.71875000 0.51926200
vt 0.71875000 0.51926200
vt 0.68750000 0.56613700
vt 0.68750000 0.57505500
vt 0.71875000 0.52818000
vt 0.71875000 0.52818000
vt 0.71875000 0.54654200
vt 0.71875000 0.54654200
vt 0.68750000 0.59341700
vt 0.68750000 0.59341700
vt 0.71875000 0.54654200
vt 0.71875000 0.54654200
vt 0.68750000 0.57505500
vt 0.71875000 0.52818000
vt 0.71875000 0.52818000
vt 0.34375000 0.32014900
vt 0.31250000 0.36702400
vt 0.34375000 0.32014900
vt 0.31250000 0.38538600
vt 0.34375000 0.33851100
vt 0.34375000 0.33851100
vt 0.34375000 0.33851100
vt 0.34375000 0.33851100
vt 0.31250000 0.38538600
vt 0.31250000 0.36702400
vt 0.34375000 0.32014900
vt 0.34375000 0.32014900
vt 0.71875000 0.52818000
vt 0.71875000 0.52818000
vt 0.71875000 0.52818000
vt 0.71875000 0.52818000
vt 0.71875000 0.52818000
vt 0.71875000 0.52818000
vt 0.71875000 0.52818000
vt 0.71875000 0.52818000
vt 0.71875000 0.51926200
vt 0.71875000 0.51926200
vt 0.71875000 0.51926200
vt 0.71875000 0.51926200
vt 0.34375000 0.33851100
vt 0.34375000 0.33851100
vt 0.34375000 0.32014900
vt 0.34375000 0.32014900
vt 0.34375000 0.32014900
vt 0.34375000 0.32014900
vt 0.34375000 0.33851100
vt 0.34375000 0.33851100
vt 0.71875000 0.54654200
vt 0.71875000 0.54654200
vt 0.71875000 0.54654200
vt 0.71875000 0.54654200
vt 0.34375000 0.33851100
vt 0.34375000 0.33851100
vt 0.34375000 0.32014900
vt 0.34375000 0.32014900
vt 0.34375000 0.33851100
vt 0.34375000 0.33851100
vt 0.34375000 0.32014900
vt 0.34375000 0.32014900
vt 0.71875000 0.54654200
vt 0.71875000 0.54654200
vt 0.71875000 0.54654200
vt 0.71875000 0.54654200
vt 0.71875000 0.54654200
vt 0.71875000 0.54654200
vt 0.71875000 0.54654200
vt 0.71875000 0.54654200
vt 0.34375000 0.33851100
vt 0.34375000 0.33851100
vt 0.34375000 0.32014900
vt 0.34375000 0.32014900
vt 0.34375000 0.32014900
vt 0.34375000 0.32014900
vt 0.34375000 0.33851100
vt 0.34375000 0.33851100
vt 0.34375000 0.32014900
vt 0.34375000 0.32014900
vt 0.34375000 0.33851100
vt 0.34375000 0.33851100
vt 0.34375000 0.32014900
vt 0.34375000 0.32014900
vt 0.34375000 0.33851100
vt 0.34375000 0.33851100
vt 0.71875000 0.54654200
vt 0.71875000 0.54654200
vt 0.71875000 0.54654200
vt 0.71875000 0.54654200
vt 0.71875000 0.52818000
vt 0.71875000 0.52818000
vt 0.71875000 0.52818000
vt 0.71875000 0.52818000
vt 0.34375000 0.33851100
vt 0.31250000 0.38538600
vt 0.34375000 0.33851100
vt 0.31250000 0.36702400
vt 0.34375000 0.32014900
vt 0.34375000 0.32014900
vt 0.34375000 0.32014900
vt 0.31250000 0.36702400
vt 0.34375000 0.32014900
vt 0.34375000 0.33851100
vt 0.34375000 0.33851100
vt 0.31250000 0.38538600
vt 0.68750000 0.59341700
vt 0.71875000 0.54654200
vt 0.71875000 0.54654200
vt 0.71875000 0.54654200
vt 0.68750000 0.59341700
vt 0.71875000 0.54654200
vt 0.71875000 0.52818000
vt 0.68750000 0.57505500
vt 0.71875000 0.52818000
vt 0.68750000 0.57505500
vt 0.71875000 0.52818000
vt 0.71875000 0.52818000
vt 0.31250000 0.35784400
vt 0.68750000 0.60784400
vt 0.65625000 0.56096900
vt 0.28125000 0.31096900
vt 0.31250000 0.35784400
vt 0.68750000 0.60784400
vt 0.68750000 0.56587400
vt 0.65625000 0.51899900
vt 0.28125000 0.38441500
vt 0.31250000 0.43129000
vt 0.31250000 0.43129000
vt 0.28125000 0.38441500
vt 0.31250000 0.43129000
vt 0.28125000 0.38441500
vt 0.31250000 0.43129000
vt 0.31250000 0.43129000
vt 0.31250000 0.43129000
vt 0.31250000 0.39456700
vt 0.31250000 0.39456700
vt 0.34375000 0.35687300
vt 0.34375000 0.35687300
vt 0.31250000 0.40374800
vt 0.34375000 0.37523400
vt 0.34375000 0.37523400
vt 0.31250000 0.42210900
vt 0.31250000 0.42210900
vt 0.34375000 0.37523400
vt 0.34375000 0.37523400
vt 0.34375000 0.35687200
vt 0.34375000 0.35687200
vt 0.31250000 0.40374700
vt 0.34375000 0.37523400
vt 0.31250000 0.42210900
vt 0.34375000 0.37523400
vt 0.34375000 0.35687300
vt 0.34375000 0.35687300
vt 0.31250000 0.40374800
vt 0.31250000 0.40374800
vt 0.34375000 0.35687300
vt 0.34375000 0.35687300
vt 0.31250000 0.42210900
vt 0.34375000 0.37523400
vt 0.34375000 0.37523400
vt 0.31250000 0.40374800
vt 0.34375000 0.35687300
vt 0.34375000 0.35687300
vt 0.31250000 0.42210900
vt 0.34375000 0.37523400
vt 0.34375000 0.37523400
vt 0.34375000 0.37523400
vt 0.31250000 0.42210900
vt 0.34375000 0.37523400
vt 0.34375000 0.35687300
vt 0.31250000 0.40374800
vt 0.34375000 0.35687300
vt 0.34375000 0.37523400
vt 0.34375000 0.37523400
vt 0.34375000 0.35687300
vt 0.34375000 0.35687300
vt 0.34375000 0.35687200
vt 0.34375000 0.35687200
vt 0.34375000 0.37523400
vt 0.34375000 0.37523400
vt 0.34375000 0.37523400
vt 0.34375000 0.37523400
vt 0.34375000 0.35687300
vt 0.34375000 0.35687300
vt 0.34375000 0.37523400
vt 0.34375000 0.37523400
vt 0.34375000 0.35687300
vt 0.34375000 0.35687300
vt 0.34375000 0.37523400
vt 0.34375000 0.37523400
vt 0.34375000 0.35687300
vt 0.34375000 0.35687300
vt 0.34375000 0.35687300
vt 0.34375000 0.35687300
vt 0.34375000 0.37523400
vt 0.34375000 0.37523400
vt 0.34375000 0.35687300
vt 0.34375000 0.35687300
vt 0.34375000 0.37523400
vt 0.34375000 0.37523400
vt 0.34375000 0.35687300
vt 0.34375000 0.35687300
vt 0.34375000 0.37523400
vt 0.34375000 0.37523400
vt 0.34375000 0.37523400
vt 0.31250000 0.42210900
vt 0.34375000 0.37523400
vt 0.34375000 0.35687300
vt 0.34375000 0.35687300
vt 0.31250000 0.40374800
vt 0.31250000 0.40374800
vt 0.34375000 0.35687300
vt 0.34375000 0.35687300
vt 0.31250000 0.42210900
vt 0.34375000 0.37523400
vt 0.34375000 0.37523400
vt 0.28125000 0.34769200
vt 0.31250000 0.39456700
vt 0.31250000 0.43129000
vt 0.28125000 0.38441500
vt 0.31250000 0.35784400
vt 0.28125000 0.31096900
vt 0.68750000 0.60784400
vt 0.65625000 0.56096900
vt 0.68750000 0.60784400
vt 0.31250000 0.35784400
vt 0.28125000 0.31096900
vt 0.65625000 0.56096900
vt 0.76764300 0.81668400
vt 0.76764300 0.83230900
vt 0.85735700 0.81668400
vt 0.85735700 0.83230900
vt 0.14663700 0.95910000
vt 0.14663700 0.92785000
vt 0.14663700 0.88609100
vt 0.14663700 0.91734100
vt 0.14663700 0.91734100
vt 0.14663700 0.91734100
vt 0.14663700 0.88609100
vt 0.21498300 0.95910000
vt 0.21498300 0.92785000
vt 0.14663700 0.92785000
vt 0.14663700 0.92785000
vt 0.14663700 0.95910000
vt 0.21498300 0.88609100
vt 0.21498300 0.91734100
vt 0.21498300 0.92785000
vt 0.21498300 0.95910000
vt 0.21498300 0.92785000
vt 0.21498300 0.91734100
vt 0.21498300 0.91734100
vt 0.21498300 0.88609100
vt 0.20005600 0.92325500
vt 0.20005600 0.83745400
vt 0.20005600 0.83745400
vt 0.20005600 0.83745400
vt 0.20005600 0.92325500
vt 0.20005600 0.92325500
vt 0.20947300 0.92325500
vt 0.20947300 0.83745400
vt 0.15214500 0.83745400
vt 0.16156400 0.92325500
vt 0.15214500 0.92325500
vt 0.16156400 0.83745400
vt 0.16156400 0.92325500
vt 0.16156400 0.92325500
vt 0.16156400 0.83745400
vt 0.16156400 0.83745400
vt 0.27163700 0.83943000
vt 0.27163700 0.87068000
vt 0.27163700 0.82214800
vt 0.33998300 0.83943000
vt 0.33998300 0.87068000
vt 0.27163700 0.83943000
vt 0.27163700 0.87068000
vt 0.27163700 0.83943000
vt 0.33998300 0.82214800
vt 0.33998300 0.83943000
vt 0.33998300 0.87068000
vt 0.33998300 0.83943000
vt 0.27163700 0.83199700
vt 0.27163700 0.83199700
vt 0.33998300 0.83199700
vt 0.33998300 0.83199700
vt 0.15438700 0.92954200
vt 0.15438700 0.89226900
vt 0.15438700 0.86101900
vt 0.15438700 0.86101900
vt 0.20723200 0.92954200
vt 0.15438700 0.92954200
vt 0.15438700 0.89829200
vt 0.20723200 0.86101900
vt 0.20723200 0.92954200
vt 0.20723200 0.89829200
vt 0.20723200 0.89226900
vt 0.20723200 0.86101900
vt 0.85735700 0.93332000
vt 0.85735700 0.91769500
vt 0.76764300 0.93332000
vt 0.76764300 0.91769500
vt 0.01661800 0.18080800
vt 0.23338200 0.18080800
vt 0.23338200 0.06919100
vt 0.01661800 0.06919100
vt 0.85735700 0.85937700
vt 0.85735700 0.89062700
vt 0.85735700 0.87500200
vt 0.76764300 0.85937700
vt 0.76764300 0.89062700
vt 0.76764300 0.87500200
vt 0.84030600 0.84988900
vt 0.84030600 0.89676400
vt 0.84030600 0.86551400
vt 0.78469400 0.84988900
vt 0.78469400 0.89676400
vt 0.78469400 0.86551400
vt 0.78469400 0.82617100
vt 0.78469400 0.85742100
vt 0.78469400 0.84179600
vt 0.84030600 0.84179600
vt 0.84030600 0.85742100
vt 0.84030600 0.82617100
vt 0.84030600 0.95508200
vt 0.84030600 0.90820700
vt 0.84030600 0.92383200
vt 0.78469400 0.95508200
vt 0.78469400 0.90820700
vt 0.78469400 0.92383200
vt 0.78469400 0.88448900
vt 0.78469400 0.90011400
vt 0.78469400 0.91573900
vt 0.84030600 0.91573900
vt 0.84030600 0.88448900
vt 0.84030600 0.90011400
vt 0.69715100 0.81886500
vt 0.69715100 0.85805100
vt 0.69715100 0.87367600
vt 0.69715100 0.87367600
vt 0.68921300 0.87367600
vt 0.68921300 0.85805100
vt 0.69715100 0.89734400
vt 0.69715100 0.89734400
vt 0.69715100 0.91296900
vt 0.69715100 0.95215500
vt 0.68921300 0.91296900
vt 0.68921300 0.89734400
vt 0.69715100 0.81886500
vt 0.68921300 0.87367600
vt 0.68921300 0.85805100
vt 0.69715100 0.87367600
vt 0.69715100 0.85805100
vt 0.69715100 0.95215500
vt 0.69715100 0.89734400
vt 0.69715100 0.91296900
vt 0.68921300 0.91296900
vt 0.68921300 0.89734400
vt 0.72081700 0.81886500
vt 0.72875400 0.85805100
vt 0.72875400 0.87367600
vt 0.72081700 0.87367600
vt 0.72081700 0.85805100
vt 0.72081700 0.87367600
vt 0.72081700 0.95215500
vt 0.72081700 0.89734400
vt 0.72081700 0.89734400
vt 0.72081700 0.91296900
vt 0.72875400 0.89734400
vt 0.72875400 0.91296900
vt 0.72081700 0.81886500
vt 0.72081700 0.87367600
vt 0.72081700 0.85805100
vt 0.72875400 0.87367600
vt 0.72875400 0.85805100
vt 0.72081700 0.95215500
vt 0.72875400 0.91296900
vt 0.72875400 0.89734400
vt 0.72081700 0.89734400
vt 0.72081700 0.91296900
vt 0.04100300 0.01579700
vt 0.90083000 0.66677600
vt 0.97418200 0.66677600
vt 0.20899700 0.01579700
vt 0.14663700 0.95910000
vt 0.14663700 0.92785000
vt 0.14663700 0.91734100
vt 0.14663700 0.88609100
vt 0.14663700 0.91734100
vt 0.14663700 0.91734100
vt 0.14663700 0.88609100
vt 0.21498300 0.92785000
vt 0.21498300 0.95910000
vt 0.14663700 0.95910000
vt 0.14663700 0.92785000
vt 0.14663700 0.92785000
vt 0.21498300 0.91734100
vt 0.21498300 0.88609100
vt 0.21498300 0.92785000
vt 0.21498300 0.92785000
vt 0.21498300 0.95910000
vt 0.21498300 0.88609100
vt 0.21498300 0.91734100
vt 0.21498300 0.91734100
vt 0.20005600 0.92325500
vt 0.20005600 0.83745400
vt 0.20005600 0.83745400
vt 0.20005600 0.83745400
vt 0.20005600 0.92325500
vt 0.20005600 0.92325500
vt 0.20947300 0.92325500
vt 0.20947300 0.83745400
vt 0.15214500 0.83745400
vt 0.16156400 0.92325500
vt 0.15214500 0.92325500
vt 0.16156400 0.83745400
vt 0.16156400 0.92325500
vt 0.16156400 0.92325500
vt 0.16156400 0.83745400
vt 0.16156400 0.83745400
vt 0.14663700 0.83943000
vt 0.14663700 0.87068000
vt 0.14663700 0.82214800
vt 0.14663700 0.79089800
vt 0.21498300 0.87068000
vt 0.21498300 0.83943000
vt 0.14663700 0.83943000
vt 0.14663700 0.83943000
vt 0.14663700 0.87068000
vt 0.21498300 0.79089800
vt 0.21498300 0.82214800
vt 0.21498300 0.83943000
vt 0.21498300 0.87068000
vt 0.21498300 0.83943000
vt 0.14663700 0.79089800
vt 0.14663700 0.79089800
vt 0.14663700 0.82214800
vt 0.14663700 0.80074700
vt 0.14663700 0.83199700
vt 0.14663700 0.83199700
vt 0.21498300 0.83199700
vt 0.21498300 0.83199700
vt 0.21498300 0.80074700
vt 0.21498300 0.79089800
vt 0.21498300 0.82214800
vt 0.21498300 0.79089800
vt 0.15438700 0.92954200
vt 0.15438700 0.86101900
vt 0.15438700 0.89226900
vt 0.15438700 0.86101900
vt 0.20723200 0.92954200
vt 0.15438700 0.92954200
vt 0.15438700 0.89829200
vt 0.20723200 0.86101900
vt 0.20723200 0.89829200
vt 0.20723200 0.92954200
vt 0.20723200 0.86101900
vt 0.20723200 0.89226900
vt 0.20899700 0.23420600
vt 0.97418200 0.58322400
vt 0.04100300 0.23420600
vt 0.90083000 0.58322400
vt 0.04100300 0.01579700
vt 0.90083000 0.66677600
vt 0.97418200 0.66677600
vt 0.20899700 0.01579700
vt 0.14663700 0.92785000
vt 0.14663700 0.95910000
vt 0.14663700 0.88609100
vt 0.14663700 0.91734100
vt 0.14663700 0.91734100
vt 0.14663700 0.91734100
vt 0.14663700 0.88609100
vt 0.21498300 0.92785000
vt 0.21498300 0.95910000
vt 0.14663700 0.95910000
vt 0.14663700 0.92785000
vt 0.14663700 0.92785000
vt 0.21498300 0.88609100
vt 0.21498300 0.91734100
vt 0.21498300 0.92785000
vt 0.21498300 0.92785000
vt 0.21498300 0.95910000
vt 0.21498300 0.91734100
vt 0.21498300 0.91734100
vt 0.21498300 0.88609100
vt 0.20005600 0.92325500
vt 0.20005600 0.83745400
vt 0.20005600 0.83745400
vt 0.20005600 0.83745400
vt 0.20005600 0.92325500
vt 0.20005600 0.92325500
vt 0.20947300 0.92325500
vt 0.20947300 0.83745400
vt 0.15214500 0.83745400
vt 0.16156400 0.92325500
vt 0.15214500 0.92325500
vt 0.16156400 0.83745400
vt 0.16156400 0.92325500
vt 0.16156400 0.92325500
vt 0.16156400 0.83745400
vt 0.16156400 0.83745400
vt 0.14663700 0.87068000
vt 0.14663700 0.83943000
vt 0.14663700 0.79089800
vt 0.14663700 0.82214800
vt 0.21498300 0.83943000
vt 0.21498300 0.87068000
vt 0.14663700 0.83943000
vt 0.14663700 0.87068000
vt 0.14663700 0.83943000
vt 0.21498300 0.82214800
vt 0.21498300 0.79089800
vt 0.21498300 0.83943000
vt 0.21498300 0.83943000
vt 0.21498300 0.87068000
vt 0.14663700 0.79089800
vt 0.14663700 0.82214800
vt 0.14663700 0.79089800
vt 0.14663700 0.80074700
vt 0.14663700 0.83199700
vt 0.14663700 0.83199700
vt 0.21498300 0.80074700
vt 0.21498300 0.83199700
vt 0.21498300 0.83199700
vt 0.21498300 0.79089800
vt 0.21498300 0.79089800
vt 0.21498300 0.82214800
vt 0.15438700 0.92954200
vt 0.15438700 0.89226900
vt 0.15438700 0.86101900
vt 0.15438700 0.86101900
vt 0.20723200 0.92954200
vt 0.15438700 0.89829200
vt 0.15438700 0.92954200
vt 0.20723200 0.86101900
vt 0.20723200 0.89829200
vt 0.20723200 0.92954200
vt 0.20723200 0.86101900
vt 0.20723200 0.89226900
vt 0.97418200 0.58322400
vt 0.20899700 0.23420600
vt 0.04100300 0.23420600
vt 0.90083000 0.58322400
vt 0.04100300 0.01579700
vt 0.90083000 0.66677600
vt 0.97418200 0.66677600
vt 0.20899700 0.01579700
vt 0.14663700 0.95910000
vt 0.14663700 0.92785000
vt 0.14663700 0.88609100
vt 0.14663700 0.91734100
vt 0.14663700 0.91734100
vt 0.14663700 0.88609100
vt 0.14663700 0.91734100
vt 0.21498300 0.95910000
vt 0.21498300 0.92785000
vt 0.14663700 0.92785000
vt 0.14663700 0.95910000
vt 0.14663700 0.92785000
vt 0.21498300 0.88609100
vt 0.21498300 0.91734100
vt 0.21498300 0.92785000
vt 0.21498300 0.92785000
vt 0.21498300 0.95910000
vt 0.21498300 0.91734100
vt 0.21498300 0.91734100
vt 0.21498300 0.88609100
vt 0.20005600 0.92325500
vt 0.20005600 0.83745400
vt 0.20005600 0.83745400
vt 0.20005600 0.83745400
vt 0.20005600 0.92325500
vt 0.20005600 0.92325500
vt 0.20947300 0.92325500
vt 0.20947300 0.83745400
vt 0.15214500 0.83745400
vt 0.16156400 0.92325500
vt 0.15214500 0.92325500
vt 0.16156400 0.83745400
vt 0.16156400 0.92325500
vt 0.16156400 0.92325500
vt 0.16156400 0.83745400
vt 0.16156400 0.83745400
vt 0.14663700 0.87068000
vt 0.14663700 0.83943000
vt 0.14663700 0.82214800
vt 0.14663700 0.79089800
vt 0.21498300 0.87068000
vt 0.21498300 0.83943000
vt 0.14663700 0.83943000
vt 0.14663700 0.87068000
vt 0.14663700 0.83943000
vt 0.21498300 0.79089800
vt 0.21498300 0.82214800
vt 0.21498300 0.87068000
vt 0.21498300 0.83943000
vt 0.21498300 0.83943000
vt 0.14663700 0.79089800
vt 0.14663700 0.79089800
vt 0.14663700 0.82214800
vt 0.14663700 0.83199700
vt 0.14663700 0.80074700
vt 0.14663700 0.83199700
vt 0.21498300 0.83199700
vt 0.21498300 0.83199700
vt 0.21498300 0.80074700
vt 0.21498300 0.79089800
vt 0.21498300 0.82214800
vt 0.21498300 0.79089800
vt 0.15438700 0.92954200
vt 0.15438700 0.89226900
vt 0.15438700 0.86101900
vt 0.15438700 0.86101900
vt 0.20723200 0.92954200
vt 0.15438700 0.92954200
vt 0.15438700 0.89829200
vt 0.20723200 0.86101900
vt 0.20723200 0.89829200
vt 0.20723200 0.92954200
vt 0.20723200 0.86101900
vt 0.20723200 0.89226900
vt 0.97418200 0.58322400
vt 0.20899700 0.23420600
vt 0.04100300 0.23420600
vt 0.90083000 0.58322400
vt 0.04100300 0.01579700
vt 0.90083000 0.66677600
vt 0.97418200 0.66677600
vt 0.20899700 0.01579700
vt 0.14663700 0.95910000
vt 0.14663700 0.92785000
vt 0.14663700 0.91734100
vt 0.14663700 0.91734100
vt 0.14663700 0.88609100
vt 0.14663700 0.88609100
vt 0.14663700 0.91734100
vt 0.21498300 0.92785000
vt 0.21498300 0.95910000
vt 0.14663700 0.92785000
vt 0.14663700 0.92785000
vt 0.14663700 0.95910000
vt 0.21498300 0.88609100
vt 0.21498300 0.91734100
vt 0.21498300 0.95910000
vt 0.21498300 0.92785000
vt 0.21498300 0.92785000
vt 0.21498300 0.88609100
vt 0.21498300 0.91734100
vt 0.21498300 0.91734100
vt 0.20005600 0.92325500
vt 0.20005600 0.83745400
vt 0.20005600 0.83745400
vt 0.20005600 0.83745400
vt 0.20005600 0.92325500
vt 0.20005600 0.92325500
vt 0.20947300 0.92325500
vt 0.20947300 0.83745400
vt 0.15214500 0.83745400
vt 0.16156400 0.92325500
vt 0.15214500 0.92325500
vt 0.16156400 0.83745400
vt 0.16156400 0.92325500
vt 0.16156400 0.92325500
vt 0.16156400 0.83745400
vt 0.16156400 0.83745400
vt 0.14663700 0.87068000
vt 0.14663700 0.83943000
vt 0.14663700 0.79089800
vt 0.14663700 0.82214800
vt 0.21498300 0.87068000
vt 0.21498300 0.83943000
vt 0.14663700 0.83943000
vt 0.14663700 0.83943000
vt 0.14663700 0.87068000
vt 0.21498300 0.79089800
vt 0.21498300 0.82214800
vt 0.21498300 0.83943000
vt 0.21498300 0.83943000
vt 0.21498300 0.87068000
vt 0.14663700 0.82214800
vt 0.14663700 0.79089800
vt 0.14663700 0.79089800
vt 0.14663700 0.83199700
vt 0.14663700 0.83199700
vt 0.14663700 0.80074700
vt 0.21498300 0.83199700
vt 0.21498300 0.80074700
vt 0.21498300 0.83199700
vt 0.21498300 0.79089800
vt 0.21498300 0.79089800
vt 0.21498300 0.82214800
vt 0.15438700 0.92954200
vt 0.15438700 0.86101900
vt 0.15438700 0.89226900
vt 0.15438700 0.86101900
vt 0.20723200 0.92954200
vt 0.15438700 0.92954200
vt 0.15438700 0.89829200
vt 0.20723200 0.86101900
vt 0.20723200 0.92954200
vt 0.20723200 0.89829200
vt 0.20723200 0.89226900
vt 0.20723200 0.86101900
vt 0.97418200 0.58322400
vt 0.20899700 0.23420600
vt 0.90083000 0.58322400
vt 0.04100300 0.23420600
vt 0.04100300 0.01579700
vt 0.27583000 0.66677600
vt 0.34918200 0.66677600
vt 0.20899700 0.01579700
vt 0.14663700 0.92785000
vt 0.14663700 0.95910000
vt 0.14663700 0.91734100
vt 0.14663700 0.91734100
vt 0.14663700 0.88609100
vt 0.14663700 0.88609100
vt 0.14663700 0.91734100
vt 0.21498300 0.95910000
vt 0.21498300 0.92785000
vt 0.14663700 0.95910000
vt 0.14663700 0.92785000
vt 0.14663700 0.92785000
vt 0.21498300 0.88609100
vt 0.21498300 0.91734100
vt 0.21498300 0.92785000
vt 0.21498300 0.92785000
vt 0.21498300 0.95910000
vt 0.21498300 0.91734100
vt 0.21498300 0.88609100
vt 0.21498300 0.91734100
vt 0.20005600 0.92325500
vt 0.20005600 0.83745400
vt 0.20005600 0.83745400
vt 0.20005600 0.83745400
vt 0.20005600 0.92325500
vt 0.20005600 0.92325500
vt 0.20947300 0.92325500
vt 0.20947300 0.83745400
vt 0.15214500 0.83745400
vt 0.16156400 0.92325500
vt 0.15214500 0.92325500
vt 0.16156400 0.83745400
vt 0.16156400 0.92325500
vt 0.16156400 0.92325500
vt 0.16156400 0.83745400
vt 0.16156400 0.83745400
vt 0.14663700 0.87068000
vt 0.14663700 0.83943000
vt 0.14663700 0.82214800
vt 0.14663700 0.79089800
vt 0.21498300 0.83943000
vt 0.21498300 0.87068000
vt 0.14663700 0.83943000
vt 0.14663700 0.87068000
vt 0.14663700 0.83943000
vt 0.21498300 0.79089800
vt 0.21498300 0.82214800
vt 0.21498300 0.87068000
vt 0.21498300 0.83943000
vt 0.21498300 0.83943000
vt 0.14663700 0.79089800
vt 0.14663700 0.79089800
vt 0.14663700 0.82214800
vt 0.14663700 0.83199700
vt 0.14663700 0.80074700
vt 0.14663700 0.83199700
vt 0.21498300 0.83199700
vt 0.21498300 0.80074700
vt 0.21498300 0.83199700
vt 0.21498300 0.79089800
vt 0.21498300 0.82214800
vt 0.21498300 0.79089800
vt 0.15438700 0.92954200
vt 0.15438700 0.86101900
vt 0.15438700 0.89226900
vt 0.15438700 0.86101900
vt 0.20723200 0.92954200
vt 0.15438700 0.92954200
vt 0.15438700 0.89829200
vt 0.20723200 0.86101900
vt 0.20723200 0.92954200
vt 0.20723200 0.89829200
vt 0.20723200 0.89226900
vt 0.20723200 0.86101900
vt 0.34918200 0.58322400
vt 0.20899700 0.23420600
vt 0.04100300 0.23420600
vt 0.27583000 0.58322400
vt 0.04100300 0.01579700
vt 0.27583000 0.66677600
vt 0.34918200 0.66677600
vt 0.20899700 0.01579700
vt 0.14663700 0.92785000
vt 0.14663700 0.95910000
vt 0.14663700 0.91734100
vt 0.14663700 0.88609100
vt 0.14663700 0.91734100
vt 0.14663700 0.91734100
vt 0.14663700 0.88609100
vt 0.21498300 0.95910000
vt 0.21498300 0.92785000
vt 0.14663700 0.95910000
vt 0.14663700 0.92785000
vt 0.14663700 0.92785000
vt 0.21498300 0.88609100
vt 0.21498300 0.91734100
vt 0.21498300 0.92785000
vt 0.21498300 0.95910000
vt 0.21498300 0.92785000
vt 0.21498300 0.91734100
vt 0.21498300 0.88609100
vt 0.21498300 0.91734100
vt 0.20005600 0.92325500
vt 0.20005600 0.83745400
vt 0.20005600 0.83745400
vt 0.20005600 0.83745400
vt 0.20005600 0.92325500
vt 0.20005600 0.92325500
vt 0.20947300 0.92325500
vt 0.20947300 0.83745400
vt 0.15214500 0.83745400
vt 0.16156400 0.92325500
vt 0.15214500 0.92325500
vt 0.16156400 0.83745400
vt 0.16156400 0.92325500
vt 0.16156400 0.92325500
vt 0.16156400 0.83745400
vt 0.16156400 0.83745400
vt 0.14663700 0.87068000
vt 0.14663700 0.83943000
vt 0.14663700 0.79089800
vt 0.14663700 0.82214800
vt 0.21498300 0.83943000
vt 0.21498300 0.87068000
vt 0.14663700 0.83943000
vt 0.14663700 0.87068000
vt 0.14663700 0.83943000
vt 0.21498300 0.82214800
vt 0.21498300 0.79089800
vt 0.21498300 0.83943000
vt 0.21498300 0.87068000
vt 0.21498300 0.83943000
vt 0.14663700 0.79089800
vt 0.14663700 0.79089800
vt 0.14663700 0.82214800
vt 0.14663700 0.80074700
vt 0.14663700 0.83199700
vt 0.14663700 0.83199700
vt 0.21498300 0.83199700
vt 0.21498300 0.83199700
vt 0.21498300 0.80074700
vt 0.21498300 0.79089800
vt 0.21498300 0.82214800
vt 0.21498300 0.79089800
vt 0.15438700 0.92954200
vt 0.15438700 0.86101900
vt 0.15438700 0.89226900
vt 0.15438700 0.86101900
vt 0.20723200 0.92954200
vt 0.15438700 0.89829200
vt 0.15438700 0.92954200
vt 0.20723200 0.86101900
vt 0.20723200 0.92954200
vt 0.20723200 0.89829200
vt 0.20723200 0.86101900
vt 0.20723200 0.89226900
vt 0.34918200 0.58322400
vt 0.20899700 0.23420600
vt 0.04100300 0.23420600
vt 0.27583000 0.58322400
vt 0.04100300 0.01579700
vt 0.27583000 0.66677600
vt 0.34918200 0.66677600
vt 0.20899700 0.01579700
vt 0.14663700 0.95910000
vt 0.14663700 0.92785000
vt 0.14663700 0.88609100
vt 0.14663700 0.91734100
vt 0.14663700 0.91734100
vt 0.14663700 0.88609100
vt 0.14663700 0.91734100
vt 0.21498300 0.92785000
vt 0.21498300 0.95910000
vt 0.14663700 0.92785000
vt 0.14663700 0.95910000
vt 0.14663700 0.92785000
vt 0.21498300 0.88609100
vt 0.21498300 0.91734100
vt 0.21498300 0.95910000
vt 0.21498300 0.92785000
vt 0.21498300 0.92785000
vt 0.21498300 0.88609100
vt 0.21498300 0.91734100
vt 0.21498300 0.91734100
vt 0.20005600 0.92325500
vt 0.20005600 0.83745400
vt 0.20005600 0.83745400
vt 0.20005600 0.83745400
vt 0.20005600 0.92325500
vt 0.20005600 0.92325500
vt 0.20947300 0.92325500
vt 0.20947300 0.83745400
vt 0.15214500 0.83745400
vt 0.16156400 0.92325500
vt 0.15214500 0.92325500
vt 0.16156400 0.83745400
vt 0.16156400 0.92325500
vt 0.16156400 0.92325500
vt 0.16156400 0.83745400
vt 0.16156400 0.83745400
vt 0.14663700 0.83943000
vt 0.14663700 0.87068000
vt 0.14663700 0.82214800
vt 0.14663700 0.79089800
vt 0.21498300 0.83943000
vt 0.21498300 0.87068000
vt 0.14663700 0.83943000
vt 0.14663700 0.83943000
vt 0.14663700 0.87068000
vt 0.21498300 0.79089800
vt 0.21498300 0.82214800
vt 0.21498300 0.83943000
vt 0.21498300 0.87068000
vt 0.21498300 0.83943000
vt 0.14663700 0.79089800
vt 0.14663700 0.79089800
vt 0.14663700 0.82214800
vt 0.14663700 0.83199700
vt 0.14663700 0.83199700
vt 0.14663700 0.80074700
vt 0.21498300 0.83199700
vt 0.21498300 0.83199700
vt 0.21498300 0.80074700
vt 0.21498300 0.82214800
vt 0.21498300 0.79089800
vt 0.21498300 0.79089800
vt 0.15438700 0.92954200
vt 0.15438700 0.86101900
vt 0.15438700 0.89226900
vt 0.15438700 0.86101900
vt 0.20723200 0.92954200
vt 0.15438700 0.89829200
vt 0.15438700 0.92954200
vt 0.20723200 0.86101900
vt 0.20723200 0.89829200
vt 0.20723200 0.92954200
vt 0.20723200 0.89226900
vt 0.20723200 0.86101900
vt 0.34918200 0.58322400
vt 0.20899700 0.23420600
vt 0.27583000 0.58322400
vt 0.04100300 0.23420600
vt 0.04100300 0.01579700
vt 0.90083000 0.66677600
vt 0.97418200 0.66677600
vt 0.20899700 0.01579700
vt 0.14663700 0.95910000
vt 0.14663700 0.92785000
vt 0.14663700 0.88609100
vt 0.14663700 0.91734100
vt 0.14663700 0.91734100
vt 0.14663700 0.88609100
vt 0.14663700 0.91734100
vt 0.21498300 0.92785000
vt 0.21498300 0.95910000
vt 0.14663700 0.92785000
vt 0.14663700 0.95910000
vt 0.14663700 0.92785000
vt 0.21498300 0.88609100
vt 0.21498300 0.91734100
vt 0.21498300 0.92785000
vt 0.21498300 0.92785000
vt 0.21498300 0.95910000
vt 0.21498300 0.88609100
vt 0.21498300 0.91734100
vt 0.21498300 0.91734100
vt 0.20005600 0.92325500
vt 0.20005600 0.83745400
vt 0.20005600 0.83745400
vt 0.20005600 0.83745400
vt 0.20005600 0.92325500
vt 0.20005600 0.92325500
vt 0.20947300 0.92325500
vt 0.20947300 0.83745400
vt 0.15214500 0.83745400
vt 0.16156400 0.92325500
vt 0.15214500 0.92325500
vt 0.16156400 0.83745400
vt 0.16156400 0.92325500
vt 0.16156400 0.92325500
vt 0.16156400 0.83745400
vt 0.16156400 0.83745400
vt 0.14663700 0.83943000
vt 0.14663700 0.87068000
vt 0.14663700 0.79089800
vt 0.14663700 0.82214800
vt 0.21498300 0.83943000
vt 0.21498300 0.87068000
vt 0.14663700 0.83943000
vt 0.14663700 0.87068000
vt 0.14663700 0.83943000
vt 0.21498300 0.82214800
vt 0.21498300 0.79089800
vt 0.21498300 0.87068000
vt 0.21498300 0.83943000
vt 0.21498300 0.83943000
vt 0.14663700 0.82214800
vt 0.14663700 0.79089800
vt 0.14663700 0.79089800
vt 0.14663700 0.83199700
vt 0.14663700 0.80074700
vt 0.14663700 0.83199700
vt 0.21498300 0.83199700
vt 0.21498300 0.80074700
vt 0.21498300 0.83199700
vt 0.21498300 0.79089800
vt 0.21498300 0.79089800
vt 0.21498300 0.82214800
vt 0.15438700 0.92954200
vt 0.15438700 0.86101900
vt 0.15438700 0.89226900
vt 0.15438700 0.86101900
vt 0.20723200 0.92954200
vt 0.15438700 0.89829200
vt 0.15438700 0.92954200
vt 0.20723200 0.86101900
vt 0.20723200 0.89829200
vt 0.20723200 0.92954200
vt 0.20723200 0.86101900
vt 0.20723200 0.89226900
vt 0.97418200 0.58322400
vt 0.20899700 0.23420600
vt 0.04100300 0.23420600
vt 0.90083000 0.58322400
vt 0.90083000 0.66677600
vt 0.97418200 0.66677600
vt 0.14663700 0.95910000
vt 0.14663700 0.92785000
vt 0.14663700 0.88609100
vt 0.14663700 0.91734100
vt 0.14663700 0.91734100
vt 0.14663700 0.91734100
vt 0.14663700 0.88609100
vt 0.21498300 0.95910000
vt 0.21498300 0.92785000
vt 0.14663700 0.95910000
vt 0.14663700 0.92785000
vt 0.14663700 0.92785000
vt 0.21498300 0.91734100
vt 0.21498300 0.88609100
vt 0.21498300 0.92785000
vt 0.21498300 0.92785000
vt 0.21498300 0.95910000
vt 0.21498300 0.88609100
vt 0.21498300 0.91734100
vt 0.21498300 0.91734100
vt 0.20005600 0.92325500
vt 0.20005600 0.83745400
vt 0.20005600 0.83745400
vt 0.20005600 0.83745400
vt 0.20005600 0.92325500
vt 0.20005600 0.92325500
vt 0.20947300 0.92325500
vt 0.20947300 0.83745400
vt 0.15214500 0.83745400
vt 0.16156400 0.92325500
vt 0.15214500 0.92325500
vt 0.16156400 0.83745400
vt 0.16156400 0.92325500
vt 0.16156400 0.92325500
vt 0.16156400 0.83745400
vt 0.16156400 0.83745400
vt 0.14663700 0.87068000
vt 0.14663700 0.83943000
vt 0.14663700 0.82214800
vt 0.14663700 0.79089800
vt 0.21498300 0.83943000
vt 0.21498300 0.87068000
vt 0.14663700 0.87068000
vt 0.14663700 0.83943000
vt 0.14663700 0.83943000
vt 0.21498300 0.82214800
vt 0.21498300 0.79089800
vt 0.21498300 0.83943000
vt 0.21498300 0.87068000
vt 0.21498300 0.83943000
vt 0.14663700 0.82214800
vt 0.14663700 0.79089800
vt 0.14663700 0.79089800
vt 0.14663700 0.80074700
vt 0.14663700 0.83199700
vt 0.14663700 0.83199700
vt 0.21498300 0.83199700
vt 0.21498300 0.80074700
vt 0.21498300 0.83199700
vt 0.21498300 0.79089800
vt 0.21498300 0.82214800
vt 0.21498300 0.79089800
vt 0.97418200 0.58322400
vt 0.90083000 0.58322400
vt 0.04100300 0.01579700
vt 0.90083000 0.66677600
vt 0.97418200 0.66677600
vt 0.20899700 0.01579700
vt 0.14663700 0.95910000
vt 0.14663700 0.92785000
vt 0.14663700 0.91734100
vt 0.14663700 0.91734100
vt 0.14663700 0.88609100
vt 0.14663700 0.91734100
vt 0.14663700 0.88609100
vt 0.21498300 0.95910000
vt 0.21498300 0.92785000
vt 0.14663700 0.92785000
vt 0.14663700 0.92785000
vt 0.14663700 0.95910000
vt 0.21498300 0.91734100
vt 0.21498300 0.88609100
vt 0.21498300 0.95910000
vt 0.21498300 0.92785000
vt 0.21498300 0.92785000
vt 0.21498300 0.88609100
vt 0.21498300 0.91734100
vt 0.21498300 0.91734100
vt 0.20005600 0.92325500
vt 0.20005600 0.83745400
vt 0.20005600 0.83745400
vt 0.20005600 0.83745400
vt 0.20005600 0.92325500
vt 0.20005600 0.92325500
vt 0.20947300 0.92325500
vt 0.20947300 0.83745400
vt 0.15214500 0.83745400
vt 0.16156400 0.92325500
vt 0.15214500 0.92325500
vt 0.16156400 0.83745400
vt 0.16156400 0.92325500
vt 0.16156400 0.92325500
vt 0.16156400 0.83745400
vt 0.16156400 0.83745400
vt 0.14663700 0.83943000
vt 0.14663700 0.87068000
vt 0.14663700 0.82214800
vt 0.14663700 0.79089800
vt 0.21498300 0.87068000
vt 0.21498300 0.83943000
vt 0.14663700 0.87068000
vt 0.14663700 0.83943000
vt 0.14663700 0.83943000
vt 0.21498300 0.82214800
vt 0.21498300 0.79089800
vt 0.21498300 0.87068000
vt 0.21498300 0.83943000
vt 0.21498300 0.83943000
vt 0.14663700 0.82214800
vt 0.14663700 0.79089800
vt 0.14663700 0.79089800
vt 0.14663700 0.80074700
vt 0.14663700 0.83199700
vt 0.14663700 0.83199700
vt 0.21498300 0.83199700
vt 0.21498300 0.83199700
vt 0.21498300 0.80074700
vt 0.21498300 0.82214800
vt 0.21498300 0.79089800
vt 0.21498300 0.79089800
vt 0.15438700 0.92954200
vt 0.15438700 0.89226900
vt 0.15438700 0.86101900
vt 0.15438700 0.86101900
vt 0.20723200 0.92954200
vt 0.15438700 0.92954200
vt 0.15438700 0.89829200
vt 0.20723200 0.86101900
vt 0.20723200 0.89829200
vt 0.20723200 0.92954200
vt 0.20723200 0.89226900
vt 0.20723200 0.86101900
vt 0.20899700 0.23420600
vt 0.97418200 0.58322400
vt 0.04100300 0.23420600
vt 0.90083000 0.58322400
vt 0.04100300 0.01579700
vt 0.90083000 0.66677600
vt 0.97418200 0.66677600
vt 0.20899700 0.01579700
vt 0.14663700 0.92785000
vt 0.14663700 0.95910000
vt 0.14663700 0.91734100
vt 0.14663700 0.88609100
vt 0.14663700 0.91734100
vt 0.14663700 0.91734100
vt 0.14663700 0.88609100
vt 0.21498300 0.95910000
vt 0.21498300 0.92785000
vt 0.14663700 0.92785000
vt 0.14663700 0.92785000
vt 0.14663700 0.95910000
vt 0.21498300 0.91734100
vt 0.21498300 0.88609100
vt 0.21498300 0.95910000
vt 0.21498300 0.92785000
vt 0.21498300 0.92785000
vt 0.21498300 0.91734100
vt 0.21498300 0.91734100
vt 0.21498300 0.88609100
vt 0.20005600 0.92325500
vt 0.20005600 0.83745400
vt 0.20005600 0.83745400
vt 0.20005600 0.83745400
vt 0.20005600 0.92325500
vt 0.20005600 0.92325500
vt 0.20947300 0.92325500
vt 0.20947300 0.83745400
vt 0.15214500 0.83745400
vt 0.16156400 0.92325500
vt 0.15214500 0.92325500
vt 0.16156400 0.83745400
vt 0.16156400 0.92325500
vt 0.16156400 0.92325500
vt 0.16156400 0.83745400
vt 0.16156400 0.83745400
vt 0.14663700 0.87068000
vt 0.14663700 0.83943000
vt 0.14663700 0.79089800
vt 0.14663700 0.82214800
vt 0.21498300 0.83943000
vt 0.21498300 0.87068000
vt 0.14663700 0.87068000
vt 0.14663700 0.83943000
vt 0.14663700 0.83943000
vt 0.21498300 0.82214800
vt 0.21498300 0.79089800
vt 0.21498300 0.87068000
vt 0.21498300 0.83943000
vt 0.21498300 0.83943000
vt 0.14663700 0.79089800
vt 0.14663700 0.79089800
vt 0.14663700 0.82214800
vt 0.14663700 0.83199700
vt 0.14663700 0.83199700
vt 0.14663700 0.80074700
vt 0.21498300 0.80074700
vt 0.21498300 0.83199700
vt 0.21498300 0.83199700
vt 0.21498300 0.79089800
vt 0.21498300 0.79089800
vt 0.21498300 0.82214800
vt 0.15438700 0.92954200
vt 0.15438700 0.89226900
vt 0.15438700 0.86101900
vt 0.15438700 0.86101900
vt 0.20723200 0.92954200
vt 0.15438700 0.92954200
vt 0.15438700 0.89829200
vt 0.20723200 0.86101900
vt 0.20723200 0.89829200
vt 0.20723200 0.92954200
vt 0.20723200 0.86101900
vt 0.20723200 0.89226900
vt 0.20899700 0.23420600
vt 0.97418200 0.58322400
vt 0.90083000 0.58322400
vt 0.04100300 0.23420600
vt 0.26216900 0.89543000
vt 0.26216900 0.86418000
vt 0.26216900 0.89543000
vt 0.26216900 0.91470000
vt 0.26216900 0.91470000
vt 0.26216900 0.94595000
vt 0.26216900 0.86418000
vt 0.26216900 0.89543000
vt 0.26216900 0.89543000
vt 0.26216900 0.91470000
vt 0.26216900 0.91470000
vt 0.26216900 0.94595000
vt 0.30381700 0.89543000
vt 0.30381700 0.89543000
vt 0.30381700 0.86418000
vt 0.30381700 0.91470000
vt 0.30381700 0.91470000
vt 0.30381700 0.94595000
vt 0.30381700 0.86418000
vt 0.30381700 0.89543000
vt 0.30381700 0.89543000
vt 0.30381700 0.91470000
vt 0.30381700 0.94595000
vt 0.30381700 0.91470000
vt 0.30029400 0.91470000
vt 0.30029400 0.94595000
vt 0.30029400 0.91470000
vt 0.26569200 0.94595000
vt 0.26569200 0.91470000
vt 0.26569200 0.91470000
vt 0.26569200 0.91470000
vt 0.26569200 0.94595000
vt 0.26569200 0.91470000
vt 0.30029400 0.91470000
vt 0.30029400 0.91470000
vt 0.30029400 0.94595000
vt 0.26657600 0.93759100
vt 0.26657600 0.90634100
vt 0.26657600 0.90634100
vt 0.29940900 0.90634100
vt 0.29940900 0.90634100
vt 0.29940900 0.93759100
vt 0.29940900 0.93759100
vt 0.29940900 0.90634100
vt 0.29940900 0.90634100
vt 0.26657600 0.90634100
vt 0.26657600 0.93759100
vt 0.26657600 0.90634100
vt 0.26216900 0.80739100
vt 0.26216900 0.83864100
vt 0.26216900 0.83864100
vt 0.26216900 0.85791100
vt 0.26216900 0.85791100
vt 0.26216900 0.88916100
vt 0.26216900 0.83864100
vt 0.26216900 0.80739100
vt 0.26216900 0.83864100
vt 0.26216900 0.85791100
vt 0.26216900 0.88916100
vt 0.26216900 0.85791100
vt 0.30381700 0.83864100
vt 0.30381700 0.83864100
vt 0.30381700 0.80739100
vt 0.30381700 0.85791100
vt 0.30381700 0.85791100
vt 0.30381700 0.88916100
vt 0.33158200 0.80739100
vt 0.33158200 0.83864100
vt 0.33158200 0.83864100
vt 0.33158200 0.85791100
vt 0.33158200 0.88916100
vt 0.33158200 0.85791100
vt 0.26216900 0.83864100
vt 0.26216900 0.80739100
vt 0.26216900 0.80739100
vt 0.26216900 0.83864100
vt 0.26216900 0.85791100
vt 0.26216900 0.88916100
vt 0.26216900 0.85791100
vt 0.26216900 0.88916100
vt 0.30381700 0.80739100
vt 0.30381700 0.83864100
vt 0.33158200 0.83864100
vt 0.33158200 0.80739100
vt 0.33158200 0.88916100
vt 0.33158200 0.85791100
vt 0.30381700 0.85791100
vt 0.30381700 0.88916100
vt 0.26216900 0.83578500
vt 0.26216900 0.86703500
vt 0.26216900 0.86703500
vt 0.26216900 0.88630600
vt 0.26216900 0.91755600
vt 0.26216900 0.88630600
vt 0.26216900 0.86703500
vt 0.26216900 0.83578500
vt 0.26216900 0.86703500
vt 0.26216900 0.91755600
vt 0.26216900 0.88630600
vt 0.26216900 0.88630600
vt 0.30381700 0.83578500
vt 0.30381700 0.86703500
vt 0.30381700 0.86703500
vt 0.30381700 0.91755600
vt 0.30381700 0.88630600
vt 0.30381700 0.88630600
vt 0.33158200 0.86703500
vt 0.33158200 0.83578500
vt 0.33158200 0.86703500
vt 0.33158200 0.88630600
vt 0.33158200 0.91755600
vt 0.33158200 0.88630600
vt 0.26216900 0.86703500
vt 0.26216900 0.83578500
vt 0.26216900 0.83578500
vt 0.26216900 0.86703500
vt 0.26216900 0.88630600
vt 0.26216900 0.91755600
vt 0.26216900 0.88630600
vt 0.26216900 0.91755600
vt 0.30381700 0.86703500
vt 0.30381700 0.83578500
vt 0.33158200 0.83578500
vt 0.33158200 0.86703500
vt 0.33158200 0.91755600
vt 0.33158200 0.88630600
vt 0.30381700 0.88630600
vt 0.30381700 0.91755600
vt 0.63581000 0.59278100
vt 0.63581000 0.62465000
vt 0.64538900 0.62465000
vt 0.64538900 0.59278100
vt 0.63586100 0.59272100
vt 0.63586100 0.62459000
vt 0.64543900 0.62459000
vt 0.64543900 0.59272100
vt 0.26081000 0.39295200
vt 0.26081000 0.42482100
vt 0.27038900 0.42482100
vt 0.27038900 0.39295200
vt 0.26086100 0.39289200
vt 0.26086100 0.42476100
vt 0.27043900 0.42476100
vt 0.27043900 0.39289200
vt 0.63581000 0.67749800
vt 0.63581000 0.70936700
vt 0.64538900 0.70936700
vt 0.64538900 0.67749800
vt 0.63586100 0.67743800
vt 0.63586100 0.70930700
vt 0.64543900 0.70930700
vt 0.64543900 0.67743800
vt 0.26081000 0.45258400
vt 0.26081000 0.48445200
vt 0.27038900 0.48445200
vt 0.27038900 0.45258400
vt 0.26086100 0.45252400
vt 0.26086100 0.48439200
vt 0.27043900 0.48439200
vt 0.27043900 0.45252400
vt 0.27043900 0.36780700
vt 0.27043900 0.39967500
vt 0.26086100 0.39967500
vt 0.26086100 0.36780700
vt 0.27038900 0.36786700
vt 0.27038900 0.39973500
vt 0.26081000 0.39973500
vt 0.26081000 0.36786700
vt 0.29421900 0.85155700
vt 0.78928900 0.82030700
vt 0.78928900 0.80468200
vt 0.78928900 0.85155700
vt 0.29421900 0.86718200
vt 0.80173200 0.82030700
vt 0.80173200 0.85155700
vt 0.80173200 0.80468200
vt 0.81610100 0.85155700
vt 0.81610100 0.80468200
vt 0.81610100 0.82030700
vt 0.82854400 0.85155700
vt 0.33514800 0.86718200
vt 0.82854400 0.82030700
vt 0.33514800 0.85155700
vt 0.82854400 0.80468200
vt 0.83572700 0.82030700
vt 0.83572700 0.80468200
vt 0.83572700 0.85155700
vt 0.83572700 0.82030700
vt 0.83572700 0.85155700
vt 0.83572700 0.80468200
vt 0.82854400 0.82030700
vt 0.33514800 0.86718200
vt 0.82854400 0.85155700
vt 0.82854400 0.80468200
vt 0.33514800 0.85155700
vt 0.81610100 0.80468200
vt 0.81610100 0.85155700
vt 0.81610100 0.82030700
vt 0.80173200 0.80468200
vt 0.80173200 0.82030700
vt 0.80173200 0.85155700
vt 0.29421900 0.86718200
vt 0.29421900 0.85155700
vt 0.78928900 0.82030700
vt 0.78928900 0.80468200
vt 0.78928900 0.85155700
vt 0.78210500 0.82030700
vt 0.78210500 0.85155700
vt 0.78210500 0.80468200
vt 0.78210500 0.80468200
vt 0.78210500 0.82030700
vt 0.78210500 0.85155700
vt 0.40514700 0.86684000
vt 0.40514700 0.83559000
vt 0.40514700 0.83559000
vt 0.43157100 0.92913600
vt 0.42189900 0.86684000
vt 0.42189900 0.83559000
vt 0.42189900 0.83559000
vt 0.44124200 0.83559000
vt 0.44124200 0.86684000
vt 0.44124200 0.83559000
vt 0.45799400 0.83559000
vt 0.45799400 0.86684000
vt 0.45799400 0.83559000
vt 0.46766600 0.83559000
vt 0.46766600 0.83559000
vt 0.46766600 0.86684000
vt 0.46766600 0.83559000
vt 0.46766600 0.86684000
vt 0.46766600 0.83559000
vt 0.45799400 0.83559000
vt 0.45799400 0.86684000
vt 0.45799400 0.83559000
vt 0.44124200 0.83559000
vt 0.44124200 0.86684000
vt 0.44124200 0.83559000
vt 0.42189900 0.83559000
vt 0.42189900 0.86684000
vt 0.42189900 0.83559000
vt 0.40514700 0.83559000
vt 0.40514700 0.86684000
vt 0.40514700 0.83559000
vt 0.39547600 0.83559000
vt 0.39547600 0.83559000
vt 0.39547600 0.86684000
vt 0.39547600 0.83559000
vt 0.39547600 0.83559000
vt 0.39547600 0.86684000
vt 0.80173200 0.90269000
vt 0.42408000 0.79278300
vt 0.41110600 0.79278300
vt 0.78928900 0.90269000
vt 0.81610100 0.90269000
vt 0.43906100 0.79278300
vt 0.82854400 0.90269000
vt 0.45203500 0.79278300
vt 0.83572700 0.90269000
vt 0.45952500 0.79278300
vt 0.45952500 0.79278300
vt 0.83572700 0.90269000
vt 0.82854400 0.90269000
vt 0.45203500 0.79278300
vt 0.43906100 0.79278300
vt 0.81610100 0.90269000
vt 0.80173200 0.90269000
vt 0.42408000 0.79278300
vt 0.78928900 0.90269000
vt 0.41110600 0.79278300
vt 0.78210500 0.90269000
vt 0.40361600 0.79278300
vt 0.40361600 0.79278300
vt 0.78210500 0.90269000
vt 0.40514700 0.82611500
vt 0.40514700 0.79486500
vt 0.42189900 0.79486500
vt 0.42189900 0.82611500
vt 0.44124200 0.82611500
vt 0.44124200 0.79486500
vt 0.45799400 0.79486500
vt 0.45799400 0.82611500
vt 0.46766600 0.79486500
vt 0.46766600 0.82611500
vt 0.46766600 0.82611500
vt 0.46766600 0.79486500
vt 0.45799400 0.79486500
vt 0.45799400 0.82611500
vt 0.44124200 0.82611500
vt 0.44124200 0.79486500
vt 0.42189900 0.79486500
vt 0.42189900 0.82611500
vt 0.40514700 0.82611500
vt 0.40514700 0.79486500
vt 0.39547600 0.82611500
vt 0.39547600 0.79486500
vt 0.39547600 0.79486500
vt 0.39547600 0.82611500
vt 0.29482800 0.85954200
vt 0.29482800 0.81266700
vt 0.29482800 0.84391700
vt 0.29482800 0.81266700
vt 0.29482800 0.85954200
vt 0.29482800 0.84391700
vt 0.33453900 0.84391700
vt 0.33453900 0.85954200
vt 0.33453900 0.81266700
vt 0.33453900 0.84391700
vt 0.33453900 0.85954200
vt 0.33453900 0.81266700
vt 0.33006200 0.81682900
vt 0.33006200 0.81682900
vt 0.33006200 0.81682900
vt 0.33006200 0.83245400
vt 0.33691000 0.81682900
vt 0.33691000 0.83245400
vt 0.33691000 0.81682900
vt 0.33691000 0.81682900
vt 0.32078900 0.85140100
vt 0.32078900 0.85140100
vt 0.32078900 0.85140100
vt 0.32078900 0.86702600
vt 0.32803000 0.86702600
vt 0.32803000 0.85140100
vt 0.32803000 0.85140100
vt 0.32803000 0.85140100
vt 0.29245700 0.81682900
vt 0.29245700 0.81682900
vt 0.29245700 0.81682900
vt 0.29245700 0.83245400
vt 0.29930500 0.81682900
vt 0.29930500 0.83245400
vt 0.29930500 0.81682900
vt 0.29930500 0.81682900
vt 0.30133800 0.85140100
vt 0.30133800 0.85140100
vt 0.30133800 0.86702600
vt 0.30133800 0.85140100
vt 0.30857900 0.86702600
vt 0.30857900 0.85140100
vt 0.30857900 0.85140100
vt 0.30857900 0.85140100
vt 0.33006200 0.83245400
vt 0.33006200 0.81682900
vt 0.33006200 0.81682900
vt 0.33006200 0.81682900
vt 0.33691000 0.81682900
vt 0.33691000 0.81682900
vt 0.33691000 0.81682900
vt 0.33691000 0.83245400
vt 0.32078900 0.86702600
vt 0.32078900 0.85140100
vt 0.32078900 0.85140100
vt 0.32078900 0.85140100
vt 0.32803000 0.85140100
vt 0.32803000 0.85140100
vt 0.32803000 0.85140100
vt 0.32803000 0.86702600
vt 0.29245700 0.81682900
vt 0.29245700 0.83245400
vt 0.29245700 0.81682900
vt 0.29245700 0.81682900
vt 0.29930500 0.81682900
vt 0.29930500 0.81682900
vt 0.29930500 0.83245400
vt 0.29930500 0.81682900
vt 0.30133800 0.85140100
vt 0.30133800 0.86702600
vt 0.30133800 0.85140100
vt 0.30133800 0.85140100
vt 0.30857900 0.85140100
vt 0.30857900 0.85140100
vt 0.30857900 0.86702600
vt 0.30857900 0.85140100
vt 0.43274100 0.81682900
vt 0.43274100 0.81682900
vt 0.43274100 0.84889400
vt 0.43274100 0.84889400
vt 0.43519100 0.81682900
vt 0.43519100 0.81682900
vt 0.43519100 0.84889400
vt 0.43519100 0.84889400
vt 0.43519100 0.81682900
vt 0.43519100 0.81682900
vt 0.43519100 0.84889400
vt 0.43519100 0.84889400
vt 0.43274100 0.81682900
vt 0.43274100 0.81682900
vt 0.43274100 0.84889400
vt 0.43274100 0.84889400
vt 0.43029100 0.81682900
vt 0.43029100 0.81682900
vt 0.43029100 0.84889400
vt 0.43029100 0.84889400
vt 0.43029100 0.81682900
vt 0.43029100 0.81682900
vt 0.43029100 0.84889400
vt 0.43029100 0.84889400
vt 0.65125000 0.59369500
vt 0.65125000 0.56832100
vt 0.65125000 0.59369500
vt 0.65125000 0.56832100
vt 0.65125000 0.59369500
vt 0.65125000 0.59369500
vt 0.71458700 0.59369500
vt 0.71458700 0.56832100
vt 0.71458700 0.59369500
vt 0.71458700 0.67695300
vt 0.71458700 0.63889100
vt 0.71458700 0.63889100
vt 0.71458700 0.56832100
vt 0.71458700 0.59369500
vt 0.71458700 0.59369500
vt 0.71458700 0.63889100
vt 0.71458700 0.63889100
vt 0.71458700 0.67695300
vt 0.65665100 0.70301500
vt 0.65884500 0.69340200
vt 0.67385900 0.70560500
vt 0.67605300 0.69599200
vt 0.68291800 0.68912700
vt 0.68291800 0.68912700
vt 0.65125000 0.63889100
vt 0.65125000 0.53926600
vt 0.65125000 0.63889100
vt 0.65125000 0.67695300
vt 0.65125000 0.63889100
vt 0.65125000 0.53926600
vt 0.65125000 0.67695300
vt 0.65125000 0.63889100
vt 0.68291800 0.63889100
vt 0.68291800 0.53926600
vt 0.68291800 0.67695300
vt 0.68291800 0.53926600
vt 0.68291800 0.67695300
vt 0.68291800 0.63889100
vt 0.32393100 0.82166000
vt 0.32393100 0.85291000
vt 0.32393100 0.86626000
vt 0.32393100 0.89751000
vt 0.32393100 0.85291000
vt 0.32393100 0.82166000
vt 0.32393100 0.89751000
vt 0.32393100 0.86626000
vt 0.33048000 0.85291000
vt 0.33048000 0.82166000
vt 0.33048000 0.86626000
vt 0.33048000 0.89751000
vt 0.33048000 0.82166000
vt 0.33048000 0.85291000
vt 0.33048000 0.89751000
vt 0.33048000 0.86626000
vt 0.27890100 0.85291000
vt 0.27890100 0.82166000
vt 0.27890100 0.86626000
vt 0.27890100 0.89751000
vt 0.27890100 0.82166000
vt 0.27890100 0.85291000
vt 0.27890100 0.89751000
vt 0.27890100 0.86626000
vt 0.28545000 0.85291000
vt 0.28545000 0.82166000
vt 0.28545000 0.86626000
vt 0.28545000 0.89751000
vt 0.28545000 0.85291000
vt 0.28545000 0.82166000
vt 0.28545000 0.86626000
vt 0.28545000 0.89751000
vt 0.67318900 0.85988900
vt 0.67318900 0.85988900
vt 0.67318900 0.82863900
vt 0.66849000 0.85988900
vt 0.66849000 0.82863900
vt 0.66849000 0.90100000
vt 0.66849000 0.88537500
vt 0.67318900 0.88537500
vt 0.67318900 0.90100000
vt 0.67318900 0.88537500
vt 0.66849000 0.82863900
vt 0.66849000 0.85988900
vt 0.67318900 0.85988900
vt 0.67318900 0.85988900
vt 0.67318900 0.82863900
vt 0.67318900 0.90100000
vt 0.67318900 0.88537500
vt 0.67318900 0.88537500
vt 0.66849000 0.90100000
vt 0.66849000 0.88537500
vt 0.73776600 0.82863900
vt 0.73776600 0.85988900
vt 0.73306700 0.85988900
vt 0.73306700 0.85988900
vt 0.73306700 0.82863900
vt 0.73306700 0.90100000
vt 0.73306700 0.88537500
vt 0.73306700 0.88537500
vt 0.73776600 0.90100000
vt 0.73776600 0.88537500
vt 0.73306700 0.82863900
vt 0.73306700 0.85988900
vt 0.73306700 0.85988900
vt 0.73776600 0.82863900
vt 0.73776600 0.85988900
vt 0.73776600 0.88537500
vt 0.73776600 0.90100000
vt 0.73306700 0.88537500
vt 0.73306700 0.88537500
vt 0.73306700 0.90100000
f 55/55/55 66/66/66 11/11/11
f 11/11/11 8/8/8 55/55/55
f 27/27/27 35/35/35 24/24/24
f 24/24/24 21/21/21 27/27/27
f 69/69/69 78/78/78 17/17/17
f 17/17/17 15/15/15 69/69/69
f 39/39/39 52/52/52 5/5/5
f 5/5/5 3/3/3 39/39/39
f 96/96/96 67/67/67 13/13/13
f 13/13/13 44/44/44 96/96/96
f 92/92/92 59/59/59 6/6/6
f 6/6/6 49/49/49 92/92/92
f 79/79/79 86/86/86 46/46/46
f 46/46/46 18/18/18 79/79/79
f 96/96/96 44/44/44 41/41/41
f 41/41/41 94/94/94 96/96/96
f 45/45/45 50/50/50 40/40/40
f 40/40/40 43/43/43 45/45/45
f 57/57/57 94/94/94 41/41/41
f 41/41/41 2/2/2 57/57/57
f 14/14/14 16/16/16 48/48/48
f 48/48/48 42/42/42 14/14/14
f 34/34/34 37/37/37 26/26/26
f 26/26/26 29/29/29 34/34/34
f 38/38/38 33/33/33 88/88/88
f 88/88/88 82/82/82 38/38/38
f 9/9/9 10/10/10 31/31/31
f 31/31/31 28/28/28 9/9/9
f 47/47/47 85/85/85 91/91/91
f 91/91/91 51/51/51 47/47/47
f 95/95/95 96/96/96 94/94/94
f 94/94/94 93/93/93 95/95/95
f 7/7/7 30/30/30 93/93/93
f 93/93/93 53/53/53 7/7/7
f 93/93/93 94/94/94 57/57/57
f 57/57/57 53/53/53 93/93/93
f 25/25/25 95/95/95 93/93/93
f 93/93/93 30/30/30 25/25/25
f 87/87/87 90/90/90 84/84/84
f 84/84/84 81/81/81 87/87/87
f 23/23/23 36/36/36 83/83/83
f 83/83/83 75/75/75 23/23/23
f 82/82/82 85/85/85 77/77/77
f 77/77/77 74/74/74 82/82/82
f 32/32/32 12/12/12 64/64/64
f 64/64/64 89/89/89 32/32/32
f 88/88/88 63/63/63 62/62/62
f 62/62/62 91/91/91 88/88/88
f 25/25/25 19/19/19 71/71/71
f 71/71/71 95/95/95 25/25/25
f 95/95/95 71/71/71 67/67/67
f 67/67/67 96/96/96 95/95/95
f 20/20/20 22/22/22 73/73/73
f 73/73/73 72/72/72 20/20/20
f 76/76/76 80/80/80 68/68/68
f 68/68/68 70/70/70 76/76/76
f 1/1/1 4/4/4 60/60/60
f 60/60/60 58/58/58 1/1/1
f 61/61/61 65/65/65 54/54/54
f 54/54/54 56/56/56 61/61/61
f 150/150/150 151/151/151 223/223/223
f 223/223/223 220/220/220 150/150/150
f 114/114/114 164/164/164 162/162/162
f 162/162/162 117/117/117 114/114/114
f 103/103/103 116/116/116 391/391/391
f 391/391/391 98/98/98 103/103/103
f 127/127/127 132/132/132 209/209/209
f 209/209/209 211/211/211 127/127/127
f 281/281/281 152/152/152 149/149/149
f 149/149/149 120/120/120 281/281/281
f 120/120/120 182/182/182 190/190/190
f 190/190/190 118/118/118 120/120/120
f 181/181/181 186/186/186 234/234/234
f 234/234/234 236/236/236 181/181/181
f 160/160/160 165/165/165 228/228/228
f 228/228/228 226/226/226 160/160/160
f 140/140/140 143/143/143 214/214/214
f 214/214/214 215/215/215 140/140/140
f 171/171/171 173/173/173 230/230/230
f 230/230/230 197/197/197 171/171/171
f 118/118/118 298/298/298 124/124/124
f 124/124/124 121/121/121 118/118/118
f 298/298/298 109/109/109 129/129/129
f 129/129/129 124/124/124 298/298/298
f 109/109/109 113/113/113 130/130/130
f 130/130/130 129/129/129 109/109/109
f 388/388/388 386/386/386 99/99/99
f 99/99/99 97/97/97 388/388/388
f 104/104/104 101/101/101 137/137/137
f 137/137/137 134/134/134 104/104/104
f 101/101/101 282/282/282 141/141/141
f 141/141/141 137/137/137 101/101/101
f 119/119/119 104/104/104 134/134/134
f 134/134/134 142/142/142 119/119/119
f 299/299/299 120/120/120 149/149/149
f 149/149/149 145/145/145 299/299/299
f 281/281/281 108/108/108 156/156/156
f 156/156/156 152/152/152 281/281/281
f 108/108/108 299/299/299 145/145/145
f 145/145/145 156/156/156 108/108/108
f 105/105/105 117/117/117 162/162/162
f 162/162/162 158/158/158 105/105/105
f 114/114/114 102/102/102 168/168/168
f 168/168/168 164/164/164 114/114/114
f 102/102/102 105/105/105 158/158/158
f 158/158/158 168/168/168 102/102/102
f 104/104/104 119/119/119 174/174/174
f 174/174/174 169/169/169 104/104/104
f 117/117/117 105/105/105 178/178/178
f 178/178/178 175/175/175 117/117/117
f 105/105/105 104/104/104 169/169/169
f 169/169/169 178/178/178 105/105/105
f 120/120/120 299/299/299 184/184/184
f 184/184/184 182/182/182 120/120/120
f 299/299/299 298/298/298 189/189/189
f 189/189/189 184/184/184 299/299/299
f 298/298/298 118/118/118 190/190/190
f 190/190/190 189/189/189 298/298/298
f 172/172/172 177/177/177 231/231/231
f 231/231/231 229/229/229 172/172/172
f 163/163/163 167/167/167 203/203/203
f 203/203/203 227/227/227 163/163/163
f 192/192/192 183/183/183 235/235/235
f 235/235/235 237/237/237 192/192/192
f 153/153/153 155/155/155 222/222/222
f 222/222/222 224/224/224 153/153/153
f 176/176/176 179/179/179 199/199/199
f 199/199/199 232/232/232 176/176/176
f 185/185/185 187/187/187 239/239/239
f 239/239/239 233/233/233 185/185/185
f 188/188/188 191/191/191 238/238/238
f 238/238/238 240/240/240 188/188/188
f 133/133/133 136/136/136 194/194/194
f 194/194/194 195/195/195 133/133/133
f 180/180/180 170/170/170 198/198/198
f 198/198/198 200/200/200 180/180/180
f 123/123/123 125/125/125 205/205/205
f 205/205/205 207/207/207 123/123/123
f 144/144/144 135/135/135 196/196/196
f 196/196/196 213/213/213 144/144/144
f 131/131/131 122/122/122 208/208/208
f 208/208/208 210/210/210 131/131/131
f 166/166/166 159/159/159 202/202/202
f 202/202/202 204/204/204 166/166/166
f 147/147/147 148/148/148 219/219/219
f 219/219/219 217/217/217 147/147/147
f 138/138/138 139/139/139 216/216/216
f 216/216/216 193/193/193 138/138/138
f 157/157/157 161/161/161 225/225/225
f 225/225/225 201/201/201 157/157/157
f 126/126/126 128/128/128 212/212/212
f 212/212/212 206/206/206 126/126/126
f 154/154/154 146/146/146 218/218/218
f 218/218/218 221/221/221 154/154/154
f 130/130/130 113/113/113 118/118/118
f 118/118/118 121/121/121 130/130/130
f 174/174/174 119/119/119 117/117/117
f 117/117/117 175/175/175 174/174/174
f 141/141/141 282/282/282 119/119/119
f 119/119/119 142/142/142 141/141/141
f 288/288/288 100/100/100 387/387/387
f 387/387/387 283/283/283 288/288/288
f 273/273/273 286/286/286 282/282/282
f 282/282/282 269/269/269 273/273/273
f 275/275/275 274/274/274 250/250/250
f 250/250/250 256/256/256 275/275/275
f 257/257/257 266/266/266 247/247/247
f 247/247/247 244/244/244 257/257/257
f 267/267/267 263/263/263 245/245/245
f 245/245/245 248/248/248 267/267/267
f 271/271/271 280/280/280 254/254/254
f 254/254/254 252/252/252 271/271/271
f 381/381/381 108/108/108 268/268/268
f 268/268/268 258/258/258 381/381/381
f 282/282/282 101/101/101 278/278/278
f 278/278/278 269/269/269 282/282/282
f 261/261/261 259/259/259 243/243/243
f 243/243/243 242/242/242 261/261/261
f 108/108/108 281/281/281 264/264/264
f 264/264/264 268/268/268 108/108/108
f 101/101/101 287/287/287 276/276/276
f 276/276/276 278/278/278 101/101/101
f 285/285/285 381/381/381 258/258/258
f 258/258/258 260/260/260 285/285/285
f 279/279/279 277/277/277 255/255/255
f 255/255/255 253/253/253 279/279/279
f 287/287/287 286/286/286 273/273/273
f 273/273/273 276/276/276 287/287/287
f 285/285/285 260/260/260 264/264/264
f 264/264/264 281/281/281 285/285/285
f 272/272/272 270/270/270 251/251/251
f 251/251/251 249/249/249 272/272/272
f 265/265/265 262/262/262 241/241/241
f 241/241/241 246/246/246 265/265/265
f 316/316/316 320/320/320 350/350/350
f 350/350/350 347/347/347 316/316/316
f 380/380/380 106/106/106 289/289/289
f 289/289/289 383/383/383 380/380/380
f 307/307/307 309/309/309 341/341/341
f 341/341/341 342/342/342 307/307/307
f 108/108/108 318/318/318 317/317/317
f 317/317/317 299/299/299 108/108/108
f 299/299/299 324/324/324 334/334/334
f 334/334/334 298/298/298 299/299/299
f 326/326/326 329/329/329 353/353/353
f 353/353/353 354/354/354 326/326/326
f 298/298/298 297/297/297 305/305/305
f 305/305/305 302/302/302 298/298/298
f 297/297/297 293/293/293 306/306/306
f 306/306/306 305/305/305 297/297/297
f 293/293/293 109/109/109 311/311/311
f 311/311/311 306/306/306 293/293/293
f 296/296/296 299/299/299 317/317/317
f 317/317/317 313/313/313 296/296/296
f 108/108/108 291/291/291 321/321/321
f 321/321/321 318/318/318 108/108/108
f 291/291/291 296/296/296 313/313/313
f 313/313/313 321/321/321 291/291/291
f 299/299/299 296/296/296 327/327/327
f 327/327/327 324/324/324 299/299/299
f 296/296/296 297/297/297 331/331/331
f 331/331/331 327/327/327 296/296/296
f 297/297/297 298/298/298 334/334/334
f 334/334/334 331/331/331 297/297/297
f 333/333/333 325/325/325 355/355/355
f 355/355/355 356/356/356 333/333/333
f 319/319/319 323/323/323 348/348/348
f 348/348/348 351/351/351 319/319/319
f 328/328/328 330/330/330 359/359/359
f 359/359/359 352/352/352 328/328/328
f 332/332/332 335/335/335 357/357/357
f 357/357/357 358/358/358 332/332/332
f 300/300/300 303/303/303 337/337/337
f 337/337/337 338/338/338 300/300/300
f 310/310/310 301/301/301 339/339/339
f 339/339/339 340/340/340 310/310/310
f 314/314/314 315/315/315 346/346/346
f 346/346/346 345/345/345 314/314/314
f 304/304/304 308/308/308 343/343/343
f 343/343/343 336/336/336 304/304/304
f 322/322/322 312/312/312 344/344/344
f 344/344/344 349/349/349 322/322/322
f 311/311/311 109/109/109 298/298/298
f 298/298/298 302/302/302 311/311/311
f 368/368/368 379/379/379 367/367/367
f 367/367/367 362/362/362 368/368/368
f 378/378/378 375/375/375 365/365/365
f 365/365/365 366/366/366 378/378/378
f 382/382/382 291/291/291 377/377/377
f 377/377/377 369/369/369 382/382/382
f 372/372/372 370/370/370 363/363/363
f 363/363/363 360/360/360 372/372/372
f 291/291/291 108/108/108 374/374/374
f 374/374/374 377/377/377 291/291/291
f 381/381/381 382/382/382 369/369/369
f 369/369/369 373/373/373 381/381/381
f 381/381/381 373/373/373 374/374/374
f 374/374/374 108/108/108 381/381/381
f 376/376/376 371/371/371 361/361/361
f 361/361/361 364/364/364 376/376/376
f 112/112/112 295/295/295 290/290/290
f 290/290/290 107/107/107 112/112/112
f 111/111/111 110/110/110 292/292/292
f 292/292/292 294/294/294 111/111/111
f 112/112/112 107/107/107 384/384/384
f 384/384/384 389/389/389 112/112/112
f 106/106/106 380/380/380 284/284/284
f 284/284/284 385/385/385 106/106/106
f 111/111/111 390/390/390 115/115/115
f 115/115/115 110/110/110 111/111/111
f 475/475/475 478/478/478 481/481/481
f 481/481/481 484/484/484 475/475/475
f 410/410/410 405/405/405 400/400/400
f 400/400/400 414/414/414 410/410/410
f 409/409/409 404/404/404 412/412/412
f 412/412/412 413/413/413 409/409/409
f 397/397/397 401/401/401 399/399/399
f 399/399/399 406/406/406 397/397/397
f 403/403/403 396/396/396 407/407/407
f 407/407/407 411/411/411 403/403/403
f 402/402/402 408/408/408 415/415/415
f 415/415/415 398/398/398 402/402/402
f 422/422/422 421/421/421 417/417/417
f 417/417/417 423/423/423 422/422/422
f 416/416/416 419/419/419 418/418/418
f 418/418/418 420/420/420 416/416/416
f 429/429/429 426/426/426 424/424/424
f 424/424/424 430/430/430 429/429/429
f 427/427/427 425/425/425 428/428/428
f 428/428/428 431/431/431 427/427/427
f 443/443/443 437/437/437 445/445/445
f 445/445/445 447/447/447 443/443/443
f 436/436/436 433/433/433 438/438/438
f 438/438/438 442/442/442 436/436/436
f 440/440/440 435/435/435 441/441/441
f 441/441/441 446/446/446 440/440/440
f 432/432/432 434/434/434 444/444/444
f 444/444/444 439/439/439 432/432/432
f 457/457/457 454/454/454 449/449/449
f 449/449/449 458/458/458 457/457/457
f 452/452/452 448/448/448 453/453/453
f 453/453/453 456/456/456 452/452/452
f 451/451/451 455/455/455 459/459/459
f 459/459/459 450/450/450 451/451/451
f 465/465/465 464/464/464 467/467/467
f 467/467/467 466/466/466 465/465/465
f 486/486/486 489/489/489 494/494/494
f 494/494/494 495/495/495 486/486/486
f 468/468/468 471/471/471 477/477/477
f 477/477/477 474/474/474 468/468/468
f 473/473/473 392/392/392 480/480/480
f 480/480/480 479/479/479 473/473/473
f 393/393/393 395/395/395 483/483/483
f 483/483/483 482/482/482 393/393/393
f 394/394/394 470/470/470 476/476/476
f 476/476/476 485/485/485 394/394/394
f 461/461/461 463/463/463 490/490/490
f 490/490/490 487/487/487 461/461/461
f 462/462/462 473/473/473 492/492/492
f 492/492/492 491/491/491 462/462/462
f 472/472/472 469/469/469 497/497/497
f 497/497/497 493/493/493 472/472/472
f 470/470/470 460/460/460 488/488/488
f 488/488/488 496/496/496 470/470/470
f 525/525/525 528/528/528 504/504/504
f 504/504/504 500/500/500 525/525/525
f 535/535/535 539/539/539 530/530/530
f 530/530/530 522/522/522 535/535/535
f 537/537/537 515/515/515 507/507/507
f 507/507/507 526/526/526 537/537/537
f 502/502/502 509/509/509 519/519/519
f 519/519/519 511/511/511 502/502/502
f 498/498/498 499/499/499 503/503/503
f 506/506/506 507/507/507 508/508/508
f 510/510/510 512/512/512 514/514/514
f 515/515/515 517/517/517 518/518/518
f 520/520/520 521/521/521 524/524/524
f 526/526/526 529/529/529 531/531/531
f 532/532/532 534/534/534 536/536/536
f 537/537/537 538/538/538 541/541/541
f 510/510/510 498/498/498 503/503/503
f 503/503/503 512/512/512 510/510/510
f 501/501/501 505/505/505 509/509/509
f 509/509/509 502/502/502 501/501/501
f 507/507/507 515/515/515 518/518/518
f 518/518/518 508/508/508 507/507/507
f 516/516/516 513/513/513 511/511/511
f 511/511/511 519/519/519 516/516/516
f 532/532/532 510/510/510 514/514/514
f 514/514/514 534/534/534 532/532/532
f 515/515/515 537/537/537 541/541/541
f 541/541/541 517/517/517 515/515/515
f 539/539/539 535/535/535 533/533/533
f 533/533/533 540/540/540 539/539/539
f 520/520/520 532/532/532 536/536/536
f 536/536/536 521/521/521 520/520/520
f 537/537/537 526/526/526 531/531/531
f 531/531/531 538/538/538 537/537/537
f 527/527/527 523/523/523 522/522/522
f 522/522/522 530/530/530 527/527/527
f 498/498/498 520/520/520 524/524/524
f 524/524/524 499/499/499 498/498/498
f 526/526/526 507/507/507 506/506/506
f 506/506/506 529/529/529 526/526/526
f 510/510/510 532/532/532 520/520/520
f 520/520/520 498/498/498 510/510/510
f 620/620/620 622/622/622 542/542/542
f 542/542/542 545/545/545 620/620/620
f 560/560/560 556/556/556 548/548/548
f 548/548/548 564/564/564 560/560/560
f 558/558/558 553/553/553 561/561/561
f 561/561/561 565/565/565 558/558/558
f 547/547/547 551/551/551 550/550/550
f 550/550/550 557/557/557 547/547/547
f 554/554/554 546/546/546 555/555/555
f 555/555/555 562/562/562 554/554/554
f 552/552/552 559/559/559 563/563/563
f 563/563/563 549/549/549 552/552/552
f 572/572/572 571/571/571 568/568/568
f 568/568/568 573/573/573 572/572/572
f 566/566/566 569/569/569 567/567/567
f 567/567/567 570/570/570 566/566/566
f 578/578/578 576/576/576 574/574/574
f 574/574/574 580/580/580 578/578/578
f 577/577/577 575/575/575 579/579/579
f 579/579/579 581/581/581 577/577/577
f 585/585/585 591/591/591 607/607/607
f 607/607/607 596/596/596 585/585/585
f 593/593/593 589/589/589 601/601/601
f 601/601/601 602/602/602 593/593/593
f 586/586/586 583/583/583 590/590/590
f 590/590/590 594/594/594 586/586/586
f 592/592/592 587/587/587 595/595/595
f 595/595/595 603/603/603 592/592/592
f 604/604/604 599/599/599 597/597/597
f 597/597/597 605/605/605 604/604/604
f 584/584/584 598/598/598 600/600/600
f 582/582/582 584/584/584 600/600/600
f 600/600/600 588/588/588 582/582/582
f 606/606/606 592/592/592 603/603/603
f 616/616/616 614/614/614 610/610/610
f 610/610/610 619/619/619 616/616/616
f 544/544/544 543/543/543 623/623/623
f 623/623/623 621/621/621 544/544/544
f 612/612/612 608/608/608 613/613/613
f 613/613/613 617/617/617 612/612/612
f 611/611/611 615/615/615 618/618/618
f 618/618/618 609/609/609 611/611/611
f 703/703/703 704/704/704 624/624/624
f 624/624/624 627/627/627 703/703/703
f 643/643/643 639/639/639 631/631/631
f 631/631/631 646/646/646 643/643/643
f 641/641/641 635/635/635 642/642/642
f 642/642/642 645/645/645 641/641/641
f 628/628/628 633/633/633 632/632/632
f 632/632/632 638/638/638 628/628/628
f 636/636/636 629/629/629 637/637/637
f 637/637/637 644/644/644 636/636/636
f 634/634/634 640/640/640 647/647/647
f 647/647/647 630/630/630 634/634/634
f 654/654/654 653/653/653 649/649/649
f 649/649/649 655/655/655 654/654/654
f 648/648/648 651/651/651 650/650/650
f 650/650/650 652/652/652 648/648/648
f 660/660/660 658/658/658 656/656/656
f 656/656/656 663/663/663 660/660/660
f 659/659/659 657/657/657 661/661/661
f 661/661/661 662/662/662 659/659/659
f 666/666/666 674/674/674 687/687/687
f 687/687/687 680/680/680 666/666/666
f 676/676/676 672/672/672 682/682/682
f 682/682/682 686/686/686 676/676/676
f 669/669/669 664/664/664 671/671/671
f 671/671/671 677/677/677 669/669/669
f 673/673/673 668/668/668 675/675/675
f 675/675/675 685/685/685 673/673/673
f 684/684/684 681/681/681 678/678/678
f 678/678/678 688/688/688 684/684/684
f 667/667/667 679/679/679 683/683/683
f 665/665/665 667/667/667 683/683/683
f 683/683/683 670/670/670 665/665/665
f 689/689/689 673/673/673 685/685/685
f 698/698/698 695/695/695 691/691/691
f 691/691/691 701/701/701 698/698/698
f 626/626/626 625/625/625 705/705/705
f 705/705/705 702/702/702 626/626/626
f 694/694/694 690/690/690 696/696/696
f 696/696/696 699/699/699 694/694/694
f 693/693/693 697/697/697 700/700/700
f 700/700/700 692/692/692 693/693/693
f 785/785/785 786/786/786 706/706/706
f 706/706/706 709/709/709 785/785/785
f 724/724/724 719/719/719 713/713/713
f 713/713/713 727/727/727 724/724/724
f 723/723/723 718/718/718 725/725/725
f 725/725/725 728/728/728 723/723/723
f 711/711/711 716/716/716 714/714/714
f 714/714/714 721/721/721 711/711/711
f 717/717/717 710/710/710 720/720/720
f 720/720/720 726/726/726 717/717/717
f 715/715/715 722/722/722 729/729/729
f 729/729/729 712/712/712 715/715/715
f 736/736/736 735/735/735 732/732/732
f 732/732/732 737/737/737 736/736/736
f 730/730/730 733/733/733 731/731/731
f 731/731/731 734/734/734 730/730/730
f 742/742/742 740/740/740 738/738/738
f 738/738/738 745/745/745 742/742/742
f 741/741/741 739/739/739 743/743/743
f 743/743/743 744/744/744 741/741/741
f 749/749/749 755/755/755 771/771/771
f 771/771/771 760/760/760 749/749/749
f 758/758/758 752/752/752 763/763/763
f 763/763/763 767/767/767 758/758/758
f 750/750/750 746/746/746 753/753/753
f 753/753/753 757/757/757 750/750/750
f 756/756/756 751/751/751 759/759/759
f 759/759/759 766/766/766 756/756/756
f 768/768/768 764/764/764 761/761/761
f 761/761/761 769/769/769 768/768/768
f 748/748/748 762/762/762 765/765/765
f 747/747/747 748/748/748 765/765/765
f 765/765/765 754/754/754 747/747/747
f 770/770/770 756/756/756 766/766/766
f 780/780/780 778/778/778 773/773/773
f 773/773/773 783/783/783 780/780/780
f 708/708/708 707/707/707 787/787/787
f 787/787/787 784/784/784 708/708/708
f 776/776/776 772/772/772 777/777/777
f 777/777/777 781/781/781 776/776/776
f 775/775/775 779/779/779 782/782/782
f 782/782/782 774/774/774 775/775/775
f 867/867/867 869/869/869 788/788/788
f 788/788/788 791/791/791 867/867/867
f 807/807/807 802/802/802 794/794/794
f 794/794/794 811/811/811 807/807/807
f 805/805/805 799/799/799 808/808/808
f 808/808/808 810/810/810 805/805/805
f 793/793/793 798/798/798 795/795/795
f 795/795/795 801/801/801 793/793/793
f 800/800/800 792/792/792 803/803/803
f 803/803/803 806/806/806 800/800/800
f 797/797/797 804/804/804 809/809/809
f 809/809/809 796/796/796 797/797/797
f 818/818/818 817/817/817 814/814/814
f 814/814/814 819/819/819 818/818/818
f 812/812/812 815/815/815 813/813/813
f 813/813/813 816/816/816 812/812/812
f 825/825/825 822/822/822 820/820/820
f 820/820/820 826/826/826 825/825/825
f 823/823/823 821/821/821 824/824/824
f 824/824/824 827/827/827 823/823/823
f 830/830/830 837/837/837 852/852/852
f 852/852/852 843/843/843 830/830/830
f 840/840/840 835/835/835 845/845/845
f 845/845/845 848/848/848 840/840/840
f 832/832/832 828/828/828 836/836/836
f 836/836/836 841/841/841 832/832/832
f 838/838/838 833/833/833 839/839/839
f 839/839/839 850/850/850 838/838/838
f 849/849/849 847/847/847 844/844/844
f 844/844/844 851/851/851 849/849/849
f 831/831/831 842/842/842 846/846/846
f 829/829/829 831/831/831 846/846/846
f 846/846/846 834/834/834 829/829/829
f 853/853/853 838/838/838 850/850/850
f 863/863/863 860/860/860 856/856/856
f 856/856/856 864/864/864 863/863/863
f 790/790/790 789/789/789 868/868/868
f 868/868/868 866/866/866 790/790/790
f 858/858/858 854/854/854 859/859/859
f 859/859/859 862/862/862 858/858/858
f 857/857/857 861/861/861 865/865/865
f 865/865/865 855/855/855 857/857/857
f 949/949/949 950/950/950 870/870/870
f 870/870/870 873/873/873 949/949/949
f 888/888/888 885/885/885 877/877/877
f 877/877/877 891/891/891 888/888/888
f 887/887/887 882/882/882 889/889/889
f 889/889/889 893/893/893 887/887/887
f 874/874/874 880/880/880 876/876/876
f 876/876/876 884/884/884 874/874/874
f 881/881/881 875/875/875 883/883/883
f 883/883/883 890/890/890 881/881/881
f 879/879/879 886/886/886 892/892/892
f 892/892/892 878/878/878 879/879/879
f 900/900/900 898/898/898 896/896/896
f 896/896/896 901/901/901 900/900/900
f 894/894/894 897/897/897 895/895/895
f 895/895/895 899/899/899 894/894/894
f 906/906/906 904/904/904 902/902/902
f 902/902/902 909/909/909 906/906/906
f 905/905/905 903/903/903 907/907/907
f 907/907/907 908/908/908 905/905/905
f 913/913/913 919/919/919 933/933/933
f 933/933/933 925/925/925 913/913/913
f 923/923/923 916/916/916 927/927/927
f 927/927/927 932/932/932 923/923/923
f 915/915/915 910/910/910 917/917/917
f 917/917/917 921/921/921 915/915/915
f 920/920/920 914/914/914 922/922/922
f 922/922/922 930/930/930 920/920/920
f 931/931/931 928/928/928 924/924/924
f 924/924/924 935/935/935 931/931/931
f 912/912/912 926/926/926 929/929/929
f 911/911/911 912/912/912 929/929/929
f 929/929/929 918/918/918 911/911/911
f 934/934/934 920/920/920 930/930/930
f 945/945/945 942/942/942 938/938/938
f 938/938/938 946/946/946 945/945/945
f 872/872/872 871/871/871 951/951/951
f 951/951/951 948/948/948 872/872/872
f 940/940/940 936/936/936 941/941/941
f 941/941/941 944/944/944 940/940/940
f 939/939/939 943/943/943 947/947/947
f 947/947/947 937/937/937 939/939/939
f 1031/1031/1031 1032/1032/1032 952/952/952
f 952/952/952 955/955/955 1031/1031/1031
f 970/970/970 966/966/966 960/960/960
f 960/960/960 975/975/975 970/970/970
f 969/969/969 964/964/964 972/972/972
f 972/972/972 973/973/973 969/969/969
f 956/956/956 961/961/961 958/958/958
f 958/958/958 967/967/967 956/956/956
f 963/963/963 957/957/957 965/965/965
f 965/965/965 971/971/971 963/963/963
f 962/962/962 968/968/968 974/974/974
f 974/974/974 959/959/959 962/962/962
f 982/982/982 981/981/981 977/977/977
f 977/977/977 983/983/983 982/982/982
f 976/976/976 979/979/979 978/978/978
f 978/978/978 980/980/980 976/976/976
f 988/988/988 986/986/986 984/984/984
f 984/984/984 991/991/991 988/988/988
f 987/987/987 985/985/985 989/989/989
f 989/989/989 990/990/990 987/987/987
f 994/994/994 1002/1002/1002 1015/1015/1015
f 1015/1015/1015 1007/1007/1007 994/994/994
f 1005/1005/1005 1000/1000/1000 1011/1011/1011
f 1011/1011/1011 1012/1012/1012 1005/1005/1005
f 997/997/997 992/992/992 999/999/999
f 999/999/999 1004/1004/1004 997/997/997
f 1001/1001/1001 996/996/996 1003/1003/1003
f 1003/1003/1003 1013/1013/1013 1001/1001/1001
f 1014/1014/1014 1009/1009/1009 1006/1006/1006
f 1006/1006/1006 1017/1017/1017 1014/1014/1014
f 995/995/995 1008/1008/1008 1010/1010/1010
f 993/993/993 995/995/995 1010/1010/1010
f 1010/1010/1010 998/998/998 993/993/993
f 1016/1016/1016 1001/1001/1001 1013/1013/1013
f 1027/1027/1027 1023/1023/1023 1020/1020/1020
f 1020/1020/1020 1029/1029/1029 1027/1027/1027
f 954/954/954 953/953/953 1033/1033/1033
f 1033/1033/1033 1030/1030/1030 954/954/954
f 1022/1022/1022 1018/1018/1018 1024/1024/1024
f 1024/1024/1024 1026/1026/1026 1022/1022/1022
f 1021/1021/1021 1025/1025/1025 1028/1028/1028
f 1028/1028/1028 1019/1019/1019 1021/1021/1021
f 1113/1113/1113 1115/1115/1115 1034/1034/1034
f 1034/1034/1034 1037/1037/1037 1113/1113/1113
f 1054/1054/1054 1049/1049/1049 1042/1042/1042
f 1042/1042/1042 1057/1057/1057 1054/1054/1054
f 1051/1051/1051 1045/1045/1045 1053/1053/1053
f 1053/1053/1053 1056/1056/1056 1051/1051/1051
f 1039/1039/1039 1044/1044/1044 1041/1041/1041
f 1041/1041/1041 1047/1047/1047 1039/1039/1039
f 1046/1046/1046 1038/1038/1038 1048/1048/1048
f 1048/1048/1048 1052/1052/1052 1046/1046/1046
f 1043/1043/1043 1050/1050/1050 1055/1055/1055
f 1055/1055/1055 1040/1040/1040 1043/1043/1043
f 1064/1064/1064 1062/1062/1062 1059/1059/1059
f 1059/1059/1059 1065/1065/1065 1064/1064/1064
f 1058/1058/1058 1061/1061/1061 1060/1060/1060
f 1060/1060/1060 1063/1063/1063 1058/1058/1058
f 1070/1070/1070 1068/1068/1068 1066/1066/1066
f 1066/1066/1066 1072/1072/1072 1070/1070/1070
f 1069/1069/1069 1067/1067/1067 1071/1071/1071
f 1071/1071/1071 1073/1073/1073 1069/1069/1069
f 1077/1077/1077 1083/1083/1083 1099/1099/1099
f 1099/1099/1099 1089/1089/1089 1077/1077/1077
f 1085/1085/1085 1081/1081/1081 1092/1092/1092
f 1092/1092/1092 1095/1095/1095 1085/1085/1085
f 1079/1079/1079 1075/1075/1075 1082/1082/1082
f 1082/1082/1082 1086/1086/1086 1079/1079/1079
f 1084/1084/1084 1078/1078/1078 1087/1087/1087
f 1087/1087/1087 1094/1094/1094 1084/1084/1084
f 1096/1096/1096 1093/1093/1093 1088/1088/1088
f 1088/1088/1088 1098/1098/1098 1096/1096/1096
f 1076/1076/1076 1090/1090/1090 1091/1091/1091
f 1074/1074/1074 1076/1076/1076 1091/1091/1091
f 1091/1091/1091 1080/1080/1080 1074/1074/1074
f 1097/1097/1097 1084/1084/1084 1094/1094/1094
f 1108/1108/1108 1105/1105/1105 1102/1102/1102
f 1102/1102/1102 1110/1110/1110 1108/1108/1108
f 1036/1036/1036 1035/1035/1035 1114/1114/1114
f 1114/1114/1114 1112/1112/1112 1036/1036/1036
f 1104/1104/1104 1100/1100/1100 1106/1106/1106
f 1106/1106/1106 1109/1109/1109 1104/1104/1104
f 1103/1103/1103 1107/1107/1107 1111/1111/1111
f 1111/1111/1111 1101/1101/1101 1103/1103/1103
f 1195/1195/1195 1196/1196/1196 1116/1116/1116
f 1116/1116/1116 1119/1119/1119 1195/1195/1195
f 1134/1134/1134 1131/1131/1131 1123/1123/1123
f 1123/1123/1123 1139/1139/1139 1134/1134/1134
f 1133/1133/1133 1127/1127/1127 1135/1135/1135
f 1135/1135/1135 1138/1138/1138 1133/1133/1133
f 1121/1121/1121 1126/1126/1126 1124/1124/1124
f 1124/1124/1124 1129/1129/1129 1121/1121/1121
f 1128/1128/1128 1120/1120/1120 1130/1130/1130
f 1130/1130/1130 1136/1136/1136 1128/1128/1128
f 1125/1125/1125 1132/1132/1132 1137/1137/1137
f 1137/1137/1137 1122/1122/1122 1125/1125/1125
f 1146/1146/1146 1145/1145/1145 1142/1142/1142
f 1142/1142/1142 1147/1147/1147 1146/1146/1146
f 1140/1140/1140 1143/1143/1143 1141/1141/1141
f 1141/1141/1141 1144/1144/1144 1140/1140/1140
f 1152/1152/1152 1150/1150/1150 1148/1148/1148
f 1148/1148/1148 1154/1154/1154 1152/1152/1152
f 1151/1151/1151 1149/1149/1149 1153/1153/1153
f 1153/1153/1153 1155/1155/1155 1151/1151/1151
f 1158/1158/1158 1166/1166/1166 1180/1180/1180
f 1180/1180/1180 1171/1171/1171 1158/1158/1158
f 1169/1169/1169 1162/1162/1162 1173/1173/1173
f 1173/1173/1173 1178/1178/1178 1169/1169/1169
f 1161/1161/1161 1157/1157/1157 1163/1163/1163
f 1163/1163/1163 1167/1167/1167 1161/1161/1161
f 1165/1165/1165 1160/1160/1160 1168/1168/1168
f 1168/1168/1168 1176/1176/1176 1165/1165/1165
f 1177/1177/1177 1174/1174/1174 1172/1172/1172
f 1172/1172/1172 1179/1179/1179 1177/1177/1177
f 1159/1159/1159 1170/1170/1170 1175/1175/1175
f 1156/1156/1156 1159/1159/1159 1175/1175/1175
f 1175/1175/1175 1164/1164/1164 1156/1156/1156
f 1181/1181/1181 1165/1165/1165 1176/1176/1176
f 1190/1190/1190 1187/1187/1187 1184/1184/1184
f 1184/1184/1184 1193/1193/1193 1190/1190/1190
f 1118/1118/1118 1117/1117/1117 1197/1197/1197
f 1197/1197/1197 1194/1194/1194 1118/1118/1118
f 1186/1186/1186 1182/1182/1182 1188/1188/1188
f 1188/1188/1188 1191/1191/1191 1186/1186/1186
f 1185/1185/1185 1189/1189/1189 1192/1192/1192
f 1192/1192/1192 1183/1183/1183 1185/1185/1185
f 1215/1215/1215 1211/1211/1211 1203/1203/1203
f 1203/1203/1203 1219/1219/1219 1215/1215/1215
f 1212/1212/1212 1208/1208/1208 1214/1214/1214
f 1214/1214/1214 1218/1218/1218 1212/1212/1212
f 1201/1201/1201 1205/1205/1205 1204/1204/1204
f 1204/1204/1204 1210/1210/1210 1201/1201/1201
f 1207/1207/1207 1200/1200/1200 1209/1209/1209
f 1209/1209/1209 1216/1216/1216 1207/1207/1207
f 1206/1206/1206 1213/1213/1213 1217/1217/1217
f 1217/1217/1217 1202/1202/1202 1206/1206/1206
f 1226/1226/1226 1225/1225/1225 1221/1221/1221
f 1221/1221/1221 1227/1227/1227 1226/1226/1226
f 1220/1220/1220 1223/1223/1223 1222/1222/1222
f 1222/1222/1222 1224/1224/1224 1220/1220/1220
f 1232/1232/1232 1230/1230/1230 1228/1228/1228
f 1228/1228/1228 1234/1234/1234 1232/1232/1232
f 1231/1231/1231 1229/1229/1229 1233/1233/1233
f 1233/1233/1233 1235/1235/1235 1231/1231/1231
f 1239/1239/1239 1246/1246/1246 1261/1261/1261
f 1261/1261/1261 1251/1251/1251 1239/1239/1239
f 1247/1247/1247 1244/1244/1244 1255/1255/1255
f 1255/1255/1255 1258/1258/1258 1247/1247/1247
f 1241/1241/1241 1236/1236/1236 1242/1242/1242
f 1242/1242/1242 1248/1248/1248 1241/1241/1241
f 1245/1245/1245 1240/1240/1240 1249/1249/1249
f 1249/1249/1249 1256/1256/1256 1245/1245/1245
f 1257/1257/1257 1253/1253/1253 1252/1252/1252
f 1252/1252/1252 1259/1259/1259 1257/1257/1257
f 1238/1238/1238 1250/1250/1250 1254/1254/1254
f 1237/1237/1237 1238/1238/1238 1254/1254/1254
f 1254/1254/1254 1243/1243/1243 1237/1237/1237
f 1260/1260/1260 1245/1245/1245 1256/1256/1256
f 1199/1199/1199 1198/1198/1198 1263/1263/1263
f 1263/1263/1263 1262/1262/1262 1199/1199/1199
f 1342/1342/1342 1344/1344/1344 1264/1264/1264
f 1264/1264/1264 1267/1267/1267 1342/1342/1342
f 1284/1284/1284 1278/1278/1278 1271/1271/1271
f 1271/1271/1271 1286/1286/1286 1284/1284/1284
f 1280/1280/1280 1276/1276/1276 1283/1283/1283
f 1283/1283/1283 1287/1287/1287 1280/1280/1280
f 1269/1269/1269 1273/1273/1273 1270/1270/1270
f 1270/1270/1270 1277/1277/1277 1269/1269/1269
f 1275/1275/1275 1268/1268/1268 1279/1279/1279
f 1279/1279/1279 1282/1282/1282 1275/1275/1275
f 1274/1274/1274 1281/1281/1281 1285/1285/1285
f 1285/1285/1285 1272/1272/1272 1274/1274/1274
f 1294/1294/1294 1292/1292/1292 1289/1289/1289
f 1289/1289/1289 1295/1295/1295 1294/1294/1294
f 1288/1288/1288 1291/1291/1291 1290/1290/1290
f 1290/1290/1290 1293/1293/1293 1288/1288/1288
f 1300/1300/1300 1298/1298/1298 1296/1296/1296
f 1296/1296/1296 1302/1302/1302 1300/1300/1300
f 1299/1299/1299 1297/1297/1297 1301/1301/1301
f 1301/1301/1301 1303/1303/1303 1299/1299/1299
f 1307/1307/1307 1314/1314/1314 1329/1329/1329
f 1329/1329/1329 1320/1320/1320 1307/1307/1307
f 1316/1316/1316 1312/1312/1312 1323/1323/1323
f 1323/1323/1323 1325/1325/1325 1316/1316/1316
f 1308/1308/1308 1305/1305/1305 1310/1310/1310
f 1310/1310/1310 1315/1315/1315 1308/1308/1308
f 1313/1313/1313 1309/1309/1309 1317/1317/1317
f 1317/1317/1317 1324/1324/1324 1313/1313/1313
f 1326/1326/1326 1321/1321/1321 1319/1319/1319
f 1319/1319/1319 1328/1328/1328 1326/1326/1326
f 1306/1306/1306 1318/1318/1318 1322/1322/1322
f 1304/1304/1304 1306/1306/1306 1322/1322/1322
f 1322/1322/1322 1311/1311/1311 1304/1304/1304
f 1327/1327/1327 1313/1313/1313 1324/1324/1324
f 1338/1338/1338 1336/1336/1336 1331/1331/1331
f 1331/1331/1331 1340/1340/1340 1338/1338/1338
f 1266/1266/1266 1265/1265/1265 1345/1345/1345
f 1345/1345/1345 1343/1343/1343 1266/1266/1266
f 1334/1334/1334 1330/1330/1330 1335/1335/1335
f 1335/1335/1335 1339/1339/1339 1334/1334/1334
f 1333/1333/1333 1337/1337/1337 1341/1341/1341
f 1341/1341/1341 1332/1332/1332 1333/1333/1333
f 1424/1424/1424 1427/1427/1427 1346/1346/1346
f 1346/1346/1346 1349/1349/1349 1424/1424/1424
f 1366/1366/1366 1360/1360/1360 1352/1352/1352
f 1352/1352/1352 1368/1368/1368 1366/1366/1366
f 1362/1362/1362 1358/1358/1358 1365/1365/1365
f 1365/1365/1365 1367/1367/1367 1362/1362/1362
f 1350/1350/1350 1355/1355/1355 1354/1354/1354
f 1354/1354/1354 1359/1359/1359 1350/1350/1350
f 1357/1357/1357 1351/1351/1351 1361/1361/1361
f 1361/1361/1361 1364/1364/1364 1357/1357/1357
f 1356/1356/1356 1363/1363/1363 1369/1369/1369
f 1369/1369/1369 1353/1353/1353 1356/1356/1356
f 1376/1376/1376 1374/1374/1374 1371/1371/1371
f 1371/1371/1371 1377/1377/1377 1376/1376/1376
f 1370/1370/1370 1373/1373/1373 1372/1372/1372
f 1372/1372/1372 1375/1375/1375 1370/1370/1370
f 1383/1383/1383 1380/1380/1380 1378/1378/1378
f 1378/1378/1378 1385/1385/1385 1383/1383/1383
f 1381/1381/1381 1379/1379/1379 1382/1382/1382
f 1382/1382/1382 1384/1384/1384 1381/1381/1381
f 1388/1388/1388 1396/1396/1396 1410/1410/1410
f 1410/1410/1410 1401/1401/1401 1388/1388/1388
f 1399/1399/1399 1394/1394/1394 1404/1404/1404
f 1404/1404/1404 1408/1408/1408 1399/1399/1399
f 1391/1391/1391 1386/1386/1386 1392/1392/1392
f 1392/1392/1392 1397/1397/1397 1391/1391/1391
f 1395/1395/1395 1390/1390/1390 1398/1398/1398
f 1398/1398/1398 1407/1407/1407 1395/1395/1395
f 1406/1406/1406 1405/1405/1405 1400/1400/1400
f 1400/1400/1400 1409/1409/1409 1406/1406/1406
f 1389/1389/1389 1402/1402/1402 1403/1403/1403
f 1387/1387/1387 1389/1389/1389 1403/1403/1403
f 1403/1403/1403 1393/1393/1393 1387/1387/1387
f 1411/1411/1411 1395/1395/1395 1407/1407/1407
f 1420/1420/1420 1418/1418/1418 1413/1413/1413
f 1413/1413/1413 1423/1423/1423 1420/1420/1420
f 1348/1348/1348 1347/1347/1347 1426/1426/1426
f 1426/1426/1426 1425/1425/1425 1348/1348/1348
f 1416/1416/1416 1412/1412/1412 1417/1417/1417
f 1417/1417/1417 1421/1421/1421 1416/1416/1416
f 1415/1415/1415 1419/1419/1419 1422/1422/1422
f 1422/1422/1422 1414/1414/1414 1415/1415/1415
f 1430/1430/1430 1432/1432/1432 1437/1437/1437
f 1437/1437/1437 1435/1435/1435 1430/1430/1430
f 1436/1436/1436 1438/1438/1438 1451/1451/1451
f 1451/1451/1451 1447/1447/1447 1436/1436/1436
f 1448/1448/1448 1449/1449/1449 1443/1443/1443
f 1443/1443/1443 1440/1440/1440 1448/1448/1448
f 1441/1441/1441 1444/1444/1444 1431/1431/1431
f 1431/1431/1431 1428/1428/1428 1441/1441/1441
f 1434/1434/1434 1446/1446/1446 1442/1442/1442
f 1442/1442/1442 1429/1429/1429 1434/1434/1434
f 1456/1456/1456 1458/1458/1458 1475/1475/1475
f 1475/1475/1475 1465/1465/1465 1456/1456/1456
f 1450/1450/1450 1439/1439/1439 1455/1455/1455
f 1455/1455/1455 1453/1453/1453 1450/1450/1450
f 1439/1439/1439 1433/1433/1433 1459/1459/1459
f 1459/1459/1459 1455/1455/1455 1439/1439/1439
f 1433/1433/1433 1445/1445/1445 1463/1463/1463
f 1463/1463/1463 1459/1459/1459 1433/1433/1433
f 1445/1445/1445 1450/1450/1450 1453/1453/1453
f 1453/1453/1453 1463/1463/1463 1445/1445/1445
f 1469/1469/1469 1464/1464/1464 1474/1474/1474
f 1474/1474/1474 1470/1470/1470 1469/1469/1469
f 1454/1454/1454 1457/1457/1457 1466/1466/1466
f 1466/1466/1466 1468/1468/1468 1454/1454/1454
f 1460/1460/1460 1461/1461/1461 1472/1472/1472
f 1472/1472/1472 1473/1473/1473 1460/1460/1460
f 1462/1462/1462 1452/1452/1452 1467/1467/1467
f 1467/1467/1467 1471/1471/1471 1462/1462/1462
f 1500/1500/1500 1506/1506/1506 1485/1485/1485
f 1485/1485/1485 1482/1482/1482 1500/1500/1500
f 1484/1484/1484 1487/1487/1487 1499/1499/1499
f 1499/1499/1499 1496/1496/1496 1484/1484/1484
f 1509/1509/1509 1514/1514/1514 1491/1491/1491
f 1491/1491/1491 1489/1489/1489 1509/1509/1509
f 1488/1488/1488 1492/1492/1492 1480/1480/1480
f 1480/1480/1480 1477/1477/1477 1488/1488/1488
f 1502/1502/1502 1508/1508/1508 1490/1490/1490
f 1490/1490/1490 1476/1476/1476 1502/1502/1502
f 1515/1515/1515 1505/1505/1505 1481/1481/1481
f 1481/1481/1481 1493/1493/1493 1515/1515/1515
f 1498/1498/1498 1486/1486/1486 1507/1507/1507
f 1507/1507/1507 1512/1512/1512 1498/1498/1498
f 1483/1483/1483 1494/1494/1494 1511/1511/1511
f 1511/1511/1511 1501/1501/1501 1483/1483/1483
f 1495/1495/1495 1497/1497/1497 1513/1513/1513
f 1513/1513/1513 1510/1510/1510 1495/1495/1495
f 1478/1478/1478 1479/1479/1479 1504/1504/1504
f 1504/1504/1504 1503/1503/1503 1478/1478/1478
f 1540/1540/1540 1546/1546/1546 1527/1527/1527
f 1527/1527/1527 1524/1524/1524 1540/1540/1540
f 1522/1522/1522 1526/1526/1526 1539/1539/1539
f 1539/1539/1539 1534/1534/1534 1522/1522/1522
f 1548/1548/1548 1554/1554/1554 1533/1533/1533
f 1533/1533/1533 1530/1530/1530 1548/1548/1548
f 1529/1529/1529 1532/1532/1532 1521/1521/1521
f 1521/1521/1521 1518/1518/1518 1529/1529/1529
f 1542/1542/1542 1549/1549/1549 1528/1528/1528
f 1528/1528/1528 1516/1516/1516 1542/1542/1542
f 1555/1555/1555 1545/1545/1545 1520/1520/1520
f 1520/1520/1520 1531/1531/1531 1555/1555/1555
f 1538/1538/1538 1525/1525/1525 1547/1547/1547
f 1547/1547/1547 1552/1552/1552 1538/1538/1538
f 1523/1523/1523 1535/1535/1535 1550/1550/1550
f 1550/1550/1550 1541/1541/1541 1523/1523/1523
f 1536/1536/1536 1537/1537/1537 1553/1553/1553
f 1553/1553/1553 1551/1551/1551 1536/1536/1536
f 1517/1517/1517 1519/1519/1519 1544/1544/1544
f 1544/1544/1544 1543/1543/1543 1517/1517/1517
f 1558/1558/1558 1559/1559/1559 1556/1556/1556
f 1556/1556/1556 1557/1557/1557 1558/1558/1558
f 1562/1562/1562 1563/1563/1563 1560/1560/1560
f 1560/1560/1560 1561/1561/1561 1562/1562/1562
f 1566/1566/1566 1567/1567/1567 1564/1564/1564
f 1564/1564/1564 1565/1565/1565 1566/1566/1566
f 1570/1570/1570 1571/1571/1571 1568/1568/1568
f 1568/1568/1568 1569/1569/1569 1570/1570/1570
f 1574/1574/1574 1573/1573/1573 1572/1572/1572
f 1572/1572/1572 1575/1575/1575 1574/1574/1574
f 1578/1578/1578 1577/1577/1577 1576/1576/1576
f 1576/1576/1576 1579/1579/1579 1578/1578/1578
f 1582/1582/1582 1581/1581/1581 1580/1580/1580
f 1580/1580/1580 1583/1583/1583 1582/1582/1582
f 1586/1586/1586 1585/1585/1585 1584/1584/1584
f 1584/1584/1584 1587/1587/1587 1586/1586/1586
f 1589/1589/1589 1588/1588/1588 1591/1591/1591
f 1591/1591/1591 1590/1590/1590 1589/1589/1589
f 1593/1593/1593 1592/1592/1592 1595/1595/1595
f 1595/1595/1595 1594/1594/1594 1593/1593/1593
f 1603/1603/1603 1677/1677/1677 1681/1681/1681
f 1681/1681/1681 1605/1605/1605 1603/1603/1603
f 1604/1604/1604 1681/1681/1681 1683/1683/1683
f 1683/1683/1683 1607/1607/1607 1604/1604/1604
f 1611/1611/1611 1683/1683/1683 1685/1685/1685
f 1685/1685/1685 1613/1613/1613 1611/1611/1611
f 1614/1614/1614 1685/1685/1685 1688/1688/1688
f 1688/1688/1688 1616/1616/1616 1614/1614/1614
f 1617/1617/1617 1688/1688/1688 1689/1689/1689
f 1689/1689/1689 1621/1621/1621 1617/1617/1617
f 1620/1620/1620 1689/1689/1689 1692/1692/1692
f 1692/1692/1692 1624/1624/1624 1620/1620/1620
f 1623/1623/1623 1692/1692/1692 1693/1693/1693
f 1693/1693/1693 1626/1626/1626 1623/1623/1623
f 1628/1628/1628 1693/1693/1693 1695/1695/1695
f 1695/1695/1695 1633/1633/1633 1628/1628/1628
f 1632/1632/1632 1695/1695/1695 1697/1697/1697
f 1697/1697/1697 1636/1636/1636 1632/1632/1632
f 1635/1635/1635 1697/1697/1697 1700/1700/1700
f 1700/1700/1700 1639/1639/1639 1635/1635/1635
f 1637/1637/1637 1700/1700/1700 1680/1680/1680
f 1680/1680/1680 1598/1598/1598 1637/1637/1637
f 1675/1675/1675 1643/1643/1643 1642/1642/1642
f 1619/1619/1619 1629/1629/1629 1725/1725/1725
f 1725/1725/1725 1735/1735/1735 1619/1619/1619
f 1640/1640/1640 1643/1643/1643 1644/1644/1644
f 1645/1645/1645 1643/1643/1643 1647/1647/1647
f 1648/1648/1648 1643/1643/1643 1651/1651/1651
f 1650/1650/1650 1643/1643/1643 1654/1654/1654
f 1655/1655/1655 1643/1643/1643 1657/1657/1657
f 1656/1656/1656 1643/1643/1643 1661/1661/1661
f 1660/1660/1660 1643/1643/1643 1663/1663/1663
f 1664/1664/1664 1643/1643/1643 1667/1667/1667
f 1666/1666/1666 1643/1643/1643 1669/1669/1669
f 1670/1670/1670 1643/1643/1643 1671/1671/1671
f 1673/1673/1673 1643/1643/1643 1676/1676/1676
f 1646/1646/1646 1649/1649/1649 1705/1705/1705
f 1705/1705/1705 1704/1704/1704 1646/1646/1646
f 1665/1665/1665 1668/1668/1668 1719/1719/1719
f 1719/1719/1719 1718/1718/1718 1665/1665/1665
f 1653/1653/1653 1658/1658/1658 1711/1711/1711
f 1711/1711/1711 1710/1710/1710 1653/1653/1653
f 1674/1674/1674 1641/1641/1641 1701/1701/1701
f 1701/1701/1701 1724/1724/1724 1674/1674/1674
f 1662/1662/1662 1665/1665/1665 1718/1718/1718
f 1718/1718/1718 1715/1715/1715 1662/1662/1662
f 1703/1703/1703 1706/1706/1706 1682/1682/1682
f 1682/1682/1682 1678/1678/1678 1703/1703/1703
f 1706/1706/1706 1707/1707/1707 1684/1684/1684
f 1684/1684/1684 1682/1682/1682 1706/1706/1706
f 1707/1707/1707 1709/1709/1709 1686/1686/1686
f 1686/1686/1686 1684/1684/1684 1707/1707/1707
f 1709/1709/1709 1712/1712/1712 1687/1687/1687
f 1687/1687/1687 1686/1686/1686 1709/1709/1709
f 1712/1712/1712 1713/1713/1713 1690/1690/1690
f 1690/1690/1690 1687/1687/1687 1712/1712/1712
f 1713/1713/1713 1716/1716/1716 1691/1691/1691
f 1691/1691/1691 1690/1690/1690 1713/1713/1713
f 1716/1716/1716 1717/1717/1717 1694/1694/1694
f 1694/1694/1694 1691/1691/1691 1716/1716/1716
f 1717/1717/1717 1720/1720/1720 1696/1696/1696
f 1696/1696/1696 1694/1694/1694 1717/1717/1717
f 1720/1720/1720 1722/1722/1722 1698/1698/1698
f 1698/1698/1698 1696/1696/1696 1720/1720/1720
f 1722/1722/1722 1723/1723/1723 1699/1699/1699
f 1699/1699/1699 1698/1698/1698 1722/1722/1722
f 1723/1723/1723 1702/1702/1702 1679/1679/1679
f 1679/1679/1679 1699/1699/1699 1723/1723/1723
f 1702/1702/1702 1703/1703/1703 1678/1678/1678
f 1678/1678/1678 1679/1679/1679 1702/1702/1702
f 1658/1658/1658 1659/1659/1659 1714/1714/1714
f 1714/1714/1714 1711/1711/1711 1658/1658/1658
f 1668/1668/1668 1672/1672/1672 1721/1721/1721
f 1721/1721/1721 1719/1719/1719 1668/1668/1668
f 1649/1649/1649 1652/1652/1652 1708/1708/1708
f 1708/1708/1708 1705/1705/1705 1649/1649/1649
f 1659/1659/1659 1662/1662/1662 1715/1715/1715
f 1715/1715/1715 1714/1714/1714 1659/1659/1659
f 1672/1672/1672 1674/1674/1674 1724/1724/1724
f 1724/1724/1724 1721/1721/1721 1672/1672/1672
f 1652/1652/1652 1653/1653/1653 1710/1710/1710
f 1710/1710/1710 1708/1708/1708 1652/1652/1652
f 1641/1641/1641 1646/1646/1646 1704/1704/1704
f 1704/1704/1704 1701/1701/1701 1641/1641/1641
f 1599/1599/1599 1680/1680/1680 1677/1677/1677
f 1677/1677/1677 1602/1602/1602 1599/1599/1599
f 1601/1601/1601 1606/1606/1606 1609/1609/1609
f 1609/1609/1609 1597/1597/1597 1601/1601/1601
f 1612/1612/1612 1615/1615/1615 1618/1618/1618
f 1618/1618/1618 1609/1609/1609 1612/1612/1612
f 1625/1625/1625 1627/1627/1627 1631/1631/1631
f 1631/1631/1631 1618/1618/1618 1625/1625/1625
f 1634/1634/1634 1638/1638/1638 1597/1597/1597
f 1597/1597/1597 1631/1631/1631 1634/1634/1634
f 1728/1728/1728 1733/1733/1733 1736/1736/1736
f 1736/1736/1736 1726/1726/1726 1728/1728/1728
f 1630/1630/1630 1596/1596/1596 1730/1730/1730
f 1730/1730/1730 1727/1727/1727 1630/1630/1630
f 1600/1600/1600 1608/1608/1608 1732/1732/1732
f 1732/1732/1732 1729/1729/1729 1600/1600/1600
f 1610/1610/1610 1622/1622/1622 1734/1734/1734
f 1734/1734/1734 1731/1731/1731 1610/1610/1610
f 1741/1741/1741 1750/1750/1750 1752/1752/1752
f 1752/1752/1752 1743/1743/1743 1741/1741/1741
f 1740/1740/1740 1748/1748/1748 1749/1749/1749
f 1749/1749/1749 1742/1742/1742 1740/1740/1740
f 1737/1737/1737 1746/1746/1746 1747/1747/1747
f 1747/1747/1747 1739/1739/1739 1737/1737/1737
f 1744/1744/1744 1751/1751/1751 1745/1745/1745
f 1745/1745/1745 1738/1738/1738 1744/1744/1744
f 1757/1757/1757 1759/1759/1759 1767/1767/1767
f 1767/1767/1767 1766/1766/1766 1757/1757/1757
f 1756/1756/1756 1758/1758/1758 1765/1765/1765
f 1765/1765/1765 1763/1763/1763 1756/1756/1756
f 1754/1754/1754 1755/1755/1755 1764/1764/1764
f 1764/1764/1764 1762/1762/1762 1754/1754/1754
f 1760/1760/1760 1753/1753/1753 1761/1761/1761
f 1761/1761/1761 1768/1768/1768 1760/1760/1760
f 1774/1774/1774 1781/1781/1781 1783/1783/1783
f 1783/1783/1783 1775/1775/1775 1774/1774/1774
f 1771/1771/1771 1779/1779/1779 1782/1782/1782
f 1782/1782/1782 1773/1773/1773 1771/1771/1771
f 1770/1770/1770 1778/1778/1778 1780/1780/1780
f 1780/1780/1780 1772/1772/1772 1770/1770/1770
f 1776/1776/1776 1784/1784/1784 1777/1777/1777
f 1777/1777/1777 1769/1769/1769 1776/1776/1776
f 1789/1789/1789 1792/1792/1792 1800/1800/1800
f 1800/1800/1800 1797/1797/1797 1789/1789/1789
f 1787/1787/1787 1790/1790/1790 1798/1798/1798
f 1798/1798/1798 1795/1795/1795 1787/1787/1787
f 1785/1785/1785 1788/1788/1788 1796/1796/1796
f 1796/1796/1796 1793/1793/1793 1785/1785/1785
f 1791/1791/1791 1786/1786/1786 1794/1794/1794
f 1794/1794/1794 1799/1799/1799 1791/1791/1791
f 1802/1802/1802 1803/1803/1803 1807/1807/1807
f 1807/1807/1807 1806/1806/1806 1802/1802/1802
f 1805/1805/1805 1808/1808/1808 1811/1811/1811
f 1811/1811/1811 1809/1809/1809 1805/1805/1805
f 1810/1810/1810 1812/1812/1812 1816/1816/1816
f 1816/1816/1816 1814/1814/1814 1810/1810/1810
f 1813/1813/1813 1815/1815/1815 1820/1820/1820
f 1820/1820/1820 1818/1818/1818 1813/1813/1813
f 1817/1817/1817 1819/1819/1819 1824/1824/1824
f 1824/1824/1824 1822/1822/1822 1817/1817/1817
f 1821/1821/1821 1823/1823/1823 1804/1804/1804
f 1804/1804/1804 1801/1801/1801 1821/1821/1821
f 1827/1827/1827 1853/1853/1853 1851/1851/1851
f 1851/1851/1851 1829/1829/1829 1827/1827/1827
f 1839/1839/1839 1840/1840/1840 1836/1836/1836
f 1836/1836/1836 1831/1831/1831 1839/1839/1839
f 1846/1846/1846 1845/1845/1845 1843/1843/1843
f 1843/1843/1843 1844/1844/1844 1846/1846/1846
f 1826/1826/1826 1828/1828/1828 1837/1837/1837
f 1837/1837/1837 1832/1832/1832 1826/1826/1826
f 1857/1857/1857 1841/1841/1841 1838/1838/1838
f 1859/1859/1859 1861/1861/1861 1834/1834/1834
f 1834/1834/1834 1842/1842/1842 1859/1859/1859
f 1855/1855/1855 1847/1847/1847 1848/1848/1848
f 1848/1848/1848 1852/1852/1852 1855/1855/1855
f 1854/1854/1854 1860/1860/1860 1858/1858/1858
f 1858/1858/1858 1850/1850/1850 1854/1854/1854
f 1835/1835/1835 1862/1862/1862 1833/1833/1833
f 1825/1825/1825 1833/1833/1833 1862/1862/1862
f 1862/1862/1862 1856/1856/1856 1825/1825/1825
f 1830/1830/1830 1849/1849/1849 1857/1857/1857
f 1857/1857/1857 1838/1838/1838 1830/1830/1830
f 1918/1918/1918 1922/1922/1922 1902/1902/1902
f 1902/1902/1902 1895/1895/1895 1918/1918/1918
f 1929/1929/1929 1930/1930/1930 1924/1924/1924
f 1924/1924/1924 1916/1916/1916 1929/1929/1929
f 1931/1931/1931 1934/1934/1934 1920/1920/1920
f 1920/1920/1920 1923/1923/1923 1931/1931/1931
f 1910/1910/1910 1913/1913/1913 1900/1900/1900
f 1900/1900/1900 1903/1903/1903 1910/1910/1910
f 1898/1898/1898 1901/1901/1901 1914/1914/1914
f 1914/1914/1914 1906/1906/1906 1898/1898/1898
f 1908/1908/1908 1912/1912/1912 1933/1933/1933
f 1933/1933/1933 1926/1926/1926 1908/1908/1908
f 1867/1867/1867 1869/1869/1869 1877/1877/1877
f 1877/1877/1877 1876/1876/1876 1867/1867/1867
f 1863/1863/1863 1865/1865/1865 1870/1870/1870
f 1870/1870/1870 1868/1868/1868 1863/1863/1863
f 1875/1875/1875 1878/1878/1878 1873/1873/1873
f 1873/1873/1873 1872/1872/1872 1875/1875/1875
f 1871/1871/1871 1874/1874/1874 1866/1866/1866
f 1866/1866/1866 1864/1864/1864 1871/1871/1871
f 1884/1884/1884 1885/1885/1885 1894/1894/1894
f 1894/1894/1894 1891/1891/1891 1884/1884/1884
f 1880/1880/1880 1881/1881/1881 1886/1886/1886
f 1886/1886/1886 1883/1883/1883 1880/1880/1880
f 1892/1892/1892 1893/1893/1893 1889/1889/1889
f 1889/1889/1889 1888/1888/1888 1892/1892/1892
f 1887/1887/1887 1890/1890/1890 1882/1882/1882
f 1882/1882/1882 1879/1879/1879 1887/1887/1887
f 1896/1896/1896 1904/1904/1904 1901/1901/1901
f 1901/1901/1901 1898/1898/1898 1896/1896/1896
f 1911/1911/1911 1907/1907/1907 1906/1906/1906
f 1906/1906/1906 1914/1914/1914 1911/1911/1911
f 1930/1930/1930 1929/1929/1929 1927/1927/1927
f 1927/1927/1927 1932/1932/1932 1930/1930/1930
f 1921/1921/1921 1917/1917/1917 1916/1916/1916
f 1916/1916/1916 1924/1924/1924 1921/1921/1921
f 1925/1925/1925 1928/1928/1928 1915/1915/1915
f 1915/1915/1915 1919/1919/1919 1925/1925/1925
f 1934/1934/1934 1910/1910/1910 1903/1903/1903
f 1903/1903/1903 1920/1920/1920 1934/1934/1934
f 1905/1905/1905 1909/1909/1909 1897/1897/1897
f 1897/1897/1897 1899/1899/1899 1905/1905/1905
f 1909/1909/1909 1925/1925/1925 1919/1919/1919
f 1919/1919/1919 1897/1897/1897 1909/1909/1909

