# https://github.com/mikedh/trimesh
mtllib material.mtl
usemtl material_0
v -1.00000000 0.00000000 1.00000000
v -1.00000000 0.00000000 1.00000000
v -1.00000000 0.00000000 1.00000000
v -1.00000000 0.10000000 1.00000000
v -1.00000000 0.10000000 1.00000000
v -1.00000000 0.10000000 1.00000000
v -1.00000000 0.00000000 -1.00000000
v -1.00000000 0.00000000 -1.00000000
v -1.00000000 0.00000000 -1.00000000
v -1.00000000 0.10000000 -1.00000000
v -1.00000000 0.10000000 -1.00000000
v -1.00000000 0.10000000 -1.00000000
v 1.00000000 0.00000000 1.00000000
v 1.00000000 0.00000000 1.00000000
v 1.00000000 0.00000000 1.00000000
v 1.00000000 0.10000000 1.00000000
v 1.00000000 0.10000000 1.00000000
v 1.00000000 0.10000000 1.00000000
v 1.00000000 0.00000000 -1.00000000
v 1.00000000 0.00000000 -1.00000000
v 1.00000000 0.00000000 -1.00000000
v 1.00000000 0.10000000 -1.00000000
v 1.00000000 0.10000000 -1.00000000
v 1.00000000 0.10000000 -1.00000000
v 0.90000000 0.00000000 -1.00000000
v 0.90000000 0.00000000 -1.00000000
v 0.90000000 0.00000000 -1.00000000
v -0.90000000 0.00000000 -1.00000000
v -0.90000000 0.00000000 -1.00000000
v -0.90000000 0.00000000 -1.00000000
v -0.90000000 0.10000000 -1.00000000
v -0.90000000 0.10000000 -1.00000000
v -0.90000000 0.10000000 -1.00000000
v -0.90000000 0.10000000 -1.00000000
v 0.90000000 0.10000000 -1.00000000
v 0.90000000 0.10000000 -1.00000000
v 0.90000000 0.10000000 -1.00000000
v 0.90000000 0.10000000 -1.00000000
v -0.90000000 0.00000000 1.00000000
v -0.90000000 0.00000000 1.00000000
v -0.90000000 0.00000000 1.00000000
v 0.90000000 0.00000000 1.00000000
v 0.90000000 0.00000000 1.00000000
v 0.90000000 0.00000000 1.00000000
v 0.90000000 0.10000000 1.00000000
v 0.90000000 0.10000000 1.00000000
v 0.90000000 0.10000000 1.00000000
v 0.90000000 0.10000000 1.00000000
v -0.90000000 0.10000000 1.00000000
v -0.90000000 0.10000000 1.00000000
v -0.90000000 0.10000000 1.00000000
v -0.90000000 0.10000000 1.00000000
v -1.00000000 0.00000000 -0.90000000
v -1.00000000 0.00000000 -0.90000000
v -1.00000000 0.00000000 -0.90000000
v -1.00000000 0.00000000 0.90000000
v -1.00000000 0.00000000 0.90000000
v -1.00000000 0.00000000 0.90000000
v -1.00000000 0.10000000 0.90000000
v -1.00000000 0.10000000 0.90000000
v -1.00000000 0.10000000 0.90000000
v -1.00000000 0.10000000 0.90000000
v -1.00000000 0.10000000 -0.90000000
v -1.00000000 0.10000000 -0.90000000
v -1.00000000 0.10000000 -0.90000000
v -1.00000000 0.10000000 -0.90000000
v 1.00000000 0.00000000 0.90000000
v 1.00000000 0.00000000 0.90000000
v 1.00000000 0.00000000 0.90000000
v 1.00000000 0.00000000 -0.90000000
v 1.00000000 0.00000000 -0.90000000
v 1.00000000 0.00000000 -0.90000000
v 1.00000000 0.10000000 -0.90000000
v 1.00000000 0.10000000 -0.90000000
v 1.00000000 0.10000000 -0.90000000
v 1.00000000 0.10000000 -0.90000000
v 1.00000000 0.10000000 0.90000000
v 1.00000000 0.10000000 0.90000000
v 1.00000000 0.10000000 0.90000000
v 1.00000000 0.10000000 0.90000000
v 0.90000000 0.10000000 -0.90000000
v 0.90000000 0.10000000 -0.90000000
v 0.90000000 0.10000000 -0.90000000
v 0.90000000 0.10000000 0.90000000
v 0.90000000 0.10000000 0.90000000
v 0.90000000 0.10000000 0.90000000
v -0.90000000 0.10000000 -0.90000000
v -0.90000000 0.10000000 -0.90000000
v -0.90000000 0.10000000 -0.90000000
v -0.90000000 0.10000000 0.90000000
v -0.90000000 0.10000000 0.90000000
v -0.90000000 0.10000000 0.90000000
v -0.90000000 0.00000000 -0.90000000
v -0.90000000 0.00000000 0.90000000
v 0.90000000 0.00000000 -0.90000000
v 0.90000000 0.00000000 0.90000000
v -0.60000000 0.10000000 -0.60000000
v -0.60000000 0.10000000 -0.60000000
v 0.60000000 0.10000000 -0.60000000
v 0.60000000 0.10000000 -0.60000000
v 0.60000000 0.10000000 0.60000000
v 0.60000000 0.10000000 0.60000000
v -0.60000000 0.10000000 0.60000000
v -0.60000000 0.10000000 0.60000000
v 0.20000000 0.10000000 0.60000000
v -0.20000000 0.10000000 0.60000000
v -0.60000000 1.60000100 -0.60000000
v -0.60000000 1.60000100 -0.60000000
v 0.20000000 1.60000100 0.60000000
v -0.20000000 1.60000100 0.60000000
v 0.60000000 0.90000000 0.60000000
v 0.60000000 0.90000000 0.60000000
v -0.60000000 0.90000000 0.60000000
v -0.60000000 0.90000000 0.60000000
v -0.20000000 0.90000000 0.60000000
v 0.20000000 0.90000000 0.60000000
v -0.30000000 1.07500000 0.60000000
v -0.30000000 1.07500000 0.60000000
v -0.30000000 1.07500000 0.60000000
v -0.30000000 1.42500000 0.60000000
v -0.30000000 1.42500000 0.60000000
v -0.30000000 1.42500000 0.60000000
v -0.50000000 1.42500000 0.60000000
v -0.50000000 1.42500000 0.60000000
v -0.50000000 1.42500000 0.60000000
v -0.50000000 1.07500000 0.60000000
v -0.50000000 1.07500000 0.60000000
v -0.50000000 1.07500000 0.60000000
v 0.30000000 0.27500000 0.60000000
v 0.30000000 0.27500000 0.60000000
v 0.30000000 0.27500000 0.60000000
v 0.50000000 0.27500000 0.60000000
v 0.50000000 0.27500000 0.60000000
v 0.50000000 0.27500000 0.60000000
v 0.50000000 0.62500000 0.60000000
v 0.50000000 0.62500000 0.60000000
v 0.50000000 0.62500000 0.60000000
v 0.30000000 0.62500000 0.60000000
v 0.30000000 0.62500000 0.60000000
v 0.30000000 0.62500000 0.60000000
v 0.30000000 1.42500000 0.60000000
v 0.30000000 1.42500000 0.60000000
v 0.30000000 1.42500000 0.60000000
v 0.30000000 1.07500000 0.60000000
v 0.30000000 1.07500000 0.60000000
v 0.30000000 1.07500000 0.60000000
v 0.50000000 1.07500000 0.60000000
v 0.50000000 1.07500000 0.60000000
v 0.50000000 1.07500000 0.60000000
v 0.50000000 1.42500000 0.60000000
v 0.50000000 1.42500000 0.60000000
v 0.50000000 1.42500000 0.60000000
v -0.30000000 0.10500000 0.60000000
v -0.30000000 0.10500000 0.60000000
v -0.30000000 0.10500000 0.60000000
v -0.30000000 0.62500000 0.60000000
v -0.30000000 0.62500000 0.60000000
v -0.30000000 0.62500000 0.60000000
v -0.50000000 0.62500000 0.60000000
v -0.50000000 0.62500000 0.60000000
v -0.50000000 0.62500000 0.60000000
v -0.50000000 0.10500000 0.60000000
v -0.50000000 0.10500000 0.60000000
v -0.50000000 0.10500000 0.60000000
v 0.10000000 0.27500000 0.60000000
v 0.10000000 0.27500000 0.60000000
v 0.10000000 0.27500000 0.60000000
v 0.10000000 0.62500000 0.60000000
v 0.10000000 0.62500000 0.60000000
v 0.10000000 0.62500000 0.60000000
v -0.10000000 0.62500000 0.60000000
v -0.10000000 0.62500000 0.60000000
v -0.10000000 0.62500000 0.60000000
v -0.10000000 0.27500000 0.60000000
v -0.10000000 0.27500000 0.60000000
v -0.10000000 0.27500000 0.60000000
v 0.10000000 1.07500000 0.60000000
v 0.10000000 1.07500000 0.60000000
v 0.10000000 1.07500000 0.60000000
v 0.10000000 1.42500000 0.60000000
v 0.10000000 1.42500000 0.60000000
v 0.10000000 1.42500000 0.60000000
v -0.10000000 1.42500000 0.60000000
v -0.10000000 1.42500000 0.60000000
v -0.10000000 1.42500000 0.60000000
v -0.10000000 1.07500000 0.60000000
v -0.10000000 1.07500000 0.60000000
v -0.10000000 1.07500000 0.60000000
v 0.50000000 0.27500000 0.50000000
v 0.50000000 0.27500000 0.50000000
v 0.30000000 0.27500000 0.50000000
v 0.30000000 0.27500000 0.50000000
v 0.10000000 0.27500000 0.50000000
v 0.10000000 0.27500000 0.50000000
v -0.10000000 0.27500000 0.50000000
v -0.10000000 0.27500000 0.50000000
v -0.30000000 0.10500000 0.50000000
v -0.30000000 0.10500000 0.50000000
v -0.50000000 0.10500000 0.50000000
v -0.50000000 0.10500000 0.50000000
v -0.30000000 1.42500000 0.50000000
v -0.30000000 1.42500000 0.50000000
v -0.30000000 1.07500000 0.50000000
v -0.30000000 1.07500000 0.50000000
v -0.50000000 1.07500000 0.50000000
v -0.50000000 1.07500000 0.50000000
v -0.50000000 1.42500000 0.50000000
v -0.50000000 1.42500000 0.50000000
v 0.30000000 0.62500000 0.50000000
v 0.30000000 0.62500000 0.50000000
v 0.50000000 0.62500000 0.50000000
v 0.50000000 0.62500000 0.50000000
v 0.30000000 1.42500000 0.50000000
v 0.30000000 1.42500000 0.50000000
v 0.30000000 1.07500000 0.50000000
v 0.30000000 1.07500000 0.50000000
v 0.50000000 1.42500000 0.50000000
v 0.50000000 1.42500000 0.50000000
v 0.50000000 1.07500000 0.50000000
v 0.50000000 1.07500000 0.50000000
v -0.30000000 0.62500000 0.50000000
v -0.30000000 0.62500000 0.50000000
v -0.50000000 0.62500000 0.50000000
v -0.50000000 0.62500000 0.50000000
v 0.10000000 0.62500000 0.50000000
v 0.10000000 0.62500000 0.50000000
v -0.10000000 0.62500000 0.50000000
v -0.10000000 0.62500000 0.50000000
v 0.10000000 1.42500000 0.50000000
v 0.10000000 1.42500000 0.50000000
v 0.10000000 1.07500000 0.50000000
v 0.10000000 1.07500000 0.50000000
v -0.10000000 1.07500000 0.50000000
v -0.10000000 1.07500000 0.50000000
v -0.10000000 1.42500000 0.50000000
v -0.10000000 1.42500000 0.50000000
v 0.60000000 1.60000000 -0.60000000
v 0.60000000 1.60000000 -0.60000000
v 0.60000000 2.25000100 -0.60000000
v 0.60000000 2.25000100 -0.60000000
v 0.60000000 2.25000100 0.60000000
v 0.60000000 2.25000100 0.60000000
v -0.60000000 2.25000100 0.60000000
v -0.60000000 2.25000100 0.60000000
v -0.60000000 2.25000100 -0.60000000
v -0.60000000 2.25000100 -0.60000000
v 0.20000000 2.25000100 0.60000000
v -0.20000000 2.25000100 0.60000000
v 0.60000000 1.60000000 0.60000000
v 0.60000000 1.60000000 0.60000000
v -0.60000000 1.60000000 0.60000000
v -0.60000000 1.60000000 0.60000000
v -0.30000000 1.77500000 0.60000000
v -0.30000000 1.77500000 0.60000000
v -0.30000000 1.77500000 0.60000000
v -0.30000000 2.12500100 0.60000000
v -0.30000000 2.12500100 0.60000000
v -0.30000000 2.12500100 0.60000000
v -0.50000000 2.12500100 0.60000000
v -0.50000000 2.12500100 0.60000000
v -0.50000000 2.12500100 0.60000000
v -0.50000000 1.77500000 0.60000000
v -0.50000000 1.77500000 0.60000000
v -0.50000000 1.77500000 0.60000000
v 0.30000000 2.12500100 0.60000000
v 0.30000000 2.12500100 0.60000000
v 0.30000000 2.12500100 0.60000000
v 0.30000000 1.77500000 0.60000000
v 0.30000000 1.77500000 0.60000000
v 0.30000000 1.77500000 0.60000000
v 0.50000000 1.77500000 0.60000000
v 0.50000000 1.77500000 0.60000000
v 0.50000000 1.77500000 0.60000000
v 0.50000000 2.12500100 0.60000000
v 0.50000000 2.12500100 0.60000000
v 0.50000000 2.12500100 0.60000000
v 0.10000000 1.77500000 0.60000000
v 0.10000000 1.77500000 0.60000000
v 0.10000000 1.77500000 0.60000000
v 0.10000000 2.12500100 0.60000000
v 0.10000000 2.12500100 0.60000000
v 0.10000000 2.12500100 0.60000000
v -0.10000000 2.12500100 0.60000000
v -0.10000000 2.12500100 0.60000000
v -0.10000000 2.12500100 0.60000000
v -0.10000000 1.77500000 0.60000000
v -0.10000000 1.77500000 0.60000000
v -0.10000000 1.77500000 0.60000000
v -0.30000000 2.12500100 0.50000000
v -0.30000000 2.12500100 0.50000000
v -0.30000000 1.77500000 0.50000000
v -0.30000000 1.77500000 0.50000000
v -0.50000000 1.77500000 0.50000000
v -0.50000000 1.77500000 0.50000000
v -0.50000000 2.12500100 0.50000000
v -0.50000000 2.12500100 0.50000000
v 0.30000000 2.12500100 0.50000000
v 0.30000000 2.12500100 0.50000000
v 0.30000000 1.77500000 0.50000000
v 0.30000000 1.77500000 0.50000000
v 0.50000000 2.12500100 0.50000000
v 0.50000000 2.12500100 0.50000000
v 0.50000000 1.77500000 0.50000000
v 0.50000000 1.77500000 0.50000000
v 0.10000000 2.12500100 0.50000000
v 0.10000000 2.12500100 0.50000000
v 0.10000000 1.77500000 0.50000000
v 0.10000000 1.77500000 0.50000000
v -0.10000000 1.77500000 0.50000000
v -0.10000000 1.77500000 0.50000000
v -0.10000000 2.12500100 0.50000000
v -0.10000000 2.12500100 0.50000000
v -0.60000000 0.90000000 -0.60000000
v -0.60000000 0.90000000 -0.60000000
v 0.60000000 0.90000000 -0.60000000
v 0.60000000 0.90000000 -0.60000000
v -0.48201700 0.13150000 0.54194800
v -0.48201700 0.13150000 0.54194800
v -0.31797900 0.13150000 0.54194800
v -0.31797900 0.13150000 0.54194800
v -0.52692200 0.63624500 0.50616700
v -0.52692200 0.63624500 0.50616700
v -0.52692200 0.59721000 0.62487000
v -0.52692200 0.59721000 0.62487000
v -0.52692200 0.59721000 0.62487000
v -0.52692200 0.59721000 0.50616700
v -0.52692200 0.59721000 0.50616700
v -0.27307200 0.63624500 0.50616700
v -0.27307200 0.63624500 0.50616700
v -0.52692200 0.63624500 0.62487000
v -0.52692200 0.63624500 0.62487000
v -0.52692200 0.63624500 0.62487000
v -0.27307200 0.59721000 0.50616700
v -0.27307200 0.59721000 0.50616700
v -0.27307200 0.63624500 0.62487000
v -0.27307200 0.63624500 0.62487000
v -0.27307200 0.63624500 0.62487000
v -0.27307200 0.59721000 0.62487000
v -0.27307200 0.59721000 0.62487000
v -0.27307200 0.59721000 0.62487000
v -0.32851400 0.61917400 0.51597000
v -0.32851400 0.13048900 0.56306400
v -0.32851400 0.13048900 0.56306400
v -0.32851400 0.13048900 0.51597000
v -0.32851400 0.61917400 0.56306400
v -0.32851400 0.61917400 0.56306400
v -0.29353200 0.61917400 0.56306400
v -0.29353200 0.13048900 0.56306400
v -0.50646400 0.13048900 0.56306400
v -0.47148200 0.61917400 0.51597000
v -0.50646400 0.61917400 0.56306400
v -0.47148200 0.13048900 0.51597000
v -0.47148200 0.61917400 0.56306400
v -0.47148200 0.61917400 0.56306400
v -0.47148200 0.13048900 0.56306400
v -0.47148200 0.13048900 0.56306400
v -0.52692200 0.13783100 0.47549100
v -0.52692200 0.13783100 0.47549100
v -0.52692200 0.09993000 0.47549100
v -0.27307200 0.13783100 0.47549100
v -0.27307200 0.13783100 0.47549100
v -0.52692200 0.13783100 0.64257600
v -0.52692200 0.13783100 0.64257600
v -0.52692200 0.13783100 0.64257600
v -0.27307200 0.09993000 0.47549100
v -0.27307200 0.13783100 0.64257600
v -0.27307200 0.13783100 0.64257600
v -0.27307200 0.13783100 0.64257600
v -0.52692200 0.09993000 0.64257600
v -0.52692200 0.09993000 0.64257600
v -0.27307200 0.09993000 0.64257600
v -0.27307200 0.09993000 0.64257600
v -0.49813800 0.52645800 0.52393700
v -0.49813800 0.50408600 0.55211900
v -0.49813800 0.50408600 0.55211900
v -0.49813800 0.50408600 0.52393700
v -0.30185600 0.52645800 0.52393700
v -0.49813800 0.52645800 0.55211900
v -0.49813800 0.52645800 0.55211900
v -0.30185600 0.50408600 0.52393700
v -0.30185600 0.52645800 0.55211900
v -0.30185600 0.52645800 0.55211900
v -0.30185600 0.50408600 0.55211900
v -0.30185600 0.50408600 0.55211900
v -0.31797900 0.51476400 0.54194800
v -0.31797900 0.51476400 0.54194800
v -0.48201700 0.51476400 0.54194800
v -0.48201700 0.51476400 0.54194800
v -0.48201700 0.59923300 0.54194800
v -0.31797900 0.59923300 0.54194800
v -0.31797900 0.51476400 0.54194800
v -0.48201700 0.51476400 0.54194800
v -0.31797900 0.28313200 0.54194800
v -0.31797900 0.28313200 0.54194800
v -0.31797900 0.28313200 0.54194800
v -0.48201700 0.28313200 0.54194800
v -0.48201700 0.28313200 0.54194800
v -0.48201700 0.28313200 0.54194800
v -0.34915500 0.25195600 0.54194800
v -0.34915500 0.25195600 0.54194800
v -0.34915500 0.25195600 0.54194800
v -0.45084100 0.25195600 0.54194800
v -0.45084100 0.25195600 0.54194800
v -0.45084100 0.25195600 0.54194800
v -0.45084100 0.16267600 0.54194800
v -0.45084100 0.16267600 0.54194800
v -0.45084100 0.16267600 0.54194800
v -0.34915500 0.16267600 0.54194800
v -0.34915500 0.16267600 0.54194800
v -0.34915500 0.16267600 0.54194800
v -0.34915500 0.48358800 0.54194800
v -0.34915500 0.48358800 0.54194800
v -0.34915500 0.48358800 0.54194800
v -0.45084100 0.48358800 0.54194800
v -0.45084100 0.48358800 0.54194800
v -0.45084100 0.48358800 0.54194800
v -0.45084100 0.31430800 0.54194800
v -0.45084100 0.31430800 0.54194800
v -0.45084100 0.31430800 0.54194800
v -0.34915500 0.31430800 0.54194800
v -0.34915500 0.31430800 0.54194800
v -0.34915500 0.31430800 0.54194800
v -0.36073500 0.26991200 0.56206400
v -0.36073500 0.27521900 0.56737000
v -0.36073500 0.27521900 0.56737000
v -0.36073500 0.27521900 0.56737000
v -0.36604200 0.27521900 0.56206400
v -0.36604200 0.27521900 0.56206400
v -0.36073500 0.29104500 0.56737000
v -0.36073500 0.29104500 0.56737000
v -0.36073500 0.29104500 0.56737000
v -0.36073500 0.29635200 0.56206400
v -0.36604200 0.29104500 0.56206400
v -0.36604200 0.29104500 0.56206400
v -0.36073500 0.26991200 0.54623700
v -0.36604200 0.27521900 0.54623700
v -0.36604200 0.27521900 0.54623700
v -0.36073500 0.27521900 0.54093000
v -0.36073500 0.27521900 0.54093000
v -0.36073500 0.29635200 0.54623700
v -0.36073500 0.29104500 0.54093000
v -0.36073500 0.29104500 0.54093000
v -0.36604200 0.29104500 0.54623700
v -0.36604200 0.29104500 0.54623700
v -0.34490800 0.26991200 0.56206400
v -0.33960200 0.27521900 0.56206400
v -0.33960200 0.27521900 0.56206400
v -0.34490800 0.27521900 0.56737000
v -0.34490800 0.27521900 0.56737000
v -0.34490800 0.27521900 0.56737000
v -0.34490800 0.29635200 0.56206400
v -0.34490800 0.29104500 0.56737000
v -0.34490800 0.29104500 0.56737000
v -0.34490800 0.29104500 0.56737000
v -0.33960200 0.29104500 0.56206400
v -0.33960200 0.29104500 0.56206400
v -0.34490800 0.26991200 0.54623700
v -0.34490800 0.27521900 0.54093000
v -0.34490800 0.27521900 0.54093000
v -0.33960200 0.27521900 0.54623700
v -0.33960200 0.27521900 0.54623700
v -0.34490800 0.29635200 0.54623700
v -0.33960200 0.29104500 0.54623700
v -0.33960200 0.29104500 0.54623700
v -0.34490800 0.29104500 0.54093000
v -0.34490800 0.29104500 0.54093000
v -0.48201900 1.39923300 0.54194800
v -0.31798100 1.39923300 0.54194800
v -0.52692400 1.43624500 0.50616700
v -0.52692400 1.43624500 0.50616700
v -0.52692400 1.39721000 0.62487000
v -0.52692400 1.39721000 0.62487000
v -0.52692400 1.39721000 0.62487000
v -0.52692400 1.39721000 0.50616700
v -0.52692400 1.39721000 0.50616700
v -0.27307500 1.43624500 0.50616700
v -0.27307500 1.43624500 0.50616700
v -0.52692400 1.43624500 0.62487000
v -0.52692400 1.43624500 0.62487000
v -0.52692400 1.43624500 0.62487000
v -0.27307500 1.39721000 0.50616700
v -0.27307500 1.39721000 0.50616700
v -0.27307500 1.43624500 0.62487000
v -0.27307500 1.43624500 0.62487000
v -0.27307500 1.43624500 0.62487000
v -0.27307500 1.39721000 0.62487000
v -0.27307500 1.39721000 0.62487000
v -0.27307500 1.39721000 0.62487000
v -0.32851600 1.41917400 0.51597000
v -0.32851600 1.10048900 0.56306400
v -0.32851600 1.10048900 0.56306400
v -0.32851600 1.10048900 0.51597000
v -0.32851600 1.41917400 0.56306400
v -0.32851600 1.41917400 0.56306400
v -0.29353400 1.41917400 0.56306400
v -0.29353400 1.10048900 0.56306400
v -0.50646700 1.10048900 0.56306400
v -0.47148400 1.41917400 0.51597000
v -0.50646700 1.41917400 0.56306400
v -0.47148400 1.10048900 0.51597000
v -0.47148400 1.41917400 0.56306400
v -0.47148400 1.41917400 0.56306400
v -0.47148400 1.10048900 0.56306400
v -0.47148400 1.10048900 0.56306400
v -0.52692400 1.10783100 0.47549100
v -0.52692400 1.10783100 0.47549100
v -0.52692400 1.04363900 0.47549100
v -0.52692400 1.04363900 0.47549100
v -0.27307500 1.10783100 0.47549100
v -0.27307500 1.10783100 0.47549100
v -0.52692400 1.10783100 0.64257600
v -0.52692400 1.10783100 0.64257600
v -0.52692400 1.10783100 0.64257600
v -0.27307500 1.04363900 0.47549100
v -0.27307500 1.04363900 0.47549100
v -0.27307500 1.10783100 0.64257600
v -0.27307500 1.10783100 0.64257600
v -0.27307500 1.10783100 0.64257600
v -0.52692400 1.04363900 0.60599300
v -0.52692400 1.04363900 0.60599300
v -0.52692400 1.04363900 0.60599300
v -0.52692400 1.08022100 0.64257600
v -0.52692400 1.08022100 0.64257600
v -0.52692400 1.08022100 0.64257600
v -0.27307500 1.08022100 0.64257600
v -0.27307500 1.08022100 0.64257600
v -0.27307500 1.08022100 0.64257600
v -0.27307500 1.04363900 0.60599300
v -0.27307500 1.04363900 0.60599300
v -0.27307500 1.04363900 0.60599300
v -0.31798100 1.07251400 0.54194800
v -0.48201900 1.07251400 0.54194800
v -0.08201900 1.10150000 0.54194800
v -0.08201900 1.39923300 0.54194800
v 0.08201900 1.39923300 0.54194800
v 0.08201900 1.10150000 0.54194800
v -0.12692400 1.43624500 0.50616700
v -0.12692400 1.43624500 0.50616700
v -0.12692400 1.39721000 0.62487000
v -0.12692400 1.39721000 0.62487000
v -0.12692400 1.39721000 0.62487000
v -0.12692400 1.39721000 0.50616700
v -0.12692400 1.39721000 0.50616700
v 0.12692500 1.43624500 0.50616700
v 0.12692500 1.43624500 0.50616700
v -0.12692400 1.43624500 0.62487000
v -0.12692400 1.43624500 0.62487000
v -0.12692400 1.43624500 0.62487000
v 0.12692500 1.39721000 0.50616700
v 0.12692500 1.39721000 0.50616700
v 0.12692500 1.43624500 0.62487000
v 0.12692500 1.43624500 0.62487000
v 0.12692500 1.43624500 0.62487000
v 0.12692500 1.39721000 0.62487000
v 0.12692500 1.39721000 0.62487000
v 0.12692500 1.39721000 0.62487000
v 0.07148400 1.41917400 0.51597000
v 0.07148400 1.10048900 0.56306400
v 0.07148400 1.10048900 0.56306400
v 0.07148400 1.10048900 0.51597000
v 0.07148400 1.41917400 0.56306400
v 0.07148400 1.41917400 0.56306400
v 0.10646600 1.41917400 0.56306400
v 0.10646600 1.10048900 0.56306400
v -0.10646700 1.10048900 0.56306400
v -0.07148400 1.41917400 0.51597000
v -0.10646700 1.41917400 0.56306400
v -0.07148400 1.10048900 0.51597000
v -0.07148400 1.41917400 0.56306400
v -0.07148400 1.41917400 0.56306400
v -0.07148400 1.10048900 0.56306400
v -0.07148400 1.10048900 0.56306400
v -0.12692400 1.10783100 0.47549100
v -0.12692400 1.10783100 0.47549100
v -0.12692400 1.04363900 0.47549100
v -0.12692400 1.04363900 0.47549100
v 0.12692500 1.10783100 0.47549100
v 0.12692500 1.10783100 0.47549100
v -0.12692400 1.10783100 0.64257600
v -0.12692400 1.10783100 0.64257600
v -0.12692400 1.10783100 0.64257600
v 0.12692500 1.04363900 0.47549100
v 0.12692500 1.04363900 0.47549100
v 0.12692500 1.10783100 0.64257600
v 0.12692500 1.10783100 0.64257600
v 0.12692500 1.10783100 0.64257600
v -0.12692400 1.04363900 0.60599300
v -0.12692400 1.04363900 0.60599300
v -0.12692400 1.04363900 0.60599300
v -0.12692400 1.08022100 0.64257600
v -0.12692400 1.08022100 0.64257600
v -0.12692400 1.08022100 0.64257600
v 0.12692500 1.08022100 0.64257600
v 0.12692500 1.08022100 0.64257600
v 0.12692500 1.08022100 0.64257600
v 0.12692500 1.04363900 0.60599300
v 0.12692500 1.04363900 0.60599300
v 0.12692500 1.04363900 0.60599300
v -0.09814000 1.28651900 0.52393700
v -0.09814000 1.26414700 0.55211900
v -0.09814000 1.26414700 0.55211900
v -0.09814000 1.26414700 0.52393700
v 0.09814100 1.28651900 0.52393700
v -0.09814000 1.28651900 0.55211900
v -0.09814000 1.28651900 0.55211900
v 0.09814100 1.26414700 0.52393700
v 0.09814100 1.28651900 0.55211900
v 0.09814100 1.28651900 0.55211900
v 0.09814100 1.26414700 0.55211900
v 0.09814100 1.26414700 0.55211900
v 0.08201900 1.27482500 0.54194800
v 0.08201900 1.27482500 0.54194800
v -0.08201900 1.27482500 0.54194800
v -0.08201900 1.27482500 0.54194800
v 0.31798100 1.10150000 0.54194800
v 0.31798100 1.39923300 0.54194800
v 0.48201900 1.39923300 0.54194800
v 0.48201900 1.10150000 0.54194800
v 0.27307600 1.43624500 0.50616700
v 0.27307600 1.43624500 0.50616700
v 0.27307600 1.39721000 0.62487000
v 0.27307600 1.39721000 0.62487000
v 0.27307600 1.39721000 0.62487000
v 0.27307600 1.39721000 0.50616700
v 0.27307600 1.39721000 0.50616700
v 0.52692500 1.43624500 0.50616700
v 0.52692500 1.43624500 0.50616700
v 0.27307600 1.43624500 0.62487000
v 0.27307600 1.43624500 0.62487000
v 0.27307600 1.43624500 0.62487000
v 0.52692500 1.39721000 0.50616700
v 0.52692500 1.39721000 0.50616700
v 0.52692500 1.43624500 0.62487000
v 0.52692500 1.43624500 0.62487000
v 0.52692500 1.43624500 0.62487000
v 0.52692500 1.39721000 0.62487000
v 0.52692500 1.39721000 0.62487000
v 0.52692500 1.39721000 0.62487000
v 0.47148400 1.41917400 0.51597000
v 0.47148400 1.10048900 0.56306400
v 0.47148400 1.10048900 0.56306400
v 0.47148400 1.10048900 0.51597000
v 0.47148400 1.41917400 0.56306400
v 0.47148400 1.41917400 0.56306400
v 0.50646600 1.41917400 0.56306400
v 0.50646600 1.10048900 0.56306400
v 0.29353300 1.10048900 0.56306400
v 0.32851600 1.41917400 0.51597000
v 0.29353300 1.41917400 0.56306400
v 0.32851600 1.10048900 0.51597000
v 0.32851600 1.41917400 0.56306400
v 0.32851600 1.41917400 0.56306400
v 0.32851600 1.10048900 0.56306400
v 0.32851600 1.10048900 0.56306400
v 0.27307600 1.10783100 0.47549100
v 0.27307600 1.10783100 0.47549100
v 0.27307600 1.04363900 0.47549100
v 0.27307600 1.04363900 0.47549100
v 0.52692500 1.10783100 0.47549100
v 0.52692500 1.10783100 0.47549100
v 0.27307600 1.10783100 0.64257600
v 0.27307600 1.10783100 0.64257600
v 0.27307600 1.10783100 0.64257600
v 0.52692500 1.04363900 0.47549100
v 0.52692500 1.04363900 0.47549100
v 0.52692500 1.10783100 0.64257600
v 0.52692500 1.10783100 0.64257600
v 0.52692500 1.10783100 0.64257600
v 0.27307600 1.04363900 0.60599300
v 0.27307600 1.04363900 0.60599300
v 0.27307600 1.04363900 0.60599300
v 0.27307600 1.08022100 0.64257600
v 0.27307600 1.08022100 0.64257600
v 0.27307600 1.08022100 0.64257600
v 0.52692500 1.08022100 0.64257600
v 0.52692500 1.08022100 0.64257600
v 0.52692500 1.08022100 0.64257600
v 0.52692500 1.04363900 0.60599300
v 0.52692500 1.04363900 0.60599300
v 0.52692500 1.04363900 0.60599300
v 0.30186000 1.32645800 0.52393700
v 0.30186000 1.30408600 0.55211900
v 0.30186000 1.30408600 0.55211900
v 0.30186000 1.30408600 0.52393700
v 0.49814100 1.32645800 0.52393700
v 0.30186000 1.32645800 0.55211900
v 0.30186000 1.32645800 0.55211900
v 0.49814100 1.30408600 0.52393700
v 0.49814100 1.32645800 0.55211900
v 0.49814100 1.32645800 0.55211900
v 0.49814100 1.30408600 0.55211900
v 0.49814100 1.30408600 0.55211900
v 0.48201900 1.31476400 0.54194800
v 0.48201900 1.31476400 0.54194800
v 0.31798100 1.31476400 0.54194800
v 0.31798100 1.31476400 0.54194800
v -0.08201900 0.30150000 0.54194800
v -0.08201900 0.59923300 0.54194800
v 0.08201900 0.59923300 0.54194800
v 0.08201900 0.30150000 0.54194800
v -0.12692400 0.63624500 0.50616700
v -0.12692400 0.63624500 0.50616700
v -0.12692400 0.59721000 0.62487000
v -0.12692400 0.59721000 0.62487000
v -0.12692400 0.59721000 0.62487000
v -0.12692400 0.59721000 0.50616700
v -0.12692400 0.59721000 0.50616700
v 0.12692500 0.63624500 0.50616700
v 0.12692500 0.63624500 0.50616700
v -0.12692400 0.63624500 0.62487000
v -0.12692400 0.63624500 0.62487000
v -0.12692400 0.63624500 0.62487000
v 0.12692500 0.59721000 0.50616700
v 0.12692500 0.59721000 0.50616700
v 0.12692500 0.63624500 0.62487000
v 0.12692500 0.63624500 0.62487000
v 0.12692500 0.63624500 0.62487000
v 0.12692500 0.59721000 0.62487000
v 0.12692500 0.59721000 0.62487000
v 0.12692500 0.59721000 0.62487000
v 0.07148400 0.61917400 0.51597000
v 0.07148400 0.30048900 0.56306400
v 0.07148400 0.30048900 0.56306400
v 0.07148400 0.30048900 0.51597000
v 0.07148400 0.61917400 0.56306400
v 0.07148400 0.61917400 0.56306400
v 0.10646600 0.61917400 0.56306400
v 0.10646600 0.30048900 0.56306400
v -0.10646700 0.30048900 0.56306400
v -0.07148400 0.61917400 0.51597000
v -0.10646700 0.61917400 0.56306400
v -0.07148400 0.30048900 0.51597000
v -0.07148400 0.61917400 0.56306400
v -0.07148400 0.61917400 0.56306400
v -0.07148400 0.30048900 0.56306400
v -0.07148400 0.30048900 0.56306400
v -0.12692400 0.30783100 0.47549100
v -0.12692400 0.30783100 0.47549100
v -0.12692400 0.24363900 0.47549100
v -0.12692400 0.24363900 0.47549100
v 0.12692500 0.30783100 0.47549100
v 0.12692500 0.30783100 0.47549100
v -0.12692400 0.30783100 0.64257600
v -0.12692400 0.30783100 0.64257600
v -0.12692400 0.30783100 0.64257600
v 0.12692500 0.24363900 0.47549100
v 0.12692500 0.24363900 0.47549100
v 0.12692500 0.30783100 0.64257600
v 0.12692500 0.30783100 0.64257600
v 0.12692500 0.30783100 0.64257600
v -0.12692400 0.24363900 0.60599300
v -0.12692400 0.24363900 0.60599300
v -0.12692400 0.24363900 0.60599300
v -0.12692400 0.28022100 0.64257600
v -0.12692400 0.28022100 0.64257600
v -0.12692400 0.28022100 0.64257600
v 0.12692500 0.28022100 0.64257600
v 0.12692500 0.28022100 0.64257600
v 0.12692500 0.28022100 0.64257600
v 0.12692500 0.24363900 0.60599300
v 0.12692500 0.24363900 0.60599300
v 0.12692500 0.24363900 0.60599300
v -0.09814000 0.45500300 0.52393700
v -0.09814000 0.43263100 0.55211900
v -0.09814000 0.43263100 0.55211900
v -0.09814000 0.43263100 0.52393700
v 0.09814100 0.45500300 0.52393700
v -0.09814000 0.45500300 0.55211900
v -0.09814000 0.45500300 0.55211900
v 0.09814100 0.43263100 0.52393700
v 0.09814100 0.45500300 0.55211900
v 0.09814100 0.45500300 0.55211900
v 0.09814100 0.43263100 0.55211900
v 0.09814100 0.43263100 0.55211900
v 0.08201900 0.44330900 0.54194800
v 0.08201900 0.44330900 0.54194800
v -0.08201900 0.44330900 0.54194800
v -0.08201900 0.44330900 0.54194800
v 0.31798100 0.59923300 0.54194800
v 0.48201900 0.59923300 0.54194800
v 0.27307600 0.63624500 0.50616700
v 0.27307600 0.63624500 0.50616700
v 0.27307600 0.59721000 0.62487000
v 0.27307600 0.59721000 0.62487000
v 0.27307600 0.59721000 0.62487000
v 0.27307600 0.59721000 0.50616700
v 0.27307600 0.59721000 0.50616700
v 0.52692500 0.63624500 0.50616700
v 0.52692500 0.63624500 0.50616700
v 0.27307600 0.63624500 0.62487000
v 0.27307600 0.63624500 0.62487000
v 0.27307600 0.63624500 0.62487000
v 0.52692500 0.59721000 0.50616700
v 0.52692500 0.59721000 0.50616700
v 0.52692500 0.63624500 0.62487000
v 0.52692500 0.63624500 0.62487000
v 0.52692500 0.63624500 0.62487000
v 0.52692500 0.59721000 0.62487000
v 0.52692500 0.59721000 0.62487000
v 0.52692500 0.59721000 0.62487000
v 0.47148400 0.61917400 0.51597000
v 0.47148400 0.30048900 0.56306400
v 0.47148400 0.30048900 0.56306400
v 0.47148400 0.30048900 0.51597000
v 0.47148400 0.61917400 0.56306400
v 0.47148400 0.61917400 0.56306400
v 0.50646600 0.61917400 0.56306400
v 0.50646600 0.30048900 0.56306400
v 0.29353300 0.30048900 0.56306400
v 0.32851600 0.61917400 0.51597000
v 0.29353300 0.61917400 0.56306400
v 0.32851600 0.30048900 0.51597000
v 0.32851600 0.61917400 0.56306400
v 0.32851600 0.61917400 0.56306400
v 0.32851600 0.30048900 0.56306400
v 0.32851600 0.30048900 0.56306400
v 0.27307600 0.30783100 0.47549100
v 0.27307600 0.30783100 0.47549100
v 0.27307600 0.24363900 0.47549100
v 0.27307600 0.24363900 0.47549100
v 0.52692500 0.30783100 0.47549100
v 0.52692500 0.30783100 0.47549100
v 0.27307600 0.30783100 0.64257600
v 0.27307600 0.30783100 0.64257600
v 0.27307600 0.30783100 0.64257600
v 0.52692500 0.24363900 0.47549100
v 0.52692500 0.24363900 0.47549100
v 0.52692500 0.30783100 0.64257600
v 0.52692500 0.30783100 0.64257600
v 0.52692500 0.30783100 0.64257600
v 0.27307600 0.24363900 0.60599300
v 0.27307600 0.24363900 0.60599300
v 0.27307600 0.24363900 0.60599300
v 0.27307600 0.28022100 0.64257600
v 0.27307600 0.28022100 0.64257600
v 0.27307600 0.28022100 0.64257600
v 0.52692500 0.28022100 0.64257600
v 0.52692500 0.28022100 0.64257600
v 0.52692500 0.28022100 0.64257600
v 0.52692500 0.24363900 0.60599300
v 0.52692500 0.24363900 0.60599300
v 0.52692500 0.24363900 0.60599300
v 0.48201900 0.27251400 0.54194800
v 0.31798100 0.27251400 0.54194800
v -0.48201900 1.80150000 0.54194800
v -0.48201900 2.09923300 0.54194800
v -0.31798100 2.09923300 0.54194800
v -0.31798100 1.80150000 0.54194800
v -0.52692400 2.13624500 0.50616700
v -0.52692400 2.13624500 0.50616700
v -0.52692400 2.09721000 0.62487000
v -0.52692400 2.09721000 0.62487000
v -0.52692400 2.09721000 0.62487000
v -0.52692400 2.09721000 0.50616700
v -0.52692400 2.09721000 0.50616700
v -0.27307500 2.13624500 0.50616700
v -0.27307500 2.13624500 0.50616700
v -0.52692400 2.13624500 0.62487000
v -0.52692400 2.13624500 0.62487000
v -0.52692400 2.13624500 0.62487000
v -0.27307500 2.09721000 0.50616700
v -0.27307500 2.09721000 0.50616700
v -0.27307500 2.13624500 0.62487000
v -0.27307500 2.13624500 0.62487000
v -0.27307500 2.13624500 0.62487000
v -0.27307500 2.09721000 0.62487000
v -0.27307500 2.09721000 0.62487000
v -0.27307500 2.09721000 0.62487000
v -0.32851600 2.11917400 0.51597000
v -0.32851600 1.80048900 0.56306400
v -0.32851600 1.80048900 0.56306400
v -0.32851600 1.80048900 0.51597000
v -0.32851600 2.11917400 0.56306400
v -0.32851600 2.11917400 0.56306400
v -0.29353400 2.11917400 0.56306400
v -0.29353400 1.80048900 0.56306400
v -0.50646700 1.80048900 0.56306400
v -0.47148400 2.11917400 0.51597000
v -0.50646700 2.11917400 0.56306400
v -0.47148400 1.80048900 0.51597000
v -0.47148400 2.11917400 0.56306400
v -0.47148400 2.11917400 0.56306400
v -0.47148400 1.80048900 0.56306400
v -0.47148400 1.80048900 0.56306400
v -0.52692400 1.80783100 0.47549100
v -0.52692400 1.80783100 0.47549100
v -0.52692400 1.74363900 0.47549100
v -0.52692400 1.74363900 0.47549100
v -0.27307500 1.80783100 0.47549100
v -0.27307500 1.80783100 0.47549100
v -0.52692400 1.80783100 0.64257600
v -0.52692400 1.80783100 0.64257600
v -0.52692400 1.80783100 0.64257600
v -0.27307500 1.74363900 0.47549100
v -0.27307500 1.74363900 0.47549100
v -0.27307500 1.80783100 0.64257600
v -0.27307500 1.80783100 0.64257600
v -0.27307500 1.80783100 0.64257600
v -0.52692400 1.74363900 0.60599300
v -0.52692400 1.74363900 0.60599300
v -0.52692400 1.74363900 0.60599300
v -0.52692400 1.78022100 0.64257600
v -0.52692400 1.78022100 0.64257600
v -0.52692400 1.78022100 0.64257600
v -0.27307500 1.78022100 0.64257600
v -0.27307500 1.78022100 0.64257600
v -0.27307500 1.78022100 0.64257600
v -0.27307500 1.74363900 0.60599300
v -0.27307500 1.74363900 0.60599300
v -0.27307500 1.74363900 0.60599300
v -0.49814000 2.02645800 0.52393700
v -0.49814000 2.00408600 0.55211900
v -0.49814000 2.00408600 0.55211900
v -0.49814000 2.00408600 0.52393700
v -0.30185900 2.02645800 0.52393700
v -0.49814000 2.02645800 0.55211900
v -0.49814000 2.02645800 0.55211900
v -0.30185900 2.00408600 0.52393700
v -0.30185900 2.02645800 0.55211900
v -0.30185900 2.02645800 0.55211900
v -0.30185900 2.00408600 0.55211900
v -0.30185900 2.00408600 0.55211900
v -0.31798100 2.01476400 0.54194800
v -0.31798100 2.01476400 0.54194800
v -0.48201900 2.01476400 0.54194800
v -0.48201900 2.01476400 0.54194800
v -0.08201900 1.80150000 0.54194800
v -0.08201900 2.09923300 0.54194800
v 0.08201900 2.09923300 0.54194800
v 0.08201900 1.80150000 0.54194800
v -0.12692400 2.13624500 0.50616700
v -0.12692400 2.13624500 0.50616700
v -0.12692400 2.09721000 0.62487000
v -0.12692400 2.09721000 0.62487000
v -0.12692400 2.09721000 0.62487000
v -0.12692400 2.09721000 0.50616700
v -0.12692400 2.09721000 0.50616700
v 0.12692500 2.13624500 0.50616700
v 0.12692500 2.13624500 0.50616700
v -0.12692400 2.13624500 0.62487000
v -0.12692400 2.13624500 0.62487000
v -0.12692400 2.13624500 0.62487000
v 0.12692500 2.09721000 0.50616700
v 0.12692500 2.09721000 0.50616700
v 0.12692500 2.13624500 0.62487000
v 0.12692500 2.13624500 0.62487000
v 0.12692500 2.13624500 0.62487000
v 0.12692500 2.09721000 0.62487000
v 0.12692500 2.09721000 0.62487000
v 0.12692500 2.09721000 0.62487000
v 0.07148400 2.11917400 0.51597000
v 0.07148400 1.80048900 0.56306400
v 0.07148400 1.80048900 0.56306400
v 0.07148400 1.80048900 0.51597000
v 0.07148400 2.11917400 0.56306400
v 0.07148400 2.11917400 0.56306400
v 0.10646600 2.11917400 0.56306400
v 0.10646600 1.80048900 0.56306400
v -0.10646700 1.80048900 0.56306400
v -0.07148400 2.11917400 0.51597000
v -0.10646700 2.11917400 0.56306400
v -0.07148400 1.80048900 0.51597000
v -0.07148400 2.11917400 0.56306400
v -0.07148400 2.11917400 0.56306400
v -0.07148400 1.80048900 0.56306400
v -0.07148400 1.80048900 0.56306400
v -0.12692400 1.80783100 0.47549100
v -0.12692400 1.80783100 0.47549100
v -0.12692400 1.74363900 0.47549100
v -0.12692400 1.74363900 0.47549100
v 0.12692500 1.80783100 0.47549100
v 0.12692500 1.80783100 0.47549100
v -0.12692400 1.80783100 0.64257600
v -0.12692400 1.80783100 0.64257600
v -0.12692400 1.80783100 0.64257600
v 0.12692500 1.74363900 0.47549100
v 0.12692500 1.74363900 0.47549100
v 0.12692500 1.80783100 0.64257600
v 0.12692500 1.80783100 0.64257600
v 0.12692500 1.80783100 0.64257600
v -0.12692400 1.74363900 0.60599300
v -0.12692400 1.74363900 0.60599300
v -0.12692400 1.74363900 0.60599300
v -0.12692400 1.78022100 0.64257600
v -0.12692400 1.78022100 0.64257600
v -0.12692400 1.78022100 0.64257600
v 0.12692500 1.78022100 0.64257600
v 0.12692500 1.78022100 0.64257600
v 0.12692500 1.78022100 0.64257600
v 0.12692500 1.74363900 0.60599300
v 0.12692500 1.74363900 0.60599300
v 0.12692500 1.74363900 0.60599300
v -0.09814000 2.02645800 0.52393700
v -0.09814000 2.00408600 0.55211900
v -0.09814000 2.00408600 0.55211900
v -0.09814000 2.00408600 0.52393700
v 0.09814100 2.02645800 0.52393700
v -0.09814000 2.02645800 0.55211900
v -0.09814000 2.02645800 0.55211900
v 0.09814100 2.00408600 0.52393700
v 0.09814100 2.02645800 0.55211900
v 0.09814100 2.02645800 0.55211900
v 0.09814100 2.00408600 0.55211900
v 0.09814100 2.00408600 0.55211900
v 0.08201900 2.01476400 0.54194800
v 0.08201900 2.01476400 0.54194800
v -0.08201900 2.01476400 0.54194800
v -0.08201900 2.01476400 0.54194800
v 0.31798100 1.80150000 0.54194800
v 0.31798100 2.09923300 0.54194800
v 0.48201900 2.09923300 0.54194800
v 0.48201900 1.80150000 0.54194800
v 0.27307600 2.13624500 0.50616700
v 0.27307600 2.13624500 0.50616700
v 0.27307600 2.09721000 0.62487000
v 0.27307600 2.09721000 0.62487000
v 0.27307600 2.09721000 0.62487000
v 0.27307600 2.09721000 0.50616700
v 0.27307600 2.09721000 0.50616700
v 0.52692500 2.13624500 0.50616700
v 0.52692500 2.13624500 0.50616700
v 0.27307600 2.13624500 0.62487000
v 0.27307600 2.13624500 0.62487000
v 0.27307600 2.13624500 0.62487000
v 0.52692500 2.09721000 0.50616700
v 0.52692500 2.09721000 0.50616700
v 0.52692500 2.13624500 0.62487000
v 0.52692500 2.13624500 0.62487000
v 0.52692500 2.13624500 0.62487000
v 0.52692500 2.09721000 0.62487000
v 0.52692500 2.09721000 0.62487000
v 0.52692500 2.09721000 0.62487000
v 0.47148400 2.11917400 0.51597000
v 0.47148400 1.80048900 0.56306400
v 0.47148400 1.80048900 0.56306400
v 0.47148400 1.80048900 0.51597000
v 0.47148400 2.11917400 0.56306400
v 0.47148400 2.11917400 0.56306400
v 0.50646600 2.11917400 0.56306400
v 0.50646600 1.80048900 0.56306400
v 0.29353300 1.80048900 0.56306400
v 0.32851600 2.11917400 0.51597000
v 0.29353300 2.11917400 0.56306400
v 0.32851600 1.80048900 0.51597000
v 0.32851600 2.11917400 0.56306400
v 0.32851600 2.11917400 0.56306400
v 0.32851600 1.80048900 0.56306400
v 0.32851600 1.80048900 0.56306400
v 0.27307600 1.80783100 0.47549100
v 0.27307600 1.80783100 0.47549100
v 0.27307600 1.74363900 0.47549100
v 0.27307600 1.74363900 0.47549100
v 0.52692500 1.80783100 0.47549100
v 0.52692500 1.80783100 0.47549100
v 0.27307600 1.80783100 0.64257600
v 0.27307600 1.80783100 0.64257600
v 0.27307600 1.80783100 0.64257600
v 0.52692500 1.74363900 0.47549100
v 0.52692500 1.74363900 0.47549100
v 0.52692500 1.80783100 0.64257600
v 0.52692500 1.80783100 0.64257600
v 0.52692500 1.80783100 0.64257600
v 0.27307600 1.74363900 0.60599300
v 0.27307600 1.74363900 0.60599300
v 0.27307600 1.74363900 0.60599300
v 0.27307600 1.78022100 0.64257600
v 0.27307600 1.78022100 0.64257600
v 0.27307600 1.78022100 0.64257600
v 0.52692500 1.78022100 0.64257600
v 0.52692500 1.78022100 0.64257600
v 0.52692500 1.78022100 0.64257600
v 0.52692500 1.74363900 0.60599300
v 0.52692500 1.74363900 0.60599300
v 0.52692500 1.74363900 0.60599300
v 0.30186000 1.96720300 0.52393700
v 0.30186000 1.94483100 0.55211900
v 0.30186000 1.94483100 0.55211900
v 0.30186000 1.94483100 0.52393700
v 0.49814100 1.96720300 0.52393700
v 0.30186000 1.96720300 0.55211900
v 0.30186000 1.96720300 0.55211900
v 0.49814100 1.94483100 0.52393700
v 0.49814100 1.96720300 0.55211900
v 0.49814100 1.96720300 0.55211900
v 0.49814100 1.94483100 0.55211900
v 0.49814100 1.94483100 0.55211900
v 0.48201900 1.95550900 0.54194800
v 0.48201900 1.95550900 0.54194800
v 0.31798100 1.95550900 0.54194800
v 0.31798100 1.95550900 0.54194800
v -0.60000000 2.25000000 0.65000000
v -0.60000000 2.25000000 0.65000000
v -0.60000000 2.25000000 0.65000000
v -0.60000000 2.35000000 0.65000000
v -0.60000000 2.35000000 0.65000000
v -0.60000000 2.35000000 0.65000000
v -0.60000000 2.25000000 -0.65000000
v -0.60000000 2.25000000 -0.65000000
v -0.60000000 2.25000000 -0.65000000
v -0.60000000 2.35000000 -0.65000000
v -0.60000000 2.35000000 -0.65000000
v -0.60000000 2.35000000 -0.65000000
v 0.60000000 2.25000000 0.65000000
v 0.60000000 2.25000000 0.65000000
v 0.60000000 2.25000000 0.65000000
v 0.60000000 2.35000000 0.65000000
v 0.60000000 2.35000000 0.65000000
v 0.60000000 2.35000000 0.65000000
v 0.60000000 2.25000000 -0.65000000
v 0.60000000 2.25000000 -0.65000000
v 0.60000000 2.25000000 -0.65000000
v 0.60000000 2.35000000 -0.65000000
v 0.60000000 2.35000000 -0.65000000
v 0.60000000 2.35000000 -0.65000000
v 0.49849800 2.35000000 -0.54849700
v 0.49849800 2.35000000 -0.54849700
v 0.49849800 2.35000000 -0.54849700
v -0.49849600 2.35000000 -0.54849700
v -0.49849600 2.35000000 -0.54849700
v -0.49849600 2.35000000 -0.54849700
v -0.49849600 2.35000000 0.54849700
v -0.49849600 2.35000000 0.54849700
v -0.49849600 2.35000000 0.54849700
v 0.49849800 2.35000000 0.54849700
v 0.49849800 2.35000000 0.54849700
v 0.49849800 2.35000000 0.54849700
v -0.47300700 2.30662100 -0.52300700
v -0.47300700 2.30662100 -0.52300700
v -0.47300700 2.30662100 -0.52300700
v 0.47300800 2.30662100 -0.52300700
v 0.47300800 2.30662100 -0.52300700
v 0.47300800 2.30662100 -0.52300700
v 0.47300800 2.30662100 0.52300700
v 0.47300800 2.30662100 0.52300700
v 0.47300800 2.30662100 0.52300700
v -0.47300700 2.30662100 0.52300700
v -0.47300700 2.30662100 0.52300700
v -0.47300700 2.30662100 0.52300700
v -0.59999900 0.85000000 0.65000000
v -0.59999900 0.85000000 0.65000000
v -0.59999900 0.85000000 0.65000000
v -0.59999900 0.95000000 0.65000000
v -0.59999900 0.95000000 0.65000000
v -0.59999900 0.95000000 0.65000000
v -0.59999900 0.85000000 -0.65000000
v -0.59999900 0.85000000 -0.65000000
v -0.59999900 0.85000000 -0.65000000
v -0.59999900 0.95000000 -0.65000000
v -0.59999900 0.95000000 -0.65000000
v -0.59999900 0.95000000 -0.65000000
v 0.60000100 0.85000000 0.65000000
v 0.60000100 0.85000000 0.65000000
v 0.60000100 0.85000000 0.65000000
v 0.60000100 0.95000000 0.65000000
v 0.60000100 0.95000000 0.65000000
v 0.60000100 0.95000000 0.65000000
v 0.60000100 0.85000000 -0.65000000
v 0.60000100 0.85000000 -0.65000000
v 0.60000100 0.85000000 -0.65000000
v 0.60000100 0.95000000 -0.65000000
v 0.60000100 0.95000000 -0.65000000
v 0.60000100 0.95000000 -0.65000000
v -0.59999900 0.85000000 -0.60000000
v -0.59999900 0.85000000 -0.60000000
v -0.59999900 0.85000000 0.60000000
v -0.59999900 0.85000000 0.60000000
v -0.59999900 0.95000000 0.60000000
v -0.59999900 0.95000000 0.60000000
v -0.59999900 0.95000000 -0.60000000
v -0.59999900 0.95000000 -0.60000000
v 0.60000100 0.85000000 0.60000000
v 0.60000100 0.85000000 0.60000000
v 0.60000100 0.85000000 -0.60000000
v 0.60000100 0.85000000 -0.60000000
v 0.60000100 0.95000000 -0.60000000
v 0.60000100 0.95000000 -0.60000000
v 0.60000100 0.95000000 0.60000000
v 0.60000100 0.95000000 0.60000000
v -0.59999900 1.55000000 0.65000000
v -0.59999900 1.55000000 0.65000000
v -0.59999900 1.55000000 0.65000000
v -0.59999900 1.65000000 0.65000000
v -0.59999900 1.65000000 0.65000000
v -0.59999900 1.65000000 0.65000000
v -0.59999900 1.55000000 -0.65000000
v -0.59999900 1.55000000 -0.65000000
v -0.59999900 1.55000000 -0.65000000
v -0.59999900 1.65000000 -0.65000000
v -0.59999900 1.65000000 -0.65000000
v -0.59999900 1.65000000 -0.65000000
v 0.60000100 1.55000000 0.65000000
v 0.60000100 1.55000000 0.65000000
v 0.60000100 1.55000000 0.65000000
v 0.60000100 1.65000000 0.65000000
v 0.60000100 1.65000000 0.65000000
v 0.60000100 1.65000000 0.65000000
v 0.60000100 1.55000000 -0.65000000
v 0.60000100 1.55000000 -0.65000000
v 0.60000100 1.55000000 -0.65000000
v 0.60000100 1.65000000 -0.65000000
v 0.60000100 1.65000000 -0.65000000
v 0.60000100 1.65000000 -0.65000000
v -0.59999900 1.55000000 -0.60000000
v -0.59999900 1.55000000 -0.60000000
v -0.59999900 1.55000000 0.60000000
v -0.59999900 1.55000000 0.60000000
v -0.59999900 1.65000000 0.60000000
v -0.59999900 1.65000000 0.60000000
v -0.59999900 1.65000000 -0.60000000
v -0.59999900 1.65000000 -0.60000000
v 0.60000100 1.55000000 0.60000000
v 0.60000100 1.55000000 0.60000000
v 0.60000100 1.55000000 -0.60000000
v 0.60000100 1.55000000 -0.60000000
v 0.60000100 1.65000000 -0.60000000
v 0.60000100 1.65000000 -0.60000000
v 0.60000100 1.65000000 0.60000000
v 0.60000100 1.65000000 0.60000000
v 0.60337000 0.29856700 -0.33697300
v 0.60337000 0.34212300 -0.33697300
v 0.60337000 0.34212300 -0.24973200
v 0.60337000 0.29856700 -0.24973200
v 0.60337000 0.36973900 -0.27173200
v 0.60337000 0.41329500 -0.27173200
v 0.60337000 0.41329500 -0.18449000
v 0.60337000 0.36973900 -0.18449000
v 0.60337000 1.69856700 0.11551000
v 0.60337000 1.74212300 0.11551000
v 0.60337000 1.74212300 0.02826800
v 0.60337000 1.69856700 0.02826800
v 0.60337000 1.76973900 0.05026900
v 0.60337000 1.81329500 0.05026900
v 0.60337000 1.81329500 -0.03697300
v 0.60337000 1.76973900 -0.03697300
v -0.21638300 0.28856700 -0.60672600
v -0.21638300 0.33212300 -0.60672600
v -0.30362500 0.33212300 -0.60672600
v -0.30362500 0.28856700 -0.60672600
v -0.28162500 0.35973900 -0.60672600
v -0.28162500 0.40329500 -0.60672600
v -0.36886600 0.40329500 -0.60672600
v -0.36886600 0.35973900 -0.60672600
v 0.38361700 1.18856700 -0.60672600
v 0.38361700 1.23212300 -0.60672600
v 0.29637500 1.23212300 -0.60672600
v 0.29637500 1.18856700 -0.60672600
v 0.31837500 1.25973900 -0.60672600
v 0.31837500 1.30329500 -0.60672600
v 0.23113400 1.30329500 -0.60672600
v 0.23113400 1.25973900 -0.60672600
v -0.60337000 1.26973900 -0.03697300
v -0.60337000 1.31329500 -0.03697300
v -0.60337000 1.31329500 0.05026900
v -0.60337000 1.26973900 0.05026900
v -0.60337000 1.19856700 0.02826800
v -0.60337000 1.24212300 0.02826800
v -0.60337000 1.24212300 0.11551000
v -0.60337000 1.19856700 0.11551000
v -0.30382800 2.50662100 -0.47093800
v -0.30382800 2.50662100 -0.47093800
v -0.30382800 2.50662100 -0.47093800
v -0.30382800 2.50662100 -0.47093800
v -0.30382800 2.50662100 -0.47093800
v -0.20444900 2.50662100 -0.49995100
v -0.20444900 2.50662100 -0.49995100
v -0.20444900 2.50662100 -0.49995100
v -0.10387800 2.50662100 -0.47538600
v -0.10387800 2.50662100 -0.47538600
v -0.10387800 2.50662100 -0.47538600
v -0.02906300 2.50662100 -0.40382700
v -0.02906300 2.50662100 -0.40382700
v -0.02906300 2.50662100 -0.40382700
v -0.02906300 2.50662100 -0.40382700
v -0.02906300 2.50662100 -0.40382700
v -0.00005000 2.50662100 -0.30444800
v -0.00005000 2.50662100 -0.30444800
v -0.00005000 2.50662100 -0.30444800
v -0.02461500 2.50662100 -0.20387700
v -0.02461500 2.50662100 -0.20387700
v -0.02461500 2.50662100 -0.20387700
v -0.09617300 2.50662100 -0.12906200
v -0.09617300 2.50662100 -0.12906200
v -0.09617300 2.50662100 -0.12906200
v -0.09617300 2.50662100 -0.12906200
v -0.09617300 2.50662100 -0.12906200
v -0.19555300 2.50662100 -0.10004900
v -0.19555300 2.50662100 -0.10004900
v -0.19555300 2.50662100 -0.10004900
v -0.29612400 2.50662100 -0.12461400
v -0.29612400 2.50662100 -0.12461400
v -0.29612400 2.50662100 -0.12461400
v -0.37093900 2.50662100 -0.19617300
v -0.37093900 2.50662100 -0.19617300
v -0.37093900 2.50662100 -0.19617300
v -0.37093900 2.50662100 -0.19617300
v -0.37093900 2.50662100 -0.19617300
v -0.39995100 2.50662100 -0.29555200
v -0.39995100 2.50662100 -0.29555200
v -0.39995100 2.50662100 -0.29555200
v -0.37538700 2.50662100 -0.39612300
v -0.37538700 2.50662100 -0.39612300
v -0.37538700 2.50662100 -0.39612300
v -0.33406400 2.84871300 -0.52071800
v -0.33406400 2.84871300 -0.52071800
v -0.33406400 2.84871300 -0.52071800
v -0.20000100 2.97662100 -0.30000000
v -0.20574400 2.84871300 -0.55817900
v -0.20574400 2.84871300 -0.55817900
v -0.20574400 2.84871300 -0.55817900
v -0.07588500 2.84871300 -0.52646100
v -0.07588500 2.84871300 -0.52646100
v -0.07588500 2.84871300 -0.52646100
v 0.02071700 2.84871300 -0.43406300
v 0.02071700 2.84871300 -0.43406300
v 0.02071700 2.84871300 -0.43406300
v 0.05817800 2.84871300 -0.30574300
v 0.05817800 2.84871300 -0.30574300
v 0.05817800 2.84871300 -0.30574300
v 0.02646000 2.84871300 -0.17588500
v 0.02646000 2.84871300 -0.17588500
v 0.02646000 2.84871300 -0.17588500
v -0.06593800 2.84871300 -0.07928200
v -0.06593800 2.84871300 -0.07928200
v -0.06593800 2.84871300 -0.07928200
v -0.19425700 2.84871300 -0.04182100
v -0.19425700 2.84871300 -0.04182100
v -0.19425700 2.84871300 -0.04182100
v -0.32411600 2.84871300 -0.07353900
v -0.32411600 2.84871300 -0.07353900
v -0.32411600 2.84871300 -0.07353900
v -0.42071800 2.84871300 -0.16593700
v -0.42071800 2.84871300 -0.16593700
v -0.42071800 2.84871300 -0.16593700
v -0.45817900 2.84871300 -0.29425700
v -0.45817900 2.84871300 -0.29425700
v -0.45817900 2.84871300 -0.29425700
v -0.42646200 2.84871300 -0.42411500
v -0.42646200 2.84871300 -0.42411500
v -0.42646200 2.84871300 -0.42411500
v -0.20444900 2.80110300 -0.49995100
v -0.20444900 2.80110300 -0.49995100
v -0.30382800 2.80110300 -0.47093800
v -0.30382800 2.80110300 -0.47093800
v -0.10387800 2.80110300 -0.47538600
v -0.10387800 2.80110300 -0.47538600
v -0.02906300 2.80110300 -0.40382700
v -0.02906300 2.80110300 -0.40382700
v -0.00005000 2.80110300 -0.30444800
v -0.00005000 2.80110300 -0.30444800
v -0.02461500 2.80110300 -0.20387700
v -0.02461500 2.80110300 -0.20387700
v -0.09617300 2.80110300 -0.12906200
v -0.09617300 2.80110300 -0.12906200
v -0.19555300 2.80110300 -0.10004900
v -0.19555300 2.80110300 -0.10004900
v -0.29612400 2.80110300 -0.12461400
v -0.29612400 2.80110300 -0.12461400
v -0.37093900 2.80110300 -0.19617300
v -0.37093900 2.80110300 -0.19617300
v -0.39995100 2.80110300 -0.29555200
v -0.39995100 2.80110300 -0.29555200
v -0.37538700 2.80110300 -0.39612300
v -0.37538700 2.80110300 -0.39612300
v -0.33406400 2.80968000 -0.52071800
v -0.33406400 2.80968000 -0.52071800
v -0.20574400 2.80968000 -0.55817900
v -0.20574400 2.80968000 -0.55817900
v -0.07588500 2.80968000 -0.52646100
v -0.07588500 2.80968000 -0.52646100
v 0.02071700 2.80968000 -0.43406300
v 0.02071700 2.80968000 -0.43406300
v 0.05817800 2.80968000 -0.30574300
v 0.05817800 2.80968000 -0.30574300
v 0.02646000 2.80968000 -0.17588500
v 0.02646000 2.80968000 -0.17588500
v -0.06593800 2.80968000 -0.07928200
v -0.06593800 2.80968000 -0.07928200
v -0.19425700 2.80968000 -0.04182100
v -0.19425700 2.80968000 -0.04182100
v -0.32411600 2.80968000 -0.07353900
v -0.32411600 2.80968000 -0.07353900
v -0.42071800 2.80968000 -0.16593700
v -0.42071800 2.80968000 -0.16593700
v -0.45817900 2.80968000 -0.29425700
v -0.45817900 2.80968000 -0.29425700
v -0.42646200 2.80968000 -0.42411500
v -0.42646200 2.80968000 -0.42411500
v -0.36585800 2.46262100 -0.19925900
v -0.36585800 2.46262100 -0.19925900
v -0.36585800 2.46262100 -0.19925900
v -0.30074200 2.46262100 -0.46585700
v -0.30074200 2.46262100 -0.46585700
v -0.30074200 2.46262100 -0.46585700
v -0.03414400 2.46262100 -0.40074100
v -0.03414400 2.46262100 -0.40074100
v -0.03414400 2.46262100 -0.40074100
v -0.09926000 2.46262100 -0.13414300
v -0.09926000 2.46262100 -0.13414300
v -0.09926000 2.46262100 -0.13414300
v -0.07154100 2.30662000 -0.37802500
v -0.07154100 2.30662000 -0.37802500
v -0.06031200 2.30662000 -0.42399800
v -0.06031200 2.30662000 -0.42399800
v -0.01433800 2.30662000 -0.41276900
v -0.01433800 2.30662000 -0.41276900
v -0.02556700 2.30662000 -0.36679600
v -0.02556700 2.30662000 -0.36679600
v -0.14900100 2.50572300 -0.33097600
v -0.14900100 2.50572300 -0.33097600
v -0.13712800 2.50572300 -0.37958700
v -0.13712800 2.50572300 -0.37958700
v -0.08851800 2.50572300 -0.36771400
v -0.08851800 2.50572300 -0.36771400
v -0.10039100 2.50572300 -0.31910300
v -0.10039100 2.50572300 -0.31910300
v -0.32399800 2.30662000 -0.43968700
v -0.32399800 2.30662000 -0.43968700
v -0.31276900 2.30662000 -0.48566000
v -0.31276900 2.30662000 -0.48566000
v -0.26679500 2.30662000 -0.47443200
v -0.26679500 2.30662000 -0.47443200
v -0.27802400 2.30662000 -0.42845800
v -0.27802400 2.30662000 -0.42845800
v -0.27958700 2.50572300 -0.36287200
v -0.27958700 2.50572300 -0.36287200
v -0.26771400 2.50572300 -0.41148200
v -0.26771400 2.50572300 -0.41148200
v -0.21910400 2.50572300 -0.39960900
v -0.21910400 2.50572300 -0.39960900
v -0.23097700 2.50572300 -0.35099900
v -0.23097700 2.50572300 -0.35099900
v -0.13320300 2.30662000 -0.12556800
v -0.13320300 2.30662000 -0.12556800
v -0.12197400 2.30662000 -0.17154100
v -0.12197400 2.30662000 -0.17154100
v -0.07600000 2.30662000 -0.16031200
v -0.07600000 2.30662000 -0.16031200
v -0.08722900 2.30662000 -0.11433900
v -0.08722900 2.30662000 -0.11433900
v -0.18089700 2.50572300 -0.20039000
v -0.18089700 2.50572300 -0.20039000
v -0.16902400 2.50572300 -0.24900100
v -0.16902400 2.50572300 -0.24900100
v -0.12041300 2.50572300 -0.23712800
v -0.12041300 2.50572300 -0.23712800
v -0.13228600 2.50572300 -0.18851700
v -0.13228600 2.50572300 -0.18851700
v -0.38566000 2.30662000 -0.18723000
v -0.38566000 2.30662000 -0.18723000
v -0.37443100 2.30662000 -0.23320300
v -0.37443100 2.30662000 -0.23320300
v -0.32845700 2.30662000 -0.22197400
v -0.32845700 2.30662000 -0.22197400
v -0.33968600 2.30662000 -0.17600100
v -0.33968600 2.30662000 -0.17600100
v -0.31148300 2.50572300 -0.23228600
v -0.31148300 2.50572300 -0.23228600
v -0.29961000 2.50572300 -0.28089600
v -0.29961000 2.50572300 -0.28089600
v -0.25099900 2.50572300 -0.26902300
v -0.25099900 2.50572300 -0.26902300
v -0.26287200 2.50572300 -0.22041300
v -0.26287200 2.50572300 -0.22041300
v -0.13277300 2.30662100 -0.32237500
v -0.13277300 2.30662100 -0.32237500
v -0.13277300 2.49128600 -0.32237500
v -0.13277300 2.49128600 -0.32237500
v -0.10553900 2.30662100 -0.29632500
v -0.10553900 2.30662100 -0.29632500
v -0.10553900 2.49128600 -0.29632500
v -0.10553900 2.49128600 -0.29632500
v -0.11448100 2.30662100 -0.25971500
v -0.11448100 2.30662100 -0.25971500
v -0.11448100 2.49128600 -0.25971500
v -0.11448100 2.49128600 -0.25971500
v -0.15065800 2.30662100 -0.24915300
v -0.15065800 2.30662100 -0.24915300
v -0.15065800 2.49128600 -0.24915300
v -0.15065800 2.49128600 -0.24915300
v -0.17789200 2.30662100 -0.27520300
v -0.17789200 2.30662100 -0.27520300
v -0.17789200 2.49128600 -0.27520300
v -0.17789200 2.49128600 -0.27520300
v -0.16895000 2.30662100 -0.31181300
v -0.16895000 2.30662100 -0.31181300
v -0.16895000 2.49128600 -0.31181300
v -0.16895000 2.49128600 -0.31181300
v 0.64292200 0.10000000 0.50093000
v 0.64292200 0.10000000 0.50093000
v 0.64292200 0.17000000 0.50093000
v 0.64292200 0.17000000 0.50093000
v 0.73674400 0.10000000 0.50093000
v 0.73674400 0.10000000 0.50093000
v 0.73674400 0.17000000 0.50093000
v 0.73674400 0.17000000 0.50093000
v 0.64292200 0.10000000 0.53874000
v 0.64292200 0.10000000 0.53874000
v 0.64292200 0.17000000 0.53874000
v 0.64292200 0.17000000 0.53874000
v 0.73674400 0.10000000 0.53874000
v 0.73674400 0.10000000 0.53874000
v 0.73674400 0.17000000 0.53874000
v 0.73674400 0.17000000 0.53874000
v 0.64292200 0.10000000 0.24093000
v 0.64292200 0.10000000 0.24093000
v 0.64292200 0.17000000 0.24093000
v 0.64292200 0.17000000 0.24093000
v 0.73674400 0.10000000 0.24093000
v 0.73674400 0.10000000 0.24093000
v 0.73674400 0.17000000 0.24093000
v 0.73674400 0.17000000 0.24093000
v 0.64292200 0.10000000 0.27874000
v 0.64292200 0.10000000 0.27874000
v 0.64292200 0.17000000 0.27874000
v 0.64292200 0.17000000 0.27874000
v 0.73674400 0.10000000 0.27874000
v 0.73674400 0.10000000 0.27874000
v 0.73674400 0.17000000 0.27874000
v 0.73674400 0.17000000 0.27874000
v 0.61483300 0.16000000 0.21696800
v 0.61483300 0.16000000 0.21696800
v 0.61483300 0.16000000 0.21696800
v 0.64196600 0.16000000 0.18983500
v 0.64196600 0.16000000 0.18983500
v 0.64196600 0.20000000 0.18983500
v 0.64196600 0.20000000 0.18983500
v 0.61483300 0.20000000 0.21696800
v 0.61483300 0.20000000 0.21696800
v 0.61483300 0.20000000 0.21696800
v 0.73770000 0.16000000 0.18983500
v 0.73770000 0.16000000 0.18983500
v 0.76483300 0.16000000 0.21696800
v 0.76483300 0.16000000 0.21696800
v 0.76483300 0.16000000 0.21696800
v 0.76483300 0.20000000 0.21696800
v 0.76483300 0.20000000 0.21696800
v 0.76483300 0.20000000 0.21696800
v 0.73770000 0.20000000 0.18983500
v 0.73770000 0.20000000 0.18983500
v 0.64196600 0.16000000 0.58983500
v 0.64196600 0.16000000 0.58983500
v 0.64196600 0.16000000 0.58983500
v 0.61483300 0.16000000 0.56270200
v 0.61483300 0.16000000 0.56270200
v 0.61483300 0.20000000 0.56270200
v 0.61483300 0.20000000 0.56270200
v 0.64196600 0.20000000 0.58983500
v 0.64196600 0.20000000 0.58983500
v 0.64196600 0.20000000 0.58983500
v 0.76483300 0.16000000 0.56270200
v 0.76483300 0.16000000 0.56270200
v 0.73770000 0.16000000 0.58983500
v 0.73770000 0.16000000 0.58983500
v 0.73770000 0.16000000 0.58983500
v 0.73770000 0.20000000 0.58983500
v 0.73770000 0.20000000 0.58983500
v 0.73770000 0.20000000 0.58983500
v 0.76483300 0.20000000 0.56270200
v 0.76483300 0.20000000 0.56270200
v -0.74015300 0.10000800 0.65099700
v -0.74015300 0.10000800 0.65099700
v -0.74015300 0.10000800 0.65099700
v -0.76585900 0.19945600 0.68348500
v -0.76585900 0.19945600 0.68348500
v -0.76585900 0.19945600 0.68348500
v -0.76585900 0.19945600 0.68348500
v -0.75153200 0.10000800 0.55337000
v -0.75153200 0.10000800 0.55337000
v -0.75153200 0.10000800 0.55337000
v -0.78402100 0.19945600 0.52766500
v -0.78402100 0.19945600 0.52766500
v -0.78402100 0.19945600 0.52766500
v -0.78402100 0.19945600 0.52766500
v -0.64252600 0.10000800 0.63961800
v -0.64252600 0.10000800 0.63961800
v -0.64252600 0.10000800 0.63961800
v -0.61003800 0.19945600 0.66532300
v -0.61003800 0.19945600 0.66532300
v -0.61003800 0.19945600 0.66532300
v -0.61003800 0.19945600 0.66532300
v -0.65390500 0.10000800 0.54199100
v -0.65390500 0.10000800 0.54199100
v -0.65390500 0.10000800 0.54199100
v -0.62820000 0.19945600 0.50950300
v -0.62820000 0.19945600 0.50950300
v -0.62820000 0.19945600 0.50950300
v -0.62820000 0.19945600 0.50950300
v -0.76585900 0.22969400 0.68348500
v -0.76585900 0.22969400 0.68348500
v -0.76585900 0.22969400 0.68348500
v -0.78402100 0.22969400 0.52766500
v -0.78402100 0.22969400 0.52766500
v -0.78402100 0.22969400 0.52766500
v -0.62820000 0.22969400 0.50950300
v -0.62820000 0.22969400 0.50950300
v -0.62820000 0.22969400 0.50950300
v -0.61003800 0.22969400 0.66532300
v -0.61003800 0.22969400 0.66532300
v -0.61003800 0.22969400 0.66532300
v -0.65150800 0.22969400 0.53896100
v -0.65150800 0.22969400 0.53896100
v -0.65150800 0.22969400 0.53896100
v -0.75456200 0.22969400 0.55097300
v -0.75456200 0.22969400 0.55097300
v -0.75456200 0.22969400 0.55097300
v -0.74255000 0.22969400 0.65402700
v -0.74255000 0.22969400 0.65402700
v -0.74255000 0.22969400 0.65402700
v -0.63949600 0.22969400 0.64201500
v -0.63949600 0.22969400 0.64201500
v -0.63949600 0.22969400 0.64201500
v -0.69702900 0.19513400 0.59649400
v -0.69702900 0.19513400 0.59649400
v -0.69702900 0.19513400 0.59649400
v -0.69702900 0.19513400 0.59649400
v -0.66710800 0.40609300 0.66170200
v -0.65317800 0.25560200 0.51925300
v -0.61894900 0.32656300 0.66045100
v -0.61001800 0.25560200 0.61432900
v -0.67428100 0.21871900 0.58081800
v -0.71963800 0.21522600 0.61177900
v -0.77790600 0.25560200 0.63320700
v -0.68710400 0.25560200 0.68475700
v -0.76956900 0.25560200 0.58027300
v -0.73372800 0.32656300 0.69051600
v -0.79131200 0.32656300 0.56035200
v -0.59950800 0.32656300 0.57031500
v -0.68550500 0.32656300 0.69536500
v -0.69179100 0.32656300 0.49565600
v -0.64773500 0.43516600 0.59074800
v -0.78113400 0.36645300 0.60629600
v -0.74028600 0.43516600 0.57216800
v -0.68726100 0.43516600 0.54783700
v -0.75436900 0.32656300 0.51343200
v -0.63575100 0.32656300 0.51629300
v -0.78047300 0.32656300 0.65335000
v -0.72863100 0.25560200 0.52762100
v -0.70282800 0.48053700 0.60222400
v -0.70282800 0.48053700 0.60222400
v -0.70282800 0.48053700 0.60222400
v -0.70282800 0.48053700 0.60222400
v -0.78375200 0.10000800 -0.41252900
v -0.78375200 0.10000800 -0.41252900
v -0.78375200 0.10000800 -0.41252900
v -0.78375200 0.21832800 -0.41252900
v -0.78375200 0.21832800 -0.41252900
v -0.78375200 0.21832800 -0.41252900
v -0.73629900 0.10000800 -0.53852100
v -0.73629900 0.10000800 -0.53852100
v -0.73629900 0.10000800 -0.53852100
v -0.73629900 0.21832800 -0.53852100
v -0.73629900 0.21832800 -0.53852100
v -0.73629900 0.21832800 -0.53852100
v -0.65775900 0.10000800 -0.36507600
v -0.65775900 0.10000800 -0.36507600
v -0.65775900 0.10000800 -0.36507600
v -0.65775900 0.21832800 -0.36507600
v -0.65775900 0.21832800 -0.36507600
v -0.65775900 0.21832800 -0.36507600
v -0.61030700 0.10000800 -0.49106800
v -0.61030700 0.10000800 -0.49106800
v -0.61030700 0.10000800 -0.49106800
v -0.61030700 0.21832800 -0.49106800
v -0.61030700 0.21832800 -0.49106800
v -0.61030700 0.21832800 -0.49106800
v -0.70507800 0.15229300 -0.38068500
v -0.70507800 0.12242300 -0.38068500
v -0.66444700 0.15229300 -0.36538200
v -0.66444700 0.12242300 -0.36538200
v -0.68375200 0.10000800 -0.51873000
v -0.68375200 0.10000800 -0.51873000
v -0.68375200 0.10000800 -0.51873000
v -0.68375200 0.10000800 -0.51873000
v -0.66285400 0.10000800 -0.51085900
v -0.66285400 0.10000800 -0.51085900
v -0.66285400 0.10000800 -0.51085900
v -0.66285400 0.10000800 -0.51085900
v -0.66285400 0.21832800 -0.51085900
v -0.66285400 0.21832800 -0.51085900
v -0.66285400 0.21832800 -0.51085900
v -0.66285400 0.21832800 -0.51085900
v -0.68375200 0.21832800 -0.51873000
v -0.68375200 0.21832800 -0.51873000
v -0.68375200 0.21832800 -0.51873000
v -0.68375200 0.21832800 -0.51873000
v -0.71030600 0.10000800 -0.38486700
v -0.71030600 0.10000800 -0.38486700
v -0.71030600 0.10000800 -0.38486700
v -0.71030600 0.10000800 -0.38486700
v -0.73120400 0.10000800 -0.39273800
v -0.73120400 0.10000800 -0.39273800
v -0.73120400 0.10000800 -0.39273800
v -0.73120400 0.10000800 -0.39273800
v -0.73120400 0.21832800 -0.39273800
v -0.73120400 0.21832800 -0.39273800
v -0.73120400 0.21832800 -0.39273800
v -0.73120400 0.21832800 -0.39273800
v -0.71030600 0.21832800 -0.38486700
v -0.71030600 0.21832800 -0.38486700
v -0.71030600 0.21832800 -0.38486700
v -0.71030600 0.21832800 -0.38486700
v -0.71302700 0.21875400 -0.48368100
v -0.70635800 0.21875400 -0.51848700
v -0.73568400 0.21875400 -0.52410600
v -0.74235300 0.21875400 -0.48930000
vn 0.00000000 -1.00000000 0.00000000
vn 0.00000000 0.00000000 1.00000000
vn -1.00000000 0.00000000 0.00000000
vn -1.00000000 0.00000000 0.00000000
vn 0.00000000 0.00000000 1.00000000
vn 0.00000000 1.00000000 0.00000000
vn 0.00000000 -1.00000000 0.00000000
vn -1.00000000 0.00000000 0.00000000
vn 0.00000000 0.00000000 -1.00000000
vn 0.00000000 0.00000000 -1.00000000
vn -1.00000000 0.00000000 0.00000000
vn 0.00000000 1.00000000 0.00000000
vn 0.00000000 0.00000000 1.00000000
vn 1.00000000 0.00000000 0.00000000
vn 0.00000000 -1.00000000 0.00000000
vn 1.00000000 0.00000000 0.00000000
vn 0.00000000 0.00000000 1.00000000
vn 0.00000000 1.00000000 0.00000000
vn 0.00000000 0.00000000 -1.00000000
vn 1.00000000 0.00000000 0.00000000
vn 0.00000000 -1.00000000 0.00000000
vn 1.00000000 0.00000000 0.00000000
vn 0.00000000 1.00000000 0.00000000
vn 0.00000000 0.00000000 -1.00000000
vn 0.00000000 -1.00000000 0.00000000
vn 0.00000000 0.00000000 -1.00000000
vn 0.00000000 0.00000000 -1.00000000
vn 0.00000000 -1.00000000 0.00000000
vn 0.00000000 0.00000000 -1.00000000
vn 0.00000000 0.00000000 -1.00000000
vn 0.00000000 0.00000000 -1.00000000
vn 0.00000000 1.00000000 0.00000000
vn 0.00000000 1.00000000 0.00000000
vn 0.00000000 0.00000000 -1.00000000
vn 0.00000000 0.00000000 -1.00000000
vn 0.00000000 0.00000000 -1.00000000
vn 0.00000000 1.00000000 0.00000000
vn 0.00000000 1.00000000 0.00000000
vn 0.00000000 0.00000000 1.00000000
vn 0.00000000 0.00000000 1.00000000
vn 0.00000000 -1.00000000 0.00000000
vn 0.00000000 0.00000000 1.00000000
vn 0.00000000 -1.00000000 0.00000000
vn 0.00000000 0.00000000 1.00000000
vn 0.00000000 1.00000000 0.00000000
vn 0.00000000 0.00000000 1.00000000
vn 0.00000000 1.00000000 0.00000000
vn 0.00000000 0.00000000 1.00000000
vn 0.00000000 1.00000000 0.00000000
vn 0.00000000 1.00000000 0.00000000
vn 0.00000000 0.00000000 1.00000000
vn 0.00000000 0.00000000 1.00000000
vn -1.00000000 0.00000000 0.00000000
vn 0.00000000 -1.00000000 0.00000000
vn -1.00000000 0.00000000 0.00000000
vn -1.00000000 0.00000000 0.00000000
vn 0.00000000 -1.00000000 0.00000000
vn -1.00000000 0.00000000 0.00000000
vn -1.00000000 0.00000000 0.00000000
vn -1.00000000 0.00000000 0.00000000
vn 0.00000000 1.00000000 0.00000000
vn 0.00000000 1.00000000 0.00000000
vn 0.00000000 1.00000000 0.00000000
vn -1.00000000 0.00000000 0.00000000
vn -1.00000000 0.00000000 0.00000000
vn 0.00000000 1.00000000 0.00000000
vn 0.00000000 -1.00000000 0.00000000
vn 1.00000000 0.00000000 0.00000000
vn 1.00000000 0.00000000 0.00000000
vn 0.00000000 -1.00000000 0.00000000
vn 1.00000000 0.00000000 0.00000000
vn 1.00000000 0.00000000 0.00000000
vn 1.00000000 0.00000000 0.00000000
vn 1.00000000 0.00000000 0.00000000
vn 0.00000000 1.00000000 0.00000000
vn 0.00000000 1.00000000 0.00000000
vn 0.00000000 1.00000000 0.00000000
vn 0.00000000 1.00000000 0.00000000
vn 1.00000000 0.00000000 0.00000000
vn 1.00000000 0.00000000 0.00000000
vn 0.00000000 1.00000000 0.00000000
vn 0.00000000 1.00000000 0.00000000
vn 0.00000000 1.00000000 0.00000000
vn 0.00000000 1.00000000 0.00000000
vn 0.00000000 1.00000000 0.00000000
vn 0.00000000 1.00000000 0.00000000
vn 0.00000000 1.00000000 0.00000000
vn 0.00000000 1.00000000 0.00000000
vn 0.00000000 1.00000000 0.00000000
vn 0.00000000 1.00000000 0.00000000
vn 0.00000000 1.00000000 0.00000000
vn 0.00000000 1.00000000 0.00000000
vn 0.00000000 -1.00000000 0.00000000
vn 0.00000000 -1.00000000 0.00000000
vn 0.00000000 -1.00000000 0.00000000
vn 0.00000000 -1.00000000 0.00000000
vn 0.00000000 0.00000000 -1.00000000
vn -1.00000000 0.00000000 0.00000000
vn 0.00000000 0.00000000 -1.00000000
vn 1.00000000 0.00000000 0.00000000
vn 0.00000000 0.00000000 1.00000000
vn 1.00000000 0.00000000 0.00000000
vn -1.00000000 0.00000000 0.00000000
vn 0.00000000 0.00000000 1.00000000
vn 0.00000000 0.00000000 1.00000000
vn 0.00000000 0.00000000 1.00000000
vn 0.00000000 0.00000000 -1.00000000
vn -1.00000000 0.00000000 0.00000000
vn 0.00000000 0.00000000 1.00000000
vn 0.00000000 0.00000000 1.00000000
vn 1.00000000 0.00000000 0.00000000
vn 0.00000000 0.00000000 1.00000000
vn -1.00000000 0.00000000 0.00000000
vn 0.00000000 0.00000000 1.00000000
vn 0.00000000 0.00000000 1.00000000
vn 0.00000000 0.00000000 1.00000000
vn -1.00000000 0.00000000 0.00000000
vn 0.00000000 0.00000000 1.00000000
vn 0.00000000 1.00000000 0.00000000
vn 0.00000000 0.00000000 1.00000000
vn 0.00000000 -1.00000000 0.00000000
vn -1.00000000 0.00000000 0.00000000
vn 0.00000000 0.00000000 1.00000000
vn 0.00000000 -1.00000000 0.00000000
vn 1.00000000 0.00000000 0.00000000
vn 0.00000000 0.00000000 1.00000000
vn 1.00000000 0.00000000 0.00000000
vn 0.00000000 1.00000000 0.00000000
vn 0.00000000 1.00000000 0.00000000
vn 0.00000000 0.00000000 1.00000000
vn 1.00000000 0.00000000 0.00000000
vn 0.00000000 1.00000000 0.00000000
vn 0.00000000 0.00000000 1.00000000
vn -1.00000000 0.00000000 0.00000000
vn 0.00000000 -1.00000000 0.00000000
vn -1.00000000 0.00000000 0.00000000
vn 0.00000000 0.00000000 1.00000000
vn 1.00000000 0.00000000 0.00000000
vn 0.00000000 0.00000000 1.00000000
vn 0.00000000 -1.00000000 0.00000000
vn 1.00000000 0.00000000 0.00000000
vn 0.00000000 0.00000000 1.00000000
vn 0.00000000 -1.00000000 0.00000000
vn 0.00000000 0.00000000 1.00000000
vn 0.00000000 1.00000000 0.00000000
vn 1.00000000 0.00000000 0.00000000
vn 0.00000000 0.00000000 1.00000000
vn 0.00000000 1.00000000 0.00000000
vn -1.00000000 0.00000000 0.00000000
vn 0.00000000 0.00000000 1.00000000
vn 0.00000000 -1.00000000 0.00000000
vn -1.00000000 0.00000000 0.00000000
vn 0.00000000 1.00000000 0.00000000
vn -1.00000000 0.00000000 0.00000000
vn 0.00000000 0.00000000 1.00000000
vn -1.00000000 0.00000000 0.00000000
vn 0.00000000 0.00000000 1.00000000
vn 0.00000000 -1.00000000 0.00000000
vn 1.00000000 0.00000000 0.00000000
vn 0.00000000 0.00000000 1.00000000
vn 0.00000000 -1.00000000 0.00000000
vn 0.00000000 1.00000000 0.00000000
vn 0.00000000 0.00000000 1.00000000
vn 1.00000000 0.00000000 0.00000000
vn 0.00000000 1.00000000 0.00000000
vn -1.00000000 0.00000000 0.00000000
vn 0.00000000 0.00000000 1.00000000
vn 0.00000000 -1.00000000 0.00000000
vn 0.00000000 0.00000000 1.00000000
vn -1.00000000 0.00000000 0.00000000
vn 0.00000000 -1.00000000 0.00000000
vn 1.00000000 0.00000000 0.00000000
vn 0.00000000 0.00000000 1.00000000
vn 0.00000000 1.00000000 0.00000000
vn 1.00000000 0.00000000 0.00000000
vn 0.00000000 0.00000000 1.00000000
vn 0.00000000 0.00000000 1.00000000
vn 0.00000000 1.00000000 0.00000000
vn -1.00000000 0.00000000 0.00000000
vn 0.00000000 -1.00000000 0.00000000
vn 0.00000000 0.00000000 1.00000000
vn -1.00000000 0.00000000 0.00000000
vn 0.00000000 -1.00000000 0.00000000
vn 0.00000000 0.00000000 1.00000000
vn 1.00000000 0.00000000 0.00000000
vn 1.00000000 0.00000000 0.00000000
vn 0.00000000 1.00000000 0.00000000
vn 0.00000000 0.00000000 1.00000000
vn -1.00000000 0.00000000 0.00000000
vn 0.00000000 1.00000000 0.00000000
vn 1.00000000 0.00000000 0.00000000
vn 0.00000000 1.00000000 0.00000000
vn 0.00000000 1.00000000 0.00000000
vn -1.00000000 0.00000000 0.00000000
vn 0.00000000 1.00000000 0.00000000
vn 1.00000000 0.00000000 0.00000000
vn -1.00000000 0.00000000 0.00000000
vn 0.00000000 1.00000000 0.00000000
vn 0.00000000 1.00000000 0.00000000
vn 1.00000000 0.00000000 0.00000000
vn 0.00000000 -1.00000000 0.00000000
vn -1.00000000 0.00000000 0.00000000
vn -1.00000000 0.00000000 0.00000000
vn 0.00000000 1.00000000 0.00000000
vn 1.00000000 0.00000000 0.00000000
vn 0.00000000 1.00000000 0.00000000
vn 0.00000000 -1.00000000 0.00000000
vn 1.00000000 0.00000000 0.00000000
vn 1.00000000 0.00000000 0.00000000
vn 0.00000000 -1.00000000 0.00000000
vn 0.00000000 -1.00000000 0.00000000
vn -1.00000000 0.00000000 0.00000000
vn 1.00000000 0.00000000 0.00000000
vn 0.00000000 -1.00000000 0.00000000
vn 0.00000000 1.00000000 0.00000000
vn 1.00000000 0.00000000 0.00000000
vn 0.00000000 -1.00000000 0.00000000
vn -1.00000000 0.00000000 0.00000000
vn -1.00000000 0.00000000 0.00000000
vn 0.00000000 1.00000000 0.00000000
vn 0.00000000 -1.00000000 0.00000000
vn -1.00000000 0.00000000 0.00000000
vn 0.00000000 -1.00000000 0.00000000
vn 1.00000000 0.00000000 0.00000000
vn 0.00000000 -1.00000000 0.00000000
vn -1.00000000 0.00000000 0.00000000
vn 1.00000000 0.00000000 0.00000000
vn 0.00000000 -1.00000000 0.00000000
vn -1.00000000 0.00000000 0.00000000
vn 0.00000000 -1.00000000 0.00000000
vn -1.00000000 0.00000000 0.00000000
vn 0.00000000 1.00000000 0.00000000
vn 0.00000000 1.00000000 0.00000000
vn 1.00000000 0.00000000 0.00000000
vn 0.00000000 -1.00000000 0.00000000
vn 1.00000000 0.00000000 0.00000000
vn 1.00000000 0.00000000 0.00000000
vn 0.00000000 0.00000000 -1.00000000
vn 0.00000000 0.00000000 -1.00000000
vn 1.00000000 0.00000000 0.00000000
vn 1.00000000 0.00000000 0.00000000
vn 0.00000000 0.00000000 1.00000000
vn 0.00000000 0.00000000 1.00000000
vn -1.00000000 0.00000000 0.00000000
vn -1.00000000 0.00000000 0.00000000
vn 0.00000000 0.00000000 -1.00000000
vn 0.00000000 0.00000000 1.00000000
vn 0.00000000 0.00000000 1.00000000
vn 0.00000000 0.00000000 1.00000000
vn 1.00000000 0.00000000 0.00000000
vn -1.00000000 0.00000000 0.00000000
vn 0.00000000 0.00000000 1.00000000
vn 0.00000000 0.00000000 1.00000000
vn -1.00000000 0.00000000 0.00000000
vn 0.00000000 1.00000000 0.00000000
vn -1.00000000 0.00000000 0.00000000
vn 0.00000000 -1.00000000 0.00000000
vn 0.00000000 0.00000000 1.00000000
vn 0.00000000 -1.00000000 0.00000000
vn 0.00000000 0.00000000 1.00000000
vn 1.00000000 0.00000000 0.00000000
vn 1.00000000 0.00000000 0.00000000
vn 0.00000000 1.00000000 0.00000000
vn 0.00000000 0.00000000 1.00000000
vn 0.00000000 0.00000000 1.00000000
vn 0.00000000 -1.00000000 0.00000000
vn 1.00000000 0.00000000 0.00000000
vn 0.00000000 0.00000000 1.00000000
vn 0.00000000 1.00000000 0.00000000
vn 1.00000000 0.00000000 0.00000000
vn 0.00000000 0.00000000 1.00000000
vn -1.00000000 0.00000000 0.00000000
vn 0.00000000 1.00000000 0.00000000
vn -1.00000000 0.00000000 0.00000000
vn 0.00000000 -1.00000000 0.00000000
vn 0.00000000 0.00000000 1.00000000
vn 0.00000000 1.00000000 0.00000000
vn 0.00000000 0.00000000 1.00000000
vn -1.00000000 0.00000000 0.00000000
vn 0.00000000 0.00000000 1.00000000
vn 0.00000000 -1.00000000 0.00000000
vn -1.00000000 0.00000000 0.00000000
vn 1.00000000 0.00000000 0.00000000
vn 0.00000000 -1.00000000 0.00000000
vn 0.00000000 0.00000000 1.00000000
vn 1.00000000 0.00000000 0.00000000
vn 0.00000000 0.00000000 1.00000000
vn 0.00000000 1.00000000 0.00000000
vn 0.00000000 -1.00000000 0.00000000
vn -1.00000000 0.00000000 0.00000000
vn -1.00000000 0.00000000 0.00000000
vn 0.00000000 1.00000000 0.00000000
vn 1.00000000 0.00000000 0.00000000
vn 0.00000000 1.00000000 0.00000000
vn 1.00000000 0.00000000 0.00000000
vn 0.00000000 -1.00000000 0.00000000
vn 0.00000000 -1.00000000 0.00000000
vn 1.00000000 0.00000000 0.00000000
vn 1.00000000 0.00000000 0.00000000
vn 0.00000000 1.00000000 0.00000000
vn 0.00000000 -1.00000000 0.00000000
vn -1.00000000 0.00000000 0.00000000
vn 0.00000000 1.00000000 0.00000000
vn -1.00000000 0.00000000 0.00000000
vn -1.00000000 0.00000000 0.00000000
vn 0.00000000 -1.00000000 0.00000000
vn -1.00000000 0.00000000 0.00000000
vn 0.00000000 1.00000000 0.00000000
vn 1.00000000 0.00000000 0.00000000
vn 0.00000000 1.00000000 0.00000000
vn 1.00000000 0.00000000 0.00000000
vn 0.00000000 -1.00000000 0.00000000
vn 0.00000000 0.00000000 -1.00000000
vn -1.00000000 0.00000000 0.00000000
vn 0.00000000 0.00000000 -1.00000000
vn 1.00000000 0.00000000 0.00000000
vn 0.00000000 0.00000000 1.00000000
vn 0.00000000 0.00000000 1.00000000
vn 0.00000000 0.00000000 1.00000000
vn 0.00000000 0.00000000 1.00000000
vn -1.00000000 0.00000000 0.00000000
vn 0.00000000 1.00000000 0.00000000
vn 0.00000000 0.00000000 1.00000000
vn -1.00000000 0.00000000 0.00000000
vn 0.00000000 -1.00000000 0.00000000
vn 0.00000000 -1.00000000 0.00000000
vn -1.00000000 0.00000000 0.00000000
vn 0.00000000 1.00000000 0.00000000
vn 1.00000000 0.00000000 0.00000000
vn -1.00000000 0.00000000 0.00000000
vn 0.00000000 0.00000000 1.00000000
vn 0.00000000 1.00000000 0.00000000
vn 0.00000000 -1.00000000 0.00000000
vn 1.00000000 0.00000000 0.00000000
vn 1.00000000 0.00000000 0.00000000
vn 0.00000000 0.00000000 1.00000000
vn 0.00000000 1.00000000 0.00000000
vn 0.00000000 -1.00000000 0.00000000
vn 0.00000000 0.00000000 1.00000000
vn 1.00000000 0.00000000 0.00000000
vn -1.00000000 0.00000000 0.00000000
vn -1.00000000 0.00000000 0.00000000
vn 0.00000000 0.00000000 1.00000000
vn -1.00000000 0.00000000 0.00000000
vn -1.00000000 0.00000000 0.00000000
vn 0.00000000 0.00000000 1.00000000
vn 0.00000000 0.00000000 1.00000000
vn 0.00000000 0.00000000 1.00000000
vn 0.00000000 0.00000000 1.00000000
vn 1.00000000 0.00000000 0.00000000
vn 0.00000000 0.00000000 1.00000000
vn 1.00000000 0.00000000 0.00000000
vn 0.00000000 0.00000000 1.00000000
vn 1.00000000 0.00000000 0.00000000
vn 1.00000000 0.00000000 0.00000000
vn 0.00000000 0.00000000 1.00000000
vn 0.00000000 1.00000000 0.00000000
vn -1.00000000 0.00000000 0.00000000
vn -1.00000000 0.00000000 0.00000000
vn 0.00000000 1.00000000 0.00000000
vn 1.00000000 0.00000000 0.00000000
vn 0.00000000 1.00000000 0.00000000
vn 0.00000000 0.00000000 1.00000000
vn -1.00000000 0.00000000 0.00000000
vn 1.00000000 0.00000000 0.00000000
vn 1.00000000 0.00000000 0.00000000
vn 0.00000000 0.00000000 1.00000000
vn 0.00000000 1.00000000 0.00000000
vn -1.00000000 0.00000000 0.00000000
vn 0.00000000 0.00000000 1.00000000
vn 0.00000000 0.00000000 1.00000000
vn 1.00000000 0.00000000 0.00000000
vn 0.00000000 1.00000000 0.00000000
vn 0.00000000 -1.00000000 0.00000000
vn 0.00000000 0.00000000 1.00000000
vn 0.00000000 -1.00000000 0.00000000
vn 0.00000000 1.00000000 0.00000000
vn 0.00000000 1.00000000 0.00000000
vn 0.00000000 0.00000000 1.00000000
vn 0.00000000 -1.00000000 0.00000000
vn 0.00000000 0.00000000 1.00000000
vn 0.00000000 1.00000000 0.00000000
vn 0.00000000 -1.00000000 0.00000000
vn 0.00000000 0.00000000 1.00000000
vn 0.00000000 0.00000000 1.00000000
vn 0.00000000 0.00000000 1.00000000
vn 0.00000000 0.00000000 1.00000000
vn 0.00000000 0.00000000 1.00000000
vn 0.00000000 0.00000000 1.00000000
vn 0.00000000 0.00000000 1.00000000
vn 0.00000000 0.00000000 1.00000000
vn 0.00000000 0.00000000 1.00000000
vn 0.00000000 0.00000000 1.00000000
vn 0.00000000 0.00000000 1.00000000
vn 0.00000000 0.00000000 1.00000000
vn 0.00000000 0.00000000 1.00000000
vn 0.00000000 0.00000000 1.00000000
vn 0.00000000 0.00000000 1.00000000
vn 0.00000000 0.00000000 1.00000000
vn 0.00000000 0.00000000 1.00000000
vn 0.00000000 0.00000000 1.00000000
vn 0.00000000 0.00000000 1.00000000
vn 0.00000000 0.00000000 1.00000000
vn 0.00000000 0.00000000 1.00000000
vn 0.00000000 0.00000000 1.00000000
vn 0.00000000 0.00000000 1.00000000
vn 0.00000000 0.00000000 1.00000000
vn 0.00000000 0.00000000 1.00000000
vn 0.00000000 0.00000000 1.00000000
vn 0.00000000 0.00000000 1.00000000
vn 0.00000000 0.00000000 1.00000000
vn 0.00000000 0.00000000 1.00000000
vn 0.00000000 0.00000000 1.00000000
vn 0.00000000 0.00000000 1.00000000
vn 0.00000000 0.00000000 1.00000000
vn 0.00000000 0.00000000 1.00000000
vn 0.00000000 0.00000000 1.00000000
vn 0.00000000 0.00000000 1.00000000
vn 0.00000000 0.00000000 1.00000000
vn 0.00000000 0.00000000 1.00000000
vn 0.00000000 0.00000000 1.00000000
vn 0.00000000 0.00000000 1.00000000
vn -0.34160000 -0.87560000 0.34160000
vn 0.00000000 0.00000000 1.00000000
vn -0.46060000 -0.46060000 0.75880000
vn -0.46060000 -0.46060000 0.75880000
vn -0.87560000 -0.34160000 0.34160000
vn -0.87560000 -0.34160000 0.34160000
vn -0.46060000 0.46060000 0.75880000
vn -0.46060000 0.46060000 0.75880000
vn 0.00000000 0.00000000 1.00000000
vn -0.34160000 0.87560000 0.34160000
vn -0.87560000 0.34160000 0.34160000
vn -0.87560000 0.34160000 0.34160000
vn -0.34160000 -0.87560000 -0.34160000
vn -0.87560000 -0.34160000 -0.34160000
vn -0.87560000 -0.34160000 -0.34160000
vn -0.46060000 -0.46060000 -0.75880000
vn -0.46060000 -0.46060000 -0.75880000
vn -0.34160000 0.87560000 -0.34160000
vn -0.46060000 0.46060000 -0.75880000
vn -0.46060000 0.46060000 -0.75880000
vn -0.87560000 0.34160000 -0.34160000
vn -0.87560000 0.34160000 -0.34160000
vn 0.34160000 -0.87560000 0.34160000
vn 0.87560000 -0.34160000 0.34160000
vn 0.87560000 -0.34160000 0.34160000
vn 0.00000000 0.00000000 1.00000000
vn 0.46060000 -0.46060000 0.75880000
vn 0.46060000 -0.46060000 0.75880000
vn 0.34160000 0.87560000 0.34160000
vn 0.00000000 0.00000000 1.00000000
vn 0.46060000 0.46060000 0.75880000
vn 0.46060000 0.46060000 0.75880000
vn 0.87560000 0.34160000 0.34160000
vn 0.87560000 0.34160000 0.34160000
vn 0.34160000 -0.87560000 -0.34160000
vn 0.46060000 -0.46060000 -0.75880000
vn 0.46060000 -0.46060000 -0.75880000
vn 0.87560000 -0.34160000 -0.34160000
vn 0.87560000 -0.34160000 -0.34160000
vn 0.34160000 0.87560000 -0.34160000
vn 0.87560000 0.34160000 -0.34160000
vn 0.87560000 0.34160000 -0.34160000
vn 0.46060000 0.46060000 -0.75880000
vn 0.46060000 0.46060000 -0.75880000
vn 0.00000000 0.00000000 1.00000000
vn 0.00000000 0.00000000 1.00000000
vn -1.00000000 0.00000000 0.00000000
vn 0.00000000 1.00000000 0.00000000
vn 0.00000000 0.00000000 1.00000000
vn -1.00000000 0.00000000 0.00000000
vn 0.00000000 -1.00000000 0.00000000
vn 0.00000000 -1.00000000 0.00000000
vn -1.00000000 0.00000000 0.00000000
vn 0.00000000 1.00000000 0.00000000
vn 1.00000000 0.00000000 0.00000000
vn 0.00000000 0.00000000 1.00000000
vn -1.00000000 0.00000000 0.00000000
vn 0.00000000 1.00000000 0.00000000
vn 1.00000000 0.00000000 0.00000000
vn 0.00000000 -1.00000000 0.00000000
vn 0.00000000 1.00000000 0.00000000
vn 0.00000000 0.00000000 1.00000000
vn 1.00000000 0.00000000 0.00000000
vn 1.00000000 0.00000000 0.00000000
vn 0.00000000 -1.00000000 0.00000000
vn 0.00000000 0.00000000 1.00000000
vn -1.00000000 0.00000000 0.00000000
vn -1.00000000 0.00000000 0.00000000
vn 0.00000000 0.00000000 1.00000000
vn -1.00000000 0.00000000 0.00000000
vn -1.00000000 0.00000000 0.00000000
vn 0.00000000 0.00000000 1.00000000
vn 0.00000000 0.00000000 1.00000000
vn 0.00000000 0.00000000 1.00000000
vn 0.00000000 0.00000000 1.00000000
vn 1.00000000 0.00000000 0.00000000
vn 0.00000000 0.00000000 1.00000000
vn 1.00000000 0.00000000 0.00000000
vn 0.00000000 0.00000000 1.00000000
vn 1.00000000 0.00000000 0.00000000
vn 1.00000000 0.00000000 0.00000000
vn 0.00000000 0.00000000 1.00000000
vn 0.00000000 1.00000000 0.00000000
vn -1.00000000 0.00000000 0.00000000
vn -1.00000000 0.00000000 0.00000000
vn 0.00000000 -1.00000000 0.00000000
vn 0.00000000 1.00000000 0.00000000
vn 1.00000000 0.00000000 0.00000000
vn 0.00000000 0.00000000 1.00000000
vn 0.00000000 1.00000000 0.00000000
vn -1.00000000 0.00000000 0.00000000
vn 1.00000000 0.00000000 0.00000000
vn 0.00000000 -1.00000000 0.00000000
vn 0.00000000 0.00000000 1.00000000
vn 0.00000000 1.00000000 0.00000000
vn 1.00000000 0.00000000 0.00000000
vn 0.00000000 -0.70710000 0.70710000
vn 0.00000000 -1.00000000 0.00000000
vn -1.00000000 0.00000000 0.00000000
vn 0.00000000 -0.70710000 0.70710000
vn 0.00000000 0.00000000 1.00000000
vn -1.00000000 0.00000000 0.00000000
vn 0.00000000 0.00000000 1.00000000
vn 1.00000000 0.00000000 0.00000000
vn 0.00000000 -0.70710000 0.70710000
vn 0.00000000 -1.00000000 0.00000000
vn 0.00000000 -0.70710000 0.70710000
vn 1.00000000 0.00000000 0.00000000
vn 0.00000000 0.00000000 1.00000000
vn 0.00000000 0.00000000 1.00000000
vn 0.00000000 0.00000000 1.00000000
vn 0.00000000 0.00000000 1.00000000
vn 0.00000000 0.00000000 1.00000000
vn 0.00000000 0.00000000 1.00000000
vn 0.00000000 1.00000000 0.00000000
vn -1.00000000 0.00000000 0.00000000
vn 0.00000000 0.00000000 1.00000000
vn 0.00000000 -1.00000000 0.00000000
vn -1.00000000 0.00000000 0.00000000
vn -1.00000000 0.00000000 0.00000000
vn 0.00000000 -1.00000000 0.00000000
vn 1.00000000 0.00000000 0.00000000
vn 0.00000000 1.00000000 0.00000000
vn 0.00000000 1.00000000 0.00000000
vn -1.00000000 0.00000000 0.00000000
vn 0.00000000 0.00000000 1.00000000
vn 1.00000000 0.00000000 0.00000000
vn 0.00000000 -1.00000000 0.00000000
vn 1.00000000 0.00000000 0.00000000
vn 0.00000000 1.00000000 0.00000000
vn 0.00000000 0.00000000 1.00000000
vn 0.00000000 -1.00000000 0.00000000
vn 1.00000000 0.00000000 0.00000000
vn 0.00000000 0.00000000 1.00000000
vn -1.00000000 0.00000000 0.00000000
vn 0.00000000 0.00000000 1.00000000
vn -1.00000000 0.00000000 0.00000000
vn -1.00000000 0.00000000 0.00000000
vn -1.00000000 0.00000000 0.00000000
vn 0.00000000 0.00000000 1.00000000
vn 0.00000000 0.00000000 1.00000000
vn 0.00000000 0.00000000 1.00000000
vn 0.00000000 0.00000000 1.00000000
vn 1.00000000 0.00000000 0.00000000
vn 0.00000000 0.00000000 1.00000000
vn 1.00000000 0.00000000 0.00000000
vn 1.00000000 0.00000000 0.00000000
vn 0.00000000 0.00000000 1.00000000
vn 1.00000000 0.00000000 0.00000000
vn 0.00000000 0.00000000 1.00000000
vn -1.00000000 0.00000000 0.00000000
vn 0.00000000 1.00000000 0.00000000
vn 0.00000000 -1.00000000 0.00000000
vn -1.00000000 0.00000000 0.00000000
vn 0.00000000 1.00000000 0.00000000
vn 1.00000000 0.00000000 0.00000000
vn -1.00000000 0.00000000 0.00000000
vn 0.00000000 0.00000000 1.00000000
vn 0.00000000 1.00000000 0.00000000
vn 0.00000000 -1.00000000 0.00000000
vn 1.00000000 0.00000000 0.00000000
vn 1.00000000 0.00000000 0.00000000
vn 0.00000000 0.00000000 1.00000000
vn 0.00000000 1.00000000 0.00000000
vn 0.00000000 -0.70710000 0.70710000
vn 0.00000000 -1.00000000 0.00000000
vn -1.00000000 0.00000000 0.00000000
vn 0.00000000 -0.70710000 0.70710000
vn -1.00000000 0.00000000 0.00000000
vn 0.00000000 0.00000000 1.00000000
vn 0.00000000 0.00000000 1.00000000
vn 0.00000000 -0.70710000 0.70710000
vn 1.00000000 0.00000000 0.00000000
vn 1.00000000 0.00000000 0.00000000
vn 0.00000000 -0.70710000 0.70710000
vn 0.00000000 -1.00000000 0.00000000
vn 0.00000000 1.00000000 0.00000000
vn 0.00000000 -1.00000000 0.00000000
vn 0.00000000 0.00000000 1.00000000
vn 0.00000000 -1.00000000 0.00000000
vn 0.00000000 1.00000000 0.00000000
vn 0.00000000 1.00000000 0.00000000
vn 0.00000000 0.00000000 1.00000000
vn 0.00000000 -1.00000000 0.00000000
vn 0.00000000 1.00000000 0.00000000
vn 0.00000000 0.00000000 1.00000000
vn 0.00000000 0.00000000 1.00000000
vn 0.00000000 -1.00000000 0.00000000
vn 0.00000000 0.00000000 1.00000000
vn 0.00000000 0.00000000 1.00000000
vn 0.00000000 0.00000000 1.00000000
vn 0.00000000 0.00000000 1.00000000
vn 0.00000000 0.00000000 1.00000000
vn 0.00000000 0.00000000 1.00000000
vn 0.00000000 0.00000000 1.00000000
vn 0.00000000 0.00000000 1.00000000
vn -1.00000000 0.00000000 0.00000000
vn 0.00000000 1.00000000 0.00000000
vn 0.00000000 -1.00000000 0.00000000
vn -1.00000000 0.00000000 0.00000000
vn 0.00000000 0.00000000 1.00000000
vn -1.00000000 0.00000000 0.00000000
vn 0.00000000 -1.00000000 0.00000000
vn 0.00000000 1.00000000 0.00000000
vn 1.00000000 0.00000000 0.00000000
vn 0.00000000 1.00000000 0.00000000
vn 0.00000000 0.00000000 1.00000000
vn -1.00000000 0.00000000 0.00000000
vn 0.00000000 -1.00000000 0.00000000
vn 1.00000000 0.00000000 0.00000000
vn 0.00000000 1.00000000 0.00000000
vn 1.00000000 0.00000000 0.00000000
vn 0.00000000 0.00000000 1.00000000
vn 0.00000000 -1.00000000 0.00000000
vn 0.00000000 0.00000000 1.00000000
vn 1.00000000 0.00000000 0.00000000
vn -1.00000000 0.00000000 0.00000000
vn -1.00000000 0.00000000 0.00000000
vn 0.00000000 0.00000000 1.00000000
vn -1.00000000 0.00000000 0.00000000
vn 0.00000000 0.00000000 1.00000000
vn -1.00000000 0.00000000 0.00000000
vn 0.00000000 0.00000000 1.00000000
vn 0.00000000 0.00000000 1.00000000
vn 0.00000000 0.00000000 1.00000000
vn 1.00000000 0.00000000 0.00000000
vn 0.00000000 0.00000000 1.00000000
vn 1.00000000 0.00000000 0.00000000
vn 0.00000000 0.00000000 1.00000000
vn 1.00000000 0.00000000 0.00000000
vn 1.00000000 0.00000000 0.00000000
vn 0.00000000 0.00000000 1.00000000
vn -1.00000000 0.00000000 0.00000000
vn 0.00000000 1.00000000 0.00000000
vn 0.00000000 -1.00000000 0.00000000
vn -1.00000000 0.00000000 0.00000000
vn 0.00000000 1.00000000 0.00000000
vn 1.00000000 0.00000000 0.00000000
vn -1.00000000 0.00000000 0.00000000
vn 0.00000000 1.00000000 0.00000000
vn 0.00000000 0.00000000 1.00000000
vn 1.00000000 0.00000000 0.00000000
vn 0.00000000 -1.00000000 0.00000000
vn 0.00000000 0.00000000 1.00000000
vn 1.00000000 0.00000000 0.00000000
vn 0.00000000 1.00000000 0.00000000
vn -1.00000000 0.00000000 0.00000000
vn 0.00000000 -1.00000000 0.00000000
vn 0.00000000 -0.70710000 0.70710000
vn 0.00000000 -0.70710000 0.70710000
vn -1.00000000 0.00000000 0.00000000
vn 0.00000000 0.00000000 1.00000000
vn 0.00000000 -0.70710000 0.70710000
vn 0.00000000 0.00000000 1.00000000
vn 1.00000000 0.00000000 0.00000000
vn 1.00000000 0.00000000 0.00000000
vn 0.00000000 -1.00000000 0.00000000
vn 0.00000000 -0.70710000 0.70710000
vn 0.00000000 1.00000000 0.00000000
vn 0.00000000 0.00000000 1.00000000
vn 0.00000000 -1.00000000 0.00000000
vn 0.00000000 -1.00000000 0.00000000
vn 0.00000000 1.00000000 0.00000000
vn 0.00000000 1.00000000 0.00000000
vn 0.00000000 0.00000000 1.00000000
vn 0.00000000 -1.00000000 0.00000000
vn 0.00000000 0.00000000 1.00000000
vn 0.00000000 1.00000000 0.00000000
vn 0.00000000 -1.00000000 0.00000000
vn 0.00000000 0.00000000 1.00000000
vn 0.00000000 0.00000000 1.00000000
vn 0.00000000 0.00000000 1.00000000
vn 0.00000000 0.00000000 1.00000000
vn 0.00000000 0.00000000 1.00000000
vn 0.00000000 0.00000000 1.00000000
vn 0.00000000 0.00000000 1.00000000
vn 0.00000000 0.00000000 1.00000000
vn 0.00000000 0.00000000 1.00000000
vn 0.00000000 1.00000000 0.00000000
vn -1.00000000 0.00000000 0.00000000
vn -1.00000000 0.00000000 0.00000000
vn 0.00000000 -1.00000000 0.00000000
vn 0.00000000 0.00000000 1.00000000
vn 0.00000000 -1.00000000 0.00000000
vn -1.00000000 0.00000000 0.00000000
vn 0.00000000 1.00000000 0.00000000
vn 1.00000000 0.00000000 0.00000000
vn 0.00000000 1.00000000 0.00000000
vn -1.00000000 0.00000000 0.00000000
vn 0.00000000 0.00000000 1.00000000
vn 0.00000000 -1.00000000 0.00000000
vn 1.00000000 0.00000000 0.00000000
vn 1.00000000 0.00000000 0.00000000
vn 0.00000000 1.00000000 0.00000000
vn 0.00000000 0.00000000 1.00000000
vn 1.00000000 0.00000000 0.00000000
vn 0.00000000 -1.00000000 0.00000000
vn 0.00000000 0.00000000 1.00000000
vn -1.00000000 0.00000000 0.00000000
vn -1.00000000 0.00000000 0.00000000
vn 0.00000000 0.00000000 1.00000000
vn -1.00000000 0.00000000 0.00000000
vn 0.00000000 0.00000000 1.00000000
vn -1.00000000 0.00000000 0.00000000
vn 0.00000000 0.00000000 1.00000000
vn 0.00000000 0.00000000 1.00000000
vn 0.00000000 0.00000000 1.00000000
vn 1.00000000 0.00000000 0.00000000
vn 0.00000000 0.00000000 1.00000000
vn 1.00000000 0.00000000 0.00000000
vn 1.00000000 0.00000000 0.00000000
vn 0.00000000 0.00000000 1.00000000
vn 0.00000000 0.00000000 1.00000000
vn 1.00000000 0.00000000 0.00000000
vn 0.00000000 1.00000000 0.00000000
vn -1.00000000 0.00000000 0.00000000
vn 0.00000000 -1.00000000 0.00000000
vn -1.00000000 0.00000000 0.00000000
vn 1.00000000 0.00000000 0.00000000
vn 0.00000000 1.00000000 0.00000000
vn -1.00000000 0.00000000 0.00000000
vn 0.00000000 1.00000000 0.00000000
vn 0.00000000 0.00000000 1.00000000
vn 0.00000000 -1.00000000 0.00000000
vn 1.00000000 0.00000000 0.00000000
vn 1.00000000 0.00000000 0.00000000
vn 0.00000000 0.00000000 1.00000000
vn 0.00000000 1.00000000 0.00000000
vn 0.00000000 -0.70710000 0.70710000
vn -1.00000000 0.00000000 0.00000000
vn 0.00000000 -1.00000000 0.00000000
vn 0.00000000 -0.70710000 0.70710000
vn 0.00000000 0.00000000 1.00000000
vn -1.00000000 0.00000000 0.00000000
vn 0.00000000 0.00000000 1.00000000
vn 0.00000000 -0.70710000 0.70710000
vn 1.00000000 0.00000000 0.00000000
vn 0.00000000 -1.00000000 0.00000000
vn 0.00000000 -0.70710000 0.70710000
vn 1.00000000 0.00000000 0.00000000
vn 0.00000000 1.00000000 0.00000000
vn 0.00000000 0.00000000 1.00000000
vn 0.00000000 -1.00000000 0.00000000
vn 0.00000000 -1.00000000 0.00000000
vn 0.00000000 1.00000000 0.00000000
vn 0.00000000 0.00000000 1.00000000
vn 0.00000000 1.00000000 0.00000000
vn 0.00000000 -1.00000000 0.00000000
vn 0.00000000 0.00000000 1.00000000
vn 0.00000000 1.00000000 0.00000000
vn 0.00000000 0.00000000 1.00000000
vn 0.00000000 -1.00000000 0.00000000
vn 0.00000000 0.00000000 1.00000000
vn 0.00000000 0.00000000 1.00000000
vn 0.00000000 0.00000000 1.00000000
vn 0.00000000 0.00000000 1.00000000
vn 0.00000000 0.00000000 1.00000000
vn 0.00000000 0.00000000 1.00000000
vn -1.00000000 0.00000000 0.00000000
vn 0.00000000 1.00000000 0.00000000
vn 0.00000000 -1.00000000 0.00000000
vn -1.00000000 0.00000000 0.00000000
vn 0.00000000 0.00000000 1.00000000
vn -1.00000000 0.00000000 0.00000000
vn 0.00000000 -1.00000000 0.00000000
vn 1.00000000 0.00000000 0.00000000
vn 0.00000000 1.00000000 0.00000000
vn 0.00000000 1.00000000 0.00000000
vn -1.00000000 0.00000000 0.00000000
vn 0.00000000 0.00000000 1.00000000
vn 1.00000000 0.00000000 0.00000000
vn 0.00000000 -1.00000000 0.00000000
vn 0.00000000 1.00000000 0.00000000
vn 1.00000000 0.00000000 0.00000000
vn 0.00000000 0.00000000 1.00000000
vn 0.00000000 -1.00000000 0.00000000
vn 0.00000000 0.00000000 1.00000000
vn 1.00000000 0.00000000 0.00000000
vn -1.00000000 0.00000000 0.00000000
vn 0.00000000 0.00000000 1.00000000
vn -1.00000000 0.00000000 0.00000000
vn -1.00000000 0.00000000 0.00000000
vn 0.00000000 0.00000000 1.00000000
vn -1.00000000 0.00000000 0.00000000
vn 0.00000000 0.00000000 1.00000000
vn 0.00000000 0.00000000 1.00000000
vn 0.00000000 0.00000000 1.00000000
vn 1.00000000 0.00000000 0.00000000
vn 0.00000000 0.00000000 1.00000000
vn 1.00000000 0.00000000 0.00000000
vn 0.00000000 0.00000000 1.00000000
vn 1.00000000 0.00000000 0.00000000
vn 0.00000000 0.00000000 1.00000000
vn 1.00000000 0.00000000 0.00000000
vn -1.00000000 0.00000000 0.00000000
vn 0.00000000 1.00000000 0.00000000
vn -1.00000000 0.00000000 0.00000000
vn 0.00000000 -1.00000000 0.00000000
vn 1.00000000 0.00000000 0.00000000
vn 0.00000000 1.00000000 0.00000000
vn 0.00000000 1.00000000 0.00000000
vn -1.00000000 0.00000000 0.00000000
vn 0.00000000 0.00000000 1.00000000
vn 1.00000000 0.00000000 0.00000000
vn 0.00000000 -1.00000000 0.00000000
vn 1.00000000 0.00000000 0.00000000
vn 0.00000000 0.00000000 1.00000000
vn 0.00000000 1.00000000 0.00000000
vn -1.00000000 0.00000000 0.00000000
vn 0.00000000 -0.70710000 0.70710000
vn 0.00000000 -1.00000000 0.00000000
vn -1.00000000 0.00000000 0.00000000
vn 0.00000000 -0.70710000 0.70710000
vn 0.00000000 0.00000000 1.00000000
vn 1.00000000 0.00000000 0.00000000
vn 0.00000000 0.00000000 1.00000000
vn 0.00000000 -0.70710000 0.70710000
vn 1.00000000 0.00000000 0.00000000
vn 0.00000000 -0.70710000 0.70710000
vn 0.00000000 -1.00000000 0.00000000
vn 0.00000000 0.00000000 1.00000000
vn 0.00000000 0.00000000 1.00000000
vn 0.00000000 0.00000000 1.00000000
vn 0.00000000 0.00000000 1.00000000
vn 0.00000000 0.00000000 1.00000000
vn 0.00000000 0.00000000 1.00000000
vn -1.00000000 0.00000000 0.00000000
vn 0.00000000 1.00000000 0.00000000
vn 0.00000000 0.00000000 1.00000000
vn 0.00000000 -1.00000000 0.00000000
vn -1.00000000 0.00000000 0.00000000
vn -1.00000000 0.00000000 0.00000000
vn 0.00000000 -1.00000000 0.00000000
vn 0.00000000 1.00000000 0.00000000
vn 1.00000000 0.00000000 0.00000000
vn 0.00000000 0.00000000 1.00000000
vn 0.00000000 1.00000000 0.00000000
vn -1.00000000 0.00000000 0.00000000
vn 0.00000000 -1.00000000 0.00000000
vn 1.00000000 0.00000000 0.00000000
vn 1.00000000 0.00000000 0.00000000
vn 0.00000000 1.00000000 0.00000000
vn 0.00000000 0.00000000 1.00000000
vn 0.00000000 -1.00000000 0.00000000
vn 1.00000000 0.00000000 0.00000000
vn 0.00000000 0.00000000 1.00000000
vn -1.00000000 0.00000000 0.00000000
vn -1.00000000 0.00000000 0.00000000
vn 0.00000000 0.00000000 1.00000000
vn -1.00000000 0.00000000 0.00000000
vn 0.00000000 0.00000000 1.00000000
vn -1.00000000 0.00000000 0.00000000
vn 0.00000000 0.00000000 1.00000000
vn 0.00000000 0.00000000 1.00000000
vn 0.00000000 0.00000000 1.00000000
vn 1.00000000 0.00000000 0.00000000
vn 0.00000000 0.00000000 1.00000000
vn 1.00000000 0.00000000 0.00000000
vn 0.00000000 0.00000000 1.00000000
vn 1.00000000 0.00000000 0.00000000
vn 1.00000000 0.00000000 0.00000000
vn 0.00000000 0.00000000 1.00000000
vn -1.00000000 0.00000000 0.00000000
vn 0.00000000 1.00000000 0.00000000
vn -1.00000000 0.00000000 0.00000000
vn 0.00000000 -1.00000000 0.00000000
vn 0.00000000 1.00000000 0.00000000
vn 1.00000000 0.00000000 0.00000000
vn 0.00000000 0.00000000 1.00000000
vn -1.00000000 0.00000000 0.00000000
vn 0.00000000 1.00000000 0.00000000
vn 0.00000000 -1.00000000 0.00000000
vn 1.00000000 0.00000000 0.00000000
vn 0.00000000 0.00000000 1.00000000
vn 1.00000000 0.00000000 0.00000000
vn 0.00000000 1.00000000 0.00000000
vn 0.00000000 -1.00000000 0.00000000
vn 0.00000000 -0.70710000 0.70710000
vn -1.00000000 0.00000000 0.00000000
vn 0.00000000 -0.70710000 0.70710000
vn 0.00000000 0.00000000 1.00000000
vn -1.00000000 0.00000000 0.00000000
vn 1.00000000 0.00000000 0.00000000
vn 0.00000000 0.00000000 1.00000000
vn 0.00000000 -0.70710000 0.70710000
vn 0.00000000 -1.00000000 0.00000000
vn 1.00000000 0.00000000 0.00000000
vn 0.00000000 -0.70710000 0.70710000
vn 0.00000000 1.00000000 0.00000000
vn 0.00000000 0.00000000 1.00000000
vn 0.00000000 -1.00000000 0.00000000
vn 0.00000000 -1.00000000 0.00000000
vn 0.00000000 1.00000000 0.00000000
vn 0.00000000 0.00000000 1.00000000
vn 0.00000000 1.00000000 0.00000000
vn 0.00000000 -1.00000000 0.00000000
vn 0.00000000 1.00000000 0.00000000
vn 0.00000000 0.00000000 1.00000000
vn 0.00000000 0.00000000 1.00000000
vn 0.00000000 -1.00000000 0.00000000
vn 0.00000000 0.00000000 1.00000000
vn 0.00000000 0.00000000 1.00000000
vn 0.00000000 0.00000000 1.00000000
vn 0.00000000 0.00000000 1.00000000
vn 0.00000000 0.00000000 1.00000000
vn 0.00000000 0.00000000 1.00000000
vn 0.00000000 0.00000000 1.00000000
vn 0.00000000 0.00000000 1.00000000
vn 0.00000000 1.00000000 0.00000000
vn -1.00000000 0.00000000 0.00000000
vn -1.00000000 0.00000000 0.00000000
vn 0.00000000 -1.00000000 0.00000000
vn 0.00000000 0.00000000 1.00000000
vn -1.00000000 0.00000000 0.00000000
vn 0.00000000 -1.00000000 0.00000000
vn 1.00000000 0.00000000 0.00000000
vn 0.00000000 1.00000000 0.00000000
vn 0.00000000 1.00000000 0.00000000
vn -1.00000000 0.00000000 0.00000000
vn 0.00000000 0.00000000 1.00000000
vn 1.00000000 0.00000000 0.00000000
vn 0.00000000 -1.00000000 0.00000000
vn 0.00000000 1.00000000 0.00000000
vn 1.00000000 0.00000000 0.00000000
vn 0.00000000 0.00000000 1.00000000
vn 0.00000000 -1.00000000 0.00000000
vn 1.00000000 0.00000000 0.00000000
vn 0.00000000 0.00000000 1.00000000
vn -1.00000000 0.00000000 0.00000000
vn -1.00000000 0.00000000 0.00000000
vn 0.00000000 0.00000000 1.00000000
vn -1.00000000 0.00000000 0.00000000
vn 0.00000000 0.00000000 1.00000000
vn -1.00000000 0.00000000 0.00000000
vn 0.00000000 0.00000000 1.00000000
vn 0.00000000 0.00000000 1.00000000
vn 0.00000000 0.00000000 1.00000000
vn 1.00000000 0.00000000 0.00000000
vn 0.00000000 0.00000000 1.00000000
vn 1.00000000 0.00000000 0.00000000
vn 1.00000000 0.00000000 0.00000000
vn 0.00000000 0.00000000 1.00000000
vn 0.00000000 0.00000000 1.00000000
vn 1.00000000 0.00000000 0.00000000
vn -1.00000000 0.00000000 0.00000000
vn 0.00000000 1.00000000 0.00000000
vn -1.00000000 0.00000000 0.00000000
vn 0.00000000 -1.00000000 0.00000000
vn 1.00000000 0.00000000 0.00000000
vn 0.00000000 1.00000000 0.00000000
vn 0.00000000 0.00000000 1.00000000
vn -1.00000000 0.00000000 0.00000000
vn 0.00000000 1.00000000 0.00000000
vn 0.00000000 -1.00000000 0.00000000
vn 1.00000000 0.00000000 0.00000000
vn 1.00000000 0.00000000 0.00000000
vn 0.00000000 0.00000000 1.00000000
vn 0.00000000 1.00000000 0.00000000
vn -1.00000000 0.00000000 0.00000000
vn 0.00000000 -0.70710000 0.70710000
vn 0.00000000 -1.00000000 0.00000000
vn 0.00000000 -0.70710000 0.70710000
vn 0.00000000 0.00000000 1.00000000
vn -1.00000000 0.00000000 0.00000000
vn 1.00000000 0.00000000 0.00000000
vn 0.00000000 0.00000000 1.00000000
vn 0.00000000 -0.70710000 0.70710000
vn 1.00000000 0.00000000 0.00000000
vn 0.00000000 -0.70710000 0.70710000
vn 0.00000000 -1.00000000 0.00000000
vn 0.00000000 1.00000000 0.00000000
vn 0.00000000 0.00000000 1.00000000
vn 0.00000000 -1.00000000 0.00000000
vn 0.00000000 -1.00000000 0.00000000
vn 0.00000000 1.00000000 0.00000000
vn 0.00000000 0.00000000 1.00000000
vn 0.00000000 1.00000000 0.00000000
vn 0.00000000 -1.00000000 0.00000000
vn 0.00000000 0.00000000 1.00000000
vn 0.00000000 1.00000000 0.00000000
vn 0.00000000 0.00000000 1.00000000
vn 0.00000000 -1.00000000 0.00000000
vn 0.00000000 0.00000000 1.00000000
vn 0.00000000 0.00000000 1.00000000
vn 0.00000000 0.00000000 1.00000000
vn 0.00000000 0.00000000 1.00000000
vn 0.00000000 0.00000000 1.00000000
vn 0.00000000 0.00000000 1.00000000
vn 0.00000000 0.00000000 1.00000000
vn 0.00000000 0.00000000 1.00000000
vn -1.00000000 0.00000000 0.00000000
vn 0.00000000 1.00000000 0.00000000
vn 0.00000000 -1.00000000 0.00000000
vn 0.00000000 0.00000000 1.00000000
vn -1.00000000 0.00000000 0.00000000
vn -1.00000000 0.00000000 0.00000000
vn 0.00000000 -1.00000000 0.00000000
vn 1.00000000 0.00000000 0.00000000
vn 0.00000000 1.00000000 0.00000000
vn 0.00000000 1.00000000 0.00000000
vn 0.00000000 0.00000000 1.00000000
vn -1.00000000 0.00000000 0.00000000
vn 0.00000000 -1.00000000 0.00000000
vn 1.00000000 0.00000000 0.00000000
vn 1.00000000 0.00000000 0.00000000
vn 0.00000000 1.00000000 0.00000000
vn 0.00000000 0.00000000 1.00000000
vn 0.00000000 -1.00000000 0.00000000
vn 1.00000000 0.00000000 0.00000000
vn 0.00000000 0.00000000 1.00000000
vn -1.00000000 0.00000000 0.00000000
vn 0.00000000 0.00000000 1.00000000
vn -1.00000000 0.00000000 0.00000000
vn -1.00000000 0.00000000 0.00000000
vn 0.00000000 0.00000000 1.00000000
vn -1.00000000 0.00000000 0.00000000
vn 0.00000000 0.00000000 1.00000000
vn 0.00000000 0.00000000 1.00000000
vn 0.00000000 0.00000000 1.00000000
vn 1.00000000 0.00000000 0.00000000
vn 0.00000000 0.00000000 1.00000000
vn 1.00000000 0.00000000 0.00000000
vn 1.00000000 0.00000000 0.00000000
vn 0.00000000 0.00000000 1.00000000
vn 1.00000000 0.00000000 0.00000000
vn 0.00000000 0.00000000 1.00000000
vn 0.00000000 1.00000000 0.00000000
vn -1.00000000 0.00000000 0.00000000
vn -1.00000000 0.00000000 0.00000000
vn 0.00000000 -1.00000000 0.00000000
vn 0.00000000 1.00000000 0.00000000
vn 1.00000000 0.00000000 0.00000000
vn 0.00000000 1.00000000 0.00000000
vn -1.00000000 0.00000000 0.00000000
vn 0.00000000 0.00000000 1.00000000
vn 0.00000000 -1.00000000 0.00000000
vn 1.00000000 0.00000000 0.00000000
vn 0.00000000 1.00000000 0.00000000
vn 1.00000000 0.00000000 0.00000000
vn 0.00000000 0.00000000 1.00000000
vn 0.00000000 -0.70710000 0.70710000
vn -1.00000000 0.00000000 0.00000000
vn 0.00000000 -1.00000000 0.00000000
vn 0.00000000 -0.70710000 0.70710000
vn -1.00000000 0.00000000 0.00000000
vn 0.00000000 0.00000000 1.00000000
vn 0.00000000 -0.70710000 0.70710000
vn 0.00000000 0.00000000 1.00000000
vn 1.00000000 0.00000000 0.00000000
vn 0.00000000 -1.00000000 0.00000000
vn 1.00000000 0.00000000 0.00000000
vn 0.00000000 -0.70710000 0.70710000
vn 0.00000000 1.00000000 0.00000000
vn 0.00000000 0.00000000 1.00000000
vn 0.00000000 -1.00000000 0.00000000
vn 0.00000000 -1.00000000 0.00000000
vn 0.00000000 1.00000000 0.00000000
vn 0.00000000 1.00000000 0.00000000
vn 0.00000000 0.00000000 1.00000000
vn 0.00000000 -1.00000000 0.00000000
vn 0.00000000 1.00000000 0.00000000
vn 0.00000000 0.00000000 1.00000000
vn 0.00000000 -1.00000000 0.00000000
vn 0.00000000 0.00000000 1.00000000
vn 0.00000000 0.00000000 1.00000000
vn 0.00000000 0.00000000 1.00000000
vn 0.00000000 0.00000000 1.00000000
vn 0.00000000 0.00000000 1.00000000
vn 0.00000000 0.00000000 1.00000000
vn 0.00000000 -1.00000000 0.00000000
vn -1.00000000 0.00000000 0.00000000
vn 0.00000000 1.00000000 0.00000000
vn -1.00000000 0.00000000 0.00000000
vn 0.00000000 0.00000000 1.00000000
vn -1.00000000 0.00000000 0.00000000
vn 0.00000000 -1.00000000 0.00000000
vn 0.00000000 0.00000000 -1.00000000
vn 0.00000000 0.00000000 -1.00000000
vn 0.00000000 1.00000000 0.00000000
vn -1.00000000 0.00000000 0.00000000
vn 0.00000000 0.00000000 1.00000000
vn 0.00000000 -1.00000000 0.00000000
vn 1.00000000 0.00000000 0.00000000
vn 1.00000000 0.00000000 0.00000000
vn 0.00000000 1.00000000 0.00000000
vn 0.00000000 0.00000000 1.00000000
vn 1.00000000 0.00000000 0.00000000
vn 0.00000000 0.00000000 -1.00000000
vn 0.00000000 -1.00000000 0.00000000
vn 1.00000000 0.00000000 0.00000000
vn 0.00000000 1.00000000 0.00000000
vn 0.00000000 0.00000000 -1.00000000
vn 0.00000000 0.50660000 0.86220000
vn 0.00000000 1.00000000 0.00000000
vn -0.86220000 0.50660000 0.00000000
vn 0.86220000 0.50660000 0.00000000
vn 0.00000000 0.50660000 0.86220000
vn 0.00000000 1.00000000 0.00000000
vn 0.00000000 0.50660000 -0.86220000
vn 0.86220000 0.50660000 0.00000000
vn 0.00000000 1.00000000 0.00000000
vn 0.00000000 0.50660000 -0.86220000
vn 0.00000000 1.00000000 0.00000000
vn -0.86220000 0.50660000 0.00000000
vn 0.86220000 0.50660000 0.00000000
vn 0.00000000 1.00000000 0.00000000
vn 0.00000000 0.50660000 0.86220000
vn 0.00000000 0.50660000 0.86220000
vn 0.00000000 1.00000000 0.00000000
vn -0.86220000 0.50660000 0.00000000
vn -0.86220000 0.50660000 0.00000000
vn 0.00000000 1.00000000 0.00000000
vn 0.00000000 0.50660000 -0.86220000
vn 0.00000000 1.00000000 0.00000000
vn 0.00000000 0.50660000 -0.86220000
vn 0.86220000 0.50660000 0.00000000
vn 0.00000000 0.00000000 1.00000000
vn -1.00000000 0.00000000 0.00000000
vn 0.00000000 -1.00000000 0.00000000
vn 0.00000000 0.00000000 1.00000000
vn -1.00000000 0.00000000 0.00000000
vn 0.00000000 1.00000000 0.00000000
vn -1.00000000 0.00000000 0.00000000
vn 0.00000000 0.00000000 -1.00000000
vn 0.00000000 -1.00000000 0.00000000
vn 0.00000000 1.00000000 0.00000000
vn -1.00000000 0.00000000 0.00000000
vn 0.00000000 0.00000000 -1.00000000
vn 0.00000000 -1.00000000 0.00000000
vn 0.00000000 0.00000000 1.00000000
vn 1.00000000 0.00000000 0.00000000
vn 0.00000000 0.00000000 1.00000000
vn 0.00000000 1.00000000 0.00000000
vn 1.00000000 0.00000000 0.00000000
vn 0.00000000 -1.00000000 0.00000000
vn 0.00000000 0.00000000 -1.00000000
vn 1.00000000 0.00000000 0.00000000
vn 0.00000000 1.00000000 0.00000000
vn 1.00000000 0.00000000 0.00000000
vn 0.00000000 0.00000000 -1.00000000
vn -1.00000000 0.00000000 0.00000000
vn 0.00000000 -1.00000000 0.00000000
vn 0.00000000 -1.00000000 0.00000000
vn -1.00000000 0.00000000 0.00000000
vn -1.00000000 0.00000000 0.00000000
vn 0.00000000 1.00000000 0.00000000
vn 0.00000000 1.00000000 0.00000000
vn -1.00000000 0.00000000 0.00000000
vn 0.00000000 -1.00000000 0.00000000
vn 1.00000000 0.00000000 0.00000000
vn 1.00000000 0.00000000 0.00000000
vn 0.00000000 -1.00000000 0.00000000
vn 0.00000000 1.00000000 0.00000000
vn 1.00000000 0.00000000 0.00000000
vn 1.00000000 0.00000000 0.00000000
vn 0.00000000 1.00000000 0.00000000
vn -1.00000000 0.00000000 0.00000000
vn 0.00000000 -1.00000000 0.00000000
vn 0.00000000 0.00000000 1.00000000
vn -1.00000000 0.00000000 0.00000000
vn 0.00000000 1.00000000 0.00000000
vn 0.00000000 0.00000000 1.00000000
vn 0.00000000 -1.00000000 0.00000000
vn 0.00000000 0.00000000 -1.00000000
vn -1.00000000 0.00000000 0.00000000
vn -1.00000000 0.00000000 0.00000000
vn 0.00000000 0.00000000 -1.00000000
vn 0.00000000 1.00000000 0.00000000
vn 0.00000000 0.00000000 1.00000000
vn 0.00000000 -1.00000000 0.00000000
vn 1.00000000 0.00000000 0.00000000
vn 0.00000000 1.00000000 0.00000000
vn 0.00000000 0.00000000 1.00000000
vn 1.00000000 0.00000000 0.00000000
vn 0.00000000 0.00000000 -1.00000000
vn 1.00000000 0.00000000 0.00000000
vn 0.00000000 -1.00000000 0.00000000
vn 1.00000000 0.00000000 0.00000000
vn 0.00000000 0.00000000 -1.00000000
vn 0.00000000 1.00000000 0.00000000
vn -1.00000000 0.00000000 0.00000000
vn 0.00000000 -1.00000000 0.00000000
vn 0.00000000 -1.00000000 0.00000000
vn -1.00000000 0.00000000 0.00000000
vn 0.00000000 1.00000000 0.00000000
vn -1.00000000 0.00000000 0.00000000
vn 0.00000000 1.00000000 0.00000000
vn -1.00000000 0.00000000 0.00000000
vn 1.00000000 0.00000000 0.00000000
vn 0.00000000 -1.00000000 0.00000000
vn 1.00000000 0.00000000 0.00000000
vn 0.00000000 -1.00000000 0.00000000
vn 0.00000000 1.00000000 0.00000000
vn 1.00000000 0.00000000 0.00000000
vn 0.00000000 1.00000000 0.00000000
vn 1.00000000 0.00000000 0.00000000
vn 1.00000000 0.00000000 0.00000000
vn 1.00000000 0.00000000 0.00000000
vn 1.00000000 0.00000000 0.00000000
vn 1.00000000 0.00000000 0.00000000
vn 1.00000000 0.00000000 0.00000000
vn 1.00000000 0.00000000 0.00000000
vn 1.00000000 0.00000000 0.00000000
vn 1.00000000 0.00000000 0.00000000
vn 1.00000000 0.00000000 0.00000000
vn 1.00000000 0.00000000 0.00000000
vn 1.00000000 0.00000000 0.00000000
vn 1.00000000 0.00000000 0.00000000
vn 1.00000000 0.00000000 0.00000000
vn 1.00000000 0.00000000 0.00000000
vn 1.00000000 0.00000000 0.00000000
vn 1.00000000 0.00000000 0.00000000
vn 0.00000000 0.00000000 -1.00000000
vn 0.00000000 0.00000000 -1.00000000
vn 0.00000000 0.00000000 -1.00000000
vn 0.00000000 0.00000000 -1.00000000
vn 0.00000000 0.00000000 -1.00000000
vn 0.00000000 0.00000000 -1.00000000
vn 0.00000000 0.00000000 -1.00000000
vn 0.00000000 0.00000000 -1.00000000
vn 0.00000000 0.00000000 -1.00000000
vn 0.00000000 0.00000000 -1.00000000
vn 0.00000000 0.00000000 -1.00000000
vn 0.00000000 0.00000000 -1.00000000
vn 0.00000000 0.00000000 -1.00000000
vn 0.00000000 0.00000000 -1.00000000
vn 0.00000000 0.00000000 -1.00000000
vn 0.00000000 0.00000000 -1.00000000
vn -1.00000000 0.00000000 0.00000000
vn -1.00000000 0.00000000 0.00000000
vn -1.00000000 0.00000000 0.00000000
vn -1.00000000 0.00000000 0.00000000
vn -1.00000000 0.00000000 0.00000000
vn -1.00000000 0.00000000 0.00000000
vn -1.00000000 0.00000000 0.00000000
vn -1.00000000 0.00000000 0.00000000
vn -0.96700000 -0.09510000 -0.23620000
vn -0.51910000 0.00000000 -0.85470000
vn -0.51910000 0.00000000 -0.85470000
vn 0.00000000 -1.00000000 0.00000000
vn 0.23620000 -0.09510000 -0.96700000
vn -0.02220000 0.00000000 -0.99980000
vn -0.02220000 0.00000000 -0.99980000
vn 0.00000000 -1.00000000 0.00000000
vn 0.48060000 0.00000000 -0.87690000
vn 0.00000000 -1.00000000 0.00000000
vn 0.48060000 0.00000000 -0.87690000
vn 0.85470000 0.00000000 -0.51910000
vn 0.23620000 -0.09510000 -0.96700000
vn 0.85470000 0.00000000 -0.51910000
vn 0.96700000 -0.09510000 0.23620000
vn 0.00000000 -1.00000000 0.00000000
vn 0.00000000 -1.00000000 0.00000000
vn 0.99980000 0.00000000 -0.02220000
vn 0.99980000 0.00000000 -0.02220000
vn 0.87690000 0.00000000 0.48060000
vn 0.87690000 0.00000000 0.48060000
vn 0.00000000 -1.00000000 0.00000000
vn 0.51910000 0.00000000 0.85470000
vn 0.51910000 0.00000000 0.85470000
vn 0.00000000 -1.00000000 0.00000000
vn 0.96700000 -0.09510000 0.23620000
vn -0.23620000 -0.09510000 0.96700000
vn 0.02220000 0.00000000 0.99980000
vn 0.00000000 -1.00000000 0.00000000
vn 0.02220000 0.00000000 0.99980000
vn -0.48060000 0.00000000 0.87690000
vn -0.48060000 0.00000000 0.87690000
vn 0.00000000 -1.00000000 0.00000000
vn 0.00000000 -1.00000000 0.00000000
vn -0.85470000 0.00000000 0.51910000
vn -0.23620000 -0.09510000 0.96700000
vn -0.85470000 0.00000000 0.51910000
vn -0.96700000 -0.09510000 -0.23620000
vn -0.99980000 0.00000000 0.02220000
vn 0.00000000 -1.00000000 0.00000000
vn -0.99980000 0.00000000 0.02220000
vn -0.87690000 0.00000000 -0.48060000
vn 0.00000000 -1.00000000 0.00000000
vn -0.87690000 0.00000000 -0.48060000
vn -0.23040000 0.89610000 -0.37930000
vn -0.23040000 0.89610000 -0.37930000
vn -0.51910000 0.00000000 -0.85470000
vn 0.00000000 1.00000000 0.00000000
vn -0.02220000 0.00000000 -0.99980000
vn -0.00990000 0.89610000 -0.44370000
vn -0.00990000 0.89610000 -0.44370000
vn 0.21330000 0.89610000 -0.38920000
vn 0.21330000 0.89610000 -0.38920000
vn 0.48060000 0.00000000 -0.87690000
vn 0.37930000 0.89610000 -0.23040000
vn 0.37930000 0.89610000 -0.23040000
vn 0.85470000 0.00000000 -0.51910000
vn 0.44370000 0.89610000 -0.00990000
vn 0.99980000 0.00000000 -0.02220000
vn 0.44370000 0.89610000 -0.00990000
vn 0.38920000 0.89610000 0.21330000
vn 0.87690000 0.00000000 0.48060000
vn 0.38920000 0.89610000 0.21330000
vn 0.23040000 0.89610000 0.37930000
vn 0.23040000 0.89610000 0.37930000
vn 0.51910000 0.00000000 0.85470000
vn 0.00990000 0.89610000 0.44370000
vn 0.02220000 0.00000000 0.99980000
vn 0.00990000 0.89610000 0.44370000
vn -0.21330000 0.89610000 0.38920000
vn -0.21330000 0.89610000 0.38920000
vn -0.48060000 0.00000000 0.87690000
vn -0.85470000 0.00000000 0.51910000
vn -0.37930000 0.89610000 0.23040000
vn -0.37930000 0.89610000 0.23040000
vn -0.44370000 0.89610000 0.00990000
vn -0.44370000 0.89610000 0.00990000
vn -0.99980000 0.00000000 0.02220000
vn -0.38920000 0.89610000 -0.21330000
vn -0.87690000 0.00000000 -0.48060000
vn -0.38920000 0.89610000 -0.21330000
vn -0.02220000 0.00000000 -0.99980000
vn -0.00320000 -0.98930000 -0.14570000
vn -0.51910000 0.00000000 -0.85470000
vn -0.07560000 -0.98930000 -0.12450000
vn 0.07000000 -0.98930000 -0.12780000
vn 0.48060000 0.00000000 -0.87690000
vn 0.85470000 0.00000000 -0.51910000
vn 0.12450000 -0.98930000 -0.07560000
vn 0.99980000 0.00000000 -0.02220000
vn 0.14570000 -0.98930000 -0.00320000
vn 0.12780000 -0.98930000 0.07000000
vn 0.87690000 0.00000000 0.48060000
vn 0.07560000 -0.98930000 0.12450000
vn 0.51910000 0.00000000 0.85470000
vn 0.00320000 -0.98930000 0.14570000
vn 0.02220000 0.00000000 0.99980000
vn -0.07000000 -0.98930000 0.12780000
vn -0.48060000 0.00000000 0.87690000
vn -0.12450000 -0.98930000 0.07560000
vn -0.85470000 0.00000000 0.51910000
vn -0.14570000 -0.98930000 0.00320000
vn -0.99980000 0.00000000 0.02220000
vn -0.87690000 0.00000000 -0.48060000
vn -0.12780000 -0.98930000 -0.07000000
vn -0.51910000 0.00000000 -0.85470000
vn -0.07560000 -0.98930000 -0.12450000
vn -0.00320000 -0.98930000 -0.14570000
vn -0.02220000 0.00000000 -0.99980000
vn 0.48060000 0.00000000 -0.87690000
vn 0.07000000 -0.98930000 -0.12780000
vn 0.12450000 -0.98930000 -0.07560000
vn 0.85470000 0.00000000 -0.51910000
vn 0.14570000 -0.98930000 -0.00320000
vn 0.99980000 0.00000000 -0.02220000
vn 0.87690000 0.00000000 0.48060000
vn 0.12780000 -0.98930000 0.07000000
vn 0.07560000 -0.98930000 0.12450000
vn 0.51910000 0.00000000 0.85470000
vn 0.00320000 -0.98930000 0.14570000
vn 0.02220000 0.00000000 0.99980000
vn -0.07000000 -0.98930000 0.12780000
vn -0.48060000 0.00000000 0.87690000
vn -0.85470000 0.00000000 0.51910000
vn -0.12450000 -0.98930000 0.07560000
vn -0.99980000 0.00000000 0.02220000
vn -0.14570000 -0.98930000 0.00320000
vn -0.12780000 -0.98930000 -0.07000000
vn -0.87690000 0.00000000 -0.48060000
vn -0.23620000 -0.09510000 0.96700000
vn -0.96700000 -0.09510000 -0.23620000
vn 0.00000000 -1.00000000 0.00000000
vn 0.23620000 -0.09510000 -0.96700000
vn -0.96700000 -0.09510000 -0.23620000
vn 0.00000000 -1.00000000 0.00000000
vn 0.23620000 -0.09510000 -0.96700000
vn 0.96700000 -0.09510000 0.23620000
vn 0.00000000 -1.00000000 0.00000000
vn 0.00000000 -1.00000000 0.00000000
vn -0.23620000 -0.09510000 0.96700000
vn 0.96700000 -0.09510000 0.23620000
vn -0.92470000 -0.30640000 -0.22590000
vn -0.22590000 -0.30640000 0.92470000
vn -0.92470000 -0.30640000 -0.22590000
vn 0.22670000 0.29460000 -0.92830000
vn 0.22670000 0.29460000 -0.92830000
vn 0.92830000 0.29460000 0.22670000
vn -0.22590000 -0.30640000 0.92470000
vn 0.92830000 0.29460000 0.22670000
vn -0.22590000 -0.30640000 0.92470000
vn -0.92470000 -0.30640000 -0.22590000
vn -0.92470000 -0.30640000 -0.22590000
vn 0.22670000 0.29460000 -0.92830000
vn 0.92830000 0.29460000 0.22670000
vn 0.22670000 0.29460000 -0.92830000
vn 0.92830000 0.29460000 0.22670000
vn -0.22590000 -0.30640000 0.92470000
vn -0.22590000 -0.30640000 0.92470000
vn -0.92830000 0.29460000 -0.22670000
vn -0.92830000 0.29460000 -0.22670000
vn 0.22670000 0.29460000 -0.92830000
vn 0.92470000 -0.30640000 0.22590000
vn 0.22670000 0.29460000 -0.92830000
vn 0.92470000 -0.30640000 0.22590000
vn -0.22590000 -0.30640000 0.92470000
vn -0.92830000 0.29460000 -0.22670000
vn -0.22590000 -0.30640000 0.92470000
vn 0.22670000 0.29460000 -0.92830000
vn -0.92830000 0.29460000 -0.22670000
vn 0.92470000 -0.30640000 0.22590000
vn 0.22670000 0.29460000 -0.92830000
vn 0.92470000 -0.30640000 0.22590000
vn -0.22590000 -0.30640000 0.92470000
vn 0.92470000 0.30640000 0.22590000
vn 0.22670000 -0.29460000 -0.92830000
vn 0.92470000 0.30640000 0.22590000
vn -0.22590000 0.30640000 0.92470000
vn -0.92830000 -0.29460000 -0.22670000
vn -0.22590000 0.30640000 0.92470000
vn 0.22670000 -0.29460000 -0.92830000
vn -0.92830000 -0.29460000 -0.22670000
vn 0.22670000 -0.29460000 -0.92830000
vn 0.92470000 0.30640000 0.22590000
vn 0.92470000 0.30640000 0.22590000
vn -0.22590000 0.30640000 0.92470000
vn -0.92830000 -0.29460000 -0.22670000
vn -0.22590000 0.30640000 0.92470000
vn -0.92830000 -0.29460000 -0.22670000
vn 0.22670000 -0.29460000 -0.92830000
vn -0.92830000 0.29460000 -0.22670000
vn -0.22670000 0.29460000 0.92830000
vn 0.22590000 -0.30640000 -0.92470000
vn -0.92830000 0.29460000 -0.22670000
vn 0.22590000 -0.30640000 -0.92470000
vn 0.92470000 -0.30640000 0.22590000
vn -0.22670000 0.29460000 0.92830000
vn 0.92470000 -0.30640000 0.22590000
vn -0.22670000 0.29460000 0.92830000
vn -0.92830000 0.29460000 -0.22670000
vn -0.92830000 0.29460000 -0.22670000
vn 0.22590000 -0.30640000 -0.92470000
vn 0.92470000 -0.30640000 0.22590000
vn 0.22590000 -0.30640000 -0.92470000
vn -0.22670000 0.29460000 0.92830000
vn 0.92470000 -0.30640000 0.22590000
vn -0.28020000 0.00000000 -0.95990000
vn 0.69120000 0.00000000 -0.72270000
vn -0.28020000 0.00000000 -0.95990000
vn 0.69120000 0.00000000 -0.72270000
vn 0.69120000 0.00000000 -0.72270000
vn 0.97140000 0.00000000 0.23730000
vn 0.97140000 0.00000000 0.23730000
vn 0.69120000 0.00000000 -0.72270000
vn 0.97140000 0.00000000 0.23730000
vn 0.28020000 0.00000000 0.95990000
vn 0.28020000 0.00000000 0.95990000
vn 0.97140000 0.00000000 0.23730000
vn -0.69120000 0.00000000 0.72270000
vn 0.28020000 0.00000000 0.95990000
vn 0.28020000 0.00000000 0.95990000
vn -0.69120000 0.00000000 0.72270000
vn -0.69120000 0.00000000 0.72270000
vn -0.97140000 0.00000000 -0.23730000
vn -0.97140000 0.00000000 -0.23730000
vn -0.69120000 0.00000000 0.72270000
vn -0.97140000 0.00000000 -0.23730000
vn -0.28020000 0.00000000 -0.95990000
vn -0.28020000 0.00000000 -0.95990000
vn -0.97140000 0.00000000 -0.23730000
vn -1.00000000 0.00000000 0.00000000
vn 0.00000000 0.00000000 -1.00000000
vn -1.00000000 0.00000000 0.00000000
vn 0.00000000 0.00000000 -1.00000000
vn 0.00000000 0.00000000 -1.00000000
vn 1.00000000 0.00000000 0.00000000
vn 1.00000000 0.00000000 0.00000000
vn 0.00000000 0.00000000 -1.00000000
vn -1.00000000 0.00000000 0.00000000
vn 0.00000000 0.00000000 1.00000000
vn 0.00000000 0.00000000 1.00000000
vn -1.00000000 0.00000000 0.00000000
vn 1.00000000 0.00000000 0.00000000
vn 0.00000000 0.00000000 1.00000000
vn 1.00000000 0.00000000 0.00000000
vn 0.00000000 0.00000000 1.00000000
vn 0.00000000 0.00000000 -1.00000000
vn -1.00000000 0.00000000 0.00000000
vn -1.00000000 0.00000000 0.00000000
vn 0.00000000 0.00000000 -1.00000000
vn 1.00000000 0.00000000 0.00000000
vn 0.00000000 0.00000000 -1.00000000
vn 0.00000000 0.00000000 -1.00000000
vn 1.00000000 0.00000000 0.00000000
vn -1.00000000 0.00000000 0.00000000
vn 0.00000000 0.00000000 1.00000000
vn 0.00000000 0.00000000 1.00000000
vn -1.00000000 0.00000000 0.00000000
vn 1.00000000 0.00000000 0.00000000
vn 0.00000000 0.00000000 1.00000000
vn 1.00000000 0.00000000 0.00000000
vn 0.00000000 0.00000000 1.00000000
vn -0.70710000 0.00000000 -0.70710000
vn -1.00000000 0.00000000 0.00000000
vn 0.00000000 -1.00000000 0.00000000
vn 0.00000000 -1.00000000 0.00000000
vn -0.38270000 0.00000000 -0.92390000
vn -0.38270000 0.00000000 -0.92390000
vn 0.00000000 1.00000000 0.00000000
vn -0.70710000 0.00000000 -0.70710000
vn 0.00000000 1.00000000 0.00000000
vn -1.00000000 0.00000000 0.00000000
vn 0.38270000 0.00000000 -0.92390000
vn 0.00000000 -1.00000000 0.00000000
vn 0.00000000 -1.00000000 0.00000000
vn 1.00000000 0.00000000 0.00000000
vn 0.70710000 0.00000000 -0.70710000
vn 0.70710000 0.00000000 -0.70710000
vn 1.00000000 0.00000000 0.00000000
vn 0.00000000 1.00000000 0.00000000
vn 0.38270000 0.00000000 -0.92390000
vn 0.00000000 1.00000000 0.00000000
vn 0.00000000 -1.00000000 0.00000000
vn -0.70710000 0.00000000 0.70710000
vn 0.00000000 0.00000000 1.00000000
vn -0.92390000 0.00000000 0.38270000
vn 0.00000000 -1.00000000 0.00000000
vn -0.92390000 0.00000000 0.38270000
vn 0.00000000 1.00000000 0.00000000
vn 0.00000000 0.00000000 1.00000000
vn 0.00000000 1.00000000 0.00000000
vn -0.70710000 0.00000000 0.70710000
vn 0.00000000 -1.00000000 0.00000000
vn 0.92390000 0.00000000 0.38270000
vn 0.00000000 0.00000000 1.00000000
vn 0.70710000 0.00000000 0.70710000
vn 0.00000000 -1.00000000 0.00000000
vn 0.00000000 1.00000000 0.00000000
vn 0.70710000 0.00000000 0.70710000
vn 0.00000000 0.00000000 1.00000000
vn 0.92390000 0.00000000 0.38270000
vn 0.00000000 1.00000000 0.00000000
vn 0.11110000 -0.28260000 0.95280000
vn -0.95280000 -0.28260000 0.11110000
vn 0.00000000 -1.00000000 0.00000000
vn 0.11580000 0.00000000 0.99330000
vn 0.11110000 -0.28260000 0.95280000
vn -0.95280000 -0.28260000 0.11110000
vn -0.99330000 0.00000000 0.11580000
vn -0.11110000 -0.28260000 -0.95280000
vn 0.00000000 -1.00000000 0.00000000
vn -0.95280000 -0.28260000 0.11110000
vn -0.95280000 -0.28260000 0.11110000
vn -0.99330000 0.00000000 0.11580000
vn -0.11110000 -0.28260000 -0.95280000
vn -0.11580000 0.00000000 -0.99330000
vn 0.95280000 -0.28260000 -0.11110000
vn 0.11110000 -0.28260000 0.95280000
vn 0.00000000 -1.00000000 0.00000000
vn 0.11580000 0.00000000 0.99330000
vn 0.11110000 -0.28260000 0.95280000
vn 0.95280000 -0.28260000 -0.11110000
vn 0.99330000 0.00000000 -0.11580000
vn 0.95280000 -0.28260000 -0.11110000
vn -0.11110000 -0.28260000 -0.95280000
vn 0.00000000 -1.00000000 0.00000000
vn 0.95280000 -0.28260000 -0.11110000
vn -0.11110000 -0.28260000 -0.95280000
vn -0.11580000 0.00000000 -0.99330000
vn 0.99330000 0.00000000 -0.11580000
vn -0.99330000 0.00000000 0.11580000
vn 0.11580000 0.00000000 0.99330000
vn 0.00000000 1.00000000 0.00000000
vn -0.11580000 0.00000000 -0.99330000
vn 0.00000000 1.00000000 0.00000000
vn -0.99330000 0.00000000 0.11580000
vn 0.00000000 1.00000000 0.00000000
vn 0.99330000 0.00000000 -0.11580000
vn -0.11580000 0.00000000 -0.99330000
vn 0.99330000 0.00000000 -0.11580000
vn 0.11580000 0.00000000 0.99330000
vn 0.00000000 1.00000000 0.00000000
vn 0.00000000 1.00000000 0.00000000
vn 0.06420000 0.83220000 0.55070000
vn -0.55070000 0.83220000 0.06420000
vn 0.06420000 0.83220000 0.55070000
vn 0.00000000 1.00000000 0.00000000
vn 0.55070000 0.83220000 -0.06420000
vn -0.06420000 0.83220000 -0.55070000
vn 0.00000000 1.00000000 0.00000000
vn 0.55070000 0.83220000 -0.06420000
vn -0.06420000 0.83220000 -0.55070000
vn 0.00000000 1.00000000 0.00000000
vn -0.55070000 0.83220000 0.06420000
vn -0.55070000 0.83220000 0.06420000
vn 0.06420000 0.83220000 0.55070000
vn -0.06420000 0.83220000 -0.55070000
vn 0.55070000 0.83220000 -0.06420000
vn 0.32480000 0.55470000 0.76600000
vn 0.39990000 -0.57270000 -0.71560000
vn 0.78970000 0.08140000 0.60810000
vn 0.80590000 -0.56470000 0.17780000
vn 0.21830000 -0.96470000 -0.14700000
vn -0.19160000 -0.97420000 0.11890000
vn -0.77130000 -0.53300000 0.34780000
vn 0.11100000 -0.57830000 0.80830000
vn -0.73800000 -0.59810000 -0.31260000
vn -0.40110000 0.11010000 0.90940000
vn -0.93920000 0.02510000 -0.34250000
vn 0.96860000 0.09920000 -0.22780000
vn 0.16680000 0.10420000 0.98050000
vn 0.01020000 0.08390000 -0.99640000
vn 0.77120000 0.63140000 -0.08170000
vn -0.90180000 0.40430000 0.15250000
vn -0.68120000 0.62300000 -0.38460000
vn 0.15580000 0.63000000 -0.76080000
vn -0.56610000 0.04460000 -0.82310000
vn 0.62920000 0.12600000 -0.76690000
vn -0.83060000 0.12580000 0.54250000
vn -0.37640000 -0.61640000 -0.69170000
vn -0.30290000 0.68740000 -0.66010000
vn -0.60460000 0.56390000 0.56250000
vn 0.62450000 0.64800000 0.43600000
vn 0.50360000 0.72880000 -0.46390000
vn 0.00000000 -1.00000000 0.00000000
vn -0.35250000 0.00000000 0.93580000
vn -0.93580000 0.00000000 -0.35250000
vn -0.93580000 0.00000000 -0.35250000
vn -0.35250000 0.00000000 0.93580000
vn 0.00000000 1.00000000 0.00000000
vn 0.00000000 -1.00000000 0.00000000
vn -0.93580000 0.00000000 -0.35250000
vn 0.35250000 0.00000000 -0.93580000
vn 0.35250000 0.00000000 -0.93580000
vn 0.00000000 1.00000000 0.00000000
vn -0.93580000 0.00000000 -0.35250000
vn 0.00000000 -1.00000000 0.00000000
vn -0.35250000 0.00000000 0.93580000
vn 0.93580000 0.00000000 0.35250000
vn 0.93580000 0.00000000 0.35250000
vn 0.00000000 1.00000000 0.00000000
vn -0.35250000 0.00000000 0.93580000
vn 0.00000000 -1.00000000 0.00000000
vn 0.35250000 0.00000000 -0.93580000
vn 0.93580000 0.00000000 0.35250000
vn 0.00000000 1.00000000 0.00000000
vn 0.35250000 0.00000000 -0.93580000
vn 0.93580000 0.00000000 0.35250000
vn -0.35250000 0.00000000 0.93580000
vn -0.35250000 0.00000000 0.93580000
vn -0.35250000 0.00000000 0.93580000
vn -0.35250000 0.00000000 0.93580000
vn 0.00000000 -1.00000000 0.00000000
vn 0.00000000 -1.00000000 0.00000000
vn 0.35250000 0.00000000 -0.93580000
vn 0.35250000 0.00000000 -0.93580000
vn 0.35250000 0.00000000 -0.93580000
vn 0.35250000 0.00000000 -0.93580000
vn 0.00000000 -1.00000000 0.00000000
vn 0.00000000 -1.00000000 0.00000000
vn 0.00000000 1.00000000 0.00000000
vn 0.35250000 0.00000000 -0.93580000
vn 0.00000000 1.00000000 0.00000000
vn 0.35250000 0.00000000 -0.93580000
vn 0.35250000 0.00000000 -0.93580000
vn 0.35250000 0.00000000 -0.93580000
vn 0.00000000 1.00000000 0.00000000
vn 0.00000000 1.00000000 0.00000000
vn 0.00000000 -1.00000000 0.00000000
vn -0.35250000 0.00000000 0.93580000
vn -0.35250000 0.00000000 0.93580000
vn 0.00000000 -1.00000000 0.00000000
vn 0.00000000 -1.00000000 0.00000000
vn -0.35250000 0.00000000 0.93580000
vn 0.00000000 -1.00000000 0.00000000
vn -0.35250000 0.00000000 0.93580000
vn 0.00000000 1.00000000 0.00000000
vn 0.00000000 1.00000000 0.00000000
vn -0.35250000 0.00000000 0.93580000
vn -0.35250000 0.00000000 0.93580000
vn -0.35250000 0.00000000 0.93580000
vn -0.35250000 0.00000000 0.93580000
vn 0.00000000 1.00000000 0.00000000
vn 0.00000000 1.00000000 0.00000000
vn 0.00000000 1.00000000 0.00000000
vn 0.00000000 1.00000000 0.00000000
vn 0.00000000 1.00000000 0.00000000
vn 0.00000000 1.00000000 0.00000000
vt 0.27891000 0.78046700
vt 0.27891000 0.82734200
vt 0.27891000 0.82734200
vt 0.27891000 0.84765600
vt 0.27891000 0.84765600
vt 0.27891000 0.87890600
vt 0.27891000 0.78046700
vt 0.27891000 0.82734200
vt 0.27891000 0.82734200
vt 0.27891000 0.84765600
vt 0.27891000 0.84765600
vt 0.27891000 0.87890600
vt 0.33437100 0.82734200
vt 0.33437100 0.82734200
vt 0.33437100 0.78046700
vt 0.33437100 0.84765600
vt 0.33437100 0.84765600
vt 0.33437100 0.87890600
vt 0.33437100 0.82734200
vt 0.33437100 0.82734200
vt 0.33437100 0.78046700
vt 0.33437100 0.84765600
vt 0.33437100 0.87890600
vt 0.33437100 0.84765600
vt 0.33159800 0.78046700
vt 0.33159800 0.82734200
vt 0.33159800 0.81171700
vt 0.28168300 0.78046700
vt 0.28168300 0.82734200
vt 0.28168300 0.81171700
vt 0.28168300 0.83203100
vt 0.28168300 0.87890600
vt 0.28168300 0.86328100
vt 0.28168300 0.84765600
vt 0.33159800 0.83203100
vt 0.33159800 0.84765600
vt 0.33159800 0.86328100
vt 0.33159800 0.87890600
vt 0.28168300 0.81171700
vt 0.28168300 0.82734200
vt 0.28168300 0.78046700
vt 0.33159800 0.81171700
vt 0.33159800 0.78046700
vt 0.33159800 0.82734200
vt 0.33159800 0.87890600
vt 0.33159800 0.84765600
vt 0.33159800 0.86328100
vt 0.33159800 0.83203100
vt 0.28168300 0.87890600
vt 0.28168300 0.86328100
vt 0.28168300 0.84765600
vt 0.28168300 0.83203100
vt 0.27891000 0.82734200
vt 0.27891000 0.78046700
vt 0.27891000 0.81171700
vt 0.27891000 0.81171700
vt 0.27891000 0.78046700
vt 0.27891000 0.82734200
vt 0.27891000 0.83203100
vt 0.27891000 0.84765600
vt 0.27891000 0.86328100
vt 0.27891000 0.87890600
vt 0.27891000 0.86328100
vt 0.27891000 0.84765600
vt 0.27891000 0.83203100
vt 0.27891000 0.87890600
vt 0.33437100 0.78046700
vt 0.33437100 0.81171700
vt 0.33437100 0.82734200
vt 0.33437100 0.78046700
vt 0.33437100 0.82734200
vt 0.33437100 0.81171700
vt 0.33437100 0.84765600
vt 0.33437100 0.83203100
vt 0.33437100 0.86328100
vt 0.33437100 0.87890600
vt 0.33437100 0.87890600
vt 0.33437100 0.86328100
vt 0.33437100 0.83203100
vt 0.33437100 0.84765600
vt 0.33159800 0.84765600
vt 0.33159800 0.87890600
vt 0.33159800 0.86328100
vt 0.33159800 0.86328100
vt 0.33159800 0.87890600
vt 0.33159800 0.84765600
vt 0.28168300 0.87890600
vt 0.28168300 0.84765600
vt 0.28168300 0.86328100
vt 0.28168300 0.84765600
vt 0.28168300 0.87890600
vt 0.28168300 0.86328100
vt 0.28168300 0.78046700
vt 0.28168300 0.78046700
vt 0.33159800 0.78046700
vt 0.33159800 0.78046700
vt 0.93750000 0.31587400
vt 0.90625000 0.26899900
vt 0.93750000 0.31587400
vt 0.90625000 0.26899900
vt 0.93750000 0.31587400
vt 0.90625000 0.26899900
vt 0.90625000 0.26899900
vt 0.93750000 0.31587400
vt 0.93750000 0.31587400
vt 0.93750000 0.31587400
vt 0.93750000 0.39456700
vt 0.90625000 0.34769200
vt 0.93750000 0.39456700
vt 0.93750000 0.39456700
vt 0.90625000 0.31096900
vt 0.93750000 0.35784400
vt 0.90625000 0.31096900
vt 0.93750000 0.35784400
vt 0.93750000 0.35784400
vt 0.93750000 0.35784400
vt 0.96875000 0.32014900
vt 0.93750000 0.36702400
vt 0.96875000 0.32014900
vt 0.93750000 0.38538600
vt 0.96875000 0.33851100
vt 0.96875000 0.33851100
vt 0.93750000 0.38538600
vt 0.96875000 0.33851100
vt 0.96875000 0.33851100
vt 0.93750000 0.36702400
vt 0.96875000 0.32014900
vt 0.96875000 0.32014900
vt 0.96875000 0.27818000
vt 0.93750000 0.32505500
vt 0.96875000 0.27818000
vt 0.96875000 0.27818000
vt 0.93750000 0.32505500
vt 0.96875000 0.27818000
vt 0.96875000 0.29654200
vt 0.96875000 0.29654200
vt 0.93750000 0.34341700
vt 0.96875000 0.29654200
vt 0.93750000 0.34341700
vt 0.96875000 0.29654200
vt 0.96875000 0.33851100
vt 0.93750000 0.38538600
vt 0.96875000 0.33851100
vt 0.93750000 0.36702400
vt 0.96875000 0.32014900
vt 0.96875000 0.32014900
vt 0.93750000 0.36702400
vt 0.96875000 0.32014900
vt 0.96875000 0.32014900
vt 0.93750000 0.38538600
vt 0.96875000 0.33851100
vt 0.96875000 0.33851100
vt 0.96875000 0.26926200
vt 0.96875000 0.26926200
vt 0.93750000 0.31613700
vt 0.96875000 0.29654200
vt 0.93750000 0.34341700
vt 0.96875000 0.29654200
vt 0.96875000 0.29654200
vt 0.93750000 0.34341700
vt 0.96875000 0.29654200
vt 0.96875000 0.26926200
vt 0.93750000 0.31613700
vt 0.96875000 0.26926200
vt 0.96875000 0.27818000
vt 0.96875000 0.27818000
vt 0.93750000 0.32505500
vt 0.96875000 0.29654200
vt 0.93750000 0.34341700
vt 0.96875000 0.29654200
vt 0.96875000 0.29654200
vt 0.96875000 0.29654200
vt 0.93750000 0.34341700
vt 0.96875000 0.27818000
vt 0.96875000 0.27818000
vt 0.93750000 0.32505500
vt 0.93750000 0.36702400
vt 0.96875000 0.32014900
vt 0.96875000 0.32014900
vt 0.96875000 0.33851100
vt 0.93750000 0.38538600
vt 0.96875000 0.33851100
vt 0.96875000 0.33851100
vt 0.93750000 0.38538600
vt 0.96875000 0.33851100
vt 0.96875000 0.32014900
vt 0.96875000 0.32014900
vt 0.93750000 0.36702400
vt 0.96875000 0.27818000
vt 0.96875000 0.27818000
vt 0.96875000 0.27818000
vt 0.96875000 0.27818000
vt 0.96875000 0.27818000
vt 0.96875000 0.27818000
vt 0.96875000 0.27818000
vt 0.96875000 0.27818000
vt 0.96875000 0.26926200
vt 0.96875000 0.26926200
vt 0.96875000 0.26926200
vt 0.96875000 0.26926200
vt 0.96875000 0.33851100
vt 0.96875000 0.33851100
vt 0.96875000 0.32014900
vt 0.96875000 0.32014900
vt 0.96875000 0.32014900
vt 0.96875000 0.32014900
vt 0.96875000 0.33851100
vt 0.96875000 0.33851100
vt 0.96875000 0.29654200
vt 0.96875000 0.29654200
vt 0.96875000 0.29654200
vt 0.96875000 0.29654200
vt 0.96875000 0.33851100
vt 0.96875000 0.33851100
vt 0.96875000 0.32014900
vt 0.96875000 0.32014900
vt 0.96875000 0.33851100
vt 0.96875000 0.33851100
vt 0.96875000 0.32014900
vt 0.96875000 0.32014900
vt 0.96875000 0.29654200
vt 0.96875000 0.29654200
vt 0.96875000 0.29654200
vt 0.96875000 0.29654200
vt 0.96875000 0.29654200
vt 0.96875000 0.29654200
vt 0.96875000 0.29654200
vt 0.96875000 0.29654200
vt 0.96875000 0.33851100
vt 0.96875000 0.33851100
vt 0.96875000 0.32014900
vt 0.96875000 0.32014900
vt 0.96875000 0.32014900
vt 0.96875000 0.32014900
vt 0.96875000 0.33851100
vt 0.96875000 0.33851100
vt 0.90625000 0.34769200
vt 0.93750000 0.39456700
vt 0.93750000 0.43129000
vt 0.90625000 0.38441500
vt 0.90625000 0.38441500
vt 0.93750000 0.43129000
vt 0.93750000 0.43129000
vt 0.90625000 0.38441500
vt 0.90625000 0.38441500
vt 0.93750000 0.43129000
vt 0.93750000 0.43129000
vt 0.93750000 0.43129000
vt 0.93750000 0.39456700
vt 0.90625000 0.34769200
vt 0.90625000 0.34769200
vt 0.93750000 0.39456700
vt 0.93750000 0.40374700
vt 0.96875000 0.35687200
vt 0.96875000 0.35687200
vt 0.96875000 0.37523400
vt 0.96875000 0.37523400
vt 0.93750000 0.42210900
vt 0.96875000 0.37523400
vt 0.93750000 0.42210900
vt 0.96875000 0.37523400
vt 0.96875000 0.35687200
vt 0.96875000 0.35687200
vt 0.93750000 0.40374700
vt 0.93750000 0.42210900
vt 0.96875000 0.37523400
vt 0.96875000 0.37523400
vt 0.93750000 0.40374700
vt 0.96875000 0.35687200
vt 0.96875000 0.35687200
vt 0.93750000 0.40374700
vt 0.96875000 0.35687200
vt 0.96875000 0.35687200
vt 0.96875000 0.37523400
vt 0.96875000 0.37523400
vt 0.93750000 0.42210900
vt 0.96875000 0.35687200
vt 0.93750000 0.40374700
vt 0.96875000 0.35687200
vt 0.93750000 0.42210900
vt 0.96875000 0.37523400
vt 0.96875000 0.37523400
vt 0.96875000 0.37523400
vt 0.96875000 0.37523400
vt 0.93750000 0.42210900
vt 0.96875000 0.35687200
vt 0.93750000 0.40374700
vt 0.96875000 0.35687200
vt 0.96875000 0.37523400
vt 0.96875000 0.37523400
vt 0.96875000 0.35687200
vt 0.96875000 0.35687200
vt 0.96875000 0.35687200
vt 0.96875000 0.35687200
vt 0.96875000 0.37523400
vt 0.96875000 0.37523400
vt 0.96875000 0.37523400
vt 0.96875000 0.37523400
vt 0.96875000 0.35687200
vt 0.96875000 0.35687200
vt 0.96875000 0.37523400
vt 0.96875000 0.37523400
vt 0.96875000 0.35687200
vt 0.96875000 0.35687200
vt 0.96875000 0.37523400
vt 0.96875000 0.37523400
vt 0.96875000 0.35687200
vt 0.96875000 0.35687200
vt 0.96875000 0.35687200
vt 0.96875000 0.35687200
vt 0.96875000 0.37523400
vt 0.96875000 0.37523400
vt 0.93750000 0.35784400
vt 0.90625000 0.31096900
vt 0.93750000 0.35784400
vt 0.90625000 0.31096900
vt 0.76764300 0.81668400
vt 0.76764300 0.83230900
vt 0.85735700 0.83230900
vt 0.85735700 0.81668400
vt 0.14663700 0.92785000
vt 0.14663700 0.95910000
vt 0.14663700 0.91734100
vt 0.14663700 0.91734100
vt 0.14663700 0.88609100
vt 0.14663700 0.88609100
vt 0.14663700 0.91734100
vt 0.21498300 0.95910000
vt 0.21498300 0.92785000
vt 0.14663700 0.92785000
vt 0.14663700 0.92785000
vt 0.14663700 0.95910000
vt 0.21498300 0.88609100
vt 0.21498300 0.91734100
vt 0.21498300 0.92785000
vt 0.21498300 0.92785000
vt 0.21498300 0.95910000
vt 0.21498300 0.88609100
vt 0.21498300 0.91734100
vt 0.21498300 0.91734100
vt 0.20005600 0.92325500
vt 0.20005600 0.83745400
vt 0.20005600 0.83745400
vt 0.20005600 0.83745400
vt 0.20005600 0.92325500
vt 0.20005600 0.92325500
vt 0.20947300 0.92325500
vt 0.20947300 0.83745400
vt 0.15214500 0.83745400
vt 0.16156400 0.92325500
vt 0.15214500 0.92325500
vt 0.16156400 0.83745400
vt 0.16156400 0.92325500
vt 0.16156400 0.92325500
vt 0.16156400 0.83745400
vt 0.16156400 0.83745400
vt 0.27163700 0.87068000
vt 0.27163700 0.83943000
vt 0.27163700 0.82214800
vt 0.33998300 0.87068000
vt 0.33998300 0.83943000
vt 0.27163700 0.87068000
vt 0.27163700 0.83943000
vt 0.27163700 0.83943000
vt 0.33998300 0.82214800
vt 0.33998300 0.83943000
vt 0.33998300 0.83943000
vt 0.33998300 0.87068000
vt 0.27163700 0.83199700
vt 0.27163700 0.83199700
vt 0.33998300 0.83199700
vt 0.33998300 0.83199700
vt 0.15438700 0.92954200
vt 0.15438700 0.86101900
vt 0.15438700 0.89226900
vt 0.15438700 0.86101900
vt 0.20723200 0.92954200
vt 0.15438700 0.92954200
vt 0.15438700 0.89829200
vt 0.20723200 0.86101900
vt 0.20723200 0.89829200
vt 0.20723200 0.92954200
vt 0.20723200 0.86101900
vt 0.20723200 0.89226900
vt 0.85735700 0.93332000
vt 0.85735700 0.91769500
vt 0.76764300 0.91769500
vt 0.76764300 0.93332000
vt 0.01661800 0.18080800
vt 0.23338200 0.18080800
vt 0.23338200 0.06919100
vt 0.01661800 0.06919100
vt 0.85735700 0.87500200
vt 0.85735700 0.85937700
vt 0.85735700 0.89062700
vt 0.76764300 0.85937700
vt 0.76764300 0.87500200
vt 0.76764300 0.89062700
vt 0.84030600 0.86551400
vt 0.84030600 0.84988900
vt 0.84030600 0.89676400
vt 0.78469400 0.89676400
vt 0.78469400 0.84988900
vt 0.78469400 0.86551400
vt 0.78469400 0.85742100
vt 0.78469400 0.84179600
vt 0.78469400 0.82617100
vt 0.84030600 0.85742100
vt 0.84030600 0.84179600
vt 0.84030600 0.82617100
vt 0.84030600 0.90820700
vt 0.84030600 0.92383200
vt 0.84030600 0.95508200
vt 0.78469400 0.95508200
vt 0.78469400 0.90820700
vt 0.78469400 0.92383200
vt 0.78469400 0.90011400
vt 0.78469400 0.91573900
vt 0.78469400 0.88448900
vt 0.84030600 0.91573900
vt 0.84030600 0.88448900
vt 0.84030600 0.90011400
vt 0.69715100 0.81886500
vt 0.69715100 0.87367600
vt 0.69715100 0.85805100
vt 0.69715100 0.87367600
vt 0.68921300 0.87367600
vt 0.68921300 0.85805100
vt 0.69715100 0.89734400
vt 0.69715100 0.91296900
vt 0.69715100 0.89734400
vt 0.69715100 0.95215500
vt 0.68921300 0.89734400
vt 0.68921300 0.91296900
vt 0.69715100 0.81886500
vt 0.68921300 0.85805100
vt 0.68921300 0.87367600
vt 0.69715100 0.85805100
vt 0.69715100 0.87367600
vt 0.69715100 0.95215500
vt 0.69715100 0.91296900
vt 0.69715100 0.89734400
vt 0.68921300 0.89734400
vt 0.68921300 0.91296900
vt 0.72081700 0.81886500
vt 0.72875400 0.87367600
vt 0.72875400 0.85805100
vt 0.72081700 0.87367600
vt 0.72081700 0.85805100
vt 0.72081700 0.87367600
vt 0.72081700 0.95215500
vt 0.72081700 0.89734400
vt 0.72081700 0.91296900
vt 0.72081700 0.89734400
vt 0.72875400 0.89734400
vt 0.72875400 0.91296900
vt 0.72081700 0.81886500
vt 0.72081700 0.87367600
vt 0.72081700 0.85805100
vt 0.72875400 0.87367600
vt 0.72875400 0.85805100
vt 0.72081700 0.95215500
vt 0.72875400 0.89734400
vt 0.72875400 0.91296900
vt 0.72081700 0.91296900
vt 0.72081700 0.89734400
vt 0.02583000 0.66677600
vt 0.09918200 0.66677600
vt 0.14663700 0.92785000
vt 0.14663700 0.95910000
vt 0.14663700 0.91734100
vt 0.14663700 0.91734100
vt 0.14663700 0.88609100
vt 0.14663700 0.88609100
vt 0.14663700 0.91734100
vt 0.21498300 0.95910000
vt 0.21498300 0.92785000
vt 0.14663700 0.92785000
vt 0.14663700 0.92785000
vt 0.14663700 0.95910000
vt 0.21498300 0.91734100
vt 0.21498300 0.88609100
vt 0.21498300 0.95910000
vt 0.21498300 0.92785000
vt 0.21498300 0.92785000
vt 0.21498300 0.91734100
vt 0.21498300 0.88609100
vt 0.21498300 0.91734100
vt 0.20005600 0.92325500
vt 0.20005600 0.83745400
vt 0.20005600 0.83745400
vt 0.20005600 0.83745400
vt 0.20005600 0.92325500
vt 0.20005600 0.92325500
vt 0.20947300 0.92325500
vt 0.20947300 0.83745400
vt 0.15214500 0.83745400
vt 0.16156400 0.92325500
vt 0.15214500 0.92325500
vt 0.16156400 0.83745400
vt 0.16156400 0.92325500
vt 0.16156400 0.92325500
vt 0.16156400 0.83745400
vt 0.16156400 0.83745400
vt 0.14663700 0.87068000
vt 0.14663700 0.83943000
vt 0.14663700 0.82214800
vt 0.14663700 0.79089800
vt 0.21498300 0.87068000
vt 0.21498300 0.83943000
vt 0.14663700 0.83943000
vt 0.14663700 0.87068000
vt 0.14663700 0.83943000
vt 0.21498300 0.82214800
vt 0.21498300 0.79089800
vt 0.21498300 0.83943000
vt 0.21498300 0.87068000
vt 0.21498300 0.83943000
vt 0.14663700 0.79089800
vt 0.14663700 0.79089800
vt 0.14663700 0.82214800
vt 0.14663700 0.80074700
vt 0.14663700 0.83199700
vt 0.14663700 0.83199700
vt 0.21498300 0.83199700
vt 0.21498300 0.83199700
vt 0.21498300 0.80074700
vt 0.21498300 0.79089800
vt 0.21498300 0.79089800
vt 0.21498300 0.82214800
vt 0.09918200 0.58322400
vt 0.02583000 0.58322400
vt 0.04100300 0.01579700
vt 0.02583000 0.66677600
vt 0.09918200 0.66677600
vt 0.20899700 0.01579700
vt 0.14663700 0.95910000
vt 0.14663700 0.92785000
vt 0.14663700 0.91734100
vt 0.14663700 0.88609100
vt 0.14663700 0.91734100
vt 0.14663700 0.91734100
vt 0.14663700 0.88609100
vt 0.21498300 0.92785000
vt 0.21498300 0.95910000
vt 0.14663700 0.95910000
vt 0.14663700 0.92785000
vt 0.14663700 0.92785000
vt 0.21498300 0.91734100
vt 0.21498300 0.88609100
vt 0.21498300 0.92785000
vt 0.21498300 0.95910000
vt 0.21498300 0.92785000
vt 0.21498300 0.88609100
vt 0.21498300 0.91734100
vt 0.21498300 0.91734100
vt 0.20005600 0.92325500
vt 0.20005600 0.83745400
vt 0.20005600 0.83745400
vt 0.20005600 0.83745400
vt 0.20005600 0.92325500
vt 0.20005600 0.92325500
vt 0.20947300 0.92325500
vt 0.20947300 0.83745400
vt 0.15214500 0.83745400
vt 0.16156400 0.92325500
vt 0.15214500 0.92325500
vt 0.16156400 0.83745400
vt 0.16156400 0.92325500
vt 0.16156400 0.92325500
vt 0.16156400 0.83745400
vt 0.16156400 0.83745400
vt 0.14663700 0.83943000
vt 0.14663700 0.87068000
vt 0.14663700 0.79089800
vt 0.14663700 0.82214800
vt 0.21498300 0.87068000
vt 0.21498300 0.83943000
vt 0.14663700 0.83943000
vt 0.14663700 0.83943000
vt 0.14663700 0.87068000
vt 0.21498300 0.79089800
vt 0.21498300 0.82214800
vt 0.21498300 0.83943000
vt 0.21498300 0.83943000
vt 0.21498300 0.87068000
vt 0.14663700 0.79089800
vt 0.14663700 0.79089800
vt 0.14663700 0.82214800
vt 0.14663700 0.80074700
vt 0.14663700 0.83199700
vt 0.14663700 0.83199700
vt 0.21498300 0.83199700
vt 0.21498300 0.80074700
vt 0.21498300 0.83199700
vt 0.21498300 0.82214800
vt 0.21498300 0.79089800
vt 0.21498300 0.79089800
vt 0.15438700 0.92954200
vt 0.15438700 0.86101900
vt 0.15438700 0.89226900
vt 0.15438700 0.86101900
vt 0.20723200 0.92954200
vt 0.15438700 0.92954200
vt 0.15438700 0.89829200
vt 0.20723200 0.86101900
vt 0.20723200 0.92954200
vt 0.20723200 0.89829200
vt 0.20723200 0.89226900
vt 0.20723200 0.86101900
vt 0.20899700 0.23420600
vt 0.09918200 0.58322400
vt 0.02583000 0.58322400
vt 0.04100300 0.23420600
vt 0.04100300 0.01579700
vt 0.02583000 0.66677600
vt 0.09918200 0.66677600
vt 0.20899700 0.01579700
vt 0.14663700 0.92785000
vt 0.14663700 0.95910000
vt 0.14663700 0.88609100
vt 0.14663700 0.91734100
vt 0.14663700 0.91734100
vt 0.14663700 0.91734100
vt 0.14663700 0.88609100
vt 0.21498300 0.95910000
vt 0.21498300 0.92785000
vt 0.14663700 0.95910000
vt 0.14663700 0.92785000
vt 0.14663700 0.92785000
vt 0.21498300 0.88609100
vt 0.21498300 0.91734100
vt 0.21498300 0.95910000
vt 0.21498300 0.92785000
vt 0.21498300 0.92785000
vt 0.21498300 0.88609100
vt 0.21498300 0.91734100
vt 0.21498300 0.91734100
vt 0.20005600 0.92325500
vt 0.20005600 0.83745400
vt 0.20005600 0.83745400
vt 0.20005600 0.83745400
vt 0.20005600 0.92325500
vt 0.20005600 0.92325500
vt 0.20947300 0.92325500
vt 0.20947300 0.83745400
vt 0.15214500 0.83745400
vt 0.16156400 0.92325500
vt 0.15214500 0.92325500
vt 0.16156400 0.83745400
vt 0.16156400 0.92325500
vt 0.16156400 0.92325500
vt 0.16156400 0.83745400
vt 0.16156400 0.83745400
vt 0.14663700 0.83943000
vt 0.14663700 0.87068000
vt 0.14663700 0.79089800
vt 0.14663700 0.82214800
vt 0.21498300 0.87068000
vt 0.21498300 0.83943000
vt 0.14663700 0.83943000
vt 0.14663700 0.87068000
vt 0.14663700 0.83943000
vt 0.21498300 0.82214800
vt 0.21498300 0.79089800
vt 0.21498300 0.83943000
vt 0.21498300 0.83943000
vt 0.21498300 0.87068000
vt 0.14663700 0.82214800
vt 0.14663700 0.79089800
vt 0.14663700 0.79089800
vt 0.14663700 0.80074700
vt 0.14663700 0.83199700
vt 0.14663700 0.83199700
vt 0.21498300 0.80074700
vt 0.21498300 0.83199700
vt 0.21498300 0.83199700
vt 0.21498300 0.82214800
vt 0.21498300 0.79089800
vt 0.21498300 0.79089800
vt 0.15438700 0.92954200
vt 0.15438700 0.89226900
vt 0.15438700 0.86101900
vt 0.15438700 0.86101900
vt 0.20723200 0.92954200
vt 0.15438700 0.92954200
vt 0.15438700 0.89829200
vt 0.20723200 0.86101900
vt 0.20723200 0.89829200
vt 0.20723200 0.92954200
vt 0.20723200 0.86101900
vt 0.20723200 0.89226900
vt 0.20899700 0.23420600
vt 0.09918200 0.58322400
vt 0.02583000 0.58322400
vt 0.04100300 0.23420600
vt 0.04100300 0.01579700
vt 0.02583000 0.66677600
vt 0.09918200 0.66677600
vt 0.20899700 0.01579700
vt 0.14663700 0.95910000
vt 0.14663700 0.92785000
vt 0.14663700 0.91734100
vt 0.14663700 0.88609100
vt 0.14663700 0.91734100
vt 0.14663700 0.88609100
vt 0.14663700 0.91734100
vt 0.21498300 0.95910000
vt 0.21498300 0.92785000
vt 0.14663700 0.95910000
vt 0.14663700 0.92785000
vt 0.14663700 0.92785000
vt 0.21498300 0.88609100
vt 0.21498300 0.91734100
vt 0.21498300 0.92785000
vt 0.21498300 0.95910000
vt 0.21498300 0.92785000
vt 0.21498300 0.91734100
vt 0.21498300 0.88609100
vt 0.21498300 0.91734100
vt 0.20005600 0.92325500
vt 0.20005600 0.83745400
vt 0.20005600 0.83745400
vt 0.20005600 0.83745400
vt 0.20005600 0.92325500
vt 0.20005600 0.92325500
vt 0.20947300 0.92325500
vt 0.20947300 0.83745400
vt 0.15214500 0.83745400
vt 0.16156400 0.92325500
vt 0.15214500 0.92325500
vt 0.16156400 0.83745400
vt 0.16156400 0.92325500
vt 0.16156400 0.92325500
vt 0.16156400 0.83745400
vt 0.16156400 0.83745400
vt 0.14663700 0.87068000
vt 0.14663700 0.83943000
vt 0.14663700 0.79089800
vt 0.14663700 0.82214800
vt 0.21498300 0.83943000
vt 0.21498300 0.87068000
vt 0.14663700 0.83943000
vt 0.14663700 0.87068000
vt 0.14663700 0.83943000
vt 0.21498300 0.79089800
vt 0.21498300 0.82214800
vt 0.21498300 0.83943000
vt 0.21498300 0.83943000
vt 0.21498300 0.87068000
vt 0.14663700 0.79089800
vt 0.14663700 0.82214800
vt 0.14663700 0.79089800
vt 0.14663700 0.80074700
vt 0.14663700 0.83199700
vt 0.14663700 0.83199700
vt 0.21498300 0.83199700
vt 0.21498300 0.80074700
vt 0.21498300 0.83199700
vt 0.21498300 0.79089800
vt 0.21498300 0.79089800
vt 0.21498300 0.82214800
vt 0.15438700 0.92954200
vt 0.15438700 0.89226900
vt 0.15438700 0.86101900
vt 0.15438700 0.86101900
vt 0.20723200 0.92954200
vt 0.15438700 0.89829200
vt 0.15438700 0.92954200
vt 0.20723200 0.86101900
vt 0.20723200 0.89829200
vt 0.20723200 0.92954200
vt 0.20723200 0.89226900
vt 0.20723200 0.86101900
vt 0.09918200 0.58322400
vt 0.20899700 0.23420600
vt 0.04100300 0.23420600
vt 0.02583000 0.58322400
vt 0.02583000 0.66677600
vt 0.09918200 0.66677600
vt 0.14663700 0.92785000
vt 0.14663700 0.95910000
vt 0.14663700 0.88609100
vt 0.14663700 0.91734100
vt 0.14663700 0.91734100
vt 0.14663700 0.91734100
vt 0.14663700 0.88609100
vt 0.21498300 0.92785000
vt 0.21498300 0.95910000
vt 0.14663700 0.95910000
vt 0.14663700 0.92785000
vt 0.14663700 0.92785000
vt 0.21498300 0.91734100
vt 0.21498300 0.88609100
vt 0.21498300 0.95910000
vt 0.21498300 0.92785000
vt 0.21498300 0.92785000
vt 0.21498300 0.88609100
vt 0.21498300 0.91734100
vt 0.21498300 0.91734100
vt 0.20005600 0.92325500
vt 0.20005600 0.83745400
vt 0.20005600 0.83745400
vt 0.20005600 0.83745400
vt 0.20005600 0.92325500
vt 0.20005600 0.92325500
vt 0.20947300 0.92325500
vt 0.20947300 0.83745400
vt 0.15214500 0.83745400
vt 0.16156400 0.92325500
vt 0.15214500 0.92325500
vt 0.16156400 0.83745400
vt 0.16156400 0.92325500
vt 0.16156400 0.92325500
vt 0.16156400 0.83745400
vt 0.16156400 0.83745400
vt 0.14663700 0.83943000
vt 0.14663700 0.87068000
vt 0.14663700 0.82214800
vt 0.14663700 0.79089800
vt 0.21498300 0.83943000
vt 0.21498300 0.87068000
vt 0.14663700 0.87068000
vt 0.14663700 0.83943000
vt 0.14663700 0.83943000
vt 0.21498300 0.82214800
vt 0.21498300 0.79089800
vt 0.21498300 0.83943000
vt 0.21498300 0.83943000
vt 0.21498300 0.87068000
vt 0.14663700 0.82214800
vt 0.14663700 0.79089800
vt 0.14663700 0.79089800
vt 0.14663700 0.83199700
vt 0.14663700 0.80074700
vt 0.14663700 0.83199700
vt 0.21498300 0.83199700
vt 0.21498300 0.83199700
vt 0.21498300 0.80074700
vt 0.21498300 0.82214800
vt 0.21498300 0.79089800
vt 0.21498300 0.79089800
vt 0.09918200 0.58322400
vt 0.02583000 0.58322400
vt 0.04100300 0.01579700
vt 0.02583000 0.66677600
vt 0.09918200 0.66677600
vt 0.20899700 0.01579700
vt 0.14663700 0.92785000
vt 0.14663700 0.95910000
vt 0.14663700 0.91734100
vt 0.14663700 0.88609100
vt 0.14663700 0.91734100
vt 0.14663700 0.91734100
vt 0.14663700 0.88609100
vt 0.21498300 0.95910000
vt 0.21498300 0.92785000
vt 0.14663700 0.92785000
vt 0.14663700 0.95910000
vt 0.14663700 0.92785000
vt 0.21498300 0.88609100
vt 0.21498300 0.91734100
vt 0.21498300 0.92785000
vt 0.21498300 0.95910000
vt 0.21498300 0.92785000
vt 0.21498300 0.88609100
vt 0.21498300 0.91734100
vt 0.21498300 0.91734100
vt 0.20005600 0.92325500
vt 0.20005600 0.83745400
vt 0.20005600 0.83745400
vt 0.20005600 0.83745400
vt 0.20005600 0.92325500
vt 0.20005600 0.92325500
vt 0.20947300 0.92325500
vt 0.20947300 0.83745400
vt 0.15214500 0.83745400
vt 0.16156400 0.92325500
vt 0.15214500 0.92325500
vt 0.16156400 0.83745400
vt 0.16156400 0.92325500
vt 0.16156400 0.92325500
vt 0.16156400 0.83745400
vt 0.16156400 0.83745400
vt 0.14663700 0.83943000
vt 0.14663700 0.87068000
vt 0.14663700 0.82214800
vt 0.14663700 0.79089800
vt 0.21498300 0.87068000
vt 0.21498300 0.83943000
vt 0.14663700 0.83943000
vt 0.14663700 0.83943000
vt 0.14663700 0.87068000
vt 0.21498300 0.79089800
vt 0.21498300 0.82214800
vt 0.21498300 0.83943000
vt 0.21498300 0.83943000
vt 0.21498300 0.87068000
vt 0.14663700 0.79089800
vt 0.14663700 0.79089800
vt 0.14663700 0.82214800
vt 0.14663700 0.80074700
vt 0.14663700 0.83199700
vt 0.14663700 0.83199700
vt 0.21498300 0.83199700
vt 0.21498300 0.83199700
vt 0.21498300 0.80074700
vt 0.21498300 0.79089800
vt 0.21498300 0.82214800
vt 0.21498300 0.79089800
vt 0.15438700 0.92954200
vt 0.15438700 0.89226900
vt 0.15438700 0.86101900
vt 0.15438700 0.86101900
vt 0.20723200 0.92954200
vt 0.15438700 0.89829200
vt 0.15438700 0.92954200
vt 0.20723200 0.86101900
vt 0.20723200 0.92954200
vt 0.20723200 0.89829200
vt 0.20723200 0.89226900
vt 0.20723200 0.86101900
vt 0.09918200 0.58322400
vt 0.20899700 0.23420600
vt 0.04100300 0.23420600
vt 0.02583000 0.58322400
vt 0.04100300 0.01579700
vt 0.02583000 0.66677600
vt 0.09918200 0.66677600
vt 0.20899700 0.01579700
vt 0.14663700 0.95910000
vt 0.14663700 0.92785000
vt 0.14663700 0.91734100
vt 0.14663700 0.88609100
vt 0.14663700 0.91734100
vt 0.14663700 0.91734100
vt 0.14663700 0.88609100
vt 0.21498300 0.92785000
vt 0.21498300 0.95910000
vt 0.14663700 0.95910000
vt 0.14663700 0.92785000
vt 0.14663700 0.92785000
vt 0.21498300 0.91734100
vt 0.21498300 0.88609100
vt 0.21498300 0.95910000
vt 0.21498300 0.92785000
vt 0.21498300 0.92785000
vt 0.21498300 0.88609100
vt 0.21498300 0.91734100
vt 0.21498300 0.91734100
vt 0.20005600 0.92325500
vt 0.20005600 0.83745400
vt 0.20005600 0.83745400
vt 0.20005600 0.83745400
vt 0.20005600 0.92325500
vt 0.20005600 0.92325500
vt 0.20947300 0.92325500
vt 0.20947300 0.83745400
vt 0.15214500 0.83745400
vt 0.16156400 0.92325500
vt 0.15214500 0.92325500
vt 0.16156400 0.83745400
vt 0.16156400 0.92325500
vt 0.16156400 0.92325500
vt 0.16156400 0.83745400
vt 0.16156400 0.83745400
vt 0.14663700 0.83943000
vt 0.14663700 0.87068000
vt 0.14663700 0.82214800
vt 0.14663700 0.79089800
vt 0.21498300 0.83943000
vt 0.21498300 0.87068000
vt 0.14663700 0.83943000
vt 0.14663700 0.83943000
vt 0.14663700 0.87068000
vt 0.21498300 0.79089800
vt 0.21498300 0.82214800
vt 0.21498300 0.83943000
vt 0.21498300 0.83943000
vt 0.21498300 0.87068000
vt 0.14663700 0.82214800
vt 0.14663700 0.79089800
vt 0.14663700 0.79089800
vt 0.14663700 0.80074700
vt 0.14663700 0.83199700
vt 0.14663700 0.83199700
vt 0.21498300 0.83199700
vt 0.21498300 0.83199700
vt 0.21498300 0.80074700
vt 0.21498300 0.82214800
vt 0.21498300 0.79089800
vt 0.21498300 0.79089800
vt 0.15438700 0.92954200
vt 0.15438700 0.89226900
vt 0.15438700 0.86101900
vt 0.15438700 0.86101900
vt 0.20723200 0.92954200
vt 0.15438700 0.89829200
vt 0.15438700 0.92954200
vt 0.20723200 0.86101900
vt 0.20723200 0.89829200
vt 0.20723200 0.92954200
vt 0.20723200 0.89226900
vt 0.20723200 0.86101900
vt 0.09918200 0.58322400
vt 0.20899700 0.23420600
vt 0.02583000 0.58322400
vt 0.04100300 0.23420600
vt 0.04100300 0.01579700
vt 0.02583000 0.66677600
vt 0.09918200 0.66677600
vt 0.20899700 0.01579700
vt 0.14663700 0.92785000
vt 0.14663700 0.95910000
vt 0.14663700 0.88609100
vt 0.14663700 0.91734100
vt 0.14663700 0.91734100
vt 0.14663700 0.91734100
vt 0.14663700 0.88609100
vt 0.21498300 0.92785000
vt 0.21498300 0.95910000
vt 0.14663700 0.95910000
vt 0.14663700 0.92785000
vt 0.14663700 0.92785000
vt 0.21498300 0.88609100
vt 0.21498300 0.91734100
vt 0.21498300 0.92785000
vt 0.21498300 0.95910000
vt 0.21498300 0.92785000
vt 0.21498300 0.88609100
vt 0.21498300 0.91734100
vt 0.21498300 0.91734100
vt 0.20005600 0.92325500
vt 0.20005600 0.83745400
vt 0.20005600 0.83745400
vt 0.20005600 0.83745400
vt 0.20005600 0.92325500
vt 0.20005600 0.92325500
vt 0.20947300 0.92325500
vt 0.20947300 0.83745400
vt 0.15214500 0.83745400
vt 0.16156400 0.92325500
vt 0.15214500 0.92325500
vt 0.16156400 0.83745400
vt 0.16156400 0.92325500
vt 0.16156400 0.92325500
vt 0.16156400 0.83745400
vt 0.16156400 0.83745400
vt 0.14663700 0.87068000
vt 0.14663700 0.83943000
vt 0.14663700 0.82214800
vt 0.14663700 0.79089800
vt 0.21498300 0.87068000
vt 0.21498300 0.83943000
vt 0.14663700 0.87068000
vt 0.14663700 0.83943000
vt 0.14663700 0.83943000
vt 0.21498300 0.79089800
vt 0.21498300 0.82214800
vt 0.21498300 0.87068000
vt 0.21498300 0.83943000
vt 0.21498300 0.83943000
vt 0.14663700 0.79089800
vt 0.14663700 0.82214800
vt 0.14663700 0.79089800
vt 0.14663700 0.80074700
vt 0.14663700 0.83199700
vt 0.14663700 0.83199700
vt 0.21498300 0.80074700
vt 0.21498300 0.83199700
vt 0.21498300 0.83199700
vt 0.21498300 0.79089800
vt 0.21498300 0.82214800
vt 0.21498300 0.79089800
vt 0.15438700 0.92954200
vt 0.15438700 0.89226900
vt 0.15438700 0.86101900
vt 0.15438700 0.86101900
vt 0.20723200 0.92954200
vt 0.15438700 0.92954200
vt 0.15438700 0.89829200
vt 0.20723200 0.86101900
vt 0.20723200 0.92954200
vt 0.20723200 0.89829200
vt 0.20723200 0.86101900
vt 0.20723200 0.89226900
vt 0.20899700 0.23420600
vt 0.09918200 0.58322400
vt 0.04100300 0.23420600
vt 0.02583000 0.58322400
vt 0.26216900 0.89543000
vt 0.26216900 0.86418000
vt 0.26216900 0.89543000
vt 0.26216900 0.94595000
vt 0.26216900 0.91470000
vt 0.26216900 0.91470000
vt 0.26216900 0.89543000
vt 0.26216900 0.86418000
vt 0.26216900 0.89543000
vt 0.26216900 0.91470000
vt 0.26216900 0.94595000
vt 0.26216900 0.91470000
vt 0.30381700 0.89543000
vt 0.30381700 0.86418000
vt 0.30381700 0.89543000
vt 0.30381700 0.91470000
vt 0.30381700 0.94595000
vt 0.30381700 0.91470000
vt 0.30381700 0.89543000
vt 0.30381700 0.89543000
vt 0.30381700 0.86418000
vt 0.30381700 0.91470000
vt 0.30381700 0.94595000
vt 0.30381700 0.91470000
vt 0.30029400 0.91470000
vt 0.30029400 0.94595000
vt 0.30029400 0.91470000
vt 0.26569200 0.91470000
vt 0.26569200 0.91470000
vt 0.26569200 0.94595000
vt 0.26569200 0.91470000
vt 0.26569200 0.91470000
vt 0.26569200 0.94595000
vt 0.30029400 0.91470000
vt 0.30029400 0.94595000
vt 0.30029400 0.91470000
vt 0.26657600 0.90634100
vt 0.26657600 0.93759100
vt 0.26657600 0.90634100
vt 0.29940900 0.90634100
vt 0.29940900 0.93759100
vt 0.29940900 0.90634100
vt 0.29940900 0.90634100
vt 0.29940900 0.93759100
vt 0.29940900 0.90634100
vt 0.26657600 0.93759100
vt 0.26657600 0.90634100
vt 0.26657600 0.90634100
vt 0.26216900 0.83864100
vt 0.26216900 0.83864100
vt 0.26216900 0.80739100
vt 0.26216900 0.85791100
vt 0.26216900 0.85791100
vt 0.26216900 0.88916100
vt 0.26216900 0.83864100
vt 0.26216900 0.83864100
vt 0.26216900 0.80739100
vt 0.26216900 0.88916100
vt 0.26216900 0.85791100
vt 0.26216900 0.85791100
vt 0.30381700 0.80739100
vt 0.30381700 0.83864100
vt 0.30381700 0.83864100
vt 0.30381700 0.85791100
vt 0.30381700 0.88916100
vt 0.30381700 0.85791100
vt 0.33158200 0.80739100
vt 0.33158200 0.83864100
vt 0.33158200 0.83864100
vt 0.33158200 0.88916100
vt 0.33158200 0.85791100
vt 0.33158200 0.85791100
vt 0.26216900 0.83864100
vt 0.26216900 0.80739100
vt 0.26216900 0.80739100
vt 0.26216900 0.83864100
vt 0.26216900 0.85791100
vt 0.26216900 0.88916100
vt 0.26216900 0.88916100
vt 0.26216900 0.85791100
vt 0.30381700 0.80739100
vt 0.30381700 0.83864100
vt 0.33158200 0.83864100
vt 0.33158200 0.80739100
vt 0.33158200 0.88916100
vt 0.33158200 0.85791100
vt 0.30381700 0.85791100
vt 0.30381700 0.88916100
vt 0.26216900 0.86703500
vt 0.26216900 0.83578500
vt 0.26216900 0.86703500
vt 0.26216900 0.88630600
vt 0.26216900 0.91755600
vt 0.26216900 0.88630600
vt 0.26216900 0.83578500
vt 0.26216900 0.86703500
vt 0.26216900 0.86703500
vt 0.26216900 0.88630600
vt 0.26216900 0.88630600
vt 0.26216900 0.91755600
vt 0.30381700 0.86703500
vt 0.30381700 0.83578500
vt 0.30381700 0.86703500
vt 0.30381700 0.91755600
vt 0.30381700 0.88630600
vt 0.30381700 0.88630600
vt 0.33158200 0.86703500
vt 0.33158200 0.86703500
vt 0.33158200 0.83578500
vt 0.33158200 0.88630600
vt 0.33158200 0.88630600
vt 0.33158200 0.91755600
vt 0.26216900 0.86703500
vt 0.26216900 0.83578500
vt 0.26216900 0.83578500
vt 0.26216900 0.86703500
vt 0.26216900 0.91755600
vt 0.26216900 0.88630600
vt 0.26216900 0.91755600
vt 0.26216900 0.88630600
vt 0.30381700 0.86703500
vt 0.30381700 0.83578500
vt 0.33158200 0.86703500
vt 0.33158200 0.83578500
vt 0.33158200 0.91755600
vt 0.33158200 0.88630600
vt 0.30381700 0.91755600
vt 0.30381700 0.88630600
vt 0.88581000 0.34278100
vt 0.88581000 0.37465000
vt 0.89538900 0.37465000
vt 0.89538900 0.34278100
vt 0.88586100 0.34272100
vt 0.88586100 0.37459000
vt 0.89543900 0.37459000
vt 0.89543900 0.34272100
vt 0.88581000 0.39295200
vt 0.88581000 0.42482100
vt 0.89538900 0.42482100
vt 0.89538900 0.39295200
vt 0.88586100 0.39289200
vt 0.88586100 0.42476100
vt 0.89543900 0.42476100
vt 0.89543900 0.39289200
vt 0.88581000 0.42749800
vt 0.88581000 0.45936700
vt 0.89538900 0.45936700
vt 0.89538900 0.42749800
vt 0.88586100 0.42743800
vt 0.88586100 0.45930700
vt 0.89543900 0.45930700
vt 0.89543900 0.42743800
vt 0.88581000 0.45258400
vt 0.88581000 0.48445200
vt 0.89538900 0.48445200
vt 0.89538900 0.45258400
vt 0.88586100 0.45252400
vt 0.88586100 0.48439200
vt 0.89543900 0.48439200
vt 0.89543900 0.45252400
vt 0.89543900 0.36780700
vt 0.89543900 0.39967500
vt 0.88586100 0.39967500
vt 0.88586100 0.36780700
vt 0.89538900 0.36786700
vt 0.89538900 0.39973500
vt 0.88581000 0.39973500
vt 0.88581000 0.36786700
vt 0.29421900 0.85155700
vt 0.78928900 0.85155700
vt 0.78928900 0.80468200
vt 0.78928900 0.82030700
vt 0.29421900 0.86718200
vt 0.80173200 0.80468200
vt 0.80173200 0.85155700
vt 0.80173200 0.82030700
vt 0.81610100 0.80468200
vt 0.81610100 0.82030700
vt 0.81610100 0.85155700
vt 0.82854400 0.80468200
vt 0.33514800 0.86718200
vt 0.82854400 0.85155700
vt 0.33514800 0.85155700
vt 0.82854400 0.82030700
vt 0.83572700 0.82030700
vt 0.83572700 0.80468200
vt 0.83572700 0.85155700
vt 0.83572700 0.85155700
vt 0.83572700 0.80468200
vt 0.83572700 0.82030700
vt 0.82854400 0.85155700
vt 0.82854400 0.80468200
vt 0.82854400 0.82030700
vt 0.33514800 0.85155700
vt 0.33514800 0.86718200
vt 0.81610100 0.85155700
vt 0.81610100 0.82030700
vt 0.81610100 0.80468200
vt 0.80173200 0.80468200
vt 0.80173200 0.85155700
vt 0.80173200 0.82030700
vt 0.78928900 0.82030700
vt 0.78928900 0.85155700
vt 0.29421900 0.86718200
vt 0.78928900 0.80468200
vt 0.29421900 0.85155700
vt 0.78210500 0.80468200
vt 0.78210500 0.82030700
vt 0.78210500 0.85155700
vt 0.78210500 0.80468200
vt 0.78210500 0.82030700
vt 0.78210500 0.85155700
vt 0.40514700 0.83559000
vt 0.40514700 0.86684000
vt 0.40514700 0.83559000
vt 0.43157100 0.92913600
vt 0.42189900 0.83559000
vt 0.42189900 0.86684000
vt 0.42189900 0.83559000
vt 0.44124200 0.86684000
vt 0.44124200 0.83559000
vt 0.44124200 0.83559000
vt 0.45799400 0.83559000
vt 0.45799400 0.86684000
vt 0.45799400 0.83559000
vt 0.46766600 0.86684000
vt 0.46766600 0.83559000
vt 0.46766600 0.83559000
vt 0.46766600 0.83559000
vt 0.46766600 0.83559000
vt 0.46766600 0.86684000
vt 0.45799400 0.86684000
vt 0.45799400 0.83559000
vt 0.45799400 0.83559000
vt 0.44124200 0.83559000
vt 0.44124200 0.83559000
vt 0.44124200 0.86684000
vt 0.42189900 0.86684000
vt 0.42189900 0.83559000
vt 0.42189900 0.83559000
vt 0.40514700 0.83559000
vt 0.40514700 0.83559000
vt 0.40514700 0.86684000
vt 0.39547600 0.83559000
vt 0.39547600 0.86684000
vt 0.39547600 0.83559000
vt 0.39547600 0.83559000
vt 0.39547600 0.83559000
vt 0.39547600 0.86684000
vt 0.80173200 0.90269000
vt 0.42408000 0.79278300
vt 0.78928900 0.90269000
vt 0.41110600 0.79278300
vt 0.43906100 0.79278300
vt 0.81610100 0.90269000
vt 0.82854400 0.90269000
vt 0.45203500 0.79278300
vt 0.83572700 0.90269000
vt 0.45952500 0.79278300
vt 0.45952500 0.79278300
vt 0.83572700 0.90269000
vt 0.45203500 0.79278300
vt 0.82854400 0.90269000
vt 0.43906100 0.79278300
vt 0.81610100 0.90269000
vt 0.42408000 0.79278300
vt 0.80173200 0.90269000
vt 0.41110600 0.79278300
vt 0.78928900 0.90269000
vt 0.40361600 0.79278300
vt 0.78210500 0.90269000
vt 0.78210500 0.90269000
vt 0.40361600 0.79278300
vt 0.40514700 0.82611500
vt 0.40514700 0.79486500
vt 0.42189900 0.79486500
vt 0.42189900 0.82611500
vt 0.44124200 0.82611500
vt 0.44124200 0.79486500
vt 0.45799400 0.79486500
vt 0.45799400 0.82611500
vt 0.46766600 0.79486500
vt 0.46766600 0.82611500
vt 0.46766600 0.82611500
vt 0.46766600 0.79486500
vt 0.45799400 0.79486500
vt 0.45799400 0.82611500
vt 0.44124200 0.79486500
vt 0.44124200 0.82611500
vt 0.42189900 0.79486500
vt 0.42189900 0.82611500
vt 0.40514700 0.82611500
vt 0.40514700 0.79486500
vt 0.39547600 0.82611500
vt 0.39547600 0.79486500
vt 0.39547600 0.79486500
vt 0.39547600 0.82611500
vt 0.29482800 0.85954200
vt 0.29482800 0.84391700
vt 0.29482800 0.81266700
vt 0.29482800 0.85954200
vt 0.29482800 0.84391700
vt 0.29482800 0.81266700
vt 0.33453900 0.85954200
vt 0.33453900 0.84391700
vt 0.33453900 0.81266700
vt 0.33453900 0.81266700
vt 0.33453900 0.85954200
vt 0.33453900 0.84391700
vt 0.33006200 0.81682900
vt 0.33006200 0.81682900
vt 0.33006200 0.81682900
vt 0.33006200 0.83245400
vt 0.33691000 0.83245400
vt 0.33691000 0.81682900
vt 0.33691000 0.81682900
vt 0.33691000 0.81682900
vt 0.32078900 0.85140100
vt 0.32078900 0.85140100
vt 0.32078900 0.85140100
vt 0.32078900 0.86702600
vt 0.32803000 0.85140100
vt 0.32803000 0.86702600
vt 0.32803000 0.85140100
vt 0.32803000 0.85140100
vt 0.29245700 0.81682900
vt 0.29245700 0.81682900
vt 0.29245700 0.81682900
vt 0.29245700 0.83245400
vt 0.29930500 0.81682900
vt 0.29930500 0.83245400
vt 0.29930500 0.81682900
vt 0.29930500 0.81682900
vt 0.30133800 0.85140100
vt 0.30133800 0.85140100
vt 0.30133800 0.86702600
vt 0.30133800 0.85140100
vt 0.30857900 0.85140100
vt 0.30857900 0.86702600
vt 0.30857900 0.85140100
vt 0.30857900 0.85140100
vt 0.33006200 0.81682900
vt 0.33006200 0.83245400
vt 0.33006200 0.81682900
vt 0.33006200 0.81682900
vt 0.33691000 0.81682900
vt 0.33691000 0.81682900
vt 0.33691000 0.83245400
vt 0.33691000 0.81682900
vt 0.32078900 0.86702600
vt 0.32078900 0.85140100
vt 0.32078900 0.85140100
vt 0.32078900 0.85140100
vt 0.32803000 0.85140100
vt 0.32803000 0.85140100
vt 0.32803000 0.85140100
vt 0.32803000 0.86702600
vt 0.29245700 0.81682900
vt 0.29245700 0.83245400
vt 0.29245700 0.81682900
vt 0.29245700 0.81682900
vt 0.29930500 0.81682900
vt 0.29930500 0.81682900
vt 0.29930500 0.83245400
vt 0.29930500 0.81682900
vt 0.30133800 0.86702600
vt 0.30133800 0.85140100
vt 0.30133800 0.85140100
vt 0.30133800 0.85140100
vt 0.30857900 0.85140100
vt 0.30857900 0.85140100
vt 0.30857900 0.86702600
vt 0.30857900 0.85140100
vt 0.43274100 0.81682900
vt 0.43274100 0.81682900
vt 0.43274100 0.84889400
vt 0.43274100 0.84889400
vt 0.43519100 0.81682900
vt 0.43519100 0.81682900
vt 0.43519100 0.84889400
vt 0.43519100 0.84889400
vt 0.43519100 0.81682900
vt 0.43519100 0.81682900
vt 0.43519100 0.84889400
vt 0.43519100 0.84889400
vt 0.43274100 0.81682900
vt 0.43274100 0.81682900
vt 0.43274100 0.84889400
vt 0.43274100 0.84889400
vt 0.43029100 0.81682900
vt 0.43029100 0.81682900
vt 0.43029100 0.84889400
vt 0.43029100 0.84889400
vt 0.43029100 0.81682900
vt 0.43029100 0.81682900
vt 0.43029100 0.84889400
vt 0.43029100 0.84889400
vt 0.32393100 0.85291000
vt 0.32393100 0.82166000
vt 0.32393100 0.89751000
vt 0.32393100 0.86626000
vt 0.32393100 0.82166000
vt 0.32393100 0.85291000
vt 0.32393100 0.89751000
vt 0.32393100 0.86626000
vt 0.33048000 0.85291000
vt 0.33048000 0.82166000
vt 0.33048000 0.86626000
vt 0.33048000 0.89751000
vt 0.33048000 0.85291000
vt 0.33048000 0.82166000
vt 0.33048000 0.89751000
vt 0.33048000 0.86626000
vt 0.27890100 0.82166000
vt 0.27890100 0.85291000
vt 0.27890100 0.89751000
vt 0.27890100 0.86626000
vt 0.27890100 0.85291000
vt 0.27890100 0.82166000
vt 0.27890100 0.86626000
vt 0.27890100 0.89751000
vt 0.28545000 0.85291000
vt 0.28545000 0.82166000
vt 0.28545000 0.86626000
vt 0.28545000 0.89751000
vt 0.28545000 0.85291000
vt 0.28545000 0.82166000
vt 0.28545000 0.89751000
vt 0.28545000 0.86626000
vt 0.67318900 0.85988900
vt 0.67318900 0.85988900
vt 0.67318900 0.82863900
vt 0.66849000 0.82863900
vt 0.66849000 0.85988900
vt 0.66849000 0.88537500
vt 0.66849000 0.90100000
vt 0.67318900 0.88537500
vt 0.67318900 0.90100000
vt 0.67318900 0.88537500
vt 0.66849000 0.85988900
vt 0.66849000 0.82863900
vt 0.67318900 0.82863900
vt 0.67318900 0.85988900
vt 0.67318900 0.85988900
vt 0.67318900 0.88537500
vt 0.67318900 0.88537500
vt 0.67318900 0.90100000
vt 0.66849000 0.88537500
vt 0.66849000 0.90100000
vt 0.73776600 0.82863900
vt 0.73776600 0.85988900
vt 0.73776600 0.85988900
vt 0.73306700 0.85988900
vt 0.73306700 0.82863900
vt 0.73306700 0.88537500
vt 0.73306700 0.90100000
vt 0.73776600 0.88537500
vt 0.73776600 0.90100000
vt 0.73776600 0.88537500
vt 0.73306700 0.82863900
vt 0.73306700 0.85988900
vt 0.73776600 0.85988900
vt 0.73776600 0.85988900
vt 0.73776600 0.82863900
vt 0.73776600 0.90100000
vt 0.73776600 0.88537500
vt 0.73776600 0.88537500
vt 0.73306700 0.88537500
vt 0.73306700 0.90100000
vt 0.90940100 0.83760200
vt 0.90940100 0.83760200
vt 0.90817000 0.80868700
vt 0.90385900 0.88782200
vt 0.90385900 0.88782200
vt 0.90385900 0.88782200
vt 0.90385900 0.88782200
vt 0.90940100 0.83760200
vt 0.90817000 0.80868700
vt 0.90940100 0.83760200
vt 0.90385900 0.88782200
vt 0.90385900 0.88782200
vt 0.90385900 0.88782200
vt 0.90385900 0.88782200
vt 0.92799200 0.83760200
vt 0.92799200 0.83760200
vt 0.92676200 0.80868700
vt 0.93353300 0.88782200
vt 0.93353300 0.88782200
vt 0.93353300 0.88782200
vt 0.93353300 0.88782200
vt 0.92799200 0.83760200
vt 0.92799200 0.83760200
vt 0.92676200 0.80868700
vt 0.93353300 0.88782200
vt 0.93353300 0.88782200
vt 0.93353300 0.88782200
vt 0.93353300 0.88782200
vt 0.90385900 0.90309200
vt 0.90385900 0.90309200
vt 0.90385900 0.92893000
vt 0.90385900 0.90309200
vt 0.90385900 0.92893000
vt 0.90385900 0.90309200
vt 0.93353300 0.92893000
vt 0.93353300 0.90309200
vt 0.93353300 0.90309200
vt 0.93353300 0.90309200
vt 0.93353300 0.90309200
vt 0.93353300 0.92893000
vt 0.92850900 0.92893000
vt 0.82774700 0.84883500
vt 0.82774700 0.84883500
vt 0.80812100 0.84883500
vt 0.90888400 0.92893000
vt 0.80812100 0.84883500
vt 0.80812100 0.84883500
vt 0.90888400 0.92893000
vt 0.80812100 0.84883500
vt 0.82774700 0.84883500
vt 0.92850900 0.92893000
vt 0.82774700 0.84883500
vt 0.81793400 0.83138200
vt 0.81793400 0.83138200
vt 0.81793400 0.83138200
vt 0.81793400 0.83138200
vt 0.30876600 0.42532000
vt 0.32102700 0.31077700
vt 0.32816400 0.36478900
vt 0.33390900 0.31077700
vt 0.30967100 0.28270600
vt 0.29000600 0.28004800
vt 0.26560500 0.31077700
vt 0.29965700 0.31077700
vt 0.27142900 0.31077700
vt 0.28066300 0.36478900
vt 0.26363100 0.36478900
vt 0.34019000 0.36478900
vt 0.29980200 0.36478900
vt 0.30662400 0.36478900
vt 0.31986700 0.44744900
vt 0.26556700 0.39514900
vt 0.28356900 0.44744900
vt 0.30600200 0.44744900
vt 0.28066300 0.36478900
vt 0.32816400 0.36478900
vt 0.26363100 0.36478900
vt 0.29033600 0.31077700
vt 0.29720500 0.48198100
vt 0.29720500 0.48198100
vt 0.29720500 0.48198100
vt 0.29720500 0.48198100
vt 0.64812600 0.57217900
vt 0.64812600 0.59755400
vt 0.64812600 0.59755400
vt 0.64812600 0.64720900
vt 0.64812600 0.64720900
vt 0.64812600 0.68527100
vt 0.64812600 0.57217900
vt 0.64812600 0.59755400
vt 0.64812600 0.59755400
vt 0.64812600 0.64720900
vt 0.64812600 0.68527100
vt 0.64812600 0.64720900
vt 0.71770800 0.57217900
vt 0.71770800 0.59755400
vt 0.71770800 0.59755400
vt 0.71770800 0.64720900
vt 0.71770800 0.68527100
vt 0.71770800 0.64720900
vt 0.71770800 0.57217900
vt 0.71770800 0.59755400
vt 0.71770800 0.59755400
vt 0.71770800 0.68527100
vt 0.71770800 0.64720900
vt 0.71770800 0.64720900
vt 0.69197800 0.69174500
vt 0.69197800 0.67921000
vt 0.71441800 0.69174500
vt 0.71441800 0.67921000
vt 0.67714600 0.57217900
vt 0.67714600 0.32217900
vt 0.67714600 0.59755400
vt 0.67714600 0.34755400
vt 0.68868800 0.34755400
vt 0.68868800 0.59755400
vt 0.68868800 0.32217900
vt 0.68868800 0.57217900
vt 0.68868800 0.43527100
vt 0.68868800 0.39720900
vt 0.68868800 0.68527100
vt 0.68868800 0.64720900
vt 0.67714600 0.39720900
vt 0.67714600 0.64720900
vt 0.67714600 0.43527100
vt 0.67714600 0.68527100
vt 0.68868800 0.57217900
vt 0.68868800 0.34755400
vt 0.68868800 0.59755400
vt 0.68868800 0.32217900
vt 0.67714600 0.32217900
vt 0.67714600 0.34755400
vt 0.67714600 0.57217900
vt 0.67714600 0.59755400
vt 0.67714600 0.68527100
vt 0.67714600 0.43527100
vt 0.67714600 0.39720900
vt 0.67714600 0.64720900
vt 0.68868800 0.39720900
vt 0.68868800 0.64720900
vt 0.68868800 0.68527100
vt 0.68868800 0.43527100
vt 0.69679200 0.72710400
vt 0.69679200 0.72710400
vt 0.66777100 0.72710400
vt 0.66777100 0.72710400
f 53/53/53 64/64/64 11/11/11
f 11/11/11 8/8/8 53/53/53
f 26/26/26 36/36/36 24/24/24
f 24/24/24 19/19/19 26/26/26
f 69/69/69 80/80/80 16/16/16
f 16/16/16 14/14/14 69/69/69
f 40/40/40 51/51/51 5/5/5
f 5/5/5 2/2/2 40/40/40
f 96/96/96 67/67/67 15/15/15
f 15/15/15 43/43/43 96/96/96
f 91/91/91 62/62/62 6/6/6
f 6/6/6 49/49/49 91/91/91
f 77/77/77 85/85/85 45/45/45
f 45/45/45 18/18/18 77/77/77
f 96/96/96 43/43/43 41/41/41
f 41/41/41 94/94/94 96/96/96
f 48/48/48 52/52/52 39/39/39
f 39/39/39 42/42/42 48/48/48
f 57/57/57 94/94/94 41/41/41
f 41/41/41 1/1/1 57/57/57
f 13/13/13 17/17/17 46/46/46
f 46/46/46 44/44/44 13/13/13
f 31/31/31 35/35/35 27/27/27
f 27/27/27 30/30/30 31/31/31
f 37/37/37 33/33/33 89/89/89
f 89/89/89 83/83/83 37/37/37
f 9/9/9 10/10/10 34/34/34
f 34/34/34 29/29/29 9/9/9
f 47/47/47 84/84/84 92/92/92
f 92/92/92 50/50/50 47/47/47
f 95/95/95 96/96/96 94/94/94
f 94/94/94 93/93/93 95/95/95
f 7/7/7 28/28/28 93/93/93
f 93/93/93 54/54/54 7/7/7
f 93/93/93 94/94/94 57/57/57
f 57/57/57 54/54/54 93/93/93
f 25/25/25 95/95/95 93/93/93
f 93/93/93 28/28/28 25/25/25
f 88/88/88 90/90/90 86/86/86
f 86/86/86 81/81/81 88/88/88
f 23/23/23 38/38/38 82/82/82
f 82/82/82 76/76/76 23/23/23
f 83/83/83 84/84/84 78/78/78
f 78/78/78 75/75/75 83/83/83
f 32/32/32 12/12/12 66/66/66
f 66/66/66 87/87/87 32/32/32
f 89/89/89 63/63/63 61/61/61
f 61/61/61 92/92/92 89/89/89
f 25/25/25 21/21/21 70/70/70
f 70/70/70 95/95/95 25/25/25
f 95/95/95 70/70/70 67/67/67
f 67/67/67 96/96/96 95/95/95
f 20/20/20 22/22/22 73/73/73
f 73/73/73 71/71/71 20/20/20
f 74/74/74 79/79/79 68/68/68
f 68/68/68 72/72/72 74/74/74
f 3/3/3 4/4/4 60/60/60
f 60/60/60 58/58/58 3/3/3
f 59/59/59 65/65/65 55/55/55
f 55/55/55 56/56/56 59/59/59
f 145/145/145 148/148/148 220/220/220
f 220/220/220 215/215/215 145/145/145
f 114/114/114 160/160/160 157/157/157
f 157/157/157 115/115/115 114/114/114
f 103/103/103 113/113/113 314/314/314
f 314/314/314 98/98/98 103/103/103
f 125/125/125 127/127/127 205/205/205
f 205/205/205 208/208/208 125/125/125
f 112/112/112 147/147/147 144/144/144
f 144/144/144 116/116/116 112/112/112
f 116/116/116 177/177/177 188/188/188
f 188/188/188 115/115/115 116/116/116
f 179/179/179 182/182/182 229/229/229
f 229/229/229 231/231/231 179/179/179
f 158/158/158 161/161/161 223/223/223
f 223/223/223 221/221/221 158/158/158
f 135/135/135 140/140/140 210/210/210
f 210/210/210 211/211/211 135/135/135
f 166/166/166 170/170/170 226/226/226
f 226/226/226 194/194/194 166/166/166
f 115/115/115 110/110/110 120/120/120
f 120/120/120 118/118/118 115/115/115
f 110/110/110 252/252/252 123/123/123
f 123/123/123 120/120/120 110/110/110
f 252/252/252 114/114/114 126/126/126
f 126/126/126 123/123/123 252/252/252
f 313/313/313 315/315/315 99/99/99
f 99/99/99 97/97/97 313/313/313
f 105/105/105 101/101/101 133/133/133
f 133/133/133 130/130/130 105/105/105
f 101/101/101 112/112/112 137/137/137
f 137/137/137 133/133/133 101/101/101
f 116/116/116 105/105/105 130/130/130
f 130/130/130 139/139/139 116/116/116
f 109/109/109 116/116/116 144/144/144
f 144/144/144 142/142/142 109/109/109
f 112/112/112 249/249/249 150/150/150
f 150/150/150 147/147/147 112/112/112
f 249/249/249 109/109/109 142/142/142
f 142/142/142 150/150/150 249/249/249
f 106/106/106 115/115/115 157/157/157
f 157/157/157 155/155/155 106/106/106
f 114/114/114 104/104/104 163/163/163
f 163/163/163 160/160/160 114/114/114
f 104/104/104 106/106/106 155/155/155
f 155/155/155 163/163/163 104/104/104
f 105/105/105 116/116/116 169/169/169
f 169/169/169 167/167/167 105/105/105
f 115/115/115 106/106/106 176/176/176
f 176/176/176 173/173/173 115/115/115
f 106/106/106 105/105/105 167/167/167
f 167/167/167 176/176/176 106/106/106
f 116/116/116 109/109/109 181/181/181
f 181/181/181 177/177/177 116/116/116
f 109/109/109 110/110/110 184/184/184
f 184/184/184 181/181/181 109/109/109
f 110/110/110 115/115/115 188/188/188
f 188/188/188 184/184/184 110/110/110
f 168/168/168 171/171/171 228/228/228
f 228/228/228 225/225/225 168/168/168
f 159/159/159 164/164/164 200/200/200
f 200/200/200 224/224/224 159/159/159
f 187/187/187 178/178/178 232/232/232
f 232/232/232 233/233/233 187/187/187
f 149/149/149 152/152/152 218/218/218
f 218/218/218 219/219/219 149/149/149
f 172/172/172 175/175/175 196/196/196
f 196/196/196 227/227/227 172/172/172
f 180/180/180 183/183/183 235/235/235
f 235/235/235 230/230/230 180/180/180
f 185/185/185 186/186/186 234/234/234
f 234/234/234 236/236/236 185/185/185
f 129/129/129 132/132/132 190/190/190
f 190/190/190 192/192/192 129/129/129
f 174/174/174 165/165/165 193/193/193
f 193/193/193 195/195/195 174/174/174
f 117/117/117 122/122/122 202/202/202
f 202/202/202 203/203/203 117/117/117
f 138/138/138 131/131/131 191/191/191
f 191/191/191 209/209/209 138/138/138
f 128/128/128 119/119/119 204/204/204
f 204/204/204 206/206/206 128/128/128
f 162/162/162 153/153/153 198/198/198
f 198/198/198 199/199/199 162/162/162
f 141/141/141 146/146/146 216/216/216
f 216/216/216 213/213/213 141/141/141
f 134/134/134 136/136/136 212/212/212
f 212/212/212 189/189/189 134/134/134
f 154/154/154 156/156/156 222/222/222
f 222/222/222 197/197/197 154/154/154
f 121/121/121 124/124/124 207/207/207
f 207/207/207 201/201/201 121/121/121
f 151/151/151 143/143/143 214/214/214
f 214/214/214 217/217/217 151/151/151
f 126/126/126 114/114/114 115/115/115
f 115/115/115 118/118/118 126/126/126
f 169/169/169 116/116/116 115/115/115
f 115/115/115 173/173/173 169/169/169
f 137/137/137 112/112/112 116/116/116
f 116/116/116 139/139/139 137/137/137
f 237/237/237 240/240/240 241/241/241
f 241/241/241 250/250/250 237/237/237
f 269/269/269 273/273/273 303/303/303
f 303/303/303 300/300/300 269/269/269
f 261/261/261 262/262/262 293/293/293
f 293/293/293 295/295/295 261/261/261
f 249/249/249 271/271/271 268/268/268
f 268/268/268 109/109/109 249/249/249
f 109/109/109 278/278/278 287/287/287
f 287/287/287 110/110/110 109/109/109
f 279/279/279 282/282/282 305/305/305
f 305/305/305 307/307/307 279/279/279
f 110/110/110 248/248/248 258/258/258
f 258/258/258 253/253/253 110/110/110
f 248/248/248 243/243/243 260/260/260
f 260/260/260 258/258/258 248/248/248
f 243/243/243 252/252/252 264/264/264
f 264/264/264 260/260/260 243/243/243
f 246/246/246 239/239/239 238/238/238
f 238/238/238 107/107/107 246/246/246
f 247/247/247 109/109/109 268/268/268
f 268/268/268 265/265/265 247/247/247
f 249/249/249 242/242/242 276/276/276
f 276/276/276 271/271/271 249/249/249
f 242/242/242 247/247/247 265/265/265
f 265/265/265 276/276/276 242/242/242
f 109/109/109 247/247/247 280/280/280
f 280/280/280 278/278/278 109/109/109
f 247/247/247 248/248/248 285/285/285
f 285/285/285 280/280/280 247/247/247
f 248/248/248 110/110/110 287/287/287
f 287/287/287 285/285/285 248/248/248
f 288/288/288 277/277/277 308/308/308
f 308/308/308 310/310/310 288/288/288
f 272/272/272 274/274/274 302/302/302
f 302/302/302 304/304/304 272/272/272
f 281/281/281 284/284/284 312/312/312
f 312/312/312 306/306/306 281/281/281
f 283/283/283 286/286/286 309/309/309
f 309/309/309 311/311/311 283/283/283
f 254/254/254 256/256/256 290/290/290
f 290/290/290 291/291/291 254/254/254
f 263/263/263 255/255/255 292/292/292
f 292/292/292 294/294/294 263/263/263
f 267/267/267 270/270/270 299/299/299
f 299/299/299 298/298/298 267/267/267
f 257/257/257 259/259/259 296/296/296
f 296/296/296 289/289/289 257/257/257
f 275/275/275 266/266/266 297/297/297
f 297/297/297 301/301/301 275/275/275
f 245/245/245 108/108/108 251/251/251
f 251/251/251 244/244/244 245/245/245
f 264/264/264 252/252/252 110/110/110
f 110/110/110 253/253/253 264/264/264
f 107/107/107 238/238/238 315/315/315
f 315/315/315 313/313/313 107/107/107
f 108/108/108 314/314/314 113/113/113
f 113/113/113 251/251/251 108/108/108
f 316/316/316 237/237/237 250/250/250
f 250/250/250 111/111/111 316/316/316
f 102/102/102 100/100/100 316/316/316
f 316/316/316 111/111/111 102/102/102
f 401/401/401 402/402/402 405/405/405
f 405/405/405 408/408/408 401/401/401
f 336/336/336 331/331/331 323/323/323
f 323/323/323 339/339/339 336/336/336
f 334/334/334 329/329/329 335/335/335
f 335/335/335 340/340/340 334/334/334
f 321/321/321 327/327/327 324/324/324
f 324/324/324 330/330/330 321/321/321
f 328/328/328 322/322/322 332/332/332
f 332/332/332 337/337/337 328/328/328
f 326/326/326 333/333/333 338/338/338
f 338/338/338 325/325/325 326/326/326
f 347/347/347 346/346/346 343/343/343
f 343/343/343 348/348/348 347/347/347
f 341/341/341 344/344/344 342/342/342
f 342/342/342 345/345/345 341/341/341
f 353/353/353 351/351/351 349/349/349
f 349/349/349 356/356/356 353/353/353
f 352/352/352 350/350/350 354/354/354
f 354/354/354 355/355/355 352/352/352
f 367/367/367 363/363/363 370/370/370
f 370/370/370 371/371/371 367/367/367
f 360/360/360 357/357/357 362/362/362
f 362/362/362 368/368/368 360/360/360
f 365/365/365 361/361/361 366/366/366
f 366/366/366 372/372/372 365/365/365
f 358/358/358 359/359/359 369/369/369
f 369/369/369 364/364/364 358/358/358
f 381/381/381 379/379/379 375/375/375
f 375/375/375 384/384/384 381/381/381
f 377/377/377 373/373/373 378/378/378
f 378/378/378 382/382/382 377/377/377
f 376/376/376 380/380/380 383/383/383
f 383/383/383 374/374/374 376/376/376
f 390/390/390 389/389/389 392/392/392
f 392/392/392 391/391/391 390/390/390
f 413/413/413 414/414/414 418/418/418
f 418/418/418 420/420/420 413/413/413
f 394/394/394 396/396/396 403/403/403
f 403/403/403 400/400/400 394/394/394
f 397/397/397 317/317/317 407/407/407
f 407/407/407 404/404/404 397/397/397
f 318/318/318 319/319/319 409/409/409
f 409/409/409 406/406/406 318/318/318
f 320/320/320 393/393/393 399/399/399
f 399/399/399 410/410/410 320/320/320
f 386/386/386 387/387/387 415/415/415
f 415/415/415 411/411/411 386/386/386
f 388/388/388 397/397/397 419/419/419
f 419/419/419 416/416/416 388/388/388
f 398/398/398 395/395/395 422/422/422
f 422/422/422 417/417/417 398/398/398
f 393/393/393 385/385/385 412/412/412
f 412/412/412 421/421/421 393/393/393
f 448/448/448 452/452/452 431/431/431
f 431/431/431 424/424/424 448/448/448
f 460/460/460 463/463/463 455/455/455
f 455/455/455 446/446/446 460/460/460
f 462/462/462 440/440/440 432/432/432
f 432/432/432 451/451/451 462/462/462
f 427/427/427 433/433/433 443/443/443
f 443/443/443 437/437/437 427/427/427
f 423/423/423 425/425/425 428/428/428
f 430/430/430 432/432/432 434/434/434
f 435/435/435 436/436/436 438/438/438
f 440/440/440 441/441/441 444/444/444
f 445/445/445 447/447/447 449/449/449
f 451/451/451 453/453/453 456/456/456
f 457/457/457 459/459/459 461/461/461
f 462/462/462 464/464/464 465/465/465
f 435/435/435 423/423/423 428/428/428
f 428/428/428 436/436/436 435/435/435
f 426/426/426 429/429/429 433/433/433
f 433/433/433 427/427/427 426/426/426
f 432/432/432 440/440/440 444/444/444
f 444/444/444 434/434/434 432/432/432
f 442/442/442 439/439/439 437/437/437
f 437/437/437 443/443/443 442/442/442
f 457/457/457 435/435/435 438/438/438
f 438/438/438 459/459/459 457/457/457
f 440/440/440 462/462/462 465/465/465
f 465/465/465 441/441/441 440/440/440
f 463/463/463 460/460/460 458/458/458
f 458/458/458 466/466/466 463/463/463
f 445/445/445 457/457/457 461/461/461
f 461/461/461 447/447/447 445/445/445
f 462/462/462 451/451/451 456/456/456
f 456/456/456 464/464/464 462/462/462
f 454/454/454 450/450/450 446/446/446
f 446/446/446 455/455/455 454/454/454
f 423/423/423 445/445/445 449/449/449
f 449/449/449 425/425/425 423/423/423
f 451/451/451 432/432/432 430/430/430
f 430/430/430 453/453/453 451/451/451
f 435/435/435 457/457/457 445/445/445
f 445/445/445 423/423/423 435/435/435
f 484/484/484 478/478/478 471/471/471
f 471/471/471 488/488/488 484/484/484
f 481/481/481 477/477/477 485/485/485
f 485/485/485 486/486/486 481/481/481
f 469/469/469 475/475/475 472/472/472
f 472/472/472 479/479/479 469/469/469
f 476/476/476 470/470/470 480/480/480
f 480/480/480 483/483/483 476/476/476
f 474/474/474 482/482/482 487/487/487
f 487/487/487 473/473/473 474/474/474
f 495/495/495 494/494/494 491/491/491
f 491/491/491 496/496/496 495/495/495
f 489/489/489 492/492/492 490/490/490
f 490/490/490 493/493/493 489/489/489
f 501/501/501 499/499/499 497/497/497
f 497/497/497 504/504/504 501/501/501
f 500/500/500 498/498/498 502/502/502
f 502/502/502 503/503/503 500/500/500
f 508/508/508 515/515/515 528/528/528
f 528/528/528 520/520/520 508/508/508
f 516/516/516 511/511/511 523/523/523
f 523/523/523 525/525/525 516/516/516
f 509/509/509 505/505/505 512/512/512
f 512/512/512 517/517/517 509/509/509
f 514/514/514 510/510/510 518/518/518
f 518/518/518 526/526/526 514/514/514
f 527/527/527 522/522/522 519/519/519
f 519/519/519 529/529/529 527/527/527
f 507/507/507 521/521/521 524/524/524
f 506/506/506 507/507/507 524/524/524
f 524/524/524 513/513/513 506/506/506
f 530/530/530 514/514/514 526/526/526
f 468/468/468 467/467/467 532/532/532
f 532/532/532 531/531/531 468/468/468
f 611/611/611 614/614/614 533/533/533
f 533/533/533 536/536/536 611/611/611
f 553/553/553 548/548/548 539/539/539
f 539/539/539 556/556/556 553/553/553
f 549/549/549 544/544/544 551/551/551
f 551/551/551 555/555/555 549/549/549
f 538/538/538 542/542/542 541/541/541
f 541/541/541 547/547/547 538/538/538
f 545/545/545 537/537/537 546/546/546
f 546/546/546 552/552/552 545/545/545
f 543/543/543 550/550/550 554/554/554
f 554/554/554 540/540/540 543/543/543
f 563/563/563 562/562/562 558/558/558
f 558/558/558 564/564/564 563/563/563
f 557/557/557 560/560/560 559/559/559
f 559/559/559 561/561/561 557/557/557
f 570/570/570 567/567/567 565/565/565
f 565/565/565 572/572/572 570/570/570
f 568/568/568 566/566/566 569/569/569
f 569/569/569 571/571/571 568/568/568
f 575/575/575 582/582/582 598/598/598
f 598/598/598 588/588/588 575/575/575
f 585/585/585 580/580/580 592/592/592
f 592/592/592 593/593/593 585/585/585
f 577/577/577 574/574/574 581/581/581
f 581/581/581 586/586/586 577/577/577
f 583/583/583 578/578/578 584/584/584
f 584/584/584 595/595/595 583/583/583
f 594/594/594 590/590/590 587/587/587
f 587/587/587 597/597/597 594/594/594
f 576/576/576 589/589/589 591/591/591
f 573/573/573 576/576/576 591/591/591
f 591/591/591 579/579/579 573/573/573
f 596/596/596 583/583/583 595/595/595
f 608/608/608 605/605/605 601/601/601
f 601/601/601 609/609/609 608/608/608
f 535/535/535 534/534/534 613/613/613
f 613/613/613 612/612/612 535/535/535
f 603/603/603 599/599/599 604/604/604
f 604/604/604 607/607/607 603/603/603
f 602/602/602 606/606/606 610/610/610
f 610/610/610 600/600/600 602/602/602
f 693/693/693 696/696/696 615/615/615
f 615/615/615 618/618/618 693/693/693
f 635/635/635 629/629/629 623/623/623
f 623/623/623 637/637/637 635/635/635
f 632/632/632 627/627/627 634/634/634
f 634/634/634 638/638/638 632/632/632
f 619/619/619 624/624/624 622/622/622
f 622/622/622 630/630/630 619/619/619
f 626/626/626 620/620/620 628/628/628
f 628/628/628 633/633/633 626/626/626
f 625/625/625 631/631/631 636/636/636
f 636/636/636 621/621/621 625/625/625
f 645/645/645 643/643/643 641/641/641
f 641/641/641 646/646/646 645/645/645
f 639/639/639 642/642/642 640/640/640
f 640/640/640 644/644/644 639/639/639
f 651/651/651 649/649/649 647/647/647
f 647/647/647 654/654/654 651/651/651
f 650/650/650 648/648/648 652/652/652
f 652/652/652 653/653/653 650/650/650
f 657/657/657 665/665/665 679/679/679
f 679/679/679 670/670/670 657/657/657
f 666/666/666 663/663/663 674/674/674
f 674/674/674 676/676/676 666/666/666
f 659/659/659 656/656/656 662/662/662
f 662/662/662 668/668/668 659/659/659
f 664/664/664 660/660/660 667/667/667
f 667/667/667 677/677/677 664/664/664
f 675/675/675 672/672/672 671/671/671
f 671/671/671 680/680/680 675/675/675
f 658/658/658 669/669/669 673/673/673
f 655/655/655 658/658/658 673/673/673
f 673/673/673 661/661/661 655/655/655
f 678/678/678 664/664/664 677/677/677
f 689/689/689 687/687/687 682/682/682
f 682/682/682 692/692/692 689/689/689
f 617/617/617 616/616/616 695/695/695
f 695/695/695 694/694/694 617/617/617
f 685/685/685 681/681/681 686/686/686
f 686/686/686 690/690/690 685/685/685
f 684/684/684 688/688/688 691/691/691
f 691/691/691 683/683/683 684/684/684
f 776/776/776 777/777/777 697/697/697
f 697/697/697 700/700/700 776/776/776
f 717/717/717 712/712/712 705/705/705
f 705/705/705 720/720/720 717/717/717
f 714/714/714 709/709/709 715/715/715
f 715/715/715 718/718/718 714/714/714
f 702/702/702 707/707/707 703/703/703
f 703/703/703 711/711/711 702/702/702
f 708/708/708 701/701/701 710/710/710
f 710/710/710 716/716/716 708/708/708
f 706/706/706 713/713/713 719/719/719
f 719/719/719 704/704/704 706/706/706
f 727/727/727 725/725/725 723/723/723
f 723/723/723 728/728/728 727/727/727
f 721/721/721 724/724/724 722/722/722
f 722/722/722 726/726/726 721/721/721
f 734/734/734 731/731/731 729/729/729
f 729/729/729 735/735/735 734/734/734
f 732/732/732 730/730/730 733/733/733
f 733/733/733 736/736/736 732/732/732
f 739/739/739 746/746/746 760/760/760
f 760/760/760 753/753/753 739/739/739
f 749/749/749 745/745/745 755/755/755
f 755/755/755 757/757/757 749/749/749
f 742/742/742 737/737/737 744/744/744
f 744/744/744 750/750/750 742/742/742
f 747/747/747 741/741/741 748/748/748
f 748/748/748 759/759/759 747/747/747
f 758/758/758 754/754/754 751/751/751
f 751/751/751 761/761/761 758/758/758
f 740/740/740 752/752/752 756/756/756
f 738/738/738 740/740/740 756/756/756
f 756/756/756 743/743/743 738/738/738
f 762/762/762 747/747/747 759/759/759
f 771/771/771 768/768/768 764/764/764
f 764/764/764 773/773/773 771/771/771
f 699/699/699 698/698/698 778/778/778
f 778/778/778 775/775/775 699/699/699
f 767/767/767 763/763/763 769/769/769
f 769/769/769 772/772/772 767/767/767
f 766/766/766 770/770/770 774/774/774
f 774/774/774 765/765/765 766/766/766
f 797/797/797 792/792/792 785/785/785
f 785/785/785 799/799/799 797/797/797
f 793/793/793 788/788/788 796/796/796
f 796/796/796 800/800/800 793/793/793
f 781/781/781 786/786/786 784/784/784
f 784/784/784 791/791/791 781/781/781
f 789/789/789 782/782/782 790/790/790
f 790/790/790 795/795/795 789/789/789
f 787/787/787 794/794/794 798/798/798
f 798/798/798 783/783/783 787/787/787
f 807/807/807 805/805/805 802/802/802
f 802/802/802 808/808/808 807/807/807
f 801/801/801 804/804/804 803/803/803
f 803/803/803 806/806/806 801/801/801
f 813/813/813 811/811/811 809/809/809
f 809/809/809 815/815/815 813/813/813
f 812/812/812 810/810/810 814/814/814
f 814/814/814 816/816/816 812/812/812
f 820/820/820 827/827/827 842/842/842
f 842/842/842 833/833/833 820/820/820
f 829/829/829 825/825/825 836/836/836
f 836/836/836 838/838/838 829/829/829
f 822/822/822 818/818/818 823/823/823
f 823/823/823 830/830/830 822/822/822
f 826/826/826 821/821/821 828/828/828
f 828/828/828 837/837/837 826/826/826
f 839/839/839 835/835/835 832/832/832
f 832/832/832 841/841/841 839/839/839
f 819/819/819 831/831/831 834/834/834
f 817/817/817 819/819/819 834/834/834
f 834/834/834 824/824/824 817/817/817
f 840/840/840 826/826/826 837/837/837
f 780/780/780 779/779/779 844/844/844
f 844/844/844 843/843/843 780/780/780
f 924/924/924 925/925/925 845/845/845
f 845/845/845 848/848/848 924/924/924
f 865/865/865 858/858/858 851/851/851
f 851/851/851 868/868/868 865/865/865
f 862/862/862 857/857/857 863/863/863
f 863/863/863 867/867/867 862/862/862
f 849/849/849 854/854/854 853/853/853
f 853/853/853 860/860/860 849/849/849
f 856/856/856 850/850/850 859/859/859
f 859/859/859 864/864/864 856/856/856
f 855/855/855 861/861/861 866/866/866
f 866/866/866 852/852/852 855/855/855
f 875/875/875 873/873/873 871/871/871
f 871/871/871 876/876/876 875/875/875
f 869/869/869 872/872/872 870/870/870
f 870/870/870 874/874/874 869/869/869
f 881/881/881 879/879/879 877/877/877
f 877/877/877 884/884/884 881/881/881
f 880/880/880 878/878/878 882/882/882
f 882/882/882 883/883/883 880/880/880
f 888/888/888 894/894/894 908/908/908
f 908/908/908 899/899/899 888/888/888
f 896/896/896 891/891/891 903/903/903
f 903/903/903 906/906/906 896/896/896
f 889/889/889 886/886/886 893/893/893
f 893/893/893 898/898/898 889/889/889
f 895/895/895 890/890/890 897/897/897
f 897/897/897 905/905/905 895/895/895
f 907/907/907 902/902/902 900/900/900
f 900/900/900 910/910/910 907/907/907
f 887/887/887 901/901/901 904/904/904
f 885/885/885 887/887/887 904/904/904
f 904/904/904 892/892/892 885/885/885
f 909/909/909 895/895/895 905/905/905
f 920/920/920 916/916/916 912/912/912
f 912/912/912 921/921/921 920/920/920
f 847/847/847 846/846/846 926/926/926
f 926/926/926 923/923/923 847/847/847
f 915/915/915 911/911/911 917/917/917
f 917/917/917 919/919/919 915/915/915
f 914/914/914 918/918/918 922/922/922
f 922/922/922 913/913/913 914/914/914
f 1006/1006/1006 1008/1008/1008 927/927/927
f 927/927/927 930/930/930 1006/1006/1006
f 947/947/947 942/942/942 935/935/935
f 935/935/935 950/950/950 947/947/947
f 943/943/943 938/938/938 946/946/946
f 946/946/946 949/949/949 943/943/943
f 932/932/932 936/936/936 933/933/933
f 933/933/933 941/941/941 932/932/932
f 939/939/939 931/931/931 940/940/940
f 940/940/940 945/945/945 939/939/939
f 937/937/937 944/944/944 948/948/948
f 948/948/948 934/934/934 937/937/937
f 957/957/957 955/955/955 953/953/953
f 953/953/953 958/958/958 957/957/957
f 951/951/951 954/954/954 952/952/952
f 952/952/952 956/956/956 951/951/951
f 964/964/964 961/961/961 959/959/959
f 959/959/959 965/965/965 964/964/964
f 962/962/962 960/960/960 963/963/963
f 963/963/963 966/966/966 962/962/962
f 970/970/970 976/976/976 992/992/992
f 992/992/992 983/983/983 970/970/970
f 979/979/979 973/973/973 985/985/985
f 985/985/985 988/988/988 979/979/979
f 972/972/972 968/968/968 975/975/975
f 975/975/975 980/980/980 972/972/972
f 977/977/977 971/971/971 978/978/978
f 978/978/978 987/987/987 977/977/977
f 989/989/989 984/984/984 982/982/982
f 982/982/982 991/991/991 989/989/989
f 969/969/969 981/981/981 986/986/986
f 967/967/967 969/969/969 986/986/986
f 986/986/986 974/974/974 967/967/967
f 990/990/990 977/977/977 987/987/987
f 1001/1001/1001 998/998/998 994/994/994
f 994/994/994 1003/1003/1003 1001/1001/1001
f 929/929/929 928/928/928 1007/1007/1007
f 1007/1007/1007 1005/1005/1005 929/929/929
f 997/997/997 993/993/993 999/999/999
f 999/999/999 1002/1002/1002 997/997/997
f 996/996/996 1000/1000/1000 1004/1004/1004
f 1004/1004/1004 995/995/995 996/996/996
f 1087/1087/1087 1089/1089/1089 1009/1009/1009
f 1009/1009/1009 1012/1012/1012 1087/1087/1087
f 1029/1029/1029 1023/1023/1023 1016/1016/1016
f 1016/1016/1016 1032/1032/1032 1029/1029/1029
f 1026/1026/1026 1020/1020/1020 1027/1027/1027
f 1027/1027/1027 1031/1031/1031 1026/1026/1026
f 1013/1013/1013 1018/1018/1018 1017/1017/1017
f 1017/1017/1017 1024/1024/1024 1013/1013/1013
f 1021/1021/1021 1014/1014/1014 1022/1022/1022
f 1022/1022/1022 1028/1028/1028 1021/1021/1021
f 1019/1019/1019 1025/1025/1025 1030/1030/1030
f 1030/1030/1030 1015/1015/1015 1019/1019/1019
f 1039/1039/1039 1037/1037/1037 1034/1034/1034
f 1034/1034/1034 1040/1040/1040 1039/1039/1039
f 1033/1033/1033 1036/1036/1036 1035/1035/1035
f 1035/1035/1035 1038/1038/1038 1033/1033/1033
f 1046/1046/1046 1043/1043/1043 1041/1041/1041
f 1041/1041/1041 1048/1048/1048 1046/1046/1046
f 1044/1044/1044 1042/1042/1042 1045/1045/1045
f 1045/1045/1045 1047/1047/1047 1044/1044/1044
f 1052/1052/1052 1058/1058/1058 1072/1072/1072
f 1072/1072/1072 1065/1065/1065 1052/1052/1052
f 1062/1062/1062 1057/1057/1057 1068/1068/1068
f 1068/1068/1068 1070/1070/1070 1062/1062/1062
f 1053/1053/1053 1049/1049/1049 1055/1055/1055
f 1055/1055/1055 1060/1060/1060 1053/1053/1053
f 1059/1059/1059 1054/1054/1054 1061/1061/1061
f 1061/1061/1061 1071/1071/1071 1059/1059/1059
f 1069/1069/1069 1066/1066/1066 1063/1063/1063
f 1063/1063/1063 1074/1074/1074 1069/1069/1069
f 1051/1051/1051 1064/1064/1064 1067/1067/1067
f 1050/1050/1050 1051/1051/1051 1067/1067/1067
f 1067/1067/1067 1056/1056/1056 1050/1050/1050
f 1073/1073/1073 1059/1059/1059 1071/1071/1071
f 1084/1084/1084 1081/1081/1081 1076/1076/1076
f 1076/1076/1076 1086/1086/1086 1084/1084/1084
f 1011/1011/1011 1010/1010/1010 1090/1090/1090
f 1090/1090/1090 1088/1088/1088 1011/1011/1011
f 1079/1079/1079 1075/1075/1075 1080/1080/1080
f 1080/1080/1080 1083/1083/1083 1079/1079/1079
f 1078/1078/1078 1082/1082/1082 1085/1085/1085
f 1085/1085/1085 1077/1077/1077 1078/1078/1078
f 1093/1093/1093 1095/1095/1095 1102/1102/1102
f 1102/1102/1102 1097/1097/1097 1093/1093/1093
f 1099/1099/1099 1100/1100/1100 1114/1114/1114
f 1114/1114/1114 1110/1110/1110 1099/1099/1099
f 1109/1109/1109 1112/1112/1112 1106/1106/1106
f 1106/1106/1106 1105/1105/1105 1109/1109/1109
f 1103/1103/1103 1108/1108/1108 1096/1096/1096
f 1096/1096/1096 1091/1091/1091 1103/1103/1103
f 1098/1098/1098 1111/1111/1111 1104/1104/1104
f 1104/1104/1104 1092/1092/1092 1098/1098/1098
f 1118/1118/1118 1122/1122/1122 1138/1138/1138
f 1138/1138/1138 1127/1127/1127 1118/1118/1118
f 1113/1113/1113 1101/1101/1101 1120/1120/1120
f 1120/1120/1120 1116/1116/1116 1113/1113/1113
f 1101/1101/1101 1094/1094/1094 1123/1123/1123
f 1123/1123/1123 1120/1120/1120 1101/1101/1101
f 1094/1094/1094 1107/1107/1107 1125/1125/1125
f 1125/1125/1125 1123/1123/1123 1094/1094/1094
f 1107/1107/1107 1113/1113/1113 1116/1116/1116
f 1116/1116/1116 1125/1125/1125 1107/1107/1107
f 1131/1131/1131 1128/1128/1128 1136/1136/1136
f 1136/1136/1136 1134/1134/1134 1131/1131/1131
f 1115/1115/1115 1119/1119/1119 1129/1129/1129
f 1129/1129/1129 1130/1130/1130 1115/1115/1115
f 1121/1121/1121 1124/1124/1124 1135/1135/1135
f 1135/1135/1135 1137/1137/1137 1121/1121/1121
f 1126/1126/1126 1117/1117/1117 1132/1132/1132
f 1132/1132/1132 1133/1133/1133 1126/1126/1126
f 1163/1163/1163 1170/1170/1170 1149/1149/1149
f 1149/1149/1149 1145/1145/1145 1163/1163/1163
f 1146/1146/1146 1150/1150/1150 1162/1162/1162
f 1162/1162/1162 1158/1158/1158 1146/1146/1146
f 1172/1172/1172 1177/1177/1177 1156/1156/1156
f 1156/1156/1156 1153/1153/1153 1172/1172/1172
f 1152/1152/1152 1154/1154/1154 1142/1142/1142
f 1142/1142/1142 1139/1139/1139 1152/1152/1152
f 1165/1165/1165 1171/1171/1171 1151/1151/1151
f 1151/1151/1151 1141/1141/1141 1165/1165/1165
f 1178/1178/1178 1168/1168/1168 1144/1144/1144
f 1144/1144/1144 1155/1155/1155 1178/1178/1178
f 1160/1160/1160 1148/1148/1148 1169/1169/1169
f 1169/1169/1169 1175/1175/1175 1160/1160/1160
f 1147/1147/1147 1157/1157/1157 1174/1174/1174
f 1174/1174/1174 1164/1164/1164 1147/1147/1147
f 1159/1159/1159 1161/1161/1161 1176/1176/1176
f 1176/1176/1176 1173/1173/1173 1159/1159/1159
f 1140/1140/1140 1143/1143/1143 1167/1167/1167
f 1167/1167/1167 1166/1166/1166 1140/1140/1140
f 1203/1203/1203 1210/1210/1210 1188/1188/1188
f 1188/1188/1188 1187/1187/1187 1203/1203/1203
f 1186/1186/1186 1189/1189/1189 1201/1201/1201
f 1201/1201/1201 1197/1197/1197 1186/1186/1186
f 1211/1211/1211 1218/1218/1218 1196/1196/1196
f 1196/1196/1196 1193/1193/1193 1211/1211/1211
f 1191/1191/1191 1195/1195/1195 1184/1184/1184
f 1184/1184/1184 1181/1181/1181 1191/1191/1191
f 1205/1205/1205 1212/1212/1212 1192/1192/1192
f 1192/1192/1192 1180/1180/1180 1205/1205/1205
f 1217/1217/1217 1207/1207/1207 1183/1183/1183
f 1183/1183/1183 1194/1194/1194 1217/1217/1217
f 1202/1202/1202 1190/1190/1190 1209/1209/1209
f 1209/1209/1209 1215/1215/1215 1202/1202/1202
f 1185/1185/1185 1199/1199/1199 1214/1214/1214
f 1214/1214/1214 1204/1204/1204 1185/1185/1185
f 1198/1198/1198 1200/1200/1200 1216/1216/1216
f 1216/1216/1216 1213/1213/1213 1198/1198/1198
f 1179/1179/1179 1182/1182/1182 1208/1208/1208
f 1208/1208/1208 1206/1206/1206 1179/1179/1179
f 1221/1221/1221 1222/1222/1222 1219/1219/1219
f 1219/1219/1219 1220/1220/1220 1221/1221/1221
f 1225/1225/1225 1226/1226/1226 1223/1223/1223
f 1223/1223/1223 1224/1224/1224 1225/1225/1225
f 1229/1229/1229 1228/1228/1228 1227/1227/1227
f 1227/1227/1227 1230/1230/1230 1229/1229/1229
f 1233/1233/1233 1232/1232/1232 1231/1231/1231
f 1231/1231/1231 1234/1234/1234 1233/1233/1233
f 1237/1237/1237 1236/1236/1236 1235/1235/1235
f 1235/1235/1235 1238/1238/1238 1237/1237/1237
f 1241/1241/1241 1240/1240/1240 1239/1239/1239
f 1239/1239/1239 1242/1242/1242 1241/1241/1241
f 1245/1245/1245 1244/1244/1244 1243/1243/1243
f 1243/1243/1243 1246/1246/1246 1245/1245/1245
f 1249/1249/1249 1248/1248/1248 1247/1247/1247
f 1247/1247/1247 1250/1250/1250 1249/1249/1249
f 1252/1252/1252 1251/1251/1251 1254/1254/1254
f 1254/1254/1254 1253/1253/1253 1252/1252/1252
f 1256/1256/1256 1255/1255/1255 1258/1258/1258
f 1258/1258/1258 1257/1257/1257 1256/1256/1256
f 1264/1264/1264 1340/1340/1340 1345/1345/1345
f 1345/1345/1345 1267/1267/1267 1264/1264/1264
f 1269/1269/1269 1345/1345/1345 1346/1346/1346
f 1346/1346/1346 1272/1272/1272 1269/1269/1269
f 1270/1270/1270 1346/1346/1346 1348/1348/1348
f 1348/1348/1348 1276/1276/1276 1270/1270/1270
f 1277/1277/1277 1348/1348/1348 1351/1351/1351
f 1351/1351/1351 1278/1278/1278 1277/1277/1277
f 1279/1279/1279 1351/1351/1351 1353/1353/1353
f 1353/1353/1353 1282/1282/1282 1279/1279/1279
f 1281/1281/1281 1353/1353/1353 1355/1355/1355
f 1355/1355/1355 1286/1286/1286 1281/1281/1281
f 1288/1288/1288 1355/1355/1355 1357/1357/1357
f 1357/1357/1357 1289/1289/1289 1288/1288/1288
f 1290/1290/1290 1357/1357/1357 1359/1359/1359
f 1359/1359/1359 1293/1293/1293 1290/1290/1290
f 1295/1295/1295 1359/1359/1359 1361/1361/1361
f 1361/1361/1361 1297/1297/1297 1295/1295/1295
f 1299/1299/1299 1361/1361/1361 1362/1362/1362
f 1362/1362/1362 1302/1302/1302 1299/1299/1299
f 1300/1300/1300 1362/1362/1362 1342/1342/1342
f 1342/1342/1342 1261/1261/1261 1300/1300/1300
f 1337/1337/1337 1306/1306/1306 1303/1303/1303
f 1285/1285/1285 1294/1294/1294 1388/1388/1388
f 1388/1388/1388 1398/1398/1398 1285/1285/1285
f 1304/1304/1304 1306/1306/1306 1308/1308/1308
f 1309/1309/1309 1306/1306/1306 1311/1311/1311
f 1310/1310/1310 1306/1306/1306 1314/1314/1314
f 1313/1313/1313 1306/1306/1306 1318/1318/1318
f 1316/1316/1316 1306/1306/1306 1321/1321/1321
f 1319/1319/1319 1306/1306/1306 1323/1323/1323
f 1322/1322/1322 1306/1306/1306 1327/1327/1327
f 1325/1325/1325 1306/1306/1306 1329/1329/1329
f 1328/1328/1328 1306/1306/1306 1333/1333/1333
f 1332/1332/1332 1306/1306/1306 1334/1334/1334
f 1335/1335/1335 1306/1306/1306 1339/1339/1339
f 1307/1307/1307 1312/1312/1312 1368/1368/1368
f 1368/1368/1368 1367/1367/1367 1307/1307/1307
f 1330/1330/1330 1331/1331/1331 1382/1382/1382
f 1382/1382/1382 1381/1381/1381 1330/1330/1330
f 1317/1317/1317 1320/1320/1320 1374/1374/1374
f 1374/1374/1374 1373/1373/1373 1317/1317/1317
f 1338/1338/1338 1305/1305/1305 1364/1364/1364
f 1364/1364/1364 1387/1387/1387 1338/1338/1338
f 1326/1326/1326 1330/1330/1330 1381/1381/1381
f 1381/1381/1381 1379/1379/1379 1326/1326/1326
f 1366/1366/1366 1369/1369/1369 1344/1344/1344
f 1344/1344/1344 1341/1341/1341 1366/1366/1366
f 1369/1369/1369 1370/1370/1370 1347/1347/1347
f 1347/1347/1347 1344/1344/1344 1369/1369/1369
f 1370/1370/1370 1372/1372/1372 1349/1349/1349
f 1349/1349/1349 1347/1347/1347 1370/1370/1370
f 1372/1372/1372 1375/1375/1375 1350/1350/1350
f 1350/1350/1350 1349/1349/1349 1372/1372/1372
f 1375/1375/1375 1376/1376/1376 1352/1352/1352
f 1352/1352/1352 1350/1350/1350 1375/1375/1375
f 1376/1376/1376 1378/1378/1378 1354/1354/1354
f 1354/1354/1354 1352/1352/1352 1376/1376/1376
f 1378/1378/1378 1380/1380/1380 1356/1356/1356
f 1356/1356/1356 1354/1354/1354 1378/1378/1378
f 1380/1380/1380 1383/1383/1383 1358/1358/1358
f 1358/1358/1358 1356/1356/1356 1380/1380/1380
f 1383/1383/1383 1385/1385/1385 1360/1360/1360
f 1360/1360/1360 1358/1358/1358 1383/1383/1383
f 1385/1385/1385 1386/1386/1386 1363/1363/1363
f 1363/1363/1363 1360/1360/1360 1385/1385/1385
f 1386/1386/1386 1365/1365/1365 1343/1343/1343
f 1343/1343/1343 1363/1363/1363 1386/1386/1386
f 1365/1365/1365 1366/1366/1366 1341/1341/1341
f 1341/1341/1341 1343/1343/1343 1365/1365/1365
f 1320/1320/1320 1324/1324/1324 1377/1377/1377
f 1377/1377/1377 1374/1374/1374 1320/1320/1320
f 1331/1331/1331 1336/1336/1336 1384/1384/1384
f 1384/1384/1384 1382/1382/1382 1331/1331/1331
f 1312/1312/1312 1315/1315/1315 1371/1371/1371
f 1371/1371/1371 1368/1368/1368 1312/1312/1312
f 1324/1324/1324 1326/1326/1326 1379/1379/1379
f 1379/1379/1379 1377/1377/1377 1324/1324/1324
f 1336/1336/1336 1338/1338/1338 1387/1387/1387
f 1387/1387/1387 1384/1384/1384 1336/1336/1336
f 1315/1315/1315 1317/1317/1317 1373/1373/1373
f 1373/1373/1373 1371/1371/1371 1315/1315/1315
f 1305/1305/1305 1307/1307/1307 1367/1367/1367
f 1367/1367/1367 1364/1364/1364 1305/1305/1305
f 1260/1260/1260 1342/1342/1342 1340/1340/1340
f 1340/1340/1340 1265/1265/1265 1260/1260/1260
f 1266/1266/1266 1268/1268/1268 1274/1274/1274
f 1274/1274/1274 1262/1262/1262 1266/1266/1266
f 1275/1275/1275 1280/1280/1280 1283/1283/1283
f 1283/1283/1283 1274/1274/1274 1275/1275/1275
f 1287/1287/1287 1291/1291/1291 1292/1292/1292
f 1292/1292/1292 1283/1283/1283 1287/1287/1287
f 1298/1298/1298 1301/1301/1301 1262/1262/1262
f 1262/1262/1262 1292/1292/1292 1298/1298/1298
f 1393/1393/1393 1396/1396/1396 1397/1397/1397
f 1397/1397/1397 1390/1390/1390 1393/1393/1393
f 1296/1296/1296 1259/1259/1259 1392/1392/1392
f 1392/1392/1392 1389/1389/1389 1296/1296/1296
f 1263/1263/1263 1271/1271/1271 1394/1394/1394
f 1394/1394/1394 1391/1391/1391 1263/1263/1263
f 1273/1273/1273 1284/1284/1284 1399/1399/1399
f 1399/1399/1399 1395/1395/1395 1273/1273/1273
f 1405/1405/1405 1412/1412/1412 1414/1414/1414
f 1414/1414/1414 1407/1407/1407 1405/1405/1405
f 1403/1403/1403 1411/1411/1411 1413/1413/1413
f 1413/1413/1413 1404/1404/1404 1403/1403/1403
f 1400/1400/1400 1409/1409/1409 1410/1410/1410
f 1410/1410/1410 1402/1402/1402 1400/1400/1400
f 1406/1406/1406 1415/1415/1415 1408/1408/1408
f 1408/1408/1408 1401/1401/1401 1406/1406/1406
f 1420/1420/1420 1428/1428/1428 1430/1430/1430
f 1430/1430/1430 1422/1422/1422 1420/1420/1420
f 1419/1419/1419 1426/1426/1426 1429/1429/1429
f 1429/1429/1429 1421/1421/1421 1419/1419/1419
f 1417/1417/1417 1424/1424/1424 1427/1427/1427
f 1427/1427/1427 1418/1418/1418 1417/1417/1417
f 1423/1423/1423 1431/1431/1431 1425/1425/1425
f 1425/1425/1425 1416/1416/1416 1423/1423/1423
f 1436/1436/1436 1439/1439/1439 1446/1446/1446
f 1446/1446/1446 1444/1444/1444 1436/1436/1436
f 1435/1435/1435 1437/1437/1437 1445/1445/1445
f 1445/1445/1445 1443/1443/1443 1435/1435/1435
f 1432/1432/1432 1434/1434/1434 1442/1442/1442
f 1442/1442/1442 1441/1441/1441 1432/1432/1432
f 1438/1438/1438 1433/1433/1433 1440/1440/1440
f 1440/1440/1440 1447/1447/1447 1438/1438/1438
f 1453/1453/1453 1460/1460/1460 1463/1463/1463
f 1463/1463/1463 1455/1455/1455 1453/1453/1453
f 1450/1450/1450 1459/1459/1459 1461/1461/1461
f 1461/1461/1461 1452/1452/1452 1450/1450/1450
f 1448/1448/1448 1457/1457/1457 1458/1458/1458
f 1458/1458/1458 1451/1451/1451 1448/1448/1448
f 1454/1454/1454 1462/1462/1462 1456/1456/1456
f 1456/1456/1456 1449/1449/1449 1454/1454/1454
f 1465/1465/1465 1467/1467/1467 1471/1471/1471
f 1471/1471/1471 1468/1468/1468 1465/1465/1465
f 1469/1469/1469 1470/1470/1470 1475/1475/1475
f 1475/1475/1475 1472/1472/1472 1469/1469/1469
f 1473/1473/1473 1474/1474/1474 1478/1478/1478
f 1478/1478/1478 1477/1477/1477 1473/1473/1473
f 1476/1476/1476 1479/1479/1479 1483/1483/1483
f 1483/1483/1483 1480/1480/1480 1476/1476/1476
f 1481/1481/1481 1482/1482/1482 1487/1487/1487
f 1487/1487/1487 1484/1484/1484 1481/1481/1481
f 1485/1485/1485 1486/1486/1486 1466/1466/1466
f 1466/1466/1466 1464/1464/1464 1485/1485/1485
f 1543/1543/1543 1545/1545/1545 1529/1529/1529
f 1529/1529/1529 1521/1521/1521 1543/1543/1543
f 1552/1552/1552 1557/1557/1557 1547/1547/1547
f 1547/1547/1547 1542/1542/1542 1552/1552/1552
f 1555/1555/1555 1559/1559/1559 1546/1546/1546
f 1546/1546/1546 1548/1548/1548 1555/1555/1555
f 1537/1537/1537 1539/1539/1539 1526/1526/1526
f 1526/1526/1526 1528/1528/1528 1537/1537/1537
f 1524/1524/1524 1525/1525/1525 1538/1538/1538
f 1538/1538/1538 1530/1530/1530 1524/1524/1524
f 1533/1533/1533 1536/1536/1536 1558/1558/1558
f 1558/1558/1558 1551/1551/1551 1533/1533/1533
f 1493/1493/1493 1494/1494/1494 1502/1502/1502
f 1502/1502/1502 1500/1500/1500 1493/1493/1493
f 1489/1489/1489 1491/1491/1491 1495/1495/1495
f 1495/1495/1495 1492/1492/1492 1489/1489/1489
f 1501/1501/1501 1503/1503/1503 1498/1498/1498
f 1498/1498/1498 1497/1497/1497 1501/1501/1501
f 1496/1496/1496 1499/1499/1499 1490/1490/1490
f 1490/1490/1490 1488/1488/1488 1496/1496/1496
f 1508/1508/1508 1511/1511/1511 1518/1518/1518
f 1518/1518/1518 1516/1516/1516 1508/1508/1508
f 1504/1504/1504 1507/1507/1507 1510/1510/1510
f 1510/1510/1510 1509/1509/1509 1504/1504/1504
f 1517/1517/1517 1519/1519/1519 1514/1514/1514
f 1514/1514/1514 1513/1513/1513 1517/1517/1517
f 1512/1512/1512 1515/1515/1515 1506/1506/1506
f 1506/1506/1506 1505/1505/1505 1512/1512/1512
f 1520/1520/1520 1527/1527/1527 1525/1525/1525
f 1525/1525/1525 1524/1524/1524 1520/1520/1520
f 1535/1535/1535 1534/1534/1534 1530/1530/1530
f 1530/1530/1530 1538/1538/1538 1535/1535/1535
f 1556/1556/1556 1553/1553/1553 1551/1551/1551
f 1551/1551/1551 1558/1558/1558 1556/1556/1556
f 1545/1545/1545 1543/1543/1543 1541/1541/1541
f 1541/1541/1541 1549/1549/1549 1545/1545/1545
f 1550/1550/1550 1554/1554/1554 1540/1540/1540
f 1540/1540/1540 1544/1544/1544 1550/1550/1550
f 1559/1559/1559 1537/1537/1537 1528/1528/1528
f 1528/1528/1528 1546/1546/1546 1559/1559/1559
f 1531/1531/1531 1532/1532/1532 1522/1522/1522
f 1522/1522/1522 1523/1523/1523 1531/1531/1531
f 1532/1532/1532 1550/1550/1550 1544/1544/1544
f 1544/1544/1544 1522/1522/1522 1532/1532/1532
f 1561/1561/1561 1565/1565/1565 1570/1570/1570
f 1570/1570/1570 1569/1569/1569 1561/1561/1561
f 1567/1567/1567 1572/1572/1572 1585/1585/1585
f 1585/1585/1585 1582/1582/1582 1567/1567/1567
f 1581/1581/1581 1584/1584/1584 1579/1579/1579
f 1579/1579/1579 1574/1574/1574 1581/1581/1581
f 1575/1575/1575 1578/1578/1578 1564/1564/1564
f 1564/1564/1564 1560/1560/1560 1575/1575/1575
f 1568/1568/1568 1583/1583/1583 1576/1576/1576
f 1576/1576/1576 1562/1562/1562 1568/1568/1568
f 1586/1586/1586 1573/1573/1573 1591/1591/1591
f 1591/1591/1591 1596/1596/1596 1586/1586/1586
f 1601/1601/1601 1603/1603/1603 1613/1613/1613
f 1580/1580/1580 1587/1587/1587 1595/1595/1595
f 1595/1595/1595 1597/1597/1597 1580/1580/1580
f 1571/1571/1571 1566/1566/1566 1588/1588/1588
f 1588/1588/1588 1593/1593/1593 1571/1571/1571
f 1563/1563/1563 1577/1577/1577 1598/1598/1598
f 1598/1598/1598 1589/1589/1589 1563/1563/1563
f 1594/1594/1594 1592/1592/1592 1604/1604/1604
f 1604/1604/1604 1600/1600/1600 1594/1594/1594
f 1592/1592/1592 1590/1590/1590 1607/1607/1607
f 1607/1607/1607 1604/1604/1604 1592/1592/1592
f 1590/1590/1590 1599/1599/1599 1610/1610/1610
f 1610/1610/1610 1607/1607/1607 1590/1590/1590
f 1599/1599/1599 1594/1594/1594 1600/1600/1600
f 1600/1600/1600 1610/1610/1610 1599/1599/1599
f 1606/1606/1606 1609/1609/1609 1614/1614/1614
f 1611/1611/1611 1602/1602/1602 1612/1612/1612
f 1605/1605/1605 1608/1608/1608 1615/1615/1615
f 1620/1620/1620 1619/1619/1619 1623/1623/1623
f 1630/1630/1630 1635/1635/1635 1633/1633/1633
f 1620/1620/1620 1637/1637/1637 1617/1617/1617
f 1621/1621/1621 1623/1623/1623 1622/1622/1622
f 1634/1634/1634 1626/1626/1626 1632/1632/1632
f 1616/1616/1616 1630/1630/1630 1640/1640/1640
f 1624/1624/1624 1622/1622/1622 1626/1626/1626
f 1639/1639/1639 1625/1625/1625 1616/1616/1616
f 1626/1626/1626 1631/1631/1631 1632/1632/1632
f 1637/1637/1637 1634/1634/1634 1629/1629/1629
f 1623/1623/1623 1628/1628/1628 1625/1625/1625
f 1627/1627/1627 1618/1618/1618 1619/1619/1619
f 1621/1621/1621 1624/1624/1624 1637/1637/1637
f 1619/1619/1619 1620/1620/1620 1617/1617/1617
f 1621/1621/1621 1620/1620/1620 1623/1623/1623
f 1635/1635/1635 1629/1629/1629 1633/1633/1633
f 1626/1626/1626 1636/1636/1636 1631/1631/1631
f 1633/1633/1633 1634/1634/1634 1632/1632/1632
f 1634/1634/1634 1624/1624/1624 1626/1626/1626
f 1621/1621/1621 1637/1637/1637 1620/1620/1620
f 1627/1627/1627 1635/1635/1635 1630/1630/1630
f 1629/1629/1629 1634/1634/1634 1633/1633/1633
f 1622/1622/1622 1636/1636/1636 1626/1626/1626
f 1637/1637/1637 1624/1624/1624 1634/1634/1634
f 1617/1617/1617 1635/1635/1635 1627/1627/1627
f 1636/1636/1636 1625/1625/1625 1639/1639/1639
f 1624/1624/1624 1621/1621/1621 1622/1622/1622
f 1619/1619/1619 1617/1617/1617 1627/1627/1627
f 1628/1628/1628 1618/1618/1618 1616/1616/1616
f 1628/1628/1628 1623/1623/1623 1618/1618/1618
f 1623/1623/1623 1619/1619/1619 1618/1618/1618
f 1636/1636/1636 1622/1622/1622 1625/1625/1625
f 1622/1622/1622 1623/1623/1623 1625/1625/1625
f 1635/1635/1635 1617/1617/1617 1629/1629/1629
f 1617/1617/1617 1637/1637/1637 1629/1629/1629
f 1628/1628/1628 1616/1616/1616 1625/1625/1625
f 1632/1632/1632 1631/1631/1631 1639/1639/1639
f 1631/1631/1631 1636/1636/1636 1639/1639/1639
f 1616/1616/1616 1618/1618/1618 1630/1630/1630
f 1618/1618/1618 1627/1627/1627 1630/1630/1630
f 1630/1630/1630 1633/1633/1633 1641/1641/1641
f 1633/1633/1633 1632/1632/1632 1638/1638/1638
f 1644/1644/1644 1645/1645/1645 1653/1653/1653
f 1653/1653/1653 1649/1649/1649 1644/1644/1644
f 1663/1663/1663 1680/1680/1680 1700/1700/1700
f 1700/1700/1700 1658/1658/1658 1663/1663/1663
f 1662/1662/1662 1665/1665/1665 1657/1657/1657
f 1657/1657/1657 1656/1656/1656 1662/1662/1662
f 1669/1669/1669 1668/1668/1668 1666/1666/1666
f 1666/1666/1666 1667/1667/1667 1669/1669/1669
f 1648/1648/1648 1670/1670/1670 1692/1692/1692
f 1692/1692/1692 1642/1642/1642 1648/1648/1648
f 1655/1655/1655 1659/1659/1659 1699/1699/1699
f 1699/1699/1699 1688/1688/1688 1655/1655/1655
f 1685/1685/1685 1652/1652/1652 1647/1647/1647
f 1647/1647/1647 1694/1694/1694 1685/1685/1685
f 1675/1675/1675 1681/1681/1681 1664/1664/1664
f 1664/1664/1664 1661/1661/1661 1675/1675/1675
f 1693/1693/1693 1697/1697/1697 1646/1646/1646
f 1646/1646/1646 1643/1643/1643 1693/1693/1693
f 1677/1677/1677 1660/1660/1660 1654/1654/1654
f 1654/1654/1654 1686/1686/1686 1677/1677/1677
f 1684/1684/1684 1695/1695/1695 1701/1701/1701
f 1701/1701/1701 1678/1678/1678 1684/1684/1684
f 1676/1676/1676 1689/1689/1689 1690/1690/1690
f 1690/1690/1690 1671/1671/1671 1676/1676/1676
f 1696/1696/1696 1691/1691/1691 1687/1687/1687
f 1687/1687/1687 1698/1698/1698 1696/1696/1696
f 1679/1679/1679 1674/1674/1674 1673/1673/1673
f 1673/1673/1673 1682/1682/1682 1679/1679/1679
f 1650/1650/1650 1651/1651/1651 1683/1683/1683
f 1683/1683/1683 1672/1672/1672 1650/1650/1650
f 1703/1703/1703 1704/1704/1704 1705/1705/1705
f 1705/1705/1705 1702/1702/1702 1703/1703/1703

