# https://github.com/mikedh/trimesh
mtllib material.mtl
usemtl material_0
v -1.00000000 0.00000000 1.00000000
v -1.00000000 0.00000000 1.00000000
v -1.00000000 0.00000000 1.00000000
v -1.00000000 0.10000000 1.00000000
v -1.00000000 0.10000000 1.00000000
v -1.00000000 0.10000000 1.00000000
v -1.00000000 0.00000000 -1.00000000
v -1.00000000 0.00000000 -1.00000000
v -1.00000000 0.00000000 -1.00000000
v -1.00000000 0.10000000 -1.00000000
v -1.00000000 0.10000000 -1.00000000
v -1.00000000 0.10000000 -1.00000000
v 1.00000000 0.00000000 1.00000000
v 1.00000000 0.00000000 1.00000000
v 1.00000000 0.00000000 1.00000000
v 1.00000000 0.10000000 1.00000000
v 1.00000000 0.10000000 1.00000000
v 1.00000000 0.10000000 1.00000000
v 1.00000000 0.00000000 -1.00000000
v 1.00000000 0.00000000 -1.00000000
v 1.00000000 0.00000000 -1.00000000
v 1.00000000 0.10000000 -1.00000000
v 1.00000000 0.10000000 -1.00000000
v 1.00000000 0.10000000 -1.00000000
v 0.90000000 0.00000000 -1.00000000
v 0.90000000 0.00000000 -1.00000000
v 0.90000000 0.00000000 -1.00000000
v -0.90000000 0.00000000 -1.00000000
v -0.90000000 0.00000000 -1.00000000
v -0.90000000 0.00000000 -1.00000000
v -0.90000000 0.10000000 -1.00000000
v -0.90000000 0.10000000 -1.00000000
v -0.90000000 0.10000000 -1.00000000
v -0.90000000 0.10000000 -1.00000000
v 0.90000000 0.10000000 -1.00000000
v 0.90000000 0.10000000 -1.00000000
v 0.90000000 0.10000000 -1.00000000
v 0.90000000 0.10000000 -1.00000000
v -0.90000000 0.00000000 1.00000000
v -0.90000000 0.00000000 1.00000000
v -0.90000000 0.00000000 1.00000000
v 0.90000000 0.00000000 1.00000000
v 0.90000000 0.00000000 1.00000000
v 0.90000000 0.00000000 1.00000000
v 0.90000000 0.10000000 1.00000000
v 0.90000000 0.10000000 1.00000000
v 0.90000000 0.10000000 1.00000000
v 0.90000000 0.10000000 1.00000000
v -0.90000000 0.10000000 1.00000000
v -0.90000000 0.10000000 1.00000000
v -0.90000000 0.10000000 1.00000000
v -0.90000000 0.10000000 1.00000000
v -1.00000000 0.00000000 -0.90000000
v -1.00000000 0.00000000 -0.90000000
v -1.00000000 0.00000000 -0.90000000
v -1.00000000 0.00000000 0.90000000
v -1.00000000 0.00000000 0.90000000
v -1.00000000 0.00000000 0.90000000
v -1.00000000 0.10000000 0.90000000
v -1.00000000 0.10000000 0.90000000
v -1.00000000 0.10000000 0.90000000
v -1.00000000 0.10000000 0.90000000
v -1.00000000 0.10000000 -0.90000000
v -1.00000000 0.10000000 -0.90000000
v -1.00000000 0.10000000 -0.90000000
v -1.00000000 0.10000000 -0.90000000
v 1.00000000 0.00000000 0.90000000
v 1.00000000 0.00000000 0.90000000
v 1.00000000 0.00000000 0.90000000
v 1.00000000 0.00000000 -0.90000000
v 1.00000000 0.00000000 -0.90000000
v 1.00000000 0.00000000 -0.90000000
v 1.00000000 0.10000000 -0.90000000
v 1.00000000 0.10000000 -0.90000000
v 1.00000000 0.10000000 -0.90000000
v 1.00000000 0.10000000 -0.90000000
v 1.00000000 0.10000000 0.90000000
v 1.00000000 0.10000000 0.90000000
v 1.00000000 0.10000000 0.90000000
v 1.00000000 0.10000000 0.90000000
v 0.90000000 0.10000000 -0.90000000
v 0.90000000 0.10000000 -0.90000000
v 0.90000000 0.10000000 -0.90000000
v 0.90000000 0.10000000 0.90000000
v 0.90000000 0.10000000 0.90000000
v 0.90000000 0.10000000 0.90000000
v -0.90000000 0.10000000 -0.90000000
v -0.90000000 0.10000000 -0.90000000
v -0.90000000 0.10000000 -0.90000000
v -0.90000000 0.10000000 0.90000000
v -0.90000000 0.10000000 0.90000000
v -0.90000000 0.10000000 0.90000000
v -0.90000000 0.00000000 -0.90000000
v -0.90000000 0.00000000 0.90000000
v 0.90000000 0.00000000 -0.90000000
v 0.90000000 0.00000000 0.90000000
v -0.60000000 0.10000000 -0.60000000
v -0.60000000 0.10000000 -0.60000000
v 0.60000000 0.10000000 -0.60000000
v 0.60000000 0.10000000 -0.60000000
v 0.60000000 0.10000000 0.60000000
v 0.60000000 0.10000000 0.60000000
v -0.60000000 0.10000000 0.60000000
v -0.60000000 0.10000000 0.60000000
v -0.20000000 0.10000000 0.60000000
v 0.60000000 1.55000100 -0.60000000
v 0.60000000 1.55000100 -0.60000000
v 0.60000000 1.55000100 0.60000000
v 0.60000000 1.55000100 0.60000000
v -0.60000000 1.55000100 0.60000000
v -0.60000000 1.55000100 0.60000000
v -0.60000000 1.55000100 -0.60000000
v -0.60000000 1.55000100 -0.60000000
v 0.20000000 1.55000100 0.60000000
v -0.20000000 1.55000100 0.60000000
v 0.60000000 0.90000000 0.60000000
v 0.60000000 0.90000000 0.60000000
v 0.60000000 0.90000000 0.60000000
v 0.60000000 0.90000000 0.60000000
v -0.60000000 0.90000000 0.60000000
v -0.60000000 0.90000000 0.60000000
v -0.60000000 0.90000000 0.60000000
v -0.60000000 0.90000000 0.60000000
v -0.20000000 0.90000000 0.60000000
v -0.20000000 0.90000000 0.60000000
v 0.20000000 0.90000000 0.60000000
v 0.20000000 0.90000000 0.60000000
v -0.30000000 1.07500000 0.60000000
v -0.30000000 1.07500000 0.60000000
v -0.30000000 1.07500000 0.60000000
v -0.30000000 1.42500000 0.60000000
v -0.30000000 1.42500000 0.60000000
v -0.30000000 1.42500000 0.60000000
v -0.50000000 1.42500000 0.60000000
v -0.50000000 1.42500000 0.60000000
v -0.50000000 1.42500000 0.60000000
v -0.50000000 1.07500000 0.60000000
v -0.50000000 1.07500000 0.60000000
v -0.50000000 1.07500000 0.60000000
v 0.50000000 0.22500000 0.60000000
v 0.50000000 0.22500000 0.60000000
v 0.50000000 0.22500000 0.60000000
v 0.50000000 0.62500000 0.60000000
v 0.50000000 0.62500000 0.60000000
v 0.50000000 0.62500000 0.60000000
v 0.30000000 1.42500000 0.60000000
v 0.30000000 1.42500000 0.60000000
v 0.30000000 1.42500000 0.60000000
v 0.30000000 1.07500000 0.60000000
v 0.30000000 1.07500000 0.60000000
v 0.30000000 1.07500000 0.60000000
v 0.50000000 1.07500000 0.60000000
v 0.50000000 1.07500000 0.60000000
v 0.50000000 1.07500000 0.60000000
v 0.50000000 1.42500000 0.60000000
v 0.50000000 1.42500000 0.60000000
v 0.50000000 1.42500000 0.60000000
v -0.28000000 0.10500000 0.60000000
v -0.28000000 0.10500000 0.60000000
v -0.28000000 0.10500000 0.60000000
v -0.28000000 0.62500000 0.60000000
v -0.28000000 0.62500000 0.60000000
v -0.28000000 0.62500000 0.60000000
v -0.52000000 0.62500000 0.60000000
v -0.52000000 0.62500000 0.60000000
v -0.52000000 0.62500000 0.60000000
v -0.52000000 0.10500000 0.60000000
v -0.52000000 0.10500000 0.60000000
v -0.52000000 0.10500000 0.60000000
v -0.10000000 0.62500000 0.60000000
v -0.10000000 0.62500000 0.60000000
v -0.10000000 0.62500000 0.60000000
v -0.10000000 0.22500000 0.60000000
v -0.10000000 0.22500000 0.60000000
v -0.10000000 0.22500000 0.60000000
v 0.10000000 1.07500000 0.60000000
v 0.10000000 1.07500000 0.60000000
v 0.10000000 1.07500000 0.60000000
v 0.10000000 1.42500000 0.60000000
v 0.10000000 1.42500000 0.60000000
v 0.10000000 1.42500000 0.60000000
v -0.10000000 1.42500000 0.60000000
v -0.10000000 1.42500000 0.60000000
v -0.10000000 1.42500000 0.60000000
v -0.10000000 1.07500000 0.60000000
v -0.10000000 1.07500000 0.60000000
v -0.10000000 1.07500000 0.60000000
v 0.50000000 0.22500000 0.50000000
v 0.50000000 0.22500000 0.50000000
v -0.10000000 0.22500000 0.50000000
v -0.10000000 0.22500000 0.50000000
v -0.28000000 0.10500000 0.50000000
v -0.28000000 0.10500000 0.50000000
v -0.52000000 0.10500000 0.50000000
v -0.52000000 0.10500000 0.50000000
v -0.30000000 1.42500000 0.50000000
v -0.30000000 1.42500000 0.50000000
v -0.30000000 1.07500000 0.50000000
v -0.30000000 1.07500000 0.50000000
v -0.50000000 1.07500000 0.50000000
v -0.50000000 1.07500000 0.50000000
v -0.50000000 1.42500000 0.50000000
v -0.50000000 1.42500000 0.50000000
v 0.50000000 0.62500000 0.50000000
v 0.50000000 0.62500000 0.50000000
v 0.30000000 1.42500000 0.50000000
v 0.30000000 1.42500000 0.50000000
v 0.30000000 1.07500000 0.50000000
v 0.30000000 1.07500000 0.50000000
v 0.50000000 1.42500000 0.50000000
v 0.50000000 1.42500000 0.50000000
v 0.50000000 1.07500000 0.50000000
v 0.50000000 1.07500000 0.50000000
v -0.28000000 0.62500000 0.50000000
v -0.28000000 0.62500000 0.50000000
v -0.52000000 0.62500000 0.50000000
v -0.52000000 0.62500000 0.50000000
v -0.10000000 0.62500000 0.50000000
v -0.10000000 0.62500000 0.50000000
v 0.10000000 1.42500000 0.50000000
v 0.10000000 1.42500000 0.50000000
v 0.10000000 1.07500000 0.50000000
v 0.10000000 1.07500000 0.50000000
v -0.10000000 1.07500000 0.50000000
v -0.10000000 1.07500000 0.50000000
v -0.10000000 1.42500000 0.50000000
v -0.10000000 1.42500000 0.50000000
v -0.50201700 0.13150000 0.54194800
v -0.50201700 0.59923300 0.54194800
v -0.29797900 0.59923300 0.54194800
v -0.29797900 0.13150000 0.54194800
v -0.54692200 0.63624500 0.50616700
v -0.54692200 0.63624500 0.50616700
v -0.54692200 0.59721000 0.62487000
v -0.54692200 0.59721000 0.62487000
v -0.54692200 0.59721000 0.62487000
v -0.54692200 0.59721000 0.50616700
v -0.54692200 0.59721000 0.50616700
v -0.25307200 0.63624500 0.50616700
v -0.25307200 0.63624500 0.50616700
v -0.54692200 0.63624500 0.62487000
v -0.54692200 0.63624500 0.62487000
v -0.54692200 0.63624500 0.62487000
v -0.25307200 0.59721000 0.50616700
v -0.25307200 0.59721000 0.50616700
v -0.25307200 0.63624500 0.62487000
v -0.25307200 0.63624500 0.62487000
v -0.25307200 0.63624500 0.62487000
v -0.25307200 0.59721000 0.62487000
v -0.25307200 0.59721000 0.62487000
v -0.25307200 0.59721000 0.62487000
v -0.30851400 0.61917400 0.51597000
v -0.30851400 0.13048900 0.56306400
v -0.30851400 0.13048900 0.56306400
v -0.30851400 0.13048900 0.51597000
v -0.30851400 0.61917400 0.56306400
v -0.30851400 0.61917400 0.56306400
v -0.27353200 0.61917400 0.56306400
v -0.27353200 0.13048900 0.56306400
v -0.52646400 0.13048900 0.56306400
v -0.49148200 0.61917400 0.51597000
v -0.52646400 0.61917400 0.56306400
v -0.49148200 0.13048900 0.51597000
v -0.49148200 0.61917400 0.56306400
v -0.49148200 0.61917400 0.56306400
v -0.49148200 0.13048900 0.56306400
v -0.49148200 0.13048900 0.56306400
v -0.54692200 0.13783100 0.47549100
v -0.54692200 0.13783100 0.47549100
v -0.54692200 0.09993000 0.47549100
v -0.25307200 0.13783100 0.47549100
v -0.25307200 0.13783100 0.47549100
v -0.54692200 0.13783100 0.64257600
v -0.54692200 0.13783100 0.64257600
v -0.54692200 0.13783100 0.64257600
v -0.25307200 0.09993000 0.47549100
v -0.25307200 0.13783100 0.64257600
v -0.25307200 0.13783100 0.64257600
v -0.25307200 0.13783100 0.64257600
v -0.54692200 0.09993000 0.64257600
v -0.54692200 0.09993000 0.64257600
v -0.25307200 0.09993000 0.64257600
v -0.25307200 0.09993000 0.64257600
v -0.51813800 0.52645800 0.53179200
v -0.51813800 0.50408600 0.55997400
v -0.51813800 0.50408600 0.55997400
v -0.51813800 0.50408600 0.53179200
v -0.28185600 0.52645800 0.53179200
v -0.51813800 0.52645800 0.55997400
v -0.51813800 0.52645800 0.55997400
v -0.28185600 0.50408600 0.53179200
v -0.28185600 0.52645800 0.55997400
v -0.28185600 0.52645800 0.55997400
v -0.28185600 0.50408600 0.55997400
v -0.28185600 0.50408600 0.55997400
v -0.29797900 0.51476400 0.54194800
v -0.29797900 0.51476400 0.54194800
v -0.50201700 0.51476400 0.54194800
v -0.50201700 0.51476400 0.54194800
v -0.32614200 0.50819300 0.51394300
v -0.32614200 0.11367600 0.55196300
v -0.32614200 0.11367600 0.55196300
v -0.32614200 0.11367600 0.51394300
v -0.32614200 0.50819300 0.55196300
v -0.32614200 0.50819300 0.55196300
v -0.29790100 0.50819300 0.55196300
v -0.29790100 0.11367600 0.55196300
v -0.50209400 0.11367600 0.55196300
v -0.47385200 0.50819300 0.51394300
v -0.50209400 0.50819300 0.55196300
v -0.47385200 0.11367600 0.51394300
v -0.47385200 0.50819300 0.55196300
v -0.47385200 0.50819300 0.55196300
v -0.47385200 0.11367600 0.55196300
v -0.47385200 0.11367600 0.55196300
v -0.44638400 0.34188600 0.54761000
v -0.35361100 0.34188600 0.54761000
v -0.44638400 0.40011100 0.54761000
v -0.35361100 0.40011100 0.54761000
v -0.51813800 0.15626200 0.53179200
v -0.51813800 0.13389000 0.55997400
v -0.28185600 0.15626200 0.53179200
v -0.51813800 0.15626200 0.55997400
v -0.51813800 0.15626200 0.55997400
v -0.28185600 0.15626200 0.55997400
v -0.28185600 0.15626200 0.55997400
v -0.28185600 0.13389000 0.55997400
v -0.36073500 0.26991200 0.56206400
v -0.36073500 0.27521900 0.56737000
v -0.36073500 0.27521900 0.56737000
v -0.36073500 0.27521900 0.56737000
v -0.36604200 0.27521900 0.56206400
v -0.36604200 0.27521900 0.56206400
v -0.36073500 0.29104500 0.56737000
v -0.36073500 0.29104500 0.56737000
v -0.36073500 0.29104500 0.56737000
v -0.36073500 0.29635200 0.56206400
v -0.36604200 0.29104500 0.56206400
v -0.36604200 0.29104500 0.56206400
v -0.36073500 0.26991200 0.54623700
v -0.36604200 0.27521900 0.54623700
v -0.36604200 0.27521900 0.54623700
v -0.36073500 0.27521900 0.54093000
v -0.36073500 0.27521900 0.54093000
v -0.36073500 0.29635200 0.54623700
v -0.36073500 0.29104500 0.54093000
v -0.36073500 0.29104500 0.54093000
v -0.36604200 0.29104500 0.54623700
v -0.36604200 0.29104500 0.54623700
v -0.34490800 0.26991200 0.56206400
v -0.33960200 0.27521900 0.56206400
v -0.33960200 0.27521900 0.56206400
v -0.34490800 0.27521900 0.56737000
v -0.34490800 0.27521900 0.56737000
v -0.34490800 0.27521900 0.56737000
v -0.34490800 0.29635200 0.56206400
v -0.34490800 0.29104500 0.56737000
v -0.34490800 0.29104500 0.56737000
v -0.34490800 0.29104500 0.56737000
v -0.33960200 0.29104500 0.56206400
v -0.33960200 0.29104500 0.56206400
v -0.34490800 0.26991200 0.54623700
v -0.34490800 0.27521900 0.54093000
v -0.34490800 0.27521900 0.54093000
v -0.33960200 0.27521900 0.54623700
v -0.33960200 0.27521900 0.54623700
v -0.34490800 0.29635200 0.54623700
v -0.33960200 0.29104500 0.54623700
v -0.33960200 0.29104500 0.54623700
v -0.34490800 0.29104500 0.54093000
v -0.34490800 0.29104500 0.54093000
v -0.08201900 0.25150000 0.54194800
v -0.12692400 0.63624500 0.50616700
v -0.12692400 0.63624500 0.50616700
v -0.12692400 0.59721000 0.62487000
v -0.12692400 0.59721000 0.62487000
v -0.12692400 0.59721000 0.62487000
v -0.12692400 0.59721000 0.50616700
v -0.12692400 0.59721000 0.50616700
v -0.12692400 0.63624500 0.62487000
v -0.12692400 0.63624500 0.62487000
v -0.12692400 0.63624500 0.62487000
v -0.10646700 0.25048900 0.56306400
v -0.07148400 0.61917400 0.51597000
v -0.10646700 0.61917400 0.56306400
v -0.07148400 0.25048900 0.51597000
v -0.07148400 0.61917400 0.56306400
v -0.07148400 0.61917400 0.56306400
v -0.07148400 0.25048900 0.56306400
v -0.07148400 0.25048900 0.56306400
v -0.12692400 0.25783100 0.47549100
v -0.12692400 0.25783100 0.47549100
v -0.12692400 0.21693100 0.47549100
v -0.12692400 0.21693100 0.47549100
v -0.12692400 0.25783100 0.62487000
v -0.12692400 0.25783100 0.62487000
v -0.12692400 0.25783100 0.62487000
v -0.12692400 0.21693100 0.62487000
v -0.12692400 0.21693100 0.62487000
v -0.12692400 0.21693100 0.62487000
v -0.08201900 0.61476400 0.54194800
v 0.48201900 0.25150000 0.54194800
v 0.52692500 0.63624500 0.50616700
v 0.52692500 0.63624500 0.50616700
v 0.52692500 0.59721000 0.50616700
v 0.52692500 0.59721000 0.50616700
v 0.52692500 0.63624500 0.62487000
v 0.52692500 0.63624500 0.62487000
v 0.52692500 0.63624500 0.62487000
v 0.52692500 0.59721000 0.62487000
v 0.52692500 0.59721000 0.62487000
v 0.52692500 0.59721000 0.62487000
v 0.47148400 0.61917400 0.51597000
v 0.47148400 0.25048900 0.56306400
v 0.47148400 0.25048900 0.56306400
v 0.47148400 0.25048900 0.51597000
v 0.47148400 0.61917400 0.56306400
v 0.47148400 0.61917400 0.56306400
v 0.50646600 0.61917400 0.56306400
v 0.50646600 0.25048900 0.56306400
v 0.52692500 0.25783100 0.47549100
v 0.52692500 0.25783100 0.47549100
v 0.52692500 0.21693100 0.47549100
v 0.52692500 0.21693100 0.47549100
v 0.52692500 0.25783100 0.62487000
v 0.52692500 0.25783100 0.62487000
v 0.52692500 0.25783100 0.62487000
v 0.52692500 0.21693100 0.62487000
v 0.52692500 0.21693100 0.62487000
v 0.52692500 0.21693100 0.62487000
v 0.48201900 0.61476400 0.54194800
v -0.48201900 1.10150000 0.54194800
v -0.48201900 1.39923300 0.54194800
v -0.31798100 1.39923300 0.54194800
v -0.31798100 1.10150000 0.54194800
v -0.52692400 1.43624500 0.50616700
v -0.52692400 1.43624500 0.50616700
v -0.52692400 1.39721000 0.62487000
v -0.52692400 1.39721000 0.62487000
v -0.52692400 1.39721000 0.62487000
v -0.52692400 1.39721000 0.50616700
v -0.52692400 1.39721000 0.50616700
v -0.27307500 1.43624500 0.50616700
v -0.27307500 1.43624500 0.50616700
v -0.52692400 1.43624500 0.62487000
v -0.52692400 1.43624500 0.62487000
v -0.52692400 1.43624500 0.62487000
v -0.27307500 1.39721000 0.50616700
v -0.27307500 1.39721000 0.50616700
v -0.27307500 1.43624500 0.62487000
v -0.27307500 1.43624500 0.62487000
v -0.27307500 1.43624500 0.62487000
v -0.27307500 1.39721000 0.62487000
v -0.27307500 1.39721000 0.62487000
v -0.27307500 1.39721000 0.62487000
v -0.32851600 1.41917400 0.51597000
v -0.32851600 1.10048900 0.56306400
v -0.32851600 1.10048900 0.56306400
v -0.32851600 1.10048900 0.51597000
v -0.32851600 1.41917400 0.56306400
v -0.32851600 1.41917400 0.56306400
v -0.29353400 1.41917400 0.56306400
v -0.29353400 1.10048900 0.56306400
v -0.50646700 1.10048900 0.56306400
v -0.47148400 1.41917400 0.51597000
v -0.50646700 1.41917400 0.56306400
v -0.47148400 1.10048900 0.51597000
v -0.47148400 1.41917400 0.56306400
v -0.47148400 1.41917400 0.56306400
v -0.47148400 1.10048900 0.56306400
v -0.47148400 1.10048900 0.56306400
v -0.52692400 1.10783100 0.47549100
v -0.52692400 1.10783100 0.47549100
v -0.52692400 1.04363900 0.47549100
v -0.52692400 1.04363900 0.47549100
v -0.27307500 1.10783100 0.47549100
v -0.27307500 1.10783100 0.47549100
v -0.52692400 1.10783100 0.64257600
v -0.52692400 1.10783100 0.64257600
v -0.52692400 1.10783100 0.64257600
v -0.27307500 1.04363900 0.47549100
v -0.27307500 1.04363900 0.47549100
v -0.27307500 1.10783100 0.64257600
v -0.27307500 1.10783100 0.64257600
v -0.27307500 1.10783100 0.64257600
v -0.52692400 1.04363900 0.60599300
v -0.52692400 1.04363900 0.60599300
v -0.52692400 1.04363900 0.60599300
v -0.52692400 1.08022100 0.64257600
v -0.52692400 1.08022100 0.64257600
v -0.52692400 1.08022100 0.64257600
v -0.27307500 1.08022100 0.64257600
v -0.27307500 1.08022100 0.64257600
v -0.27307500 1.08022100 0.64257600
v -0.27307500 1.04363900 0.60599300
v -0.27307500 1.04363900 0.60599300
v -0.27307500 1.04363900 0.60599300
v -0.49814000 1.22645800 0.52393700
v -0.49814000 1.20408600 0.55211900
v -0.49814000 1.20408600 0.55211900
v -0.49814000 1.20408600 0.52393700
v -0.30185900 1.22645800 0.52393700
v -0.49814000 1.22645800 0.55211900
v -0.49814000 1.22645800 0.55211900
v -0.30185900 1.20408600 0.52393700
v -0.30185900 1.22645800 0.55211900
v -0.30185900 1.22645800 0.55211900
v -0.30185900 1.20408600 0.55211900
v -0.30185900 1.20408600 0.55211900
v -0.31798100 1.21476400 0.54194800
v -0.31798100 1.21476400 0.54194800
v -0.48201900 1.21476400 0.54194800
v -0.48201900 1.21476400 0.54194800
v -0.08201900 1.10150000 0.54194800
v -0.08201900 1.39923300 0.54194800
v 0.08201900 1.39923300 0.54194800
v 0.08201900 1.10150000 0.54194800
v -0.12692400 1.43624500 0.50616700
v -0.12692400 1.43624500 0.50616700
v -0.12692400 1.39721000 0.62487000
v -0.12692400 1.39721000 0.62487000
v -0.12692400 1.39721000 0.62487000
v -0.12692400 1.39721000 0.50616700
v -0.12692400 1.39721000 0.50616700
v 0.12692500 1.43624500 0.50616700
v 0.12692500 1.43624500 0.50616700
v -0.12692400 1.43624500 0.62487000
v -0.12692400 1.43624500 0.62487000
v -0.12692400 1.43624500 0.62487000
v 0.12692500 1.39721000 0.50616700
v 0.12692500 1.39721000 0.50616700
v 0.12692500 1.43624500 0.62487000
v 0.12692500 1.43624500 0.62487000
v 0.12692500 1.43624500 0.62487000
v 0.12692500 1.39721000 0.62487000
v 0.12692500 1.39721000 0.62487000
v 0.12692500 1.39721000 0.62487000
v 0.07148400 1.41917400 0.51597000
v 0.07148400 1.10048900 0.56306400
v 0.07148400 1.10048900 0.56306400
v 0.07148400 1.10048900 0.51597000
v 0.07148400 1.41917400 0.56306400
v 0.07148400 1.41917400 0.56306400
v 0.10646600 1.41917400 0.56306400
v 0.10646600 1.10048900 0.56306400
v -0.10646700 1.10048900 0.56306400
v -0.07148400 1.41917400 0.51597000
v -0.10646700 1.41917400 0.56306400
v -0.07148400 1.10048900 0.51597000
v -0.07148400 1.41917400 0.56306400
v -0.07148400 1.41917400 0.56306400
v -0.07148400 1.10048900 0.56306400
v -0.07148400 1.10048900 0.56306400
v -0.12692400 1.10783100 0.47549100
v -0.12692400 1.10783100 0.47549100
v -0.12692400 1.04363900 0.47549100
v -0.12692400 1.04363900 0.47549100
v 0.12692500 1.10783100 0.47549100
v 0.12692500 1.10783100 0.47549100
v -0.12692400 1.10783100 0.64257600
v -0.12692400 1.10783100 0.64257600
v -0.12692400 1.10783100 0.64257600
v 0.12692500 1.04363900 0.47549100
v 0.12692500 1.04363900 0.47549100
v 0.12692500 1.10783100 0.64257600
v 0.12692500 1.10783100 0.64257600
v 0.12692500 1.10783100 0.64257600
v -0.12692400 1.04363900 0.60599300
v -0.12692400 1.04363900 0.60599300
v -0.12692400 1.04363900 0.60599300
v -0.12692400 1.08022100 0.64257600
v -0.12692400 1.08022100 0.64257600
v -0.12692400 1.08022100 0.64257600
v 0.12692500 1.08022100 0.64257600
v 0.12692500 1.08022100 0.64257600
v 0.12692500 1.08022100 0.64257600
v 0.12692500 1.04363900 0.60599300
v 0.12692500 1.04363900 0.60599300
v 0.12692500 1.04363900 0.60599300
v -0.09814000 1.32645800 0.52393700
v -0.09814000 1.30408600 0.55211900
v -0.09814000 1.30408600 0.55211900
v -0.09814000 1.30408600 0.52393700
v 0.09814100 1.32645800 0.52393700
v -0.09814000 1.32645800 0.55211900
v -0.09814000 1.32645800 0.55211900
v 0.09814100 1.30408600 0.52393700
v 0.09814100 1.32645800 0.55211900
v 0.09814100 1.32645800 0.55211900
v 0.09814100 1.30408600 0.55211900
v 0.09814100 1.30408600 0.55211900
v 0.08201900 1.31476400 0.54194800
v 0.08201900 1.31476400 0.54194800
v -0.08201900 1.31476400 0.54194800
v -0.08201900 1.31476400 0.54194800
v 0.31798100 1.39923300 0.54194800
v 0.48201900 1.39923300 0.54194800
v 0.27307600 1.43624500 0.50616700
v 0.27307600 1.43624500 0.50616700
v 0.27307600 1.39721000 0.62487000
v 0.27307600 1.39721000 0.62487000
v 0.27307600 1.39721000 0.62487000
v 0.27307600 1.39721000 0.50616700
v 0.27307600 1.39721000 0.50616700
v 0.52692500 1.43624500 0.50616700
v 0.52692500 1.43624500 0.50616700
v 0.27307600 1.43624500 0.62487000
v 0.27307600 1.43624500 0.62487000
v 0.27307600 1.43624500 0.62487000
v 0.52692500 1.39721000 0.50616700
v 0.52692500 1.39721000 0.50616700
v 0.52692500 1.43624500 0.62487000
v 0.52692500 1.43624500 0.62487000
v 0.52692500 1.43624500 0.62487000
v 0.52692500 1.39721000 0.62487000
v 0.52692500 1.39721000 0.62487000
v 0.52692500 1.39721000 0.62487000
v 0.47148400 1.41917400 0.51597000
v 0.47148400 1.10048900 0.56306400
v 0.47148400 1.10048900 0.56306400
v 0.47148400 1.10048900 0.51597000
v 0.47148400 1.41917400 0.56306400
v 0.47148400 1.41917400 0.56306400
v 0.50646600 1.41917400 0.56306400
v 0.50646600 1.10048900 0.56306400
v 0.29353300 1.10048900 0.56306400
v 0.32851600 1.41917400 0.51597000
v 0.29353300 1.41917400 0.56306400
v 0.32851600 1.10048900 0.51597000
v 0.32851600 1.41917400 0.56306400
v 0.32851600 1.41917400 0.56306400
v 0.32851600 1.10048900 0.56306400
v 0.32851600 1.10048900 0.56306400
v 0.27307600 1.10783100 0.47549100
v 0.27307600 1.10783100 0.47549100
v 0.27307600 1.04363900 0.47549100
v 0.27307600 1.04363900 0.47549100
v 0.52692500 1.10783100 0.47549100
v 0.52692500 1.10783100 0.47549100
v 0.27307600 1.10783100 0.64257600
v 0.27307600 1.10783100 0.64257600
v 0.27307600 1.10783100 0.64257600
v 0.52692500 1.04363900 0.47549100
v 0.52692500 1.04363900 0.47549100
v 0.52692500 1.10783100 0.64257600
v 0.52692500 1.10783100 0.64257600
v 0.52692500 1.10783100 0.64257600
v 0.27307600 1.04363900 0.60599300
v 0.27307600 1.04363900 0.60599300
v 0.27307600 1.04363900 0.60599300
v 0.27307600 1.08022100 0.64257600
v 0.27307600 1.08022100 0.64257600
v 0.27307600 1.08022100 0.64257600
v 0.52692500 1.08022100 0.64257600
v 0.52692500 1.08022100 0.64257600
v 0.52692500 1.08022100 0.64257600
v 0.52692500 1.04363900 0.60599300
v 0.52692500 1.04363900 0.60599300
v 0.52692500 1.04363900 0.60599300
v 0.48201900 1.08476400 0.54194800
v 0.31798100 1.08476400 0.54194800
v -0.59999900 1.55000000 0.65000000
v -0.59999900 1.55000000 0.65000000
v -0.59999900 1.55000000 0.65000000
v -0.59999900 1.65000000 0.65000000
v -0.59999900 1.65000000 0.65000000
v -0.59999900 1.65000000 0.65000000
v -0.59999900 1.55000000 -0.65000000
v -0.59999900 1.55000000 -0.65000000
v -0.59999900 1.55000000 -0.65000000
v -0.59999900 1.65000000 -0.65000000
v -0.59999900 1.65000000 -0.65000000
v -0.59999900 1.65000000 -0.65000000
v 0.60000100 1.55000000 0.65000000
v 0.60000100 1.55000000 0.65000000
v 0.60000100 1.55000000 0.65000000
v 0.60000100 1.65000000 0.65000000
v 0.60000100 1.65000000 0.65000000
v 0.60000100 1.65000000 0.65000000
v 0.60000100 1.55000000 -0.65000000
v 0.60000100 1.55000000 -0.65000000
v 0.60000100 1.55000000 -0.65000000
v 0.60000100 1.65000000 -0.65000000
v 0.60000100 1.65000000 -0.65000000
v 0.60000100 1.65000000 -0.65000000
v 0.49849900 1.65000000 -0.54849700
v 0.49849900 1.65000000 -0.54849700
v 0.49849900 1.65000000 -0.54849700
v -0.49849600 1.65000000 -0.54849700
v -0.49849600 1.65000000 -0.54849700
v -0.49849600 1.65000000 -0.54849700
v -0.49849600 1.65000000 0.54849700
v -0.49849600 1.65000000 0.54849700
v -0.49849600 1.65000000 0.54849700
v 0.49849900 1.65000000 0.54849700
v 0.49849900 1.65000000 0.54849700
v 0.49849900 1.65000000 0.54849700
v -0.47300600 1.60662100 -0.52300700
v -0.47300600 1.60662100 -0.52300700
v -0.47300600 1.60662100 -0.52300700
v 0.47300900 1.60662100 -0.52300700
v 0.47300900 1.60662100 -0.52300700
v 0.47300900 1.60662100 -0.52300700
v 0.47300900 1.60662100 0.52300700
v 0.47300900 1.60662100 0.52300700
v 0.47300900 1.60662100 0.52300700
v -0.47300600 1.60662100 0.52300700
v -0.47300600 1.60662100 0.52300700
v -0.47300600 1.60662100 0.52300700
v -0.59999900 0.85000000 0.65000000
v -0.59999900 0.85000000 0.65000000
v -0.59999900 0.85000000 0.65000000
v -0.59999900 0.95000000 0.65000000
v -0.59999900 0.95000000 0.65000000
v -0.59999900 0.95000000 0.65000000
v -0.59999900 0.85000000 -0.65000000
v -0.59999900 0.85000000 -0.65000000
v -0.59999900 0.85000000 -0.65000000
v -0.59999900 0.95000000 -0.65000000
v -0.59999900 0.95000000 -0.65000000
v -0.59999900 0.95000000 -0.65000000
v 0.60000100 0.85000000 0.65000000
v 0.60000100 0.85000000 0.65000000
v 0.60000100 0.85000000 0.65000000
v 0.60000100 0.95000000 0.65000000
v 0.60000100 0.95000000 0.65000000
v 0.60000100 0.95000000 0.65000000
v 0.60000100 0.85000000 -0.65000000
v 0.60000100 0.85000000 -0.65000000
v 0.60000100 0.85000000 -0.65000000
v 0.60000100 0.95000000 -0.65000000
v 0.60000100 0.95000000 -0.65000000
v 0.60000100 0.95000000 -0.65000000
v -0.59999900 0.85000000 -0.60000000
v -0.59999900 0.85000000 -0.60000000
v -0.59999900 0.85000000 0.60000000
v -0.59999900 0.85000000 0.60000000
v -0.59999900 0.95000000 0.60000000
v -0.59999900 0.95000000 0.60000000
v -0.59999900 0.95000000 -0.60000000
v -0.59999900 0.95000000 -0.60000000
v 0.60000100 0.85000000 0.60000000
v 0.60000100 0.85000000 0.60000000
v 0.60000100 0.85000000 -0.60000000
v 0.60000100 0.85000000 -0.60000000
v 0.60000100 0.95000000 -0.60000000
v 0.60000100 0.95000000 -0.60000000
v 0.60000100 0.95000000 0.60000000
v 0.60000100 0.95000000 0.60000000
v 0.60337000 0.29856700 -0.33697300
v 0.60337000 0.34212300 -0.33697300
v 0.60337000 0.34212300 -0.24973200
v 0.60337000 0.29856700 -0.24973200
v 0.60337000 0.36973900 -0.27173200
v 0.60337000 0.41329500 -0.27173200
v 0.60337000 0.41329500 -0.18449000
v 0.60337000 0.36973900 -0.18449000
v -0.21638300 0.28856700 -0.60672600
v -0.21638300 0.33212300 -0.60672600
v -0.30362500 0.33212300 -0.60672600
v -0.30362500 0.28856700 -0.60672600
v -0.28162500 0.35973900 -0.60672600
v -0.28162500 0.40329500 -0.60672600
v -0.36886600 0.40329500 -0.60672600
v -0.36886600 0.35973900 -0.60672600
v 0.38361700 1.18856700 -0.60672600
v 0.38361700 1.23212300 -0.60672600
v 0.29637500 1.23212300 -0.60672600
v 0.29637500 1.18856700 -0.60672600
v 0.31837500 1.25973900 -0.60672600
v 0.31837500 1.30329500 -0.60672600
v 0.23113400 1.30329500 -0.60672600
v 0.23113400 1.25973900 -0.60672600
v -0.60337000 1.26973900 -0.03697300
v -0.60337000 1.31329500 -0.03697300
v -0.60337000 1.31329500 0.05026900
v -0.60337000 1.26973900 0.05026900
v -0.60337000 1.19856700 0.02826800
v -0.60337000 1.24212300 0.02826800
v -0.60337000 1.24212300 0.11551000
v -0.60337000 1.19856700 0.11551000
v 0.60000000 0.90000000 -0.60000000
v 0.60000000 0.90000000 -0.60000000
v 0.60000000 0.90000000 -0.60000000
v 0.60000000 0.90000000 -0.60000000
v -0.60000000 0.90000000 -0.60000000
v -0.60000000 0.90000000 -0.60000000
v -0.60000000 0.90000000 -0.60000000
v -0.60000000 0.90000000 -0.60000000
v 0.01080900 0.39913000 0.55502900
v -0.02090200 0.46713400 0.55502900
v 0.38919100 0.39913100 0.55502900
v 0.42090100 0.46713400 0.55502900
v 0.31570500 0.44121200 0.55502900
v 0.08429500 0.44121200 0.55502900
v 0.20000000 0.45594100 0.55502900
v 0.08429500 0.53020400 0.55502900
v 0.31570500 0.53020400 0.55502900
v 0.20000000 0.54493300 0.55502900
v 0.83000000 0.13833900 0.78000000
v 0.83000000 0.13833900 0.78000000
v 0.83000000 0.13833900 0.78000000
v 0.83000000 0.24566900 0.78000000
v 0.83000000 0.24566900 0.78000000
v 0.83000000 0.24566900 0.78000000
v 0.86535500 0.13833900 0.79464500
v 0.86535500 0.13833900 0.79464500
v 0.86535500 0.24566900 0.79464500
v 0.86535500 0.24566900 0.79464500
v 0.88000000 0.13833900 0.83000000
v 0.88000000 0.13833900 0.83000000
v 0.88000000 0.13833900 0.83000000
v 0.88000000 0.24566900 0.83000000
v 0.88000000 0.24566900 0.83000000
v 0.88000000 0.24566900 0.83000000
v 0.86535500 0.13833900 0.86535500
v 0.86535500 0.13833900 0.86535500
v 0.86535500 0.13833900 0.86535500
v 0.86535500 0.24566900 0.86535500
v 0.86535500 0.24566900 0.86535500
v 0.83000000 0.13833900 0.88000000
v 0.83000000 0.13833900 0.88000000
v 0.83000000 0.13833900 0.88000000
v 0.83000000 0.24566900 0.88000000
v 0.83000000 0.24566900 0.88000000
v 0.83000000 0.24566900 0.88000000
v 0.79464500 0.13833900 0.86535500
v 0.79464500 0.13833900 0.86535500
v 0.79464500 0.13833900 0.86535500
v 0.79464500 0.24566900 0.86535500
v 0.79464500 0.24566900 0.86535500
v 0.78000000 0.13833900 0.83000000
v 0.78000000 0.13833900 0.83000000
v 0.78000000 0.13833900 0.83000000
v 0.78000000 0.24566900 0.83000000
v 0.78000000 0.24566900 0.83000000
v 0.78000000 0.24566900 0.83000000
v 0.79464500 0.13833900 0.79464500
v 0.79464500 0.13833900 0.79464500
v 0.79464500 0.24566900 0.79464500
v 0.79464500 0.24566900 0.79464500
v 0.86535500 0.28331600 0.79464500
v 0.86535500 0.28331600 0.79464500
v 0.86535500 0.28331600 0.79464500
v 0.83000000 0.28331600 0.78000000
v 0.83000000 0.28331600 0.78000000
v 0.83000000 0.28331600 0.78000000
v 0.88000000 0.28331600 0.83000000
v 0.88000000 0.28331600 0.83000000
v 0.88000000 0.28331600 0.83000000
v 0.86535500 0.28331600 0.86535500
v 0.86535500 0.28331600 0.86535500
v 0.86535500 0.28331600 0.86535500
v 0.83000000 0.28331600 0.88000000
v 0.83000000 0.28331600 0.88000000
v 0.83000000 0.28331600 0.88000000
v 0.79464500 0.28331600 0.86535500
v 0.79464500 0.28331600 0.86535500
v 0.79464500 0.28331600 0.86535500
v 0.78000000 0.28331600 0.83000000
v 0.78000000 0.28331600 0.83000000
v 0.78000000 0.28331600 0.83000000
v 0.79464500 0.28331600 0.79464500
v 0.79464500 0.28331600 0.79464500
v 0.79464500 0.28331600 0.79464500
v 0.85605200 0.31000000 0.80394900
v 0.83000000 0.31000000 0.79315800
v 0.86684200 0.31000000 0.83000000
v 0.85605200 0.31000000 0.85605100
v 0.83000000 0.31000000 0.86684200
v 0.80394900 0.31000000 0.85605100
v 0.79315800 0.31000000 0.83000000
v 0.80394900 0.31000000 0.80394900
v 0.83000000 0.32459500 0.83000000
v 0.76721000 0.25000000 0.83000000
v 0.76721000 0.25000000 0.83000000
v 0.76721000 0.25000000 0.83000000
v 0.78560100 0.25000000 0.87439900
v 0.78560100 0.25000000 0.87439900
v 0.83000000 0.25000000 0.89279000
v 0.83000000 0.25000000 0.89279000
v 0.83000000 0.25000000 0.89279000
v 0.87439900 0.25000000 0.87439900
v 0.87439900 0.25000000 0.87439900
v 0.89279000 0.25000000 0.83000000
v 0.89279000 0.25000000 0.83000000
v 0.89279000 0.25000000 0.83000000
v 0.83000000 0.25000000 0.76721000
v 0.83000000 0.25000000 0.76721000
v 0.87439900 0.25000000 0.78560100
v 0.87439900 0.25000000 0.78560100
v 0.87439900 0.25000000 0.78560100
v 0.78560100 0.25000000 0.78560100
v 0.78560100 0.25000000 0.78560100
v 0.78560100 0.25000000 0.78560100
v 0.87439900 0.28000000 0.78560100
v 0.87439900 0.28000000 0.78560100
v 0.87439900 0.28000000 0.78560100
v 0.83000000 0.28000000 0.76721000
v 0.83000000 0.28000000 0.76721000
v 0.89279000 0.28000000 0.83000000
v 0.89279000 0.28000000 0.83000000
v 0.89279000 0.28000000 0.83000000
v 0.87439900 0.28000000 0.87439900
v 0.87439900 0.28000000 0.87439900
v 0.83000000 0.28000000 0.89279000
v 0.83000000 0.28000000 0.89279000
v 0.83000000 0.28000000 0.89279000
v 0.78560100 0.28000000 0.87439900
v 0.78560100 0.28000000 0.87439900
v 0.76721000 0.28000000 0.83000000
v 0.76721000 0.28000000 0.83000000
v 0.76721000 0.28000000 0.83000000
v 0.78560100 0.28000000 0.78560100
v 0.78560100 0.28000000 0.78560100
v 0.78560100 0.28000000 0.78560100
v 0.84124100 0.18300000 0.89622200
v 0.84124100 0.18300000 0.89622200
v 0.84124100 0.18300000 0.89622200
v 0.84124100 0.18300000 0.83699700
v 0.84124100 0.18300000 0.83699700
v 0.85713700 0.19889700 0.89622200
v 0.85713700 0.19889700 0.89622200
v 0.85713700 0.19889700 0.89622200
v 0.85713700 0.19889700 0.83699700
v 0.85713700 0.19889700 0.83699700
v 0.85713700 0.22137800 0.89622200
v 0.85713700 0.22137800 0.89622200
v 0.85713700 0.22137800 0.89622200
v 0.85713700 0.22137800 0.83699700
v 0.85713700 0.22137800 0.83699700
v 0.84124100 0.23727500 0.89622200
v 0.84124100 0.23727500 0.89622200
v 0.84124100 0.23727500 0.89622200
v 0.84124100 0.23727500 0.83699700
v 0.84124100 0.23727500 0.83699700
v 0.83000000 0.13000000 0.76490200
v 0.83000000 0.13000000 0.76490200
v 0.87603200 0.13000000 0.78396900
v 0.87603200 0.13000000 0.78396900
v 0.87603200 0.13000000 0.78396900
v 0.89509800 0.13000000 0.83000000
v 0.89509800 0.13000000 0.83000000
v 0.89509800 0.13000000 0.83000000
v 0.87603200 0.13000000 0.87603100
v 0.87603200 0.13000000 0.87603100
v 0.83000000 0.13000000 0.89509800
v 0.83000000 0.13000000 0.89509800
v 0.83000000 0.13000000 0.89509800
v 0.78396900 0.13000000 0.87603100
v 0.78396900 0.13000000 0.87603100
v 0.76490200 0.13000000 0.83000000
v 0.76490200 0.13000000 0.83000000
v 0.76490200 0.13000000 0.83000000
v 0.78396900 0.13000000 0.78396900
v 0.78396900 0.13000000 0.78396900
v 0.78396900 0.13000000 0.78396900
v 0.83000000 0.10000000 0.76490200
v 0.87603200 0.10000000 0.78396900
v 0.87603200 0.10000000 0.78396900
v 0.89509800 0.10000000 0.83000000
v 0.89509800 0.10000000 0.83000000
v 0.87603200 0.10000000 0.87603100
v 0.83000000 0.10000000 0.89509800
v 0.83000000 0.10000000 0.89509800
v 0.78396900 0.10000000 0.87603100
v 0.76490200 0.10000000 0.83000000
v 0.76490200 0.10000000 0.83000000
v 0.78396900 0.10000000 0.78396900
v 0.78396900 0.10000000 0.78396900
v 0.81875900 0.18300000 0.83699700
v 0.81875900 0.18300000 0.89622200
v 0.81875900 0.18300000 0.89622200
v 0.80286300 0.19889700 0.83699700
v 0.80286300 0.19889700 0.83699700
v 0.80286300 0.19889700 0.89622200
v 0.80286300 0.19889700 0.89622200
v 0.80286300 0.19889700 0.89622200
v 0.80286300 0.22137800 0.83699700
v 0.80286300 0.22137800 0.83699700
v 0.80286300 0.22137800 0.89622200
v 0.80286300 0.22137800 0.89622200
v 0.80286300 0.22137800 0.89622200
v 0.81875900 0.23727500 0.83699700
v 0.81875900 0.23727500 0.83699700
v 0.81875900 0.23727500 0.89622200
v 0.81875900 0.23727500 0.89622200
v 0.81875900 0.23727500 0.89622200
v 0.83569700 0.19638400 0.89622200
v 0.83569700 0.19638400 0.89622200
v 0.84375300 0.20444100 0.89622200
v 0.84375300 0.20444100 0.89622200
v 0.84375300 0.20444100 0.89622200
v 0.84375300 0.21583400 0.89622200
v 0.84375300 0.21583400 0.89622200
v 0.83569700 0.22389100 0.89622200
v 0.83569700 0.22389100 0.89622200
v 0.82430300 0.22389100 0.89622200
v 0.82430300 0.22389100 0.89622200
v 0.81624700 0.21583400 0.89622200
v 0.81624700 0.21583400 0.89622200
v 0.81624700 0.20444100 0.89622200
v 0.81624700 0.20444100 0.89622200
v 0.81624700 0.20444100 0.89622200
v 0.82430300 0.19638400 0.89622200
v 0.82430300 0.19638400 0.89622200
v 0.83000000 0.21013800 0.88078800
v 0.83000000 0.21013800 0.88078800
v 0.76225400 0.19485100 0.84528700
v 0.76225400 0.19485100 0.84528700
v 0.76225400 0.19485100 0.84528700
v 0.76225400 0.22542500 0.84528700
v 0.76225400 0.22542500 0.84528700
v 0.76225400 0.22542500 0.84528700
v 0.76225400 0.19485100 0.81471300
v 0.76225400 0.19485100 0.81471300
v 0.76225400 0.19485100 0.81471300
v 0.76225400 0.22542500 0.81471300
v 0.76225400 0.22542500 0.81471300
v 0.76225400 0.22542500 0.81471300
v 0.89775000 0.19485100 0.84528700
v 0.89775000 0.19485100 0.84528700
v 0.89775000 0.19485100 0.84528700
v 0.89775000 0.22542500 0.84528700
v 0.89775000 0.22542500 0.84528700
v 0.89775000 0.22542500 0.84528700
v 0.89775000 0.19485100 0.81471300
v 0.89775000 0.19485100 0.81471300
v 0.89775000 0.19485100 0.81471300
v 0.89775000 0.22542500 0.81471300
v 0.89775000 0.22542500 0.81471300
v 0.89775000 0.22542500 0.81471300
v -0.59130300 0.26735300 -0.50152100
v -0.59130300 0.26735300 -0.50152100
v -0.59130300 0.26735300 -0.50152100
v -0.59130300 0.31264900 -0.50152100
v -0.59130300 0.31264900 -0.50152100
v -0.59130300 0.31264900 -0.50152100
v -0.94410100 0.31264900 -0.50152100
v -0.94410100 0.31264900 -0.50152100
v -0.94410100 0.31264900 -0.50152100
v -0.94410100 0.26735300 -0.50152100
v -0.94410100 0.26735300 -0.50152100
v -0.94410100 0.26735300 -0.50152100
v -0.93496000 0.37534200 -0.32063500
v -0.93496000 0.37534200 -0.32063500
v -0.93496000 0.37534200 -0.32063500
v -0.93496000 0.37534200 -0.32063500
v -0.93496000 0.37534200 -0.36445100
v -0.93496000 0.37534200 -0.36445100
v -0.93496000 0.37534200 -0.36445100
v -0.93496000 0.37534200 -0.36445100
v -0.60360900 0.41728000 -0.36445100
v -0.60360900 0.41728000 -0.36445100
v -0.60360900 0.41728000 -0.36445100
v -0.60360900 0.41728000 -0.36445100
v -0.60360900 0.41728000 -0.32063500
v -0.60360900 0.41728000 -0.32063500
v -0.60360900 0.41728000 -0.32063500
v -0.60360900 0.41728000 -0.32063500
v -0.91770200 0.25841300 -0.46854800
v -0.91770200 0.25841300 -0.46854800
v -0.91770200 0.25841300 -0.46854800
v -0.91770200 0.31897300 -0.46854800
v -0.61770200 0.31897300 -0.46854800
v -0.61770200 0.25841300 -0.46854800
v -0.61770200 0.25841300 -0.46854800
v -0.61770200 0.25841300 -0.46854800
v -0.91770200 0.31897300 0.03145200
v -0.91770200 0.25841300 0.03145200
v -0.91770200 0.25841300 0.03145200
v -0.91770200 0.25841300 0.03145200
v -0.61770200 0.31897300 0.03145200
v -0.61770200 0.25841300 0.03145200
v -0.61770200 0.25841300 0.03145200
v -0.61770200 0.25841300 0.03145200
v -0.59130300 0.31264900 0.06442600
v -0.59130300 0.31264900 0.06442600
v -0.59130300 0.31264900 0.06442600
v -0.59130300 0.26735300 0.06442600
v -0.59130300 0.26735300 0.06442600
v -0.59130300 0.26735300 0.06442600
v -0.94410100 0.31264900 0.06442600
v -0.94410100 0.31264900 0.06442600
v -0.94410100 0.31264900 0.06442600
v -0.94410100 0.26735300 0.06442600
v -0.94410100 0.26735300 0.06442600
v -0.94410100 0.26735300 0.06442600
v -0.88821800 0.10000100 -0.44696500
v -0.88821800 0.10000100 -0.44696500
v -0.91770200 0.11831000 -0.46854800
v -0.91770200 0.11831000 -0.46854800
v -0.91770200 0.11831000 -0.46854800
v -0.91770200 0.11831000 -0.46854800
v -0.61770200 0.11831000 -0.46854800
v -0.61770200 0.11831000 -0.46854800
v -0.61770200 0.11831000 -0.46854800
v -0.61770200 0.11831000 -0.46854800
v -0.64718600 0.10000100 -0.44696500
v -0.64718600 0.10000100 -0.44696500
v -0.91770200 0.11831000 0.03145200
v -0.91770200 0.11831000 0.03145200
v -0.91770200 0.11831000 0.03145200
v -0.91770200 0.11831000 0.03145200
v -0.88821800 0.10000100 0.00987000
v -0.88821800 0.10000100 0.00987000
v -0.61770200 0.11831000 0.03145200
v -0.61770200 0.11831000 0.03145200
v -0.61770200 0.11831000 0.03145200
v -0.61770200 0.11831000 0.03145200
v -0.64718600 0.10000100 0.00987000
v -0.64718600 0.10000100 0.00987000
v -0.91770200 0.36000100 -0.45797000
v -0.91770200 0.36000100 -0.45797000
v -0.91770200 0.36000100 -0.45797000
v -0.61770200 0.39877500 -0.45797000
v -0.61770200 0.39877500 -0.45797000
v -0.61770200 0.39877500 -0.45797000
v -0.61770200 0.39877500 0.02087500
v -0.61770200 0.39877500 0.02087500
v -0.61770200 0.39877500 0.02087500
v -0.91770200 0.36000100 0.02087500
v -0.91770200 0.36000100 0.02087500
v -0.91770200 0.36000100 0.02087500
v -0.91770200 0.30644600 -0.46854800
v -0.91770200 0.30644600 -0.46854800
v -0.61770200 0.30644600 -0.46854800
v -0.61770200 0.30644600 -0.46854800
v -0.91770200 0.30644600 0.03145200
v -0.91770200 0.30644600 0.03145200
v -0.61770200 0.30644600 0.03145200
v -0.61770200 0.30644600 0.03145200
v -0.93496000 0.37534200 -0.07264700
v -0.93496000 0.37534200 -0.07264700
v -0.93496000 0.37534200 -0.07264700
v -0.93496000 0.37534200 -0.07264700
v -0.93496000 0.37534200 -0.11646200
v -0.93496000 0.37534200 -0.11646200
v -0.93496000 0.37534200 -0.11646200
v -0.93496000 0.37534200 -0.11646200
v -0.60360900 0.41728000 -0.11646200
v -0.60360900 0.41728000 -0.11646200
v -0.60360900 0.41728000 -0.11646200
v -0.60360900 0.41728000 -0.11646200
v -0.60360900 0.41728000 -0.07264700
v -0.60360900 0.41728000 -0.07264700
v -0.60360900 0.41728000 -0.07264700
v -0.60360900 0.41728000 -0.07264700
v -0.91770200 0.36000100 -0.37161800
v -0.91770200 0.36000100 -0.37161800
v -0.91770200 0.36000100 -0.37161800
v -0.91770200 0.36000100 -0.37161800
v -0.91770200 0.36000100 -0.31346700
v -0.91770200 0.36000100 -0.31346700
v -0.91770200 0.36000100 -0.31346700
v -0.91770200 0.36000100 -0.31346700
v -0.91770200 0.36000100 -0.12363000
v -0.91770200 0.36000100 -0.12363000
v -0.91770200 0.36000100 -0.12363000
v -0.91770200 0.36000100 -0.12363000
v -0.91770200 0.36000100 -0.06547900
v -0.91770200 0.36000100 -0.06547900
v -0.91770200 0.36000100 -0.06547900
v -0.91770200 0.36000100 -0.06547900
v -0.61770200 0.39877500 -0.06547900
v -0.61770200 0.39877500 -0.06547900
v -0.61770200 0.39877500 -0.06547900
v -0.61770200 0.39877500 -0.06547900
v -0.61770200 0.39877500 -0.12363000
v -0.61770200 0.39877500 -0.12363000
v -0.61770200 0.39877500 -0.12363000
v -0.61770200 0.39877500 -0.12363000
v -0.61770200 0.39877500 -0.31346700
v -0.61770200 0.39877500 -0.31346700
v -0.61770200 0.39877500 -0.31346700
v -0.61770200 0.39877500 -0.31346700
v -0.61770200 0.39877500 -0.37161800
v -0.61770200 0.39877500 -0.37161800
v -0.61770200 0.39877500 -0.37161800
v -0.61770200 0.39877500 -0.37161800
v -0.61770200 0.30644900 -0.37161800
v -0.61770200 0.30644900 -0.37161800
v -0.61770200 0.30644900 -0.31346700
v -0.61770200 0.30644900 -0.31346700
v -0.61770200 0.30644900 -0.12363000
v -0.61770200 0.30644900 -0.12363000
v -0.61770200 0.30644900 -0.06547900
v -0.61770200 0.30644900 -0.06547900
v -0.91770200 0.30644900 -0.06547900
v -0.91770200 0.30644900 -0.06547900
v -0.91770200 0.30644900 -0.12363000
v -0.91770200 0.30644900 -0.12363000
v -0.91770200 0.30644900 -0.31346700
v -0.91770200 0.30644900 -0.31346700
v -0.91770200 0.30644900 -0.37161800
v -0.91770200 0.30644900 -0.37161800
v -0.59733000 0.30644900 -0.07264700
v -0.59733000 0.30644900 -0.07264700
v -0.59733000 0.30644900 -0.11646200
v -0.59733000 0.30644900 -0.11646200
v -0.59733000 0.30644900 -0.32063500
v -0.59733000 0.30644900 -0.32063500
v -0.59733000 0.30644900 -0.36445100
v -0.59733000 0.30644900 -0.36445100
v -0.93807400 0.30644900 -0.36445100
v -0.93807400 0.30644900 -0.36445100
v -0.93807400 0.30644900 -0.32063500
v -0.93807400 0.30644900 -0.32063500
v -0.93807400 0.30644900 -0.11646200
v -0.93807400 0.30644900 -0.11646200
v -0.93807400 0.30644900 -0.07264700
v -0.93807400 0.30644900 -0.07264700
v -0.91770200 0.19912300 0.03145200
v -0.91770200 0.19912300 0.03145200
v -0.91770200 0.19912300 0.03145200
v -0.91770200 0.19912300 0.03145200
v -0.91770200 0.17609000 0.03145200
v -0.91770200 0.17609000 0.03145200
v -0.91770200 0.17609000 0.03145200
v -0.91770200 0.17609000 0.03145200
v -0.91096100 0.18760700 0.02471100
v -0.91096100 0.18760700 0.02471100
v -0.91096100 0.18760700 0.02471100
v -0.91096100 0.18760700 0.02471100
v -0.91770200 0.17609000 -0.46854800
v -0.91770200 0.17609000 -0.46854800
v -0.91770200 0.17609000 -0.46854800
v -0.91770200 0.17609000 -0.46854800
v -0.91770200 0.19912300 -0.46854800
v -0.91770200 0.19912300 -0.46854800
v -0.91770200 0.19912300 -0.46854800
v -0.91770200 0.19912300 -0.46854800
v -0.91096100 0.18760700 -0.46180600
v -0.91096100 0.18760700 -0.46180600
v -0.91096100 0.18760700 -0.46180600
v -0.91096100 0.18760700 -0.46180600
v -0.61770200 0.19912300 -0.46854800
v -0.61770200 0.19912300 -0.46854800
v -0.61770200 0.19912300 -0.46854800
v -0.61770200 0.19912300 -0.46854800
v -0.61770200 0.17609000 -0.46854800
v -0.61770200 0.17609000 -0.46854800
v -0.61770200 0.17609000 -0.46854800
v -0.61770200 0.17609000 -0.46854800
v -0.62444300 0.18760700 -0.46180600
v -0.62444300 0.18760700 -0.46180600
v -0.62444300 0.18760700 -0.46180600
v -0.62444300 0.18760700 -0.46180600
v -0.61770200 0.17609000 0.03145200
v -0.61770200 0.17609000 0.03145200
v -0.61770200 0.17609000 0.03145200
v -0.61770200 0.17609000 0.03145200
v -0.61770200 0.19912300 0.03145200
v -0.61770200 0.19912300 0.03145200
v -0.61770200 0.19912300 0.03145200
v -0.61770200 0.19912300 0.03145200
v -0.62444300 0.18760700 0.02471100
v -0.62444300 0.18760700 0.02471100
v -0.62444300 0.18760700 0.02471100
v -0.62444300 0.18760700 0.02471100
v -0.92131000 0.24621000 -0.09198900
v -0.92131000 0.24621000 -0.00210600
v -0.92131000 0.21132600 -0.00210600
v -0.92131000 0.21132600 -0.09198900
v -0.75525900 0.09750700 0.26407200
v -0.75525900 0.09750700 0.26407200
v -0.75525900 0.09750700 0.26407200
v -0.78693100 0.09750700 0.13797800
v -0.78693100 0.09750700 0.13797800
v -0.78693100 0.09750700 0.13797800
v -0.62916500 0.09750700 0.23239900
v -0.62916500 0.09750700 0.23239900
v -0.62916500 0.09750700 0.23239900
v -0.62916500 0.21176600 0.23239900
v -0.62916500 0.21176600 0.23239900
v -0.62916500 0.21176600 0.23239900
v -0.66083700 0.09750700 0.10630500
v -0.66083700 0.09750700 0.10630500
v -0.66083700 0.09750700 0.10630500
v -0.66083700 0.21176600 0.10630500
v -0.66083700 0.21176600 0.10630500
v -0.66083700 0.21176600 0.10630500
v -0.74402100 0.19122500 0.26331200
v -0.73965200 0.16692300 0.26221400
v -0.70976100 0.19777200 0.25470600
v -0.70539200 0.17347000 0.25360900
v -0.69221200 0.24254400 0.24823600
v -0.72388400 0.24254400 0.12214200
v -0.78693100 0.21176600 0.13797800
v -0.78693100 0.21176600 0.13797800
v -0.78693100 0.21176600 0.13797800
v -0.78693100 0.21176600 0.13797800
v -0.75525900 0.21176600 0.26407200
v -0.75525900 0.21176600 0.26407200
v -0.75525900 0.21176600 0.26407200
v -0.75525900 0.21176600 0.26407200
v -0.72388400 0.21176600 0.12214200
v -0.72388400 0.21176600 0.12214200
v -0.72388400 0.21176600 0.12214200
v -0.69221200 0.21176600 0.24823600
v -0.69221200 0.21176600 0.24823600
v -0.69221200 0.21176600 0.24823600
v -0.75296700 0.09889300 0.13273900
v -0.83131700 0.09889300 0.15819700
v -0.83131700 0.09889300 0.15819700
v -0.87974100 0.09889300 0.09154900
v -0.87974100 0.09889300 0.09154900
v -0.87974100 0.09889300 0.09154900
v -0.83131700 0.09889300 0.02490000
v -0.83131700 0.09889300 0.02490000
v -0.75296700 0.09889300 0.05035800
v -0.80423900 0.12903300 0.13898600
v -0.80423900 0.12903300 0.13898600
v -0.86000500 0.12903300 0.12086600
v -0.86000500 0.12903300 0.12086600
v -0.86000500 0.12903300 0.12086600
v -0.86000500 0.12903300 0.06223100
v -0.86000500 0.12903300 0.06223100
v -0.86000500 0.12903300 0.06223100
v -0.80423900 0.12903300 0.04411100
v -0.80423900 0.12903300 0.04411100
v -0.76977300 0.12903300 0.09154900
v -0.76977300 0.12903300 0.09154900
v -0.81307400 0.15127000 0.09154900
v -0.60000000 0.73000000 0.80000000
v -0.60000000 0.73000000 0.80000000
v -0.60000000 0.73000000 0.80000000
v 0.60000000 0.73000000 0.80000000
v 0.60000000 0.73000000 0.80000000
v 0.60000000 0.73000000 0.80000000
v 0.60000000 0.84977400 0.60000000
v 0.60000000 0.84977400 0.60000000
v -0.60000000 0.84977400 0.60000000
v -0.60000000 0.84977400 0.60000000
v -0.40000000 0.73000000 0.80000000
v -0.40000000 0.73000000 0.80000000
v -0.40000000 0.73000000 0.80000000
v -0.40000000 0.73000000 0.80000000
v -0.20000000 0.73000000 0.80000000
v -0.20000000 0.73000000 0.80000000
v -0.20000000 0.73000000 0.80000000
v -0.20000000 0.73000000 0.80000000
v 0.00000000 0.73000000 0.80000000
v 0.00000000 0.73000000 0.80000000
v 0.00000000 0.73000000 0.80000000
v 0.00000000 0.73000000 0.80000000
v 0.20000000 0.73000000 0.80000000
v 0.20000000 0.73000000 0.80000000
v 0.20000000 0.73000000 0.80000000
v 0.20000000 0.73000000 0.80000000
v 0.40000000 0.73000000 0.80000000
v 0.40000000 0.73000000 0.80000000
v 0.40000000 0.73000000 0.80000000
v 0.40000000 0.73000000 0.80000000
v 0.40000000 0.84977400 0.60000000
v 0.40000000 0.84977400 0.60000000
v 0.20000000 0.84977400 0.60000000
v 0.20000000 0.84977400 0.60000000
v 0.00000000 0.84977400 0.60000000
v 0.00000000 0.84977400 0.60000000
v -0.20000000 0.84977400 0.60000000
v -0.20000000 0.84977400 0.60000000
v -0.40000000 0.84977400 0.60000000
v -0.40000000 0.84977400 0.60000000
v 0.60000000 0.72977400 0.60000000
v -0.60000000 0.72977400 0.60000000
v -0.60000000 0.68000000 0.80000000
v -0.60000000 0.68000000 0.80000000
v 0.60000000 0.68000000 0.80000000
v 0.60000000 0.68000000 0.80000000
v -0.40000000 0.68000000 0.80000000
v -0.40000000 0.68000000 0.80000000
v -0.20000000 0.68000000 0.80000000
v -0.20000000 0.68000000 0.80000000
v 0.00000000 0.68000000 0.80000000
v 0.00000000 0.68000000 0.80000000
v 0.20000000 0.68000000 0.80000000
v 0.20000000 0.68000000 0.80000000
v 0.40000000 0.68000000 0.80000000
v 0.40000000 0.68000000 0.80000000
v 0.60000000 0.67977400 0.60000000
v -0.60000000 0.67977400 0.60000000
vn 0.00000000 0.00000000 1.00000000
vn -1.00000000 0.00000000 0.00000000
vn 0.00000000 -1.00000000 0.00000000
vn -1.00000000 0.00000000 0.00000000
vn 0.00000000 1.00000000 0.00000000
vn 0.00000000 0.00000000 1.00000000
vn -1.00000000 0.00000000 0.00000000
vn 0.00000000 0.00000000 -1.00000000
vn 0.00000000 -1.00000000 0.00000000
vn 0.00000000 0.00000000 -1.00000000
vn -1.00000000 0.00000000 0.00000000
vn 0.00000000 1.00000000 0.00000000
vn 0.00000000 0.00000000 1.00000000
vn 1.00000000 0.00000000 0.00000000
vn 0.00000000 -1.00000000 0.00000000
vn 1.00000000 0.00000000 0.00000000
vn 0.00000000 1.00000000 0.00000000
vn 0.00000000 0.00000000 1.00000000
vn 0.00000000 -1.00000000 0.00000000
vn 0.00000000 0.00000000 -1.00000000
vn 1.00000000 0.00000000 0.00000000
vn 0.00000000 1.00000000 0.00000000
vn 1.00000000 0.00000000 0.00000000
vn 0.00000000 0.00000000 -1.00000000
vn 0.00000000 0.00000000 -1.00000000
vn 0.00000000 -1.00000000 0.00000000
vn 0.00000000 0.00000000 -1.00000000
vn 0.00000000 0.00000000 -1.00000000
vn 0.00000000 -1.00000000 0.00000000
vn 0.00000000 0.00000000 -1.00000000
vn 0.00000000 0.00000000 -1.00000000
vn 0.00000000 0.00000000 -1.00000000
vn 0.00000000 1.00000000 0.00000000
vn 0.00000000 1.00000000 0.00000000
vn 0.00000000 1.00000000 0.00000000
vn 0.00000000 0.00000000 -1.00000000
vn 0.00000000 1.00000000 0.00000000
vn 0.00000000 0.00000000 -1.00000000
vn 0.00000000 -1.00000000 0.00000000
vn 0.00000000 0.00000000 1.00000000
vn 0.00000000 0.00000000 1.00000000
vn 0.00000000 -1.00000000 0.00000000
vn 0.00000000 0.00000000 1.00000000
vn 0.00000000 0.00000000 1.00000000
vn 0.00000000 1.00000000 0.00000000
vn 0.00000000 0.00000000 1.00000000
vn 0.00000000 0.00000000 1.00000000
vn 0.00000000 1.00000000 0.00000000
vn 0.00000000 1.00000000 0.00000000
vn 0.00000000 0.00000000 1.00000000
vn 0.00000000 0.00000000 1.00000000
vn 0.00000000 1.00000000 0.00000000
vn 0.00000000 -1.00000000 0.00000000
vn -1.00000000 0.00000000 0.00000000
vn -1.00000000 0.00000000 0.00000000
vn 0.00000000 -1.00000000 0.00000000
vn -1.00000000 0.00000000 0.00000000
vn -1.00000000 0.00000000 0.00000000
vn -1.00000000 0.00000000 0.00000000
vn -1.00000000 0.00000000 0.00000000
vn 0.00000000 1.00000000 0.00000000
vn 0.00000000 1.00000000 0.00000000
vn 0.00000000 1.00000000 0.00000000
vn 0.00000000 1.00000000 0.00000000
vn -1.00000000 0.00000000 0.00000000
vn -1.00000000 0.00000000 0.00000000
vn 1.00000000 0.00000000 0.00000000
vn 0.00000000 -1.00000000 0.00000000
vn 1.00000000 0.00000000 0.00000000
vn 0.00000000 -1.00000000 0.00000000
vn 1.00000000 0.00000000 0.00000000
vn 1.00000000 0.00000000 0.00000000
vn 0.00000000 1.00000000 0.00000000
vn 0.00000000 1.00000000 0.00000000
vn 1.00000000 0.00000000 0.00000000
vn 1.00000000 0.00000000 0.00000000
vn 1.00000000 0.00000000 0.00000000
vn 1.00000000 0.00000000 0.00000000
vn 0.00000000 1.00000000 0.00000000
vn 0.00000000 1.00000000 0.00000000
vn 0.00000000 1.00000000 0.00000000
vn 0.00000000 1.00000000 0.00000000
vn 0.00000000 1.00000000 0.00000000
vn 0.00000000 1.00000000 0.00000000
vn 0.00000000 1.00000000 0.00000000
vn 0.00000000 1.00000000 0.00000000
vn 0.00000000 1.00000000 0.00000000
vn 0.00000000 1.00000000 0.00000000
vn 0.00000000 1.00000000 0.00000000
vn 0.00000000 1.00000000 0.00000000
vn 0.00000000 1.00000000 0.00000000
vn 0.00000000 1.00000000 0.00000000
vn 0.00000000 -1.00000000 0.00000000
vn 0.00000000 -1.00000000 0.00000000
vn 0.00000000 -1.00000000 0.00000000
vn 0.00000000 -1.00000000 0.00000000
vn -1.00000000 0.00000000 0.00000000
vn 0.00000000 0.00000000 -1.00000000
vn 1.00000000 0.00000000 0.00000000
vn 0.00000000 0.00000000 -1.00000000
vn 0.00000000 0.00000000 1.00000000
vn 1.00000000 0.00000000 0.00000000
vn 0.00000000 0.00000000 1.00000000
vn -1.00000000 0.00000000 0.00000000
vn 0.00000000 0.00000000 1.00000000
vn 1.00000000 0.00000000 0.00000000
vn 0.00000000 0.00000000 -1.00000000
vn 0.00000000 0.00000000 1.00000000
vn 1.00000000 0.00000000 0.00000000
vn -1.00000000 0.00000000 0.00000000
vn 0.00000000 0.00000000 1.00000000
vn 0.00000000 0.00000000 -1.00000000
vn -1.00000000 0.00000000 0.00000000
vn 0.00000000 0.00000000 1.00000000
vn 0.00000000 0.00000000 1.00000000
vn 0.00000000 0.00000000 1.00000000
vn 1.00000000 0.00000000 0.00000000
vn 0.00000000 0.00000000 1.00000000
vn 1.00000000 0.00000000 0.00000000
vn -1.00000000 0.00000000 0.00000000
vn 0.00000000 0.00000000 1.00000000
vn -1.00000000 0.00000000 0.00000000
vn 0.00000000 0.00000000 1.00000000
vn 0.00000000 0.00000000 1.00000000
vn 0.00000000 0.00000000 1.00000000
vn 0.00000000 0.00000000 1.00000000
vn 0.00000000 0.00000000 1.00000000
vn 0.00000000 0.00000000 1.00000000
vn 0.00000000 1.00000000 0.00000000
vn -1.00000000 0.00000000 0.00000000
vn -1.00000000 0.00000000 0.00000000
vn 0.00000000 -1.00000000 0.00000000
vn 0.00000000 0.00000000 1.00000000
vn 1.00000000 0.00000000 0.00000000
vn 0.00000000 -1.00000000 0.00000000
vn 0.00000000 0.00000000 1.00000000
vn 1.00000000 0.00000000 0.00000000
vn 0.00000000 0.00000000 1.00000000
vn 0.00000000 1.00000000 0.00000000
vn 0.00000000 1.00000000 0.00000000
vn 0.00000000 0.00000000 1.00000000
vn -1.00000000 0.00000000 0.00000000
vn 0.00000000 0.00000000 1.00000000
vn 0.00000000 -1.00000000 0.00000000
vn -1.00000000 0.00000000 0.00000000
vn 1.00000000 0.00000000 0.00000000
vn 0.00000000 0.00000000 1.00000000
vn 0.00000000 -1.00000000 0.00000000
vn 1.00000000 0.00000000 0.00000000
vn 0.00000000 0.00000000 1.00000000
vn 0.00000000 1.00000000 0.00000000
vn 0.00000000 1.00000000 0.00000000
vn -1.00000000 0.00000000 0.00000000
vn 0.00000000 0.00000000 1.00000000
vn 0.00000000 0.00000000 1.00000000
vn -1.00000000 0.00000000 0.00000000
vn 0.00000000 -1.00000000 0.00000000
vn 0.00000000 0.00000000 1.00000000
vn -1.00000000 0.00000000 0.00000000
vn 0.00000000 1.00000000 0.00000000
vn 0.00000000 0.00000000 1.00000000
vn -1.00000000 0.00000000 0.00000000
vn 0.00000000 -1.00000000 0.00000000
vn 0.00000000 -1.00000000 0.00000000
vn 1.00000000 0.00000000 0.00000000
vn 0.00000000 0.00000000 1.00000000
vn 1.00000000 0.00000000 0.00000000
vn 0.00000000 0.00000000 1.00000000
vn 0.00000000 1.00000000 0.00000000
vn 0.00000000 -1.00000000 0.00000000
vn 1.00000000 0.00000000 0.00000000
vn 0.00000000 0.00000000 1.00000000
vn 0.00000000 1.00000000 0.00000000
vn 1.00000000 0.00000000 0.00000000
vn 0.00000000 0.00000000 1.00000000
vn 0.00000000 1.00000000 0.00000000
vn 0.00000000 0.00000000 1.00000000
vn -1.00000000 0.00000000 0.00000000
vn 0.00000000 0.00000000 1.00000000
vn 0.00000000 -1.00000000 0.00000000
vn -1.00000000 0.00000000 0.00000000
vn 0.00000000 -1.00000000 0.00000000
vn 0.00000000 0.00000000 1.00000000
vn 1.00000000 0.00000000 0.00000000
vn 0.00000000 1.00000000 0.00000000
vn 1.00000000 0.00000000 0.00000000
vn 0.00000000 0.00000000 1.00000000
vn 0.00000000 1.00000000 0.00000000
vn -1.00000000 0.00000000 0.00000000
vn 1.00000000 0.00000000 0.00000000
vn 0.00000000 1.00000000 0.00000000
vn 0.00000000 1.00000000 0.00000000
vn -1.00000000 0.00000000 0.00000000
vn 0.00000000 1.00000000 0.00000000
vn 1.00000000 0.00000000 0.00000000
vn -1.00000000 0.00000000 0.00000000
vn 0.00000000 -1.00000000 0.00000000
vn -1.00000000 0.00000000 0.00000000
vn 0.00000000 1.00000000 0.00000000
vn 0.00000000 1.00000000 0.00000000
vn 1.00000000 0.00000000 0.00000000
vn 1.00000000 0.00000000 0.00000000
vn 0.00000000 -1.00000000 0.00000000
vn 0.00000000 -1.00000000 0.00000000
vn -1.00000000 0.00000000 0.00000000
vn 0.00000000 -1.00000000 0.00000000
vn 1.00000000 0.00000000 0.00000000
vn 0.00000000 1.00000000 0.00000000
vn 1.00000000 0.00000000 0.00000000
vn -1.00000000 0.00000000 0.00000000
vn 0.00000000 -1.00000000 0.00000000
vn -1.00000000 0.00000000 0.00000000
vn 0.00000000 1.00000000 0.00000000
vn -1.00000000 0.00000000 0.00000000
vn 0.00000000 -1.00000000 0.00000000
vn 0.00000000 -1.00000000 0.00000000
vn 1.00000000 0.00000000 0.00000000
vn 1.00000000 0.00000000 0.00000000
vn 0.00000000 -1.00000000 0.00000000
vn 0.00000000 -1.00000000 0.00000000
vn -1.00000000 0.00000000 0.00000000
vn -1.00000000 0.00000000 0.00000000
vn 0.00000000 1.00000000 0.00000000
vn 1.00000000 0.00000000 0.00000000
vn 0.00000000 1.00000000 0.00000000
vn 1.00000000 0.00000000 0.00000000
vn 0.00000000 -1.00000000 0.00000000
vn 0.00000000 0.00000000 1.00000000
vn 0.00000000 0.00000000 1.00000000
vn 0.00000000 0.00000000 1.00000000
vn 0.00000000 0.00000000 1.00000000
vn -1.00000000 0.00000000 0.00000000
vn 0.00000000 1.00000000 0.00000000
vn 0.00000000 0.00000000 1.00000000
vn 0.00000000 -1.00000000 0.00000000
vn -1.00000000 0.00000000 0.00000000
vn -1.00000000 0.00000000 0.00000000
vn 0.00000000 -1.00000000 0.00000000
vn 0.00000000 1.00000000 0.00000000
vn 1.00000000 0.00000000 0.00000000
vn 0.00000000 1.00000000 0.00000000
vn -1.00000000 0.00000000 0.00000000
vn 0.00000000 0.00000000 1.00000000
vn 1.00000000 0.00000000 0.00000000
vn 0.00000000 -1.00000000 0.00000000
vn 0.00000000 1.00000000 0.00000000
vn 0.00000000 0.00000000 1.00000000
vn 1.00000000 0.00000000 0.00000000
vn 0.00000000 0.00000000 1.00000000
vn 1.00000000 0.00000000 0.00000000
vn 0.00000000 -1.00000000 0.00000000
vn -1.00000000 0.00000000 0.00000000
vn 0.00000000 0.00000000 1.00000000
vn -1.00000000 0.00000000 0.00000000
vn -1.00000000 0.00000000 0.00000000
vn 0.00000000 0.00000000 1.00000000
vn -1.00000000 0.00000000 0.00000000
vn 0.00000000 0.00000000 1.00000000
vn 0.00000000 0.00000000 1.00000000
vn 0.00000000 0.00000000 1.00000000
vn 1.00000000 0.00000000 0.00000000
vn 0.00000000 0.00000000 1.00000000
vn 1.00000000 0.00000000 0.00000000
vn 0.00000000 0.00000000 1.00000000
vn 1.00000000 0.00000000 0.00000000
vn 1.00000000 0.00000000 0.00000000
vn 0.00000000 0.00000000 1.00000000
vn 0.00000000 1.00000000 0.00000000
vn -1.00000000 0.00000000 0.00000000
vn -1.00000000 0.00000000 0.00000000
vn 0.00000000 1.00000000 0.00000000
vn 1.00000000 0.00000000 0.00000000
vn -1.00000000 0.00000000 0.00000000
vn 0.00000000 0.00000000 1.00000000
vn 0.00000000 1.00000000 0.00000000
vn 1.00000000 0.00000000 0.00000000
vn 1.00000000 0.00000000 0.00000000
vn 0.00000000 0.00000000 1.00000000
vn 0.00000000 1.00000000 0.00000000
vn -1.00000000 0.00000000 0.00000000
vn 0.00000000 0.00000000 1.00000000
vn 0.00000000 0.00000000 1.00000000
vn 1.00000000 0.00000000 0.00000000
vn 0.00000000 1.00000000 0.00000000
vn 0.00000000 -1.00000000 0.00000000
vn 0.00000000 0.00000000 1.00000000
vn 0.00000000 -1.00000000 0.00000000
vn 0.00000000 1.00000000 0.00000000
vn 0.00000000 0.00000000 1.00000000
vn 0.00000000 1.00000000 0.00000000
vn 0.00000000 -1.00000000 0.00000000
vn 0.00000000 0.00000000 1.00000000
vn 0.00000000 1.00000000 0.00000000
vn 0.00000000 0.00000000 1.00000000
vn 0.00000000 -1.00000000 0.00000000
vn 0.00000000 0.00000000 1.00000000
vn 0.00000000 0.00000000 1.00000000
vn 0.00000000 0.00000000 1.00000000
vn 0.00000000 0.00000000 1.00000000
vn -1.00000000 0.00000000 0.00000000
vn -1.00000000 0.00000000 0.00000000
vn 0.00000000 0.00000000 1.00000000
vn -1.00000000 0.00000000 0.00000000
vn -1.00000000 0.00000000 0.00000000
vn 0.00000000 0.00000000 1.00000000
vn 0.00000000 0.00000000 1.00000000
vn 0.00000000 0.00000000 1.00000000
vn 0.00000000 0.00000000 1.00000000
vn 1.00000000 0.00000000 0.00000000
vn 0.00000000 0.00000000 1.00000000
vn 1.00000000 0.00000000 0.00000000
vn 1.00000000 0.00000000 0.00000000
vn 0.00000000 0.00000000 1.00000000
vn 1.00000000 0.00000000 0.00000000
vn 0.00000000 0.00000000 1.00000000
vn 0.00000000 0.00000000 1.00000000
vn 0.00000000 0.00000000 1.00000000
vn 0.00000000 0.00000000 1.00000000
vn 0.00000000 0.00000000 1.00000000
vn 0.00000000 1.00000000 0.00000000
vn 0.00000000 0.00000000 1.00000000
vn 0.00000000 1.00000000 0.00000000
vn 0.00000000 0.00000000 1.00000000
vn 0.00000000 1.00000000 0.00000000
vn 0.00000000 1.00000000 0.00000000
vn 0.00000000 0.00000000 1.00000000
vn 0.00000000 0.00000000 1.00000000
vn -0.34158068 -0.87556584 0.34162421
vn -0.24183473 -0.68605340 0.68618270
vn -0.70704015 0.00000000 0.70717340
vn 0.00000000 0.00000000 1.00000000
vn -0.68611321 -0.68611321 0.24186223
vn -0.92386150 0.00000000 0.38272696
vn 0.00000000 0.00000000 1.00000000
vn -0.24183473 0.68605340 0.68618270
vn -0.70704015 0.00000000 0.70717340
vn -0.34158068 0.87556584 0.34162421
vn -0.68611321 0.68611321 0.24186223
vn -0.92386150 0.00000000 0.38272696
vn -0.34158598 -0.87557868 -0.34158598
vn -0.68611779 -0.68611779 -0.24183624
vn -0.92387953 0.00000000 -0.38268343
vn -0.24183624 -0.68611779 -0.68611779
vn -0.70710678 0.00000000 -0.70710678
vn -0.34158598 0.87557868 -0.34158598
vn -0.70710678 0.00000000 -0.70710678
vn -0.24183624 0.68611779 -0.68611779
vn -0.92387953 0.00000000 -0.38268343
vn -0.68611779 0.68611779 -0.24183624
vn 0.34161890 -0.87555300 0.34161890
vn 0.68617812 -0.68604882 0.24186072
vn 0.92387953 0.00000000 0.38268343
vn 0.70710678 0.00000000 0.70710678
vn 0.24186072 -0.68604882 0.68617812
vn 0.00000000 0.00000000 1.00000000
vn 0.34161890 0.87555300 0.34161890
vn 0.70710678 0.00000000 0.70710678
vn 0.24186072 0.68604882 0.68617812
vn 0.00000000 0.00000000 1.00000000
vn 0.92387953 0.00000000 0.38268343
vn 0.68617812 0.68604882 0.24186072
vn 0.34162421 -0.87556584 -0.34158068
vn 0.24186223 -0.68611321 -0.68611321
vn 0.70717340 0.00000000 -0.70704015
vn 0.92389756 0.00000000 -0.38263991
vn 0.68618270 -0.68605340 -0.24183473
vn 0.34162421 0.87556584 -0.34158068
vn 0.92389756 0.00000000 -0.38263991
vn 0.68618270 0.68605340 -0.24183473
vn 0.70717340 0.00000000 -0.70704015
vn 0.24186223 0.68611321 -0.68611321
vn 0.00000000 0.00000000 1.00000000
vn -1.00000000 0.00000000 0.00000000
vn 0.00000000 1.00000000 0.00000000
vn 0.00000000 -1.00000000 0.00000000
vn 0.00000000 0.00000000 1.00000000
vn -1.00000000 0.00000000 0.00000000
vn 0.00000000 -1.00000000 0.00000000
vn -1.00000000 0.00000000 0.00000000
vn 0.00000000 0.00000000 1.00000000
vn 0.00000000 1.00000000 0.00000000
vn -1.00000000 0.00000000 0.00000000
vn 0.00000000 0.00000000 1.00000000
vn 1.00000000 0.00000000 0.00000000
vn 0.00000000 0.00000000 1.00000000
vn 1.00000000 0.00000000 0.00000000
vn 1.00000000 0.00000000 0.00000000
vn 0.00000000 0.00000000 1.00000000
vn 0.00000000 0.00000000 1.00000000
vn 1.00000000 0.00000000 0.00000000
vn 0.00000000 1.00000000 0.00000000
vn -1.00000000 0.00000000 0.00000000
vn -1.00000000 0.00000000 0.00000000
vn 0.00000000 -1.00000000 0.00000000
vn 0.00000000 1.00000000 0.00000000
vn 0.00000000 0.00000000 1.00000000
vn -1.00000000 0.00000000 0.00000000
vn 0.00000000 -1.00000000 0.00000000
vn -1.00000000 0.00000000 0.00000000
vn 0.00000000 0.00000000 1.00000000
vn 0.00000000 0.00000000 1.00000000
vn 0.00000000 0.00000000 1.00000000
vn 1.00000000 0.00000000 0.00000000
vn 0.00000000 1.00000000 0.00000000
vn 0.00000000 -1.00000000 0.00000000
vn 1.00000000 0.00000000 0.00000000
vn 0.00000000 0.00000000 1.00000000
vn 1.00000000 0.00000000 0.00000000
vn 0.00000000 1.00000000 0.00000000
vn 0.00000000 0.00000000 1.00000000
vn 0.00000000 -1.00000000 0.00000000
vn 1.00000000 0.00000000 0.00000000
vn -1.00000000 0.00000000 0.00000000
vn 0.00000000 0.00000000 1.00000000
vn -1.00000000 0.00000000 0.00000000
vn -1.00000000 0.00000000 0.00000000
vn -1.00000000 0.00000000 0.00000000
vn 0.00000000 0.00000000 1.00000000
vn 0.00000000 0.00000000 1.00000000
vn 0.00000000 0.00000000 1.00000000
vn 1.00000000 0.00000000 0.00000000
vn 0.00000000 1.00000000 0.00000000
vn 1.00000000 0.00000000 0.00000000
vn 0.00000000 -1.00000000 0.00000000
vn 0.00000000 0.00000000 1.00000000
vn 1.00000000 0.00000000 0.00000000
vn 0.00000000 1.00000000 0.00000000
vn 0.00000000 0.00000000 1.00000000
vn 1.00000000 0.00000000 0.00000000
vn 0.00000000 -1.00000000 0.00000000
vn 0.00000000 0.00000000 1.00000000
vn 0.00000000 0.00000000 1.00000000
vn 0.00000000 0.00000000 1.00000000
vn 0.00000000 0.00000000 1.00000000
vn 0.00000000 0.00000000 1.00000000
vn 0.00000000 1.00000000 0.00000000
vn -1.00000000 0.00000000 0.00000000
vn -1.00000000 0.00000000 0.00000000
vn 0.00000000 0.00000000 1.00000000
vn 0.00000000 -1.00000000 0.00000000
vn 0.00000000 -1.00000000 0.00000000
vn -1.00000000 0.00000000 0.00000000
vn 1.00000000 0.00000000 0.00000000
vn 0.00000000 1.00000000 0.00000000
vn 0.00000000 1.00000000 0.00000000
vn 0.00000000 0.00000000 1.00000000
vn -1.00000000 0.00000000 0.00000000
vn 0.00000000 -1.00000000 0.00000000
vn 1.00000000 0.00000000 0.00000000
vn 1.00000000 0.00000000 0.00000000
vn 0.00000000 1.00000000 0.00000000
vn 0.00000000 0.00000000 1.00000000
vn 1.00000000 0.00000000 0.00000000
vn 0.00000000 0.00000000 1.00000000
vn 0.00000000 -1.00000000 0.00000000
vn -1.00000000 0.00000000 0.00000000
vn -1.00000000 0.00000000 0.00000000
vn 0.00000000 0.00000000 1.00000000
vn -1.00000000 0.00000000 0.00000000
vn 0.00000000 0.00000000 1.00000000
vn -1.00000000 0.00000000 0.00000000
vn 0.00000000 0.00000000 1.00000000
vn 0.00000000 0.00000000 1.00000000
vn 0.00000000 0.00000000 1.00000000
vn 1.00000000 0.00000000 0.00000000
vn 0.00000000 0.00000000 1.00000000
vn 1.00000000 0.00000000 0.00000000
vn 1.00000000 0.00000000 0.00000000
vn 0.00000000 0.00000000 1.00000000
vn 1.00000000 0.00000000 0.00000000
vn 0.00000000 0.00000000 1.00000000
vn 0.00000000 1.00000000 0.00000000
vn -1.00000000 0.00000000 0.00000000
vn 0.00000000 -1.00000000 0.00000000
vn -1.00000000 0.00000000 0.00000000
vn 0.00000000 1.00000000 0.00000000
vn 1.00000000 0.00000000 0.00000000
vn -1.00000000 0.00000000 0.00000000
vn 0.00000000 0.00000000 1.00000000
vn 0.00000000 1.00000000 0.00000000
vn 1.00000000 0.00000000 0.00000000
vn 0.00000000 -1.00000000 0.00000000
vn 0.00000000 0.00000000 1.00000000
vn 1.00000000 0.00000000 0.00000000
vn 0.00000000 1.00000000 0.00000000
vn 0.00000000 -0.70711645 0.70709712
vn -1.00000000 0.00000000 0.00000000
vn 0.00000000 -1.00000000 0.00000000
vn 0.00000000 0.00000000 1.00000000
vn -1.00000000 0.00000000 0.00000000
vn 0.00000000 -0.70711645 0.70709712
vn 0.00000000 -0.70711645 0.70709712
vn 0.00000000 0.00000000 1.00000000
vn 1.00000000 0.00000000 0.00000000
vn 0.00000000 -0.70711645 0.70709712
vn 1.00000000 0.00000000 0.00000000
vn 0.00000000 -1.00000000 0.00000000
vn 0.00000000 1.00000000 0.00000000
vn 0.00000000 -1.00000000 0.00000000
vn 0.00000000 0.00000000 1.00000000
vn 0.00000000 -1.00000000 0.00000000
vn 0.00000000 1.00000000 0.00000000
vn 0.00000000 1.00000000 0.00000000
vn 0.00000000 0.00000000 1.00000000
vn 0.00000000 -1.00000000 0.00000000
vn 0.00000000 1.00000000 0.00000000
vn 0.00000000 0.00000000 1.00000000
vn 0.00000000 0.00000000 1.00000000
vn 0.00000000 -1.00000000 0.00000000
vn 0.00000000 0.00000000 1.00000000
vn 0.00000000 0.00000000 1.00000000
vn 0.00000000 0.00000000 1.00000000
vn 0.00000000 0.00000000 1.00000000
vn 0.00000000 0.00000000 1.00000000
vn 0.00000000 0.00000000 1.00000000
vn 0.00000000 0.00000000 1.00000000
vn 0.00000000 0.00000000 1.00000000
vn 0.00000000 1.00000000 0.00000000
vn -1.00000000 0.00000000 0.00000000
vn -1.00000000 0.00000000 0.00000000
vn 0.00000000 0.00000000 1.00000000
vn 0.00000000 -1.00000000 0.00000000
vn -1.00000000 0.00000000 0.00000000
vn 0.00000000 -1.00000000 0.00000000
vn 0.00000000 1.00000000 0.00000000
vn 1.00000000 0.00000000 0.00000000
vn 0.00000000 0.00000000 1.00000000
vn 0.00000000 1.00000000 0.00000000
vn -1.00000000 0.00000000 0.00000000
vn 1.00000000 0.00000000 0.00000000
vn 0.00000000 -1.00000000 0.00000000
vn 0.00000000 0.00000000 1.00000000
vn 0.00000000 1.00000000 0.00000000
vn 1.00000000 0.00000000 0.00000000
vn 0.00000000 -1.00000000 0.00000000
vn 0.00000000 0.00000000 1.00000000
vn 1.00000000 0.00000000 0.00000000
vn -1.00000000 0.00000000 0.00000000
vn -1.00000000 0.00000000 0.00000000
vn 0.00000000 0.00000000 1.00000000
vn -1.00000000 0.00000000 0.00000000
vn -1.00000000 0.00000000 0.00000000
vn 0.00000000 0.00000000 1.00000000
vn 0.00000000 0.00000000 1.00000000
vn 0.00000000 0.00000000 1.00000000
vn 0.00000000 0.00000000 1.00000000
vn 1.00000000 0.00000000 0.00000000
vn 0.00000000 0.00000000 1.00000000
vn 1.00000000 0.00000000 0.00000000
vn 0.00000000 0.00000000 1.00000000
vn 1.00000000 0.00000000 0.00000000
vn 0.00000000 0.00000000 1.00000000
vn 1.00000000 0.00000000 0.00000000
vn -1.00000000 0.00000000 0.00000000
vn 0.00000000 1.00000000 0.00000000
vn 0.00000000 -1.00000000 0.00000000
vn -1.00000000 0.00000000 0.00000000
vn 0.00000000 1.00000000 0.00000000
vn 1.00000000 0.00000000 0.00000000
vn -1.00000000 0.00000000 0.00000000
vn 0.00000000 1.00000000 0.00000000
vn 0.00000000 0.00000000 1.00000000
vn 1.00000000 0.00000000 0.00000000
vn 0.00000000 -1.00000000 0.00000000
vn 0.00000000 0.00000000 1.00000000
vn 1.00000000 0.00000000 0.00000000
vn 0.00000000 1.00000000 0.00000000
vn -1.00000000 0.00000000 0.00000000
vn 0.00000000 -0.70711645 0.70709712
vn 0.00000000 -1.00000000 0.00000000
vn -1.00000000 0.00000000 0.00000000
vn 0.00000000 0.00000000 1.00000000
vn 0.00000000 -0.70711645 0.70709712
vn 1.00000000 0.00000000 0.00000000
vn 0.00000000 0.00000000 1.00000000
vn 0.00000000 -0.70711645 0.70709712
vn 0.00000000 -1.00000000 0.00000000
vn 0.00000000 -0.70711645 0.70709712
vn 1.00000000 0.00000000 0.00000000
vn 0.00000000 1.00000000 0.00000000
vn 0.00000000 -1.00000000 0.00000000
vn 0.00000000 0.00000000 1.00000000
vn 0.00000000 -1.00000000 0.00000000
vn 0.00000000 1.00000000 0.00000000
vn 0.00000000 1.00000000 0.00000000
vn 0.00000000 0.00000000 1.00000000
vn 0.00000000 -1.00000000 0.00000000
vn 0.00000000 0.00000000 1.00000000
vn 0.00000000 1.00000000 0.00000000
vn 0.00000000 -1.00000000 0.00000000
vn 0.00000000 0.00000000 1.00000000
vn 0.00000000 0.00000000 1.00000000
vn 0.00000000 0.00000000 1.00000000
vn 0.00000000 0.00000000 1.00000000
vn 0.00000000 0.00000000 1.00000000
vn 0.00000000 0.00000000 1.00000000
vn 0.00000000 0.00000000 1.00000000
vn -1.00000000 0.00000000 0.00000000
vn 0.00000000 1.00000000 0.00000000
vn 0.00000000 0.00000000 1.00000000
vn 0.00000000 -1.00000000 0.00000000
vn -1.00000000 0.00000000 0.00000000
vn 0.00000000 -1.00000000 0.00000000
vn -1.00000000 0.00000000 0.00000000
vn 1.00000000 0.00000000 0.00000000
vn 0.00000000 1.00000000 0.00000000
vn -1.00000000 0.00000000 0.00000000
vn 0.00000000 0.00000000 1.00000000
vn 0.00000000 1.00000000 0.00000000
vn 0.00000000 -1.00000000 0.00000000
vn 1.00000000 0.00000000 0.00000000
vn 1.00000000 0.00000000 0.00000000
vn 0.00000000 0.00000000 1.00000000
vn 0.00000000 1.00000000 0.00000000
vn 0.00000000 -1.00000000 0.00000000
vn 0.00000000 0.00000000 1.00000000
vn 1.00000000 0.00000000 0.00000000
vn -1.00000000 0.00000000 0.00000000
vn 0.00000000 0.00000000 1.00000000
vn -1.00000000 0.00000000 0.00000000
vn -1.00000000 0.00000000 0.00000000
vn -1.00000000 0.00000000 0.00000000
vn 0.00000000 0.00000000 1.00000000
vn 0.00000000 0.00000000 1.00000000
vn 0.00000000 0.00000000 1.00000000
vn 0.00000000 0.00000000 1.00000000
vn 1.00000000 0.00000000 0.00000000
vn 0.00000000 0.00000000 1.00000000
vn 1.00000000 0.00000000 0.00000000
vn 1.00000000 0.00000000 0.00000000
vn 0.00000000 0.00000000 1.00000000
vn 1.00000000 0.00000000 0.00000000
vn 0.00000000 0.00000000 1.00000000
vn -1.00000000 0.00000000 0.00000000
vn 0.00000000 1.00000000 0.00000000
vn 0.00000000 -1.00000000 0.00000000
vn -1.00000000 0.00000000 0.00000000
vn 0.00000000 1.00000000 0.00000000
vn 1.00000000 0.00000000 0.00000000
vn 0.00000000 1.00000000 0.00000000
vn -1.00000000 0.00000000 0.00000000
vn 0.00000000 0.00000000 1.00000000
vn 1.00000000 0.00000000 0.00000000
vn 0.00000000 -1.00000000 0.00000000
vn 1.00000000 0.00000000 0.00000000
vn 0.00000000 0.00000000 1.00000000
vn 0.00000000 1.00000000 0.00000000
vn -1.00000000 0.00000000 0.00000000
vn 0.00000000 -1.00000000 0.00000000
vn 0.00000000 -0.70711645 0.70709712
vn -1.00000000 0.00000000 0.00000000
vn 0.00000000 -0.70711645 0.70709712
vn 0.00000000 0.00000000 1.00000000
vn 0.00000000 0.00000000 1.00000000
vn 0.00000000 -0.70711645 0.70709712
vn 1.00000000 0.00000000 0.00000000
vn 0.00000000 -1.00000000 0.00000000
vn 0.00000000 -0.70711645 0.70709712
vn 1.00000000 0.00000000 0.00000000
vn 0.00000000 0.00000000 1.00000000
vn 0.00000000 0.00000000 1.00000000
vn 0.00000000 0.00000000 1.00000000
vn 0.00000000 -1.00000000 0.00000000
vn -1.00000000 0.00000000 0.00000000
vn -1.00000000 0.00000000 0.00000000
vn 0.00000000 0.00000000 1.00000000
vn 0.00000000 1.00000000 0.00000000
vn 0.00000000 0.00000000 -1.00000000
vn -1.00000000 0.00000000 0.00000000
vn 0.00000000 -1.00000000 0.00000000
vn 0.00000000 0.00000000 -1.00000000
vn -1.00000000 0.00000000 0.00000000
vn 0.00000000 1.00000000 0.00000000
vn 1.00000000 0.00000000 0.00000000
vn 0.00000000 -1.00000000 0.00000000
vn 0.00000000 0.00000000 1.00000000
vn 0.00000000 0.00000000 1.00000000
vn 1.00000000 0.00000000 0.00000000
vn 0.00000000 1.00000000 0.00000000
vn 0.00000000 0.00000000 -1.00000000
vn 1.00000000 0.00000000 0.00000000
vn 0.00000000 -1.00000000 0.00000000
vn 0.00000000 1.00000000 0.00000000
vn 0.00000000 0.00000000 -1.00000000
vn 1.00000000 0.00000000 0.00000000
vn 0.00000000 1.00000000 0.00000000
vn 0.00000000 0.50662052 0.86216915
vn -0.86216915 0.50662052 0.00000000
vn 0.86216915 0.50662052 0.00000000
vn 0.00000000 0.50662052 0.86216915
vn 0.00000000 1.00000000 0.00000000
vn 0.00000000 1.00000000 0.00000000
vn 0.86216915 0.50662052 0.00000000
vn 0.00000000 0.50662052 -0.86216915
vn -0.86216915 0.50662052 0.00000000
vn 0.00000000 0.50662052 -0.86216915
vn 0.00000000 1.00000000 0.00000000
vn 0.00000000 1.00000000 0.00000000
vn 0.86216915 0.50662052 0.00000000
vn 0.00000000 0.50662052 0.86216915
vn -0.86216915 0.50662052 0.00000000
vn 0.00000000 0.50662052 0.86216915
vn 0.00000000 1.00000000 0.00000000
vn 0.00000000 1.00000000 0.00000000
vn -0.86216915 0.50662052 0.00000000
vn 0.00000000 0.50662052 -0.86216915
vn 0.00000000 0.50662052 -0.86216915
vn 0.86216915 0.50662052 0.00000000
vn 0.00000000 1.00000000 0.00000000
vn 0.00000000 0.00000000 1.00000000
vn 0.00000000 -1.00000000 0.00000000
vn -1.00000000 0.00000000 0.00000000
vn 0.00000000 1.00000000 0.00000000
vn 0.00000000 0.00000000 1.00000000
vn -1.00000000 0.00000000 0.00000000
vn 0.00000000 0.00000000 -1.00000000
vn 0.00000000 -1.00000000 0.00000000
vn -1.00000000 0.00000000 0.00000000
vn -1.00000000 0.00000000 0.00000000
vn 0.00000000 1.00000000 0.00000000
vn 0.00000000 0.00000000 -1.00000000
vn 0.00000000 0.00000000 1.00000000
vn 1.00000000 0.00000000 0.00000000
vn 0.00000000 -1.00000000 0.00000000
vn 1.00000000 0.00000000 0.00000000
vn 0.00000000 0.00000000 1.00000000
vn 0.00000000 1.00000000 0.00000000
vn 0.00000000 -1.00000000 0.00000000
vn 1.00000000 0.00000000 0.00000000
vn 0.00000000 0.00000000 -1.00000000
vn 0.00000000 0.00000000 -1.00000000
vn 0.00000000 1.00000000 0.00000000
vn 1.00000000 0.00000000 0.00000000
vn 0.00000000 -1.00000000 0.00000000
vn -1.00000000 0.00000000 0.00000000
vn -1.00000000 0.00000000 0.00000000
vn 0.00000000 -1.00000000 0.00000000
vn -1.00000000 0.00000000 0.00000000
vn 0.00000000 1.00000000 0.00000000
vn 0.00000000 1.00000000 0.00000000
vn -1.00000000 0.00000000 0.00000000
vn 1.00000000 0.00000000 0.00000000
vn 0.00000000 -1.00000000 0.00000000
vn 0.00000000 -1.00000000 0.00000000
vn 1.00000000 0.00000000 0.00000000
vn 0.00000000 1.00000000 0.00000000
vn 1.00000000 0.00000000 0.00000000
vn 1.00000000 0.00000000 0.00000000
vn 0.00000000 1.00000000 0.00000000
vn 1.00000000 0.00000000 0.00000000
vn 1.00000000 0.00000000 0.00000000
vn 1.00000000 0.00000000 0.00000000
vn 1.00000000 0.00000000 0.00000000
vn 1.00000000 0.00000000 0.00000000
vn 1.00000000 0.00000000 0.00000000
vn 1.00000000 0.00000000 0.00000000
vn 1.00000000 0.00000000 0.00000000
vn 0.00000000 0.00000000 -1.00000000
vn 0.00000000 0.00000000 -1.00000000
vn 0.00000000 0.00000000 -1.00000000
vn 0.00000000 0.00000000 -1.00000000
vn 0.00000000 0.00000000 -1.00000000
vn 0.00000000 0.00000000 -1.00000000
vn 0.00000000 0.00000000 -1.00000000
vn 0.00000000 0.00000000 -1.00000000
vn 0.00000000 0.00000000 -1.00000000
vn 0.00000000 0.00000000 -1.00000000
vn 0.00000000 0.00000000 -1.00000000
vn 0.00000000 0.00000000 -1.00000000
vn 0.00000000 0.00000000 -1.00000000
vn 0.00000000 0.00000000 -1.00000000
vn 0.00000000 0.00000000 -1.00000000
vn 0.00000000 0.00000000 -1.00000000
vn -1.00000000 0.00000000 0.00000000
vn -1.00000000 0.00000000 0.00000000
vn -1.00000000 0.00000000 0.00000000
vn -1.00000000 0.00000000 0.00000000
vn -1.00000000 0.00000000 0.00000000
vn -1.00000000 0.00000000 0.00000000
vn -1.00000000 0.00000000 0.00000000
vn -1.00000000 0.00000000 0.00000000
vn 0.00000000 0.00000000 -1.00000000
vn 1.00000000 0.00000000 0.00000000
vn 0.00000000 0.00000000 -1.00000000
vn 1.00000000 0.00000000 0.00000000
vn -1.00000000 0.00000000 0.00000000
vn -1.00000000 0.00000000 0.00000000
vn 0.00000000 0.00000000 -1.00000000
vn 0.00000000 0.00000000 -1.00000000
vn 0.00000000 0.00000000 1.00000000
vn 0.00000000 0.00000000 1.00000000
vn 0.00000000 0.00000000 1.00000000
vn 0.00000000 0.00000000 1.00000000
vn 0.00000000 0.00000000 1.00000000
vn 0.00000000 0.00000000 1.00000000
vn 0.00000000 0.00000000 1.00000000
vn 0.00000000 0.00000000 1.00000000
vn 0.00000000 0.00000000 1.00000000
vn 0.00000000 0.00000000 1.00000000
vn -0.00000353 0.87535607 -0.48347880
vn 0.38269413 0.00000000 -0.92387510
vn -0.38269413 0.00000000 -0.92387510
vn 0.38269413 0.00000000 -0.92387510
vn -0.38269413 0.00000000 -0.92387510
vn 0.00000100 -0.94716940 -0.32073373
vn 0.70710678 0.00000000 -0.70710678
vn 0.34185914 0.87536511 -0.34185999
vn 0.70710678 0.00000000 -0.70710678
vn 0.22679057 -0.94717023 -0.22679198
vn 0.92387510 0.00000000 -0.38269413
vn 0.92387510 0.00000000 0.38269413
vn 0.48347747 0.87535681 -0.00000647
vn 0.92387510 0.00000000 0.38269413
vn 0.32073373 -0.94716940 0.00000100
vn 0.92387510 0.00000000 -0.38269413
vn 0.34185113 0.87536584 0.34186612
vn 0.38269413 0.00000000 0.92387510
vn 0.92387510 0.00000000 0.38269413
vn 0.70710678 0.00000000 0.70710678
vn 0.22679198 -0.94717023 0.22679057
vn 0.00000145 0.87535555 0.48347974
vn 0.38269413 0.00000000 0.92387510
vn -0.38269413 0.00000000 0.92387510
vn 0.38269413 0.00000000 0.92387510
vn -0.38269413 0.00000000 0.92387510
vn -0.00000100 -0.94716940 0.32073373
vn -0.34187125 0.87535678 0.34186920
vn -0.92387510 0.00000000 0.38269413
vn -0.38269413 0.00000000 0.92387510
vn -0.70710678 0.00000000 0.70710678
vn -0.22679057 -0.94717023 0.22679198
vn -0.92387510 0.00000000 -0.38269413
vn -0.92387510 0.00000000 0.38269413
vn -0.48347974 0.87535555 0.00000145
vn -0.92387510 0.00000000 -0.38269413
vn -0.32073373 -0.94716940 -0.00000100
vn -0.92387510 0.00000000 0.38269413
vn -0.34186920 0.87535678 -0.34187125
vn -0.70710678 0.00000000 -0.70710678
vn -0.70710678 0.00000000 -0.70710678
vn -0.22679198 -0.94717023 -0.22679057
vn 0.17745965 0.96799615 -0.17745853
vn 0.84075241 0.41454630 -0.34826246
vn 0.34825299 0.41456658 -0.84074634
vn 0.34825777 0.41457320 -0.84074109
vn -0.34825742 0.41457286 -0.84074141
vn -0.00000079 0.96799563 -0.25096706
vn 0.84075165 0.41456164 -0.34824604
vn 0.25096706 0.96799563 -0.00000079
vn 0.84074109 0.41457320 0.34825777
vn 0.34825979 0.41456159 0.84074598
vn 0.84075324 0.41455786 0.34824670
vn 0.17745853 0.96799615 0.17745965
vn 0.00000079 0.96799563 0.25096706
vn 0.34825270 0.41456821 0.84074565
vn -0.34825777 0.41457320 0.84074109
vn -0.34825744 0.41457274 0.84074146
vn -0.84074143 0.41457240 0.34825791
vn -0.17745965 0.96799615 0.17745853
vn -0.84074109 0.41457320 -0.34825777
vn -0.25096706 0.96799563 0.00000079
vn -0.84074141 0.41457286 0.34825742
vn -0.84074146 0.41457274 -0.34825744
vn -0.34825791 0.41457240 -0.84074143
vn -0.17745853 0.96799615 -0.17745965
vn 0.50955652 0.69333381 -0.50954919
vn -0.00000237 0.69333922 -0.72061136
vn 0.72061067 0.69333993 0.00000650
vn 0.50956434 0.69333200 0.50954384
vn -0.00000537 0.69334050 0.72061013
vn -0.50954893 0.69333938 0.50954920
vn -0.72061076 0.69333984 -0.00000019
vn -0.50954920 0.69333938 -0.50954893
vn -0.00000255 1.00000000 0.00000000
vn -0.92387709 0.00000000 0.38268933
vn -0.32073360 -0.94716945 -0.00000050
vn -0.92387709 0.00000000 -0.38268933
vn -0.22679101 -0.94717018 0.22679172
vn -0.70710678 0.00000000 0.70710678
vn -0.00000050 -0.94716945 0.32073360
vn -0.38268933 0.00000000 0.92387709
vn 0.38268933 0.00000000 0.92387709
vn 0.22679172 -0.94717018 0.22679101
vn 0.70710678 0.00000000 0.70710678
vn 0.92387709 0.00000000 -0.38268933
vn 0.92387709 0.00000000 0.38268933
vn 0.32073360 -0.94716945 0.00000050
vn -0.00000000 0.00000000 -1.00000000
vn 0.00000050 -0.94716945 -0.32073360
vn 0.38268933 0.00000000 -0.92387709
vn 0.92387709 0.00000000 -0.38268933
vn 0.22679101 -0.94717018 -0.22679172
vn -0.92387709 0.00000000 -0.38268933
vn -0.38268933 0.00000000 -0.92387709
vn -0.22679172 -0.94717018 -0.22679101
vn 0.38268933 0.00000000 -0.92387709
vn 0.92387709 0.00000000 -0.38268933
vn 0.17745944 0.96799612 -0.17745889
vn -0.00000000 0.00000000 -1.00000000
vn -0.00000039 0.96799566 -0.25096695
vn 0.92387709 0.00000000 -0.38268933
vn 0.92387709 0.00000000 0.38268933
vn 0.25096695 0.96799566 -0.00000039
vn 0.17745889 0.96799612 0.17745944
vn 0.70710678 0.00000000 0.70710678
vn 0.00000039 0.96799566 0.25096695
vn -0.38268933 0.00000000 0.92387709
vn 0.38268933 0.00000000 0.92387709
vn -0.70710678 0.00000000 0.70710678
vn -0.17745944 0.96799612 0.17745889
vn -0.25096695 0.96799566 0.00000039
vn -0.92387709 0.00000000 0.38268933
vn -0.92387709 0.00000000 -0.38268933
vn -0.38268933 0.00000000 -0.92387709
vn -0.17745889 0.96799612 -0.17745944
vn -0.92387709 0.00000000 -0.38268933
vn 0.70712902 -0.70708454 0.00000000
vn 0.00000000 -1.00000000 0.00000000
vn 0.00000000 0.00000000 1.00000000
vn 0.70712902 -0.70708454 0.00000000
vn 0.00000000 -1.00000000 0.00000000
vn 0.00000000 0.00000000 1.00000000
vn 0.70712902 -0.70708454 0.00000000
vn 1.00000000 0.00000000 0.00000000
vn 1.00000000 0.00000000 0.00000000
vn 0.70712902 -0.70708454 0.00000000
vn 0.70712902 0.70708454 0.00000000
vn 0.00000000 0.00000000 1.00000000
vn 1.00000000 0.00000000 0.00000000
vn 0.70712902 0.70708454 0.00000000
vn 1.00000000 0.00000000 0.00000000
vn 0.00000000 0.00000000 1.00000000
vn 0.70712902 0.70708454 0.00000000
vn 0.00000000 1.00000000 0.00000000
vn 0.00000000 1.00000000 0.00000000
vn 0.70712902 0.70708454 0.00000000
vn -0.00000228 0.87535562 -0.48347961
vn -0.00000384 0.00000000 -1.00000000
vn 0.34186426 0.87536567 -0.34185343
vn 0.38268208 0.00000000 -0.92388009
vn 0.92388425 0.00000000 -0.38267205
vn 0.48347690 0.87535712 -0.00000325
vn 0.92388425 0.00000000 0.38267205
vn 0.92388425 0.00000000 -0.38267205
vn 0.34186183 0.87536480 0.34185810
vn 0.70711062 0.00000000 0.70710294
vn -0.38268918 0.00000000 0.92387715
vn 0.00000022 0.87535624 0.48347849
vn 0.38268208 0.00000000 0.92388009
vn -0.70710678 0.00000000 0.70710678
vn -0.34187083 0.87535671 0.34186980
vn -0.48347961 0.87535562 0.00000073
vn -0.92387715 0.00000000 -0.38268918
vn -0.92387715 0.00000000 0.38268918
vn -0.38268918 0.00000000 -0.92387715
vn -0.92387715 0.00000000 -0.38268918
vn -0.34186980 0.87535671 -0.34187083
vn -0.00000384 0.00000000 -1.00000000
vn 0.38268208 0.00000000 -0.92388009
vn 0.92388425 0.00000000 -0.38267205
vn 0.92388425 0.00000000 -0.38267205
vn 0.92388425 0.00000000 0.38267205
vn 0.70711062 0.00000000 0.70710294
vn 0.38268208 0.00000000 0.92388009
vn -0.38268918 0.00000000 0.92387715
vn -0.70710678 0.00000000 0.70710678
vn -0.92387715 0.00000000 -0.38268918
vn -0.92387715 0.00000000 0.38268918
vn -0.92387715 0.00000000 -0.38268918
vn -0.38268918 0.00000000 -0.92387715
vn -0.38269796 -0.92387351 0.00000000
vn 0.00000000 0.00000000 1.00000000
vn -0.38269796 -0.92387351 0.00000000
vn -0.70712902 -0.70708454 0.00000000
vn -1.00000000 0.00000000 0.00000000
vn -1.00000000 0.00000000 0.00000000
vn 0.00000000 0.00000000 1.00000000
vn -0.70712902 -0.70708454 0.00000000
vn -1.00000000 0.00000000 0.00000000
vn -0.70712902 0.70708454 0.00000000
vn -0.70712902 0.70708454 0.00000000
vn 0.00000000 0.00000000 1.00000000
vn -1.00000000 0.00000000 0.00000000
vn 0.00000000 1.00000000 0.00000000
vn -0.70712902 0.70708454 0.00000000
vn -0.70712902 0.70708454 0.00000000
vn 0.00000000 0.00000000 1.00000000
vn 0.00000000 1.00000000 0.00000000
vn 0.00000000 0.00000000 1.00000000
vn -0.27545055 0.66494749 0.69424191
vn -0.74659475 0.00000000 0.66527910
vn 0.00000000 0.00000000 1.00000000
vn -0.52794511 0.52787959 0.66529475
vn -0.66499175 -0.27542325 0.69421034
vn 0.00000000 0.00000000 1.00000000
vn 0.00000000 0.00000000 1.00000000
vn -0.27546111 -0.66496642 0.69421959
vn 0.00000000 0.00000000 1.00000000
vn 0.27546111 -0.66496642 0.69421959
vn 0.66499175 -0.27542325 0.69421034
vn 0.00000000 0.00000000 1.00000000
vn 0.52794511 0.52787959 0.66529475
vn 0.00000000 0.00000000 1.00000000
vn 0.74659475 0.00000000 0.66527910
vn 0.27545055 0.66494749 0.69424191
vn 0.00000000 0.00000000 1.00000000
vn 0.00000000 0.67020196 0.74217877
vn 0.00000000 -0.47641287 0.87922169
vn 0.00000000 -1.00000000 0.00000000
vn -1.00000000 0.00000000 0.00000000
vn 0.00000000 0.00000000 1.00000000
vn -1.00000000 0.00000000 0.00000000
vn 0.00000000 0.00000000 1.00000000
vn 0.00000000 1.00000000 0.00000000
vn -1.00000000 0.00000000 0.00000000
vn 0.00000000 0.00000000 -1.00000000
vn 0.00000000 -1.00000000 0.00000000
vn 0.00000000 1.00000000 0.00000000
vn 0.00000000 0.00000000 -1.00000000
vn -1.00000000 0.00000000 0.00000000
vn 0.00000000 0.00000000 1.00000000
vn 0.00000000 -1.00000000 0.00000000
vn 1.00000000 0.00000000 0.00000000
vn 0.00000000 0.00000000 1.00000000
vn 0.00000000 1.00000000 0.00000000
vn 1.00000000 0.00000000 0.00000000
vn 1.00000000 0.00000000 0.00000000
vn 0.00000000 0.00000000 -1.00000000
vn 0.00000000 -1.00000000 0.00000000
vn 0.00000000 1.00000000 0.00000000
vn 0.00000000 0.00000000 -1.00000000
vn 1.00000000 0.00000000 0.00000000
vn 0.00000000 0.00000000 -1.00000000
vn 1.00000000 0.00000000 0.00000000
vn 0.14244150 -0.97819037 -0.15117547
vn 1.00000000 0.00000000 0.00000000
vn 0.10184125 0.98890670 -0.10812904
vn 0.00000000 0.00000000 -1.00000000
vn 0.00000000 0.00000000 -1.00000000
vn -1.00000000 0.00000000 0.00000000
vn -0.10184125 0.98890670 -0.10812904
vn 0.00000000 0.00000000 -1.00000000
vn -1.00000000 0.00000000 0.00000000
vn -0.14244150 -0.97819037 -0.15117547
vn -0.12556497 0.99208540 0.00000000
vn -0.99898002 0.04515442 0.00000000
vn -0.36655551 0.00497829 0.93038286
vn -0.04785918 0.37813407 0.92451291
vn -0.12556497 0.99208540 0.00000000
vn -0.99898002 0.04515442 0.00000000
vn -0.37073339 0.01675735 -0.92858815
vn -0.04882145 0.37825871 -0.92441160
vn -0.04979949 0.39346442 -0.91799007
vn 0.42299692 0.00480781 -0.90611837
vn 0.99839903 0.05656312 0.00000000
vn -0.12556497 0.99208540 0.00000000
vn -0.12556497 0.99208540 0.00000000
vn 0.42775434 0.02423392 0.90357011
vn 0.99839903 0.05656312 0.00000000
vn -0.05073678 0.39310988 0.91809063
vn -1.00000000 0.00000000 0.00000000
vn -0.17134142 -0.97690216 -0.12768820
vn 0.00000000 0.00000000 -1.00000000
vn -0.12322757 0.98820904 -0.09087282
vn 0.12322757 0.98820904 -0.09087282
vn 0.00000000 0.00000000 -1.00000000
vn 1.00000000 0.00000000 0.00000000
vn 0.17134142 -0.97690216 -0.12768820
vn -0.12322827 0.98820925 0.09086954
vn -1.00000000 0.00000000 0.00000000
vn -0.17134234 -0.97690259 0.12768371
vn 0.00000000 0.00000000 1.00000000
vn 0.12322827 0.98820925 0.09086954
vn 1.00000000 0.00000000 0.00000000
vn 0.00000000 0.00000000 1.00000000
vn 0.17134234 -0.97690259 0.12768371
vn 1.00000000 0.00000000 0.00000000
vn 0.00000000 0.00000000 1.00000000
vn 0.10183906 0.98890709 0.10812759
vn 0.14243850 -0.97819111 0.15117349
vn 0.00000000 0.00000000 1.00000000
vn 1.00000000 0.00000000 0.00000000
vn -0.10183906 0.98890709 0.10812759
vn 0.00000000 0.00000000 1.00000000
vn -1.00000000 0.00000000 0.00000000
vn -0.14243850 -0.97819111 0.15117349
vn -1.00000000 0.00000000 0.00000000
vn 0.00000000 0.00000000 1.00000000
vn 0.00000000 -1.00000000 0.00000000
vn -0.27440569 -0.88507532 -0.37595639
vn -1.00000000 0.00000000 0.00000000
vn 0.00000000 -0.76257621 -0.64689839
vn -0.52754144 -0.84952930 0.00000000
vn 0.00000000 0.00000000 -1.00000000
vn 0.00000000 -0.76257621 -0.64689839
vn 0.00000000 0.00000000 -1.00000000
vn 0.52754144 -0.84952930 0.00000000
vn 1.00000000 0.00000000 0.00000000
vn 0.00000000 -1.00000000 0.00000000
vn 0.27440569 -0.88507532 -0.37595639
vn 0.00000000 0.00000000 1.00000000
vn -0.52754144 -0.84952930 0.00000000
vn 0.00000000 -0.76256143 0.64691582
vn -1.00000000 0.00000000 0.00000000
vn 0.00000000 -1.00000000 0.00000000
vn -0.27440447 -0.88506963 0.37597065
vn 0.00000000 0.00000000 1.00000000
vn 0.52754144 -0.84952930 0.00000000
vn 1.00000000 0.00000000 0.00000000
vn 0.00000000 -0.76256143 0.64691582
vn 0.27440447 -0.88506963 0.37597065
vn 0.00000000 -1.00000000 0.00000000
vn -0.00266186 0.17940039 -0.98377254
vn -0.12818049 0.99175086 0.00000000
vn -1.00000000 0.00000000 0.00000000
vn -0.01470978 0.11381165 -0.99339344
vn -0.12818049 0.99175086 0.00000000
vn 1.00000000 0.00000000 0.00000000
vn 1.00000000 0.00000000 0.00000000
vn -0.00300628 0.12344911 0.99234635
vn -0.12818049 0.99175086 0.00000000
vn -0.12818049 0.99175086 0.00000000
vn -0.02503438 0.19369457 0.98074242
vn -1.00000000 0.00000000 0.00000000
vn -1.00000000 0.00000000 0.00000000
vn 0.00000000 0.19377292 -0.98104641
vn -0.01302930 0.12301306 -0.99231952
vn 1.00000000 0.00000000 0.00000000
vn -0.02026109 0.17852679 0.98372642
vn -1.00000000 0.00000000 0.00000000
vn 1.00000000 0.00000000 0.00000000
vn 0.00000000 0.11381334 0.99350215
vn -0.99898002 0.04515442 0.00000000
vn -0.36655551 0.00497829 0.93038286
vn -0.04785918 0.37813407 0.92451291
vn -0.12556497 0.99208540 0.00000000
vn -0.37077799 0.01675936 -0.92857030
vn -0.99898002 0.04515442 0.00000000
vn -0.12556497 0.99208540 0.00000000
vn -0.04882727 0.37830382 -0.92439284
vn 0.42304514 0.00480840 -0.90609585
vn -0.12556497 0.99208540 0.00000000
vn 0.99839903 0.05656312 0.00000000
vn -0.04980534 0.39351068 -0.91796992
vn 0.42775434 0.02423392 0.90357011
vn -0.05073678 0.39310988 0.91809063
vn -0.12556497 0.99208540 0.00000000
vn 0.99839903 0.05656312 0.00000000
vn -1.00000000 0.00000000 0.00000000
vn -0.04875436 0.37721945 -0.92483972
vn -0.12818049 0.99175086 0.00000000
vn -0.36418895 0.01391536 -0.93122112
vn -0.38357403 0.00000000 0.92351013
vn -0.12818049 0.99175086 0.00000000
vn -1.00000000 0.00000000 0.00000000
vn -0.04793715 0.37854030 0.92434262
vn -0.12818049 0.99175086 0.00000000
vn -0.04876017 0.37726447 -0.92482105
vn -0.36423287 0.01391699 -0.93120391
vn -1.00000000 0.00000000 0.00000000
vn -1.00000000 0.00000000 0.00000000
vn -0.04793715 0.37854030 0.92434262
vn -0.38357403 0.00000000 0.92351013
vn -0.12818049 0.99175086 0.00000000
vn -0.05095420 0.39423996 0.91759388
vn -0.12818049 0.99175086 0.00000000
vn 1.00000000 0.00000000 0.00000000
vn 0.41891721 0.02195877 0.90775888
vn 1.00000000 0.00000000 0.00000000
vn -0.04977870 0.39309500 -0.91814944
vn 0.45335059 0.00000000 -0.89133229
vn -0.12818049 0.99175086 0.00000000
vn 0.41891721 0.02195877 0.90775888
vn -0.12818049 0.99175086 0.00000000
vn 1.00000000 0.00000000 0.00000000
vn -0.05095420 0.39423996 0.91759388
vn -0.12818049 0.99175086 0.00000000
vn 0.45330034 0.00000000 -0.89135784
vn -0.04977284 0.39304878 -0.91816955
vn 1.00000000 0.00000000 0.00000000
vn 0.34301073 0.01711634 -0.93917553
vn 1.00000000 0.00000000 0.00000000
vn 1.00000000 0.00000000 0.00000000
vn 0.33190926 0.00000000 0.94331132
vn 1.00000000 0.00000000 0.00000000
vn 0.34305312 0.01711842 -0.93916000
vn 0.33190926 0.00000000 0.94331132
vn 1.00000000 0.00000000 0.00000000
vn -0.34066645 0.01247479 0.94010146
vn -1.00000000 0.00000000 0.00000000
vn -1.00000000 0.00000000 0.00000000
vn -0.33190926 0.00000000 -0.94331132
vn -0.34066645 0.01247479 0.94010146
vn -1.00000000 0.00000000 0.00000000
vn -0.33186806 0.00000000 -0.94332581
vn -1.00000000 0.00000000 0.00000000
vn 0.99839903 0.05656312 0.00000000
vn 0.34330687 0.00283263 0.93921902
vn 0.33185060 0.01880061 -0.94314459
vn 0.99839903 0.05656312 0.00000000
vn 0.99839903 0.05656312 0.00000000
vn 0.34330687 0.00283263 0.93921902
vn 0.33180942 0.01879827 -0.94315913
vn 0.99839903 0.05656312 0.00000000
vn -0.34059866 0.00373941 -0.94020135
vn -0.99898002 0.04515442 0.00000000
vn -0.33187192 0.01500079 0.94320518
vn -0.99898002 0.04515442 0.00000000
vn -0.99898002 0.04515442 0.00000000
vn -0.34064079 0.00373992 -0.94018608
vn -0.99898002 0.04515442 0.00000000
vn -0.33187192 0.01500079 0.94320518
vn -1.00000000 0.00000000 0.00000000
vn 0.00000000 0.00000000 1.00000000
vn -0.86301686 -0.50517512 0.00000000
vn 0.00000000 -0.50517512 0.86301686
vn 0.00000000 0.00000000 1.00000000
vn 0.00000000 0.50514245 0.86303598
vn -1.00000000 0.00000000 0.00000000
vn -0.86303598 0.50514245 0.00000000
vn 0.00000000 0.50514245 0.86303598
vn -0.86303598 0.50514245 0.00000000
vn 0.00000000 -0.50517512 0.86301686
vn -0.86301686 -0.50517512 0.00000000
vn 0.00000000 0.50519826 -0.86300331
vn -0.86303598 0.50514245 0.00000000
vn 0.00000000 0.00000000 -1.00000000
vn -1.00000000 0.00000000 0.00000000
vn 0.00000000 -0.50523093 -0.86298419
vn -1.00000000 0.00000000 0.00000000
vn -0.86301686 -0.50517512 0.00000000
vn 0.00000000 0.00000000 -1.00000000
vn -0.86303598 0.50514245 0.00000000
vn 0.00000000 -0.50523093 -0.86298419
vn -0.86301686 -0.50517512 0.00000000
vn 0.00000000 0.50519826 -0.86300331
vn 0.00000000 -0.50523093 -0.86298419
vn 0.00000000 0.00000000 -1.00000000
vn 1.00000000 0.00000000 0.00000000
vn 0.86301686 -0.50517512 0.00000000
vn 0.00000000 0.00000000 -1.00000000
vn 0.00000000 0.50519826 -0.86300331
vn 0.86303598 0.50514245 0.00000000
vn 1.00000000 0.00000000 0.00000000
vn 0.86301686 -0.50517512 0.00000000
vn 0.86303598 0.50514245 0.00000000
vn 0.00000000 -0.50523093 -0.86298419
vn 0.00000000 0.50519826 -0.86300331
vn 0.86303598 0.50514245 0.00000000
vn 0.00000000 0.00000000 1.00000000
vn 0.00000000 0.50514245 0.86303598
vn 1.00000000 0.00000000 0.00000000
vn 0.86301686 -0.50517512 0.00000000
vn 0.00000000 0.00000000 1.00000000
vn 0.00000000 -0.50517512 0.86301686
vn 1.00000000 0.00000000 0.00000000
vn 0.00000000 -0.50517512 0.86301686
vn 0.00000000 0.50514245 0.86303598
vn 0.86301686 -0.50517512 0.00000000
vn 0.86303598 0.50514245 0.00000000
vn 1.00000000 0.00000000 0.00000000
vn 1.00000000 0.00000000 0.00000000
vn 1.00000000 0.00000000 0.00000000
vn 1.00000000 0.00000000 0.00000000
vn -0.96987315 0.00000000 0.24361050
vn 0.00000000 -1.00000000 0.00000000
vn 0.24361535 -0.00000285 0.96987193
vn -0.96987315 0.00000000 0.24361050
vn 0.00000000 -1.00000000 0.00000000
vn -0.24361535 0.00000285 -0.96987193
vn 0.24362012 -0.00000285 0.96987073
vn 0.96987315 0.00000000 -0.24361050
vn 0.00000000 -1.00000000 0.00000000
vn 0.96987315 0.00000000 -0.24361050
vn 0.00000000 1.00000000 0.00000000
vn 0.24362497 0.00000000 0.96986951
vn -0.24362012 0.00000285 -0.96987073
vn 0.00000000 -1.00000000 0.00000000
vn 0.96987315 0.00000000 -0.24361050
vn 0.96987315 0.00000000 -0.24361050
vn -0.24362497 0.00000000 -0.96986951
vn 0.00000000 1.00000000 0.00000000
vn -0.24361296 0.00000835 -0.96987253
vn -0.24360574 0.00002504 -0.96987434
vn -0.24362455 -0.00001846 -0.96986962
vn -0.24361733 -0.00000177 -0.96987143
vn -0.41503486 0.90381332 0.10424750
vn -0.41503486 0.90381332 0.10424750
vn -0.41503486 0.90381332 0.10424750
vn -0.24361050 0.00000000 -0.96987315
vn 0.00000000 1.00000000 0.00000000
vn -0.96987315 0.00000000 0.24361050
vn 0.00000000 1.00000000 0.00000000
vn -0.96987315 0.00000000 0.24361050
vn -0.41503486 0.90381332 0.10424750
vn 0.24361050 0.00000000 0.96987315
vn -0.24361773 0.00000140 -0.96987133
vn 0.00000000 1.00000000 0.00000000
vn 0.00000000 1.00000000 0.00000000
vn 0.00000000 1.00000000 0.00000000
vn 0.00000000 1.00000000 0.00000000
vn 0.24361773 -0.00000140 0.96987133
vn 0.62863521 0.64816319 0.42976999
vn -0.02782390 0.55494066 0.83142450
vn -0.80829641 -0.04196116 0.58727862
vn -0.80830022 -0.04197227 -0.58727258
vn -0.80829641 -0.04196116 0.58727862
vn -0.83659975 0.54781462 0.00000000
vn -0.80830022 -0.04197227 -0.58727258
vn -0.02782390 0.55494066 -0.83142450
vn 0.62863345 0.64816600 -0.42976833
vn 0.21214448 0.57960373 0.78679999
vn 0.11796579 0.90739342 0.40338722
vn -0.80829641 -0.04196116 0.58727862
vn -0.30555054 0.92769406 0.21452878
vn -0.62232724 0.68234293 0.38355825
vn -0.30554710 0.92769538 -0.21452797
vn -0.80830022 -0.04197227 -0.58727258
vn -0.62232410 0.68234363 -0.38356209
vn 0.11796500 0.90739658 -0.40338035
vn 0.21214564 0.57960574 -0.78679821
vn 0.71426181 0.69987861 0.00000389
vn 0.45682665 0.88955574 0.00000178
vn 0.06273302 0.99803034 0.00000409
vn 0.00000000 0.00000000 1.00000000
vn -1.00000000 0.00000000 0.00000000
vn 0.00000000 0.85792033 0.51378275
vn 0.00000000 0.00000000 1.00000000
vn 1.00000000 0.00000000 0.00000000
vn 0.00000000 0.85792033 0.51378275
vn 0.00000000 0.85792033 0.51378275
vn 1.00000000 0.00000000 0.00000000
vn -1.00000000 0.00000000 0.00000000
vn 0.00000000 0.85792033 0.51378275
vn 0.00000000 0.85792033 0.51378275
vn 0.00000000 0.85792033 0.51378275
vn 0.00000000 0.00000000 1.00000000
vn 0.00000000 0.00000000 1.00000000
vn 0.00000000 0.00000000 1.00000000
vn 0.00000000 0.00000000 1.00000000
vn 0.00000000 0.85792033 0.51378275
vn 0.00000000 0.85792033 0.51378275
vn 0.00000000 0.00000000 1.00000000
vn 0.00000000 0.85792033 0.51378275
vn 0.00000000 0.00000000 1.00000000
vn 0.00000000 0.85792033 0.51378275
vn 0.00000000 0.85792033 0.51378275
vn 0.00000000 0.00000000 1.00000000
vn 0.00000000 0.85792033 0.51378275
vn 0.00000000 0.00000000 1.00000000
vn 0.00000000 0.00000000 1.00000000
vn 0.00000000 0.85792033 0.51378275
vn 0.00000000 0.85792033 0.51378275
vn 0.00000000 0.00000000 1.00000000
vn 0.00000000 0.85792033 0.51378275
vn 0.00000000 0.85792033 0.51378275
vn 0.00000000 0.85792033 0.51378275
vn 0.00000000 0.85792033 0.51378275
vn 0.00000000 0.85792033 0.51378275
vn 0.00000000 0.85792033 0.51378275
vn 0.00000000 0.85792033 0.51378275
vn 0.00000000 0.85792033 0.51378275
vn 0.00000000 0.85792033 0.51378275
vn 0.00000000 0.85792033 0.51378275
vn 1.00000000 0.00000000 0.00000000
vn -1.00000000 0.00000000 0.00000000
vn 0.00000000 0.00000000 1.00000000
vn -1.00000000 0.00000000 0.00000000
vn 0.00000000 0.00000000 1.00000000
vn 1.00000000 0.00000000 0.00000000
vn 0.00000000 0.00000000 1.00000000
vn 0.00000000 0.00000000 1.00000000
vn 0.00000000 0.00000000 1.00000000
vn 0.00000000 0.00000000 1.00000000
vn 0.00000000 0.00000000 1.00000000
vn 0.00000000 0.00000000 1.00000000
vn 0.00000000 0.00000000 1.00000000
vn 0.00000000 0.00000000 1.00000000
vn 0.00000000 0.00000000 1.00000000
vn 0.00000000 0.00000000 1.00000000
vn 1.00000000 0.00000000 0.00000000
vn -1.00000000 0.00000000 0.00000000
vt 0.27891000 0.82734200
vt 0.27891000 0.82734200
vt 0.27891000 0.78046700
vt 0.27891000 0.84765600
vt 0.27891000 0.87890600
vt 0.27891000 0.84765600
vt 0.27891000 0.82734200
vt 0.27891000 0.82734200
vt 0.27891000 0.78046700
vt 0.27891000 0.84765600
vt 0.27891000 0.84765600
vt 0.27891000 0.87890600
vt 0.33437100 0.82734200
vt 0.33437100 0.82734200
vt 0.33437100 0.78046700
vt 0.33437100 0.84765600
vt 0.33437100 0.87890600
vt 0.33437100 0.84765600
vt 0.33437100 0.78046700
vt 0.33437100 0.82734200
vt 0.33437100 0.82734200
vt 0.33437100 0.87890600
vt 0.33437100 0.84765600
vt 0.33437100 0.84765600
vt 0.33159800 0.81171700
vt 0.33159800 0.78046700
vt 0.33159800 0.82734200
vt 0.28168300 0.82734200
vt 0.28168300 0.78046700
vt 0.28168300 0.81171700
vt 0.28168300 0.84765600
vt 0.28168300 0.83203100
vt 0.28168300 0.87890600
vt 0.28168300 0.86328100
vt 0.33159800 0.86328100
vt 0.33159800 0.83203100
vt 0.33159800 0.87890600
vt 0.33159800 0.84765600
vt 0.28168300 0.78046700
vt 0.28168300 0.81171700
vt 0.28168300 0.82734200
vt 0.33159800 0.78046700
vt 0.33159800 0.82734200
vt 0.33159800 0.81171700
vt 0.33159800 0.86328100
vt 0.33159800 0.84765600
vt 0.33159800 0.83203100
vt 0.33159800 0.87890600
vt 0.28168300 0.87890600
vt 0.28168300 0.83203100
vt 0.28168300 0.84765600
vt 0.28168300 0.86328100
vt 0.27891000 0.78046700
vt 0.27891000 0.82734200
vt 0.27891000 0.81171700
vt 0.27891000 0.78046700
vt 0.27891000 0.82734200
vt 0.27891000 0.81171700
vt 0.27891000 0.84765600
vt 0.27891000 0.83203100
vt 0.27891000 0.86328100
vt 0.27891000 0.87890600
vt 0.27891000 0.87890600
vt 0.27891000 0.86328100
vt 0.27891000 0.84765600
vt 0.27891000 0.83203100
vt 0.33437100 0.81171700
vt 0.33437100 0.78046700
vt 0.33437100 0.82734200
vt 0.33437100 0.78046700
vt 0.33437100 0.82734200
vt 0.33437100 0.81171700
vt 0.33437100 0.86328100
vt 0.33437100 0.87890600
vt 0.33437100 0.84765600
vt 0.33437100 0.83203100
vt 0.33437100 0.83203100
vt 0.33437100 0.84765600
vt 0.33437100 0.87890600
vt 0.33437100 0.86328100
vt 0.33159800 0.86328100
vt 0.33159800 0.87890600
vt 0.33159800 0.84765600
vt 0.33159800 0.86328100
vt 0.33159800 0.84765600
vt 0.33159800 0.87890600
vt 0.28168300 0.87890600
vt 0.28168300 0.84765600
vt 0.28168300 0.86328100
vt 0.28168300 0.87890600
vt 0.28168300 0.84765600
vt 0.28168300 0.86328100
vt 0.28168300 0.78046700
vt 0.28168300 0.78046700
vt 0.33159800 0.78046700
vt 0.33159800 0.78046700
vt 0.40625000 0.26899900
vt 0.43750000 0.31587400
vt 0.40625000 0.26899900
vt 0.43750000 0.31587400
vt 0.43750000 0.31587400
vt 0.40625000 0.26899900
vt 0.43750000 0.31587400
vt 0.40625000 0.26899900
vt 0.43750000 0.31587400
vt 0.28663500 0.59769200
vt 0.31250000 0.64456700
vt 0.30988300 0.64456700
vt 0.28663500 0.59769200
vt 0.28663500 0.59769200
vt 0.30988300 0.64456700
vt 0.31250000 0.64456700
vt 0.28125000 0.59769200
vt 0.30988300 0.64456700
vt 0.30988300 0.64456700
vt 0.30988300 0.60784400
vt 0.40625000 0.31096900
vt 0.43750000 0.35784400
vt 0.28125000 0.56096900
vt 0.40625000 0.31096900
vt 0.30988300 0.60784400
vt 0.28663500 0.56096900
vt 0.43750000 0.35784400
vt 0.43750000 0.35784400
vt 0.30988300 0.60784400
vt 0.30988300 0.60784400
vt 0.43750000 0.35784400
vt 0.30988300 0.61702400
vt 0.33313100 0.57014900
vt 0.33313100 0.57014900
vt 0.33313100 0.58851100
vt 0.33313100 0.58851100
vt 0.30988300 0.63538600
vt 0.33313100 0.58851100
vt 0.33313100 0.58851100
vt 0.30988300 0.63538600
vt 0.33313100 0.57014900
vt 0.30988300 0.61702400
vt 0.33313100 0.57014900
vt 0.46875000 0.27555700
vt 0.43750000 0.32243200
vt 0.46875000 0.27555700
vt 0.43750000 0.34341700
vt 0.46875000 0.29654200
vt 0.46875000 0.29654200
vt 0.33313100 0.58851100
vt 0.30988300 0.63538600
vt 0.33313100 0.58851100
vt 0.33313100 0.57014900
vt 0.30988300 0.61702400
vt 0.33313100 0.57014900
vt 0.33313100 0.57014900
vt 0.33313100 0.57014900
vt 0.30988300 0.61702400
vt 0.30988300 0.63538600
vt 0.33313100 0.58851100
vt 0.33313100 0.58851100
vt 0.43750000 0.31613700
vt 0.46875000 0.26926200
vt 0.46875000 0.26926200
vt 0.43750000 0.34341700
vt 0.46875000 0.29654200
vt 0.46875000 0.29654200
vt 0.46875000 0.29654200
vt 0.46875000 0.29654200
vt 0.43750000 0.34341700
vt 0.46875000 0.26926200
vt 0.43750000 0.31613700
vt 0.46875000 0.26926200
vt 0.46875000 0.29654200
vt 0.46875000 0.29654200
vt 0.43750000 0.34341700
vt 0.46875000 0.27555700
vt 0.46875000 0.27555700
vt 0.43750000 0.32243200
vt 0.33313100 0.57014900
vt 0.30988300 0.61702400
vt 0.33313100 0.57014900
vt 0.30988300 0.63538600
vt 0.33313100 0.58851100
vt 0.33313100 0.58851100
vt 0.33313100 0.58851100
vt 0.30988300 0.63538600
vt 0.33313100 0.58851100
vt 0.33313100 0.57014900
vt 0.33313100 0.57014900
vt 0.30988300 0.61702400
vt 0.46875000 0.27555700
vt 0.46875000 0.27555700
vt 0.46875000 0.27555700
vt 0.46875000 0.27555700
vt 0.46875000 0.26926200
vt 0.46875000 0.26926200
vt 0.46875000 0.26926200
vt 0.46875000 0.26926200
vt 0.33313100 0.58851100
vt 0.33313100 0.58851100
vt 0.33313100 0.57014900
vt 0.33313100 0.57014900
vt 0.33313100 0.57014900
vt 0.33313100 0.57014900
vt 0.33313100 0.58851100
vt 0.33313100 0.58851100
vt 0.46875000 0.29654200
vt 0.46875000 0.29654200
vt 0.33313100 0.58851100
vt 0.33313100 0.58851100
vt 0.33313100 0.57014900
vt 0.33313100 0.57014900
vt 0.33313100 0.58851100
vt 0.33313100 0.58851100
vt 0.33313100 0.57014900
vt 0.33313100 0.57014900
vt 0.46875000 0.29654200
vt 0.46875000 0.29654200
vt 0.46875000 0.29654200
vt 0.46875000 0.29654200
vt 0.46875000 0.29654200
vt 0.46875000 0.29654200
vt 0.33313100 0.58851100
vt 0.33313100 0.58851100
vt 0.33313100 0.57014900
vt 0.33313100 0.57014900
vt 0.33313100 0.57014900
vt 0.33313100 0.57014900
vt 0.33313100 0.58851100
vt 0.33313100 0.58851100
vt 0.04100300 0.01579700
vt 0.77583000 0.91677600
vt 0.84918200 0.91677600
vt 0.20899700 0.01579700
vt 0.64663700 0.92785000
vt 0.64663700 0.95910000
vt 0.64663700 0.91734100
vt 0.64663700 0.88609100
vt 0.64663700 0.91734100
vt 0.64663700 0.91734100
vt 0.64663700 0.88609100
vt 0.71498300 0.95910000
vt 0.71498300 0.92785000
vt 0.64663700 0.95910000
vt 0.64663700 0.92785000
vt 0.64663700 0.92785000
vt 0.71498300 0.91734100
vt 0.71498300 0.88609100
vt 0.71498300 0.95910000
vt 0.71498300 0.92785000
vt 0.71498300 0.92785000
vt 0.71498300 0.91734100
vt 0.71498300 0.91734100
vt 0.71498300 0.88609100
vt 0.70005600 0.92325500
vt 0.70005600 0.83745400
vt 0.70005600 0.83745400
vt 0.70005600 0.83745400
vt 0.70005600 0.92325500
vt 0.70005600 0.92325500
vt 0.70947300 0.92325500
vt 0.70947300 0.83745400
vt 0.65214500 0.83745400
vt 0.66156400 0.92325500
vt 0.65214500 0.92325500
vt 0.66156400 0.83745400
vt 0.66156400 0.92325500
vt 0.66156400 0.92325500
vt 0.66156400 0.83745400
vt 0.66156400 0.83745400
vt 0.27163700 0.87068000
vt 0.27163700 0.83943000
vt 0.27163700 0.82214800
vt 0.33998300 0.87068000
vt 0.33998300 0.83943000
vt 0.27163700 0.83943000
vt 0.27163700 0.83943000
vt 0.27163700 0.87068000
vt 0.33998300 0.82214800
vt 0.33998300 0.83943000
vt 0.33998300 0.83943000
vt 0.33998300 0.87068000
vt 0.27163700 0.83199700
vt 0.27163700 0.83199700
vt 0.33998300 0.83199700
vt 0.33998300 0.83199700
vt 0.77938700 0.92954200
vt 0.77938700 0.86101900
vt 0.77938700 0.89226900
vt 0.77938700 0.86101900
vt 0.83223200 0.92954200
vt 0.77938700 0.89829200
vt 0.77938700 0.92954200
vt 0.83223200 0.86101900
vt 0.83223200 0.89829200
vt 0.83223200 0.92954200
vt 0.83223200 0.89226900
vt 0.83223200 0.86101900
vt 0.20899700 0.23420600
vt 0.84918200 0.83322400
vt 0.04100300 0.23420600
vt 0.77583000 0.83322400
vt 0.82505600 0.92325500
vt 0.82505600 0.83745400
vt 0.82505600 0.83745400
vt 0.82505600 0.83745400
vt 0.82505600 0.92325500
vt 0.82505600 0.92325500
vt 0.83447300 0.92325500
vt 0.83447300 0.83745400
vt 0.77714500 0.83745400
vt 0.78656400 0.92325500
vt 0.77714500 0.92325500
vt 0.78656400 0.83745400
vt 0.78656400 0.92325500
vt 0.78656400 0.92325500
vt 0.78656400 0.83745400
vt 0.78656400 0.83745400
vt 0.65501900 0.35917500
vt 0.72185200 0.35917500
vt 0.65501900 0.42600800
vt 0.72185200 0.42600800
vt 0.77938700 0.92954200
vt 0.77938700 0.89226900
vt 0.83223200 0.92954200
vt 0.77938700 0.89829200
vt 0.77938700 0.92954200
vt 0.83223200 0.92954200
vt 0.83223200 0.89829200
vt 0.83223200 0.89226900
vt 0.82215100 0.81886500
vt 0.82215100 0.85805100
vt 0.82215100 0.87367600
vt 0.82215100 0.87367600
vt 0.81421300 0.85805100
vt 0.81421300 0.87367600
vt 0.82215100 0.89734400
vt 0.82215100 0.91296900
vt 0.82215100 0.89734400
vt 0.82215100 0.95215500
vt 0.81421300 0.91296900
vt 0.81421300 0.89734400
vt 0.82215100 0.81886500
vt 0.81421300 0.85805100
vt 0.81421300 0.87367600
vt 0.82215100 0.85805100
vt 0.82215100 0.87367600
vt 0.82215100 0.95215500
vt 0.82215100 0.89734400
vt 0.82215100 0.91296900
vt 0.81421300 0.89734400
vt 0.81421300 0.91296900
vt 0.84581700 0.81886500
vt 0.85375400 0.85805100
vt 0.85375400 0.87367600
vt 0.84581700 0.87367600
vt 0.84581700 0.85805100
vt 0.84581700 0.87367600
vt 0.84581700 0.95215500
vt 0.84581700 0.89734400
vt 0.84581700 0.91296900
vt 0.84581700 0.89734400
vt 0.85375400 0.89734400
vt 0.85375400 0.91296900
vt 0.84581700 0.81886500
vt 0.84581700 0.85805100
vt 0.84581700 0.87367600
vt 0.85375400 0.87367600
vt 0.85375400 0.85805100
vt 0.84581700 0.95215500
vt 0.85375400 0.89734400
vt 0.85375400 0.91296900
vt 0.84581700 0.89734400
vt 0.84581700 0.91296900
vt 0.04100300 0.01579700
vt 0.64663700 0.92785000
vt 0.64663700 0.95910000
vt 0.64663700 0.88609100
vt 0.64663700 0.91734100
vt 0.64663700 0.91734100
vt 0.64663700 0.88609100
vt 0.64663700 0.91734100
vt 0.64663700 0.92785000
vt 0.64663700 0.95910000
vt 0.64663700 0.92785000
vt 0.65214500 0.83745400
vt 0.66156400 0.92325500
vt 0.65214500 0.92325500
vt 0.66156400 0.83745400
vt 0.66156400 0.92325500
vt 0.66156400 0.92325500
vt 0.66156400 0.83745400
vt 0.66156400 0.83745400
vt 0.64663700 0.87068000
vt 0.64663700 0.83943000
vt 0.64663700 0.82214800
vt 0.64663700 0.79089800
vt 0.64663700 0.87068000
vt 0.64663700 0.83943000
vt 0.64663700 0.83943000
vt 0.64663700 0.80074700
vt 0.64663700 0.83199700
vt 0.64663700 0.83199700
vt 0.04100300 0.23420600
vt 0.20899700 0.01579700
vt 0.71498300 0.92785000
vt 0.71498300 0.95910000
vt 0.71498300 0.88609100
vt 0.71498300 0.91734100
vt 0.71498300 0.92785000
vt 0.71498300 0.92785000
vt 0.71498300 0.95910000
vt 0.71498300 0.91734100
vt 0.71498300 0.88609100
vt 0.71498300 0.91734100
vt 0.70005600 0.92325500
vt 0.70005600 0.83745400
vt 0.70005600 0.83745400
vt 0.70005600 0.83745400
vt 0.70005600 0.92325500
vt 0.70005600 0.92325500
vt 0.70947300 0.92325500
vt 0.70947300 0.83745400
vt 0.71498300 0.83943000
vt 0.71498300 0.87068000
vt 0.71498300 0.82214800
vt 0.71498300 0.79089800
vt 0.71498300 0.83943000
vt 0.71498300 0.83943000
vt 0.71498300 0.87068000
vt 0.71498300 0.83199700
vt 0.71498300 0.83199700
vt 0.71498300 0.80074700
vt 0.20899700 0.23420600
vt 0.04100300 0.01579700
vt 0.78370300 0.66677600
vt 0.84130900 0.66677600
vt 0.20899700 0.01579700
vt 0.14663700 0.95910000
vt 0.14663700 0.92785000
vt 0.14663700 0.91734100
vt 0.14663700 0.91734100
vt 0.14663700 0.88609100
vt 0.14663700 0.88609100
vt 0.14663700 0.91734100
vt 0.21498300 0.92785000
vt 0.21498300 0.95910000
vt 0.14663700 0.95910000
vt 0.14663700 0.92785000
vt 0.14663700 0.92785000
vt 0.21498300 0.88609100
vt 0.21498300 0.91734100
vt 0.21498300 0.92785000
vt 0.21498300 0.95910000
vt 0.21498300 0.92785000
vt 0.21498300 0.91734100
vt 0.21498300 0.91734100
vt 0.21498300 0.88609100
vt 0.20005600 0.92325500
vt 0.20005600 0.83745400
vt 0.20005600 0.83745400
vt 0.20005600 0.83745400
vt 0.20005600 0.92325500
vt 0.20005600 0.92325500
vt 0.20947300 0.92325500
vt 0.20947300 0.83745400
vt 0.15214500 0.83745400
vt 0.16156400 0.92325500
vt 0.15214500 0.92325500
vt 0.16156400 0.83745400
vt 0.16156400 0.92325500
vt 0.16156400 0.92325500
vt 0.16156400 0.83745400
vt 0.16156400 0.83745400
vt 0.14663700 0.87068000
vt 0.14663700 0.83943000
vt 0.14663700 0.79089800
vt 0.14663700 0.82214800
vt 0.21498300 0.87068000
vt 0.21498300 0.83943000
vt 0.14663700 0.83943000
vt 0.14663700 0.83943000
vt 0.14663700 0.87068000
vt 0.21498300 0.82214800
vt 0.21498300 0.79089800
vt 0.21498300 0.83943000
vt 0.21498300 0.83943000
vt 0.21498300 0.87068000
vt 0.14663700 0.79089800
vt 0.14663700 0.82214800
vt 0.14663700 0.79089800
vt 0.14663700 0.83199700
vt 0.14663700 0.83199700
vt 0.14663700 0.80074700
vt 0.21498300 0.80074700
vt 0.21498300 0.83199700
vt 0.21498300 0.83199700
vt 0.21498300 0.79089800
vt 0.21498300 0.82214800
vt 0.21498300 0.79089800
vt 0.15438700 0.92954200
vt 0.15438700 0.86101900
vt 0.15438700 0.89226900
vt 0.15438700 0.86101900
vt 0.20723200 0.92954200
vt 0.15438700 0.92954200
vt 0.15438700 0.89829200
vt 0.20723200 0.86101900
vt 0.20723200 0.92954200
vt 0.20723200 0.89829200
vt 0.20723200 0.89226900
vt 0.20723200 0.86101900
vt 0.84130900 0.58322400
vt 0.20899700 0.23420600
vt 0.04100300 0.23420600
vt 0.78370300 0.58322400
vt 0.04100300 0.01579700
vt 0.78370300 0.66677600
vt 0.84130900 0.66677600
vt 0.20899700 0.01579700
vt 0.14663700 0.95910000
vt 0.14663700 0.92785000
vt 0.14663700 0.91734100
vt 0.14663700 0.91734100
vt 0.14663700 0.88609100
vt 0.14663700 0.91734100
vt 0.14663700 0.88609100
vt 0.21498300 0.95910000
vt 0.21498300 0.92785000
vt 0.14663700 0.92785000
vt 0.14663700 0.95910000
vt 0.14663700 0.92785000
vt 0.21498300 0.91734100
vt 0.21498300 0.88609100
vt 0.21498300 0.92785000
vt 0.21498300 0.95910000
vt 0.21498300 0.92785000
vt 0.21498300 0.88609100
vt 0.21498300 0.91734100
vt 0.21498300 0.91734100
vt 0.20005600 0.92325500
vt 0.20005600 0.83745400
vt 0.20005600 0.83745400
vt 0.20005600 0.83745400
vt 0.20005600 0.92325500
vt 0.20005600 0.92325500
vt 0.20947300 0.92325500
vt 0.20947300 0.83745400
vt 0.15214500 0.83745400
vt 0.16156400 0.92325500
vt 0.15214500 0.92325500
vt 0.16156400 0.83745400
vt 0.16156400 0.92325500
vt 0.16156400 0.92325500
vt 0.16156400 0.83745400
vt 0.16156400 0.83745400
vt 0.14663700 0.83943000
vt 0.14663700 0.87068000
vt 0.14663700 0.79089800
vt 0.14663700 0.82214800
vt 0.21498300 0.87068000
vt 0.21498300 0.83943000
vt 0.14663700 0.83943000
vt 0.14663700 0.87068000
vt 0.14663700 0.83943000
vt 0.21498300 0.82214800
vt 0.21498300 0.79089800
vt 0.21498300 0.83943000
vt 0.21498300 0.83943000
vt 0.21498300 0.87068000
vt 0.14663700 0.82214800
vt 0.14663700 0.79089800
vt 0.14663700 0.79089800
vt 0.14663700 0.83199700
vt 0.14663700 0.83199700
vt 0.14663700 0.80074700
vt 0.21498300 0.83199700
vt 0.21498300 0.83199700
vt 0.21498300 0.80074700
vt 0.21498300 0.79089800
vt 0.21498300 0.79089800
vt 0.21498300 0.82214800
vt 0.15438700 0.92954200
vt 0.15438700 0.86101900
vt 0.15438700 0.89226900
vt 0.15438700 0.86101900
vt 0.20723200 0.92954200
vt 0.15438700 0.92954200
vt 0.15438700 0.89829200
vt 0.20723200 0.86101900
vt 0.20723200 0.89829200
vt 0.20723200 0.92954200
vt 0.20723200 0.86101900
vt 0.20723200 0.89226900
vt 0.20899700 0.23420600
vt 0.84130900 0.58322400
vt 0.78370300 0.58322400
vt 0.04100300 0.23420600
vt 0.78370300 0.66677600
vt 0.84130900 0.66677600
vt 0.14663700 0.92785000
vt 0.14663700 0.95910000
vt 0.14663700 0.91734100
vt 0.14663700 0.88609100
vt 0.14663700 0.91734100
vt 0.14663700 0.88609100
vt 0.14663700 0.91734100
vt 0.21498300 0.92785000
vt 0.21498300 0.95910000
vt 0.14663700 0.92785000
vt 0.14663700 0.92785000
vt 0.14663700 0.95910000
vt 0.21498300 0.88609100
vt 0.21498300 0.91734100
vt 0.21498300 0.92785000
vt 0.21498300 0.92785000
vt 0.21498300 0.95910000
vt 0.21498300 0.88609100
vt 0.21498300 0.91734100
vt 0.21498300 0.91734100
vt 0.20005600 0.92325500
vt 0.20005600 0.83745400
vt 0.20005600 0.83745400
vt 0.20005600 0.83745400
vt 0.20005600 0.92325500
vt 0.20005600 0.92325500
vt 0.20947300 0.92325500
vt 0.20947300 0.83745400
vt 0.15214500 0.83745400
vt 0.16156400 0.92325500
vt 0.15214500 0.92325500
vt 0.16156400 0.83745400
vt 0.16156400 0.92325500
vt 0.16156400 0.92325500
vt 0.16156400 0.83745400
vt 0.16156400 0.83745400
vt 0.14663700 0.83943000
vt 0.14663700 0.87068000
vt 0.14663700 0.79089800
vt 0.14663700 0.82214800
vt 0.21498300 0.87068000
vt 0.21498300 0.83943000
vt 0.14663700 0.87068000
vt 0.14663700 0.83943000
vt 0.14663700 0.83943000
vt 0.21498300 0.82214800
vt 0.21498300 0.79089800
vt 0.21498300 0.83943000
vt 0.21498300 0.83943000
vt 0.21498300 0.87068000
vt 0.14663700 0.82214800
vt 0.14663700 0.79089800
vt 0.14663700 0.79089800
vt 0.14663700 0.83199700
vt 0.14663700 0.80074700
vt 0.14663700 0.83199700
vt 0.21498300 0.83199700
vt 0.21498300 0.80074700
vt 0.21498300 0.83199700
vt 0.21498300 0.79089800
vt 0.21498300 0.79089800
vt 0.21498300 0.82214800
vt 0.84130900 0.58322400
vt 0.78370300 0.58322400
vt 0.26216900 0.89543000
vt 0.26216900 0.86418000
vt 0.26216900 0.89543000
vt 0.26216900 0.91470000
vt 0.26216900 0.91470000
vt 0.26216900 0.94595000
vt 0.26216900 0.89543000
vt 0.26216900 0.89543000
vt 0.26216900 0.86418000
vt 0.26216900 0.91470000
vt 0.26216900 0.91470000
vt 0.26216900 0.94595000
vt 0.30381700 0.89543000
vt 0.30381700 0.86418000
vt 0.30381700 0.89543000
vt 0.30381700 0.91470000
vt 0.30381700 0.91470000
vt 0.30381700 0.94595000
vt 0.30381700 0.89543000
vt 0.30381700 0.89543000
vt 0.30381700 0.86418000
vt 0.30381700 0.94595000
vt 0.30381700 0.91470000
vt 0.30381700 0.91470000
vt 0.30029400 0.94595000
vt 0.30029400 0.91470000
vt 0.30029400 0.91470000
vt 0.26569200 0.91470000
vt 0.26569200 0.91470000
vt 0.26569200 0.94595000
vt 0.26569200 0.94595000
vt 0.26569200 0.91470000
vt 0.26569200 0.91470000
vt 0.30029400 0.91470000
vt 0.30029400 0.91470000
vt 0.30029400 0.94595000
vt 0.26657600 0.93759100
vt 0.26657600 0.90634100
vt 0.26657600 0.90634100
vt 0.29940900 0.90634100
vt 0.29940900 0.90634100
vt 0.29940900 0.93759100
vt 0.29940900 0.93759100
vt 0.29940900 0.90634100
vt 0.29940900 0.90634100
vt 0.26657600 0.90634100
vt 0.26657600 0.90634100
vt 0.26657600 0.93759100
vt 0.26216900 0.83864100
vt 0.26216900 0.80739100
vt 0.26216900 0.83864100
vt 0.26216900 0.88916100
vt 0.26216900 0.85791100
vt 0.26216900 0.85791100
vt 0.26216900 0.83864100
vt 0.26216900 0.80739100
vt 0.26216900 0.83864100
vt 0.26216900 0.85791100
vt 0.26216900 0.88916100
vt 0.26216900 0.85791100
vt 0.30381700 0.83864100
vt 0.30381700 0.83864100
vt 0.30381700 0.80739100
vt 0.30381700 0.85791100
vt 0.30381700 0.85791100
vt 0.30381700 0.88916100
vt 0.33158200 0.80739100
vt 0.33158200 0.83864100
vt 0.33158200 0.83864100
vt 0.33158200 0.85791100
vt 0.33158200 0.88916100
vt 0.33158200 0.85791100
vt 0.26216900 0.80739100
vt 0.26216900 0.83864100
vt 0.26216900 0.83864100
vt 0.26216900 0.80739100
vt 0.26216900 0.85791100
vt 0.26216900 0.88916100
vt 0.26216900 0.88916100
vt 0.26216900 0.85791100
vt 0.30381700 0.83864100
vt 0.30381700 0.80739100
vt 0.33158200 0.80739100
vt 0.33158200 0.83864100
vt 0.33158200 0.88916100
vt 0.33158200 0.85791100
vt 0.30381700 0.85791100
vt 0.30381700 0.88916100
vt 0.38581000 0.34278100
vt 0.38581000 0.37465000
vt 0.39538900 0.37465000
vt 0.39538900 0.34278100
vt 0.38586100 0.34272100
vt 0.38586100 0.37459000
vt 0.39543900 0.37459000
vt 0.39543900 0.34272100
vt 0.38581000 0.42749800
vt 0.38581000 0.45936700
vt 0.39538900 0.45936700
vt 0.39538900 0.42749800
vt 0.38586100 0.42743800
vt 0.38586100 0.45930700
vt 0.39543900 0.45930700
vt 0.39543900 0.42743800
vt 0.27142900 0.70258400
vt 0.27142900 0.73445200
vt 0.27855400 0.73445200
vt 0.27855400 0.70258400
vt 0.27146700 0.70252400
vt 0.27146700 0.73439200
vt 0.27859200 0.73439200
vt 0.27859200 0.70252400
vt 0.27859200 0.61780700
vt 0.27859200 0.64967500
vt 0.27146700 0.64967500
vt 0.27146700 0.61780700
vt 0.27855400 0.61786700
vt 0.27855400 0.64973500
vt 0.27142900 0.64973500
vt 0.27142900 0.61786700
vt 0.31250000 0.60522000
vt 0.40625000 0.30834500
vt 0.43750000 0.35522000
vt 0.28125000 0.55834500
vt 0.28125000 0.55834500
vt 0.40625000 0.30834500
vt 0.43750000 0.35522000
vt 0.31250000 0.60522000
vt 0.64155400 0.33085400
vt 0.63484700 0.37548700
vt 0.70514400 0.33085400
vt 0.71185100 0.37548700
vt 0.69318300 0.35172100
vt 0.65351600 0.35172100
vt 0.67334900 0.35955500
vt 0.65351600 0.40096900
vt 0.69318300 0.40096900
vt 0.67334900 0.40880300
vt 0.56152200 0.60338700
vt 0.56152200 0.56598300
vt 0.56152200 0.56598300
vt 0.56152200 0.61507900
vt 0.56152200 0.61507900
vt 0.56152200 0.59014300
vt 0.58178800 0.56598300
vt 0.58178800 0.60338700
vt 0.58178800 0.61507900
vt 0.58178800 0.59014300
vt 0.59018400 0.54104800
vt 0.59018400 0.56598300
vt 0.59018400 0.60338700
vt 0.59018400 0.61507900
vt 0.59018400 0.59014300
vt 0.59018400 0.61507900
vt 0.58178800 0.60338700
vt 0.58178800 0.54104800
vt 0.58178800 0.56598300
vt 0.58178800 0.61507900
vt 0.58178800 0.59014300
vt 0.56152200 0.60338700
vt 0.56152200 0.54104800
vt 0.56152200 0.56598300
vt 0.56152200 0.61507900
vt 0.56152200 0.61507900
vt 0.56152200 0.59014300
vt 0.54125400 0.60338700
vt 0.54125400 0.54104800
vt 0.54125400 0.56598300
vt 0.54125400 0.61507900
vt 0.54125400 0.59014300
vt 0.53285900 0.56598300
vt 0.53285900 0.54104800
vt 0.53285900 0.60338700
vt 0.53285900 0.61507900
vt 0.53285900 0.59014300
vt 0.53285900 0.61507900
vt 0.54125400 0.60338700
vt 0.54125400 0.56598300
vt 0.54125400 0.61507900
vt 0.54125400 0.59014300
vt 0.58178800 0.68217100
vt 0.58178800 0.63230000
vt 0.58178800 0.64476700
vt 0.56152200 0.64476700
vt 0.56152200 0.63230000
vt 0.56152200 0.68217100
vt 0.59018400 0.63230000
vt 0.59018400 0.68217100
vt 0.59018400 0.64476700
vt 0.58178800 0.63230000
vt 0.58178800 0.64476700
vt 0.58178800 0.68217100
vt 0.56152200 0.68217100
vt 0.56152200 0.63230000
vt 0.56152200 0.64476700
vt 0.54125400 0.64476700
vt 0.54125400 0.63230000
vt 0.54125400 0.68217100
vt 0.53285900 0.64476700
vt 0.53285900 0.68217100
vt 0.53285900 0.63230000
vt 0.54125400 0.64476700
vt 0.54125400 0.63230000
vt 0.54125400 0.68217100
vt 0.57645500 0.65697300
vt 0.56152200 0.65697300
vt 0.58264200 0.65697300
vt 0.57645500 0.65697300
vt 0.56152200 0.65697300
vt 0.54658900 0.65697300
vt 0.54040200 0.65697300
vt 0.54658900 0.65697300
vt 0.56152200 0.68858600
vt 0.52552700 0.61706000
vt 0.52552700 0.59212400
vt 0.52552700 0.61706000
vt 0.53607000 0.59212400
vt 0.53607000 0.61706000
vt 0.56152200 0.59212400
vt 0.56152200 0.61706000
vt 0.56152200 0.61706000
vt 0.58697400 0.59212400
vt 0.58697400 0.61706000
vt 0.59751700 0.61706000
vt 0.59751700 0.61706000
vt 0.59751700 0.59212400
vt 0.56152200 0.61706000
vt 0.56152200 0.59212400
vt 0.58697400 0.61706000
vt 0.58697400 0.61706000
vt 0.58697400 0.59212400
vt 0.53607000 0.61706000
vt 0.53607000 0.61706000
vt 0.53607000 0.59212400
vt 0.58697400 0.63078300
vt 0.58697400 0.63078300
vt 0.58697400 0.66818700
vt 0.56152200 0.63078300
vt 0.56152200 0.66818700
vt 0.59751700 0.63078300
vt 0.59751700 0.63078300
vt 0.59751700 0.66818700
vt 0.58697400 0.66818700
vt 0.58697400 0.63078300
vt 0.56152200 0.66818700
vt 0.56152200 0.63078300
vt 0.56152200 0.63078300
vt 0.53607000 0.63078300
vt 0.53607000 0.66818700
vt 0.52552700 0.66818700
vt 0.52552700 0.63078300
vt 0.52552700 0.63078300
vt 0.53607000 0.63078300
vt 0.53607000 0.66818700
vt 0.53607000 0.63078300
vt 0.56796600 0.53654100
vt 0.56796600 0.53654100
vt 0.56796600 0.56147700
vt 0.56796600 0.53654100
vt 0.56796600 0.53654100
vt 0.57707800 0.56874800
vt 0.57707800 0.54381300
vt 0.57707800 0.56874800
vt 0.57707800 0.56874800
vt 0.57707800 0.54381300
vt 0.57707800 0.61643600
vt 0.57707800 0.57903200
vt 0.57707800 0.57903200
vt 0.57707800 0.61643600
vt 0.57707800 0.57903200
vt 0.56796600 0.58630400
vt 0.56796600 0.62370800
vt 0.56796600 0.62370800
vt 0.56796600 0.62370800
vt 0.56796600 0.62370800
vt 0.56152200 0.59957300
vt 0.56152200 0.56216900
vt 0.58790900 0.59957300
vt 0.58790900 0.56216900
vt 0.58790900 0.56216900
vt 0.59884000 0.59957300
vt 0.59884000 0.56216900
vt 0.59884000 0.56216900
vt 0.58790900 0.59957300
vt 0.58790900 0.56216900
vt 0.56152200 0.56216900
vt 0.56152200 0.59957300
vt 0.56152200 0.56216900
vt 0.53513300 0.56216900
vt 0.53513300 0.59957300
vt 0.52420400 0.59957300
vt 0.52420400 0.56216900
vt 0.52420400 0.56216900
vt 0.53513300 0.56216900
vt 0.53513300 0.56216900
vt 0.53513300 0.59957300
vt 0.56152200 0.54844600
vt 0.58790900 0.54844600
vt 0.58790900 0.54844600
vt 0.59884000 0.54844600
vt 0.59884000 0.54844600
vt 0.58790900 0.54844600
vt 0.56152200 0.54844600
vt 0.56152200 0.54844600
vt 0.53513300 0.54844600
vt 0.52420400 0.54844600
vt 0.52420400 0.54844600
vt 0.53513300 0.54844600
vt 0.53513300 0.54844600
vt 0.55507800 0.53654100
vt 0.55507800 0.56147700
vt 0.55507800 0.53654100
vt 0.54596400 0.54381300
vt 0.54596400 0.56874800
vt 0.54596400 0.56874800
vt 0.54596400 0.56874800
vt 0.54596400 0.54381300
vt 0.54596400 0.57903200
vt 0.54596400 0.61643600
vt 0.54596400 0.61643600
vt 0.54596400 0.57903200
vt 0.54596400 0.57903200
vt 0.55507800 0.62370800
vt 0.55507800 0.62370800
vt 0.55507800 0.62370800
vt 0.55507800 0.58630400
vt 0.55507800 0.62370800
vt 0.56478700 0.56759900
vt 0.56478700 0.60500300
vt 0.56940500 0.57128400
vt 0.56940500 0.57128400
vt 0.56940500 0.60868800
vt 0.56940500 0.57649600
vt 0.56940500 0.57649600
vt 0.56478700 0.58018100
vt 0.56478700 0.58018100
vt 0.55825700 0.58018100
vt 0.55825700 0.58018100
vt 0.55363800 0.57649600
vt 0.55363800 0.57649600
vt 0.55363800 0.60868800
vt 0.55363800 0.57128400
vt 0.55363800 0.57128400
vt 0.55825700 0.60500300
vt 0.55825700 0.56759900
vt 0.56152200 0.61129400
vt 0.56152200 0.57389100
vt 0.52268600 0.54196200
vt 0.52268600 0.56689700
vt 0.52268600 0.56689700
vt 0.52268600 0.58088400
vt 0.52268600 0.58088400
vt 0.52268600 0.61828700
vt 0.52268600 0.56689700
vt 0.52268600 0.56689700
vt 0.52268600 0.54196200
vt 0.52268600 0.61828700
vt 0.52268600 0.58088400
vt 0.52268600 0.58088400
vt 0.60035900 0.56689700
vt 0.60035900 0.54196200
vt 0.60035900 0.56689700
vt 0.60035900 0.58088400
vt 0.60035900 0.61828700
vt 0.60035900 0.58088400
vt 0.60035900 0.56689700
vt 0.60035900 0.56689700
vt 0.60035900 0.54196200
vt 0.60035900 0.61828700
vt 0.60035900 0.58088400
vt 0.60035900 0.58088400
vt 0.26026200 0.40129000
vt 0.26026200 0.40129000
vt 0.26026200 0.37004000
vt 0.26026200 0.42180700
vt 0.26026200 0.45305700
vt 0.26026200 0.42180700
vt 0.26026200 0.42180700
vt 0.26026200 0.42180700
vt 0.26026200 0.45305700
vt 0.26026200 0.40129000
vt 0.26026200 0.40129000
vt 0.26026200 0.37004000
vt 0.56372800 0.90070000
vt 0.56372800 0.86945000
vt 0.56372800 0.86945000
vt 0.56372800 0.88507500
vt 0.55754900 0.90070000
vt 0.55754900 0.86945000
vt 0.55754900 0.86945000
vt 0.55754900 0.88507500
vt 0.55754900 0.94361600
vt 0.55754900 0.92799100
vt 0.55754900 0.92799100
vt 0.55754900 0.95924100
vt 0.56372800 0.95924100
vt 0.56372800 0.92799100
vt 0.56372800 0.92799100
vt 0.56372800 0.94361600
vt 0.28304900 0.39724100
vt 0.28304900 0.36599100
vt 0.28304900 0.39724100
vt 0.28304900 0.45592100
vt 0.28304900 0.45592100
vt 0.28304900 0.39724100
vt 0.28304900 0.39724100
vt 0.28304900 0.36599100
vt 0.32437500 0.45592100
vt 0.32437500 0.39724100
vt 0.32437500 0.36599100
vt 0.32437500 0.39724100
vt 0.32437500 0.45592100
vt 0.32437500 0.39724100
vt 0.32437500 0.39724100
vt 0.32437500 0.36599100
vt 0.34716000 0.42180700
vt 0.34716000 0.42180700
vt 0.34716000 0.45305700
vt 0.34716000 0.37004000
vt 0.34716000 0.40129000
vt 0.34716000 0.40129000
vt 0.34716000 0.45305700
vt 0.34716000 0.42180700
vt 0.34716000 0.42180700
vt 0.34716000 0.37004000
vt 0.34716000 0.40129000
vt 0.34716000 0.40129000
vt 0.29796400 0.32548900
vt 0.29796400 0.29423900
vt 0.28304900 0.33378200
vt 0.28304900 0.30253200
vt 0.28304900 0.30253200
vt 0.28304900 0.33378200
vt 0.28304900 0.30253200
vt 0.28304900 0.33378200
vt 0.28304900 0.30253200
vt 0.28304900 0.33378200
vt 0.29796400 0.32548900
vt 0.29796400 0.29423900
vt 0.32437500 0.33378200
vt 0.32437500 0.30253200
vt 0.32437500 0.30253200
vt 0.32437500 0.33378200
vt 0.30946000 0.32548900
vt 0.30946000 0.29423900
vt 0.32437500 0.33378200
vt 0.32437500 0.30253200
vt 0.32437500 0.33378200
vt 0.32437500 0.30253200
vt 0.30946000 0.29423900
vt 0.30946000 0.32548900
vt 0.54287000 0.84803700
vt 0.54287000 0.87928700
vt 0.54287000 0.84803700
vt 0.54287000 0.90216200
vt 0.54287000 0.93341200
vt 0.54287000 0.90216200
vt 0.61338000 0.90216200
vt 0.61338000 0.90216200
vt 0.61338000 0.93341200
vt 0.61338000 0.87928700
vt 0.61338000 0.84803700
vt 0.61338000 0.84803700
vt 0.54287000 0.79076300
vt 0.54287000 0.79076300
vt 0.54287000 0.79076300
vt 0.54287000 0.79076300
vt 0.61338000 0.79076300
vt 0.61338000 0.79076300
vt 0.61338000 0.79076300
vt 0.61338000 0.79076300
vt 0.59870000 0.86945000
vt 0.59870000 0.86945000
vt 0.59870000 0.88507500
vt 0.59870000 0.90070000
vt 0.59252100 0.86945000
vt 0.59252100 0.86945000
vt 0.59252100 0.90070000
vt 0.59252100 0.88507500
vt 0.59252100 0.92799100
vt 0.59252100 0.95924100
vt 0.59252100 0.92799100
vt 0.59252100 0.94361600
vt 0.59870000 0.92799100
vt 0.59870000 0.94361600
vt 0.59870000 0.95924100
vt 0.59870000 0.92799100
vt 0.55653900 0.84803700
vt 0.55653900 0.86366200
vt 0.55653900 0.87928700
vt 0.55653900 0.84803700
vt 0.56473900 0.84803700
vt 0.56473900 0.87928700
vt 0.56473900 0.84803700
vt 0.56473900 0.86366200
vt 0.59151000 0.87928700
vt 0.59151000 0.86366200
vt 0.59151000 0.84803700
vt 0.59151000 0.84803700
vt 0.59971100 0.84803700
vt 0.59971100 0.86366200
vt 0.59971100 0.84803700
vt 0.59971100 0.87928700
vt 0.59971100 0.91778700
vt 0.59971100 0.93341200
vt 0.59971100 0.90216200
vt 0.59971100 0.90216200
vt 0.59151000 0.90216200
vt 0.59151000 0.91778700
vt 0.59151000 0.90216200
vt 0.59151000 0.93341200
vt 0.56473900 0.90216200
vt 0.56473900 0.93341200
vt 0.56473900 0.90216200
vt 0.56473900 0.91778700
vt 0.55653900 0.93341200
vt 0.55653900 0.90216200
vt 0.55653900 0.91778700
vt 0.55653900 0.90216200
vt 0.55653900 0.79076800
vt 0.55653900 0.79076800
vt 0.56473900 0.79076800
vt 0.56473900 0.79076800
vt 0.59151000 0.79076800
vt 0.59151000 0.79076800
vt 0.59971100 0.79076800
vt 0.59971100 0.79076800
vt 0.59971100 0.79076800
vt 0.59971100 0.79076800
vt 0.59151000 0.79076800
vt 0.59151000 0.79076800
vt 0.56473900 0.79076800
vt 0.56473900 0.79076800
vt 0.55653900 0.79076800
vt 0.55653900 0.79076800
vt 0.59870000 0.79076800
vt 0.59870000 0.79076800
vt 0.59252100 0.79076800
vt 0.59252100 0.79076800
vt 0.56372800 0.79076800
vt 0.56372800 0.79076800
vt 0.55754900 0.79076800
vt 0.55754900 0.79076800
vt 0.55754900 0.79076800
vt 0.55754900 0.79076800
vt 0.56372800 0.79076800
vt 0.56372800 0.79076800
vt 0.59252100 0.79076800
vt 0.59252100 0.79076800
vt 0.59870000 0.79076800
vt 0.59870000 0.79076800
vt 0.32437500 0.37038600
vt 0.32437500 0.37038600
vt 0.32437500 0.33913600
vt 0.32437500 0.33913600
vt 0.32437500 0.35995300
vt 0.32437500 0.39120300
vt 0.32437500 0.35995300
vt 0.32437500 0.39120300
vt 0.31971500 0.39641900
vt 0.31971500 0.39641900
vt 0.31971500 0.33391900
vt 0.31971500 0.33391900
vt 0.28304900 0.39120300
vt 0.28304900 0.39120300
vt 0.28304900 0.35995300
vt 0.28304900 0.35995300
vt 0.28304900 0.33913600
vt 0.28304900 0.37038600
vt 0.28304900 0.33913600
vt 0.28304900 0.37038600
vt 0.28770700 0.39641900
vt 0.28770700 0.33391900
vt 0.28770700 0.33391900
vt 0.28770700 0.39641900
vt 0.28304900 0.33913600
vt 0.28304900 0.37038600
vt 0.28304900 0.37038600
vt 0.28304900 0.33913600
vt 0.28304900 0.35995300
vt 0.28304900 0.39120300
vt 0.28304900 0.39120300
vt 0.28304900 0.35995300
vt 0.28770700 0.33391900
vt 0.28770700 0.39641900
vt 0.28770700 0.33391900
vt 0.28770700 0.39641900
vt 0.32437500 0.39120300
vt 0.32437500 0.35995300
vt 0.32437500 0.39120300
vt 0.32437500 0.35995300
vt 0.32437500 0.33913600
vt 0.32437500 0.37038600
vt 0.32437500 0.33913600
vt 0.32437500 0.37038600
vt 0.31971500 0.33391900
vt 0.31971500 0.39641900
vt 0.31971500 0.33391900
vt 0.31971500 0.39641900
vt 0.29265900 0.46952000
vt 0.31798100 0.46952000
vt 0.31798100 0.46292100
vt 0.29265900 0.46292100
vt 0.65125000 0.59369500
vt 0.65125000 0.56832100
vt 0.65125000 0.59369500
vt 0.65125000 0.59369500
vt 0.65125000 0.56832100
vt 0.65125000 0.59369500
vt 0.71458700 0.59369500
vt 0.71458700 0.59369500
vt 0.71458700 0.56832100
vt 0.71458700 0.63889100
vt 0.71458700 0.67695300
vt 0.71458700 0.63889100
vt 0.71458700 0.59369500
vt 0.71458700 0.56832100
vt 0.71458700 0.59369500
vt 0.71458700 0.63889100
vt 0.71458700 0.63889100
vt 0.71458700 0.67695300
vt 0.65665100 0.70301500
vt 0.65884500 0.69340200
vt 0.67385900 0.70560500
vt 0.67605300 0.69599200
vt 0.68291800 0.68912700
vt 0.68291800 0.68912700
vt 0.65125000 0.67695300
vt 0.65125000 0.63889100
vt 0.65125000 0.53926600
vt 0.65125000 0.63889100
vt 0.65125000 0.53926600
vt 0.65125000 0.63889100
vt 0.65125000 0.67695300
vt 0.65125000 0.63889100
vt 0.68291800 0.63889100
vt 0.68291800 0.53926600
vt 0.68291800 0.67695300
vt 0.68291800 0.53926600
vt 0.68291800 0.67695300
vt 0.68291800 0.63889100
vt 0.97011000 0.58896600
vt 0.93111900 0.58896600
vt 0.93111900 0.58896600
vt 0.90701800 0.58896600
vt 0.90701800 0.58896600
vt 0.90701800 0.58896600
vt 0.93111900 0.58896600
vt 0.93111900 0.58896600
vt 0.97011000 0.58896600
vt 0.94459300 0.62241300
vt 0.94459300 0.66349400
vt 0.91684200 0.62241300
vt 0.91684200 0.66349400
vt 0.91684200 0.62241300
vt 0.91684200 0.66349400
vt 0.91684200 0.62241300
vt 0.91684200 0.62241300
vt 0.94459300 0.66349400
vt 0.94459300 0.62241300
vt 0.96174700 0.62241300
vt 0.96174700 0.66349400
vt 0.94872400 0.63003800
vt 0.17556500 0.33463300
vt 0.17556500 0.31378800
vt 0.17556500 0.37632200
vt 0.21506000 0.83463300
vt 0.21506000 0.81378800
vt 0.21506000 0.87632200
vt 0.21506000 0.95255600
vt 0.21506000 0.89002200
vt 0.17556500 0.39002200
vt 0.17556500 0.45255600
vt 0.21506000 0.87632200
vt 0.17556500 0.37632200
vt 0.21506000 0.83463300
vt 0.17556500 0.33463300
vt 0.21506000 0.83463300
vt 0.17556500 0.33463300
vt 0.21506000 0.87632200
vt 0.17556500 0.37632200
vt 0.21506000 0.83463300
vt 0.17556500 0.37632200
vt 0.17556500 0.33463300
vt 0.21506000 0.87632200
vt 0.17556500 0.37632200
vt 0.21506000 0.83463300
vt 0.21506000 0.87632200
vt 0.17556500 0.33463300
vt 0.17556500 0.33463300
vt 0.21506000 0.87632200
vt 0.17556500 0.37632200
vt 0.21506000 0.83463300
vt 0.21506000 0.95255600
vt 0.17556500 0.45255600
vt 0.17556500 0.45255600
vt 0.21506000 0.95255600
vt 0.21506000 0.95255600
vt 0.17556500 0.45255600
vt 0.21506000 0.95255600
vt 0.17556500 0.45255600
vt 0.21506000 0.95255600
vt 0.17556500 0.45255600
vt 0.21506000 0.81364400
vt 0.17556500 0.31364400
vt 0.17556500 0.30281000
vt 0.17556500 0.28196500
vt 0.21506000 0.80281000
vt 0.21506000 0.78196500
vt 0.17556500 0.30281000
vt 0.21506000 0.80281000
vt 0.17556500 0.30281000
vt 0.21506000 0.80281000
vt 0.21506000 0.80281000
vt 0.17556500 0.30281000
vt 0.21506000 0.80281000
vt 0.17556500 0.30281000
vt 0.17556500 0.30281000
vt 0.21506000 0.80281000
vt 0.21506000 0.78182000
vt 0.17556500 0.28182000
f 54/54/54 65/65/65 11/11/11
f 11/11/11 7/7/7 54/54/54
f 27/27/27 38/38/38 24/24/24
f 24/24/24 20/20/20 27/27/27
f 69/69/69 78/78/78 16/16/16
f 16/16/16 14/14/14 69/69/69
f 41/41/41 51/51/51 6/6/6
f 6/6/6 1/1/1 41/41/41
f 96/96/96 68/68/68 15/15/15
f 15/15/15 42/42/42 96/96/96
f 90/90/90 62/62/62 5/5/5
f 5/5/5 49/49/49 90/90/90
f 79/79/79 86/86/86 48/48/48
f 48/48/48 17/17/17 79/79/79
f 96/96/96 42/42/42 39/39/39
f 39/39/39 94/94/94 96/96/96
f 47/47/47 50/50/50 40/40/40
f 40/40/40 44/44/44 47/47/47
f 56/56/56 94/94/94 39/39/39
f 39/39/39 3/3/3 56/56/56
f 13/13/13 18/18/18 46/46/46
f 46/46/46 43/43/43 13/13/13
f 32/32/32 36/36/36 25/25/25
f 25/25/25 30/30/30 32/32/32
f 35/35/35 34/34/34 89/89/89
f 89/89/89 81/81/81 35/35/35
f 8/8/8 10/10/10 31/31/31
f 31/31/31 28/28/28 8/8/8
f 45/45/45 84/84/84 92/92/92
f 92/92/92 52/52/52 45/45/45
f 95/95/95 96/96/96 94/94/94
f 94/94/94 93/93/93 95/95/95
f 9/9/9 29/29/29 93/93/93
f 93/93/93 53/53/53 9/9/9
f 93/93/93 94/94/94 56/56/56
f 56/56/56 53/53/53 93/93/93
f 26/26/26 95/95/95 93/93/93
f 93/93/93 29/29/29 26/26/26
f 88/88/88 91/91/91 85/85/85
f 85/85/85 83/83/83 88/88/88
f 22/22/22 37/37/37 82/82/82
f 82/82/82 74/74/74 22/22/22
f 81/81/81 84/84/84 80/80/80
f 80/80/80 73/73/73 81/81/81
f 33/33/33 12/12/12 63/63/63
f 63/63/63 87/87/87 33/33/33
f 89/89/89 64/64/64 61/61/61
f 61/61/61 92/92/92 89/89/89
f 26/26/26 19/19/19 70/70/70
f 70/70/70 95/95/95 26/26/26
f 95/95/95 70/70/70 68/68/68
f 68/68/68 96/96/96 95/95/95
f 21/21/21 23/23/23 75/75/75
f 75/75/75 71/71/71 21/21/21
f 76/76/76 77/77/77 67/67/67
f 67/67/67 72/72/72 76/76/76
f 2/2/2 4/4/4 59/59/59
f 59/59/59 57/57/57 2/2/2
f 60/60/60 66/66/66 55/55/55
f 55/55/55 58/58/58 60/60/60
f 1293/1293/1293 1300/1300/1300 1298/1298/1298
f 1298/1298/1298 1291/1291/1291 1293/1293/1293
f 151/151/151 152/152/152 213/213/213
f 213/213/213 208/208/208 151/151/151
f 123/123/123 166/166/166 161/161/161
f 161/161/161 124/124/124 123/123/123
f 104/104/104 120/120/120 787/787/787
f 787/787/787 97/97/97 104/104/104
f 134/134/134 137/137/137 201/201/201
f 201/201/201 202/202/202 134/134/134
f 116/116/116 154/154/154 150/150/150
f 150/150/150 126/126/126 116/116/116
f 126/126/126 177/177/177 187/187/187
f 187/187/187 125/125/125 126/126/126
f 178/178/178 181/181/181 221/221/221
f 221/221/221 222/222/222 178/178/178
f 163/163/163 164/164/164 216/216/216
f 216/216/216 215/215/215 163/163/163
f 125/125/125 115/115/115 133/133/133
f 133/133/133 128/128/128 125/125/125
f 115/115/115 111/111/111 136/136/136
f 136/136/136 133/133/133 115/115/115
f 111/111/111 121/121/121 138/138/138
f 138/138/138 136/136/136 111/111/111
f 788/788/788 784/784/784 100/100/100
f 100/100/100 98/98/98 788/788/788
f 141/141/141 175/175/175 105/105/105
f 105/105/105 101/101/101 141/141/141
f 101/101/101 118/118/118 143/143/143
f 143/143/143 141/141/141 101/101/101
f 204/204/204 144/144/144 170/170/170
f 170/170/170 219/219/219 204/204/204
f 114/114/114 126/126/126 150/150/150
f 150/150/150 147/147/147 114/114/114
f 116/116/116 108/108/108 155/155/155
f 155/155/155 154/154/154 116/116/116
f 108/108/108 114/114/114 147/147/147
f 147/147/147 155/155/155 108/108/108
f 105/105/105 124/124/124 161/161/161
f 161/161/161 158/158/158 105/105/105
f 123/123/123 103/103/103 168/168/168
f 168/168/168 166/166/166 123/123/123
f 103/103/103 105/105/105 158/158/158
f 158/158/158 168/168/168 103/103/103
f 127/127/127 124/124/124 172/172/172
f 124/124/124 105/105/105 175/175/175
f 175/175/175 172/172/172 124/124/124
f 191/191/191 173/173/173 140/140/140
f 140/140/140 188/188/188 191/191/191
f 126/126/126 114/114/114 179/179/179
f 179/179/179 177/177/177 126/126/126
f 114/114/114 115/115/115 183/183/183
f 183/183/183 179/179/179 114/114/114
f 115/115/115 125/125/125 187/187/187
f 187/187/187 183/183/183 115/115/115
f 165/165/165 167/167/167 195/195/195
f 195/195/195 217/217/217 165/165/165
f 185/185/185 176/176/176 223/223/223
f 223/223/223 225/225/225 185/185/185
f 153/153/153 156/156/156 210/210/210
f 210/210/210 212/212/212 153/153/153
f 171/171/171 174/174/174 190/190/190
f 190/190/190 218/218/218 171/171/171
f 180/180/180 182/182/182 227/227/227
f 227/227/227 220/220/220 180/180/180
f 184/184/184 186/186/186 224/224/224
f 224/224/224 226/226/226 184/184/184
f 130/130/130 131/131/131 196/196/196
f 196/196/196 198/198/198 130/130/130
f 139/139/139 129/129/129 199/199/199
f 199/199/199 200/200/200 139/139/139
f 169/169/169 160/160/160 192/192/192
f 192/192/192 194/194/194 169/169/169
f 146/146/146 149/149/149 209/209/209
f 209/209/209 207/207/207 146/146/146
f 142/142/142 145/145/145 205/205/205
f 205/205/205 189/189/189 142/142/142
f 159/159/159 162/162/162 214/214/214
f 214/214/214 193/193/193 159/159/159
f 132/132/132 135/135/135 203/203/203
f 203/203/203 197/197/197 132/132/132
f 157/157/157 148/148/148 206/206/206
f 206/206/206 211/211/211 157/157/157
f 102/102/102 99/99/99 783/783/783
f 783/783/783 117/117/117 102/102/102
f 138/138/138 121/121/121 125/125/125
f 125/125/125 128/128/128 138/138/138
f 118/118/118 127/127/127 143/143/143
f 127/127/127 172/172/172 143/143/143
f 296/296/296 298/298/298 228/228/228
f 228/228/228 231/231/231 296/296/296
f 247/247/247 243/243/243 234/234/234
f 234/234/234 249/249/249 247/247/247
f 244/244/244 240/240/240 248/248/248
f 248/248/248 250/250/250 244/244/244
f 232/232/232 237/237/237 236/236/236
f 236/236/236 242/242/242 232/232/232
f 239/239/239 233/233/233 241/241/241
f 241/241/241 246/246/246 239/239/239
f 238/238/238 245/245/245 251/251/251
f 251/251/251 235/235/235 238/238/238
f 258/258/258 256/256/256 253/253/253
f 253/253/253 259/259/259 258/258/258
f 252/252/252 255/255/255 254/254/254
f 254/254/254 257/257/257 252/252/252
f 264/264/264 262/262/262 260/260/260
f 260/260/260 267/267/267 264/264/264
f 263/263/263 261/261/261 265/265/265
f 265/265/265 266/266/266 263/263/263
f 278/278/278 274/274/274 281/281/281
f 281/281/281 282/282/282 278/278/278
f 271/271/271 268/268/268 275/275/275
f 275/275/275 279/279/279 271/271/271
f 276/276/276 272/272/272 277/277/277
f 277/277/277 283/283/283 276/276/276
f 269/269/269 270/270/270 280/280/280
f 280/280/280 273/273/273 269/269/269
f 292/292/292 289/289/289 286/286/286
f 286/286/286 294/294/294 292/292/292
f 230/230/230 229/229/229 299/299/299
f 299/299/299 297/297/297 230/230/230
f 288/288/288 284/284/284 290/290/290
f 290/290/290 293/293/293 288/288/288
f 287/287/287 291/291/291 295/295/295
f 295/295/295 285/285/285 287/287/287
f 306/306/306 305/305/305 302/302/302
f 302/302/302 307/307/307 306/306/306
f 300/300/300 303/303/303 301/301/301
f 301/301/301 304/304/304 300/300/300
f 313/313/313 310/310/310 308/308/308
f 308/308/308 315/315/315 313/313/313
f 311/311/311 309/309/309 312/312/312
f 312/312/312 314/314/314 311/311/311
f 316/316/316 317/317/317 319/319/319
f 319/319/319 318/318/318 316/316/316
f 326/326/326 323/323/323 321/321/321
f 321/321/321 327/327/327 326/326/326
f 322/322/322 320/320/320 324/324/324
f 324/324/324 325/325/325 322/322/322
f 355/355/355 359/359/359 334/334/334
f 334/334/334 331/331/331 355/355/355
f 365/365/365 368/368/368 360/360/360
f 360/360/360 352/352/352 365/365/365
f 367/367/367 345/345/345 337/337/337
f 337/337/337 356/356/356 367/367/367
f 333/333/333 339/339/339 348/348/348
f 348/348/348 342/342/342 333/333/333
f 328/328/328 329/329/329 332/332/332
f 335/335/335 337/337/337 338/338/338
f 340/340/340 341/341/341 343/343/343
f 345/345/345 347/347/347 349/349/349
f 350/350/350 351/351/351 354/354/354
f 356/356/356 358/358/358 361/361/361
f 362/362/362 363/363/363 366/366/366
f 367/367/367 369/369/369 371/371/371
f 340/340/340 328/328/328 332/332/332
f 332/332/332 341/341/341 340/340/340
f 330/330/330 336/336/336 339/339/339
f 339/339/339 333/333/333 330/330/330
f 337/337/337 345/345/345 349/349/349
f 349/349/349 338/338/338 337/337/337
f 346/346/346 344/344/344 342/342/342
f 342/342/342 348/348/348 346/346/346
f 362/362/362 340/340/340 343/343/343
f 343/343/343 363/363/363 362/362/362
f 345/345/345 367/367/367 371/371/371
f 371/371/371 347/347/347 345/345/345
f 368/368/368 365/365/365 364/364/364
f 364/364/364 370/370/370 368/368/368
f 350/350/350 362/362/362 366/366/366
f 366/366/366 351/351/351 350/350/350
f 367/367/367 356/356/356 361/361/361
f 361/361/361 369/369/369 367/367/367
f 357/357/357 353/353/353 352/352/352
f 352/352/352 360/360/360 357/357/357
f 328/328/328 350/350/350 354/354/354
f 354/354/354 329/329/329 328/328/328
f 356/356/356 337/337/337 335/335/335
f 335/335/335 358/358/358 356/356/356
f 340/340/340 362/362/362 350/350/350
f 350/350/350 328/328/328 340/340/340
f 373/373/373 379/379/379 377/377/377
f 377/377/377 382/382/382 373/373/373
f 407/407/407 380/380/380 376/376/376
f 376/376/376 410/410/410 407/407/407
f 388/388/388 385/385/385 383/383/383
f 383/383/383 389/389/389 388/388/388
f 386/386/386 384/384/384 387/387/387
f 387/387/387 390/390/390 386/386/386
f 391/391/391 395/395/395 427/427/427
f 427/427/427 422/422/422 391/391/391
f 392/392/392 393/393/393 399/399/399
f 399/399/399 397/397/397 392/392/392
f 431/431/431 401/401/401 372/372/372
f 372/372/372 402/402/402 431/431/431
f 411/411/411 375/375/375 378/378/378
f 378/378/378 405/405/405 411/411/411
f 406/406/406 403/403/403 408/408/408
f 408/408/408 412/412/412 406/406/406
f 404/404/404 374/374/374 381/381/381
f 381/381/381 409/409/409 404/404/404
f 419/419/419 418/418/418 414/414/414
f 414/414/414 420/420/420 419/419/419
f 413/413/413 416/416/416 415/415/415
f 415/415/415 417/417/417 413/413/413
f 396/396/396 400/400/400 428/428/428
f 428/428/428 425/425/425 396/396/396
f 423/423/423 421/421/421 426/426/426
f 426/426/426 429/429/429 423/423/423
f 398/398/398 394/394/394 424/424/424
f 424/424/424 430/430/430 398/398/398
f 511/511/511 512/512/512 432/432/432
f 432/432/432 435/435/435 511/511/511
f 452/452/452 446/446/446 439/439/439
f 439/439/439 454/454/454 452/452/452
f 449/449/449 443/443/443 450/450/450
f 450/450/450 453/453/453 449/449/449
f 437/437/437 442/442/442 438/438/438
f 438/438/438 447/447/447 437/437/437
f 444/444/444 436/436/436 445/445/445
f 445/445/445 451/451/451 444/444/444
f 441/441/441 448/448/448 455/455/455
f 455/455/455 440/440/440 441/441/441
f 462/462/462 460/460/460 458/458/458
f 458/458/458 463/463/463 462/462/462
f 456/456/456 459/459/459 457/457/457
f 457/457/457 461/461/461 456/456/456
f 469/469/469 466/466/466 464/464/464
f 464/464/464 471/471/471 469/469/469
f 467/467/467 465/465/465 468/468/468
f 468/468/468 470/470/470 467/467/467
f 474/474/474 482/482/482 497/497/497
f 497/497/497 488/488/488 474/474/474
f 483/483/483 479/479/479 489/489/489
f 489/489/489 493/493/493 483/483/483
f 476/476/476 472/472/472 480/480/480
f 480/480/480 485/485/485 476/476/476
f 481/481/481 477/477/477 484/484/484
f 484/484/484 494/494/494 481/481/481
f 492/492/492 491/491/491 486/486/486
f 486/486/486 495/495/495 492/492/492
f 475/475/475 487/487/487 490/490/490
f 473/473/473 475/475/475 490/490/490
f 490/490/490 478/478/478 473/473/473
f 496/496/496 481/481/481 494/494/494
f 507/507/507 504/504/504 500/500/500
f 500/500/500 508/508/508 507/507/507
f 434/434/434 433/433/433 513/513/513
f 513/513/513 510/510/510 434/434/434
f 502/502/502 498/498/498 503/503/503
f 503/503/503 506/506/506 502/502/502
f 501/501/501 505/505/505 509/509/509
f 509/509/509 499/499/499 501/501/501
f 592/592/592 595/595/595 514/514/514
f 514/514/514 517/517/517 592/592/592
f 532/532/532 527/527/527 521/521/521
f 521/521/521 536/536/536 532/532/532
f 530/530/530 526/526/526 534/534/534
f 534/534/534 537/537/537 530/530/530
f 519/519/519 523/523/523 520/520/520
f 520/520/520 529/529/529 519/519/519
f 525/525/525 518/518/518 528/528/528
f 528/528/528 533/533/533 525/525/525
f 524/524/524 531/531/531 535/535/535
f 535/535/535 522/522/522 524/524/524
f 544/544/544 543/543/543 540/540/540
f 540/540/540 545/545/545 544/544/544
f 538/538/538 541/541/541 539/539/539
f 539/539/539 542/542/542 538/538/538
f 550/550/550 548/548/548 546/546/546
f 546/546/546 552/552/552 550/550/550
f 549/549/549 547/547/547 551/551/551
f 551/551/551 553/553/553 549/549/549
f 556/556/556 564/564/564 577/577/577
f 577/577/577 570/570/570 556/556/556
f 565/565/565 562/562/562 572/572/572
f 572/572/572 575/575/575 565/565/565
f 558/558/558 555/555/555 561/561/561
f 561/561/561 567/567/567 558/558/558
f 563/563/563 559/559/559 566/566/566
f 566/566/566 574/574/574 563/563/563
f 576/576/576 573/573/573 569/569/569
f 569/569/569 578/578/578 576/576/576
f 557/557/557 568/568/568 571/571/571
f 554/554/554 557/557/557 571/571/571
f 571/571/571 560/560/560 554/554/554
f 579/579/579 563/563/563 574/574/574
f 588/588/588 586/586/586 582/582/582
f 582/582/582 591/591/591 588/588/588
f 516/516/516 515/515/515 594/594/594
f 594/594/594 593/593/593 516/516/516
f 584/584/584 580/580/580 585/585/585
f 585/585/585 589/589/589 584/584/584
f 583/583/583 587/587/587 590/590/590
f 590/590/590 581/581/581 583/583/583
f 613/613/613 608/608/608 600/600/600
f 600/600/600 616/616/616 613/613/613
f 611/611/611 605/605/605 612/612/612
f 612/612/612 617/617/617 611/611/611
f 598/598/598 604/604/604 602/602/602
f 602/602/602 607/607/607 598/598/598
f 606/606/606 599/599/599 609/609/609
f 609/609/609 614/614/614 606/606/606
f 603/603/603 610/610/610 615/615/615
f 615/615/615 601/601/601 603/603/603
f 624/624/624 623/623/623 619/619/619
f 619/619/619 625/625/625 624/624/624
f 618/618/618 621/621/621 620/620/620
f 620/620/620 622/622/622 618/618/618
f 631/631/631 628/628/628 626/626/626
f 626/626/626 633/633/633 631/631/631
f 629/629/629 627/627/627 630/630/630
f 630/630/630 632/632/632 629/629/629
f 636/636/636 644/644/644 657/657/657
f 657/657/657 649/649/649 636/636/636
f 646/646/646 642/642/642 653/653/653
f 653/653/653 654/654/654 646/646/646
f 638/638/638 635/635/635 640/640/640
f 640/640/640 647/647/647 638/638/638
f 643/643/643 639/639/639 645/645/645
f 645/645/645 656/656/656 643/643/643
f 655/655/655 652/652/652 650/650/650
f 650/650/650 658/658/658 655/655/655
f 637/637/637 648/648/648 651/651/651
f 634/634/634 637/637/637 651/651/651
f 651/651/651 641/641/641 634/634/634
f 659/659/659 643/643/643 656/656/656
f 597/597/597 596/596/596 661/661/661
f 661/661/661 660/660/660 597/597/597
f 664/664/664 665/665/665 672/672/672
f 672/672/672 669/669/669 664/664/664
f 668/668/668 671/671/671 684/684/684
f 684/684/684 680/680/680 668/668/668
f 681/681/681 685/685/685 678/678/678
f 678/678/678 674/674/674 681/681/681
f 676/676/676 677/677/677 666/666/666
f 666/666/666 662/662/662 676/676/676
f 670/670/670 682/682/682 675/675/675
f 675/675/675 663/663/663 670/670/670
f 689/689/689 693/693/693 708/708/708
f 708/708/708 699/699/699 689/689/689
f 683/683/683 673/673/673 691/691/691
f 691/691/691 686/686/686 683/683/683
f 673/673/673 667/667/667 692/692/692
f 692/692/692 691/691/691 673/673/673
f 667/667/667 679/679/679 697/697/697
f 697/697/697 692/692/692 667/667/667
f 679/679/679 683/683/683 686/686/686
f 686/686/686 697/697/697 679/679/679
f 703/703/703 698/698/698 709/709/709
f 709/709/709 704/704/704 703/703/703
f 687/687/687 690/690/690 700/700/700
f 700/700/700 702/702/702 687/687/687
f 694/694/694 696/696/696 706/706/706
f 706/706/706 707/707/707 694/694/694
f 695/695/695 688/688/688 701/701/701
f 701/701/701 705/705/705 695/695/695
f 735/735/735 741/741/741 719/719/719
f 719/719/719 718/718/718 735/735/735
f 716/716/716 721/721/721 731/731/731
f 731/731/731 730/730/730 716/716/716
f 742/742/742 748/748/748 725/725/725
f 725/725/725 723/723/723 742/742/742
f 722/722/722 726/726/726 714/714/714
f 714/714/714 710/710/710 722/722/722
f 737/737/737 743/743/743 724/724/724
f 724/724/724 711/711/711 737/737/737
f 749/749/749 739/739/739 713/713/713
f 713/713/713 727/727/727 749/749/749
f 732/732/732 720/720/720 740/740/740
f 740/740/740 746/746/746 732/732/732
f 717/717/717 728/728/728 744/744/744
f 744/744/744 734/734/734 717/717/717
f 729/729/729 733/733/733 747/747/747
f 747/747/747 745/745/745 729/729/729
f 712/712/712 715/715/715 738/738/738
f 738/738/738 736/736/736 712/712/712
f 752/752/752 753/753/753 750/750/750
f 750/750/750 751/751/751 752/752/752
f 756/756/756 757/757/757 754/754/754
f 754/754/754 755/755/755 756/756/756
f 760/760/760 759/759/759 758/758/758
f 758/758/758 761/761/761 760/760/760
f 764/764/764 763/763/763 762/762/762
f 762/762/762 765/765/765 764/764/764
f 768/768/768 767/767/767 766/766/766
f 766/766/766 769/769/769 768/768/768
f 772/772/772 771/771/771 770/770/770
f 770/770/770 773/773/773 772/772/772
f 775/775/775 774/774/774 777/777/777
f 777/777/777 776/776/776 775/775/775
f 779/779/779 778/778/778 781/781/781
f 781/781/781 780/780/780 779/779/779
f 112/112/112 107/107/107 782/782/782
f 782/782/782 789/789/789 112/112/112
f 113/113/113 786/786/786 122/122/122
f 122/122/122 110/110/110 113/113/113
f 785/785/785 106/106/106 109/109/109
f 109/109/109 119/119/119 785/785/785
f 793/793/793 798/798/798 794/794/794
f 794/794/794 792/792/792 793/793/793
f 797/797/797 795/795/795 796/796/796
f 796/796/796 799/799/799 797/797/797
f 799/799/799 796/796/796 794/794/794
f 794/794/794 798/798/798 799/799/799
f 797/797/797 791/791/791 790/790/790
f 790/790/790 795/795/795 797/797/797
f 801/801/801 803/803/803 808/808/808
f 808/808/808 806/806/806 801/801/801
f 806/806/806 808/808/808 815/815/815
f 815/815/815 810/810/810 806/806/806
f 811/811/811 813/813/813 819/819/819
f 819/819/819 818/818/818 811/811/811
f 817/817/817 819/819/819 824/824/824
f 824/824/824 822/822/822 817/817/817
f 823/823/823 825/825/825 830/830/830
f 830/830/830 829/829/829 823/823/823
f 828/828/828 830/830/830 837/837/837
f 837/837/837 833/833/833 828/828/828
f 861/861/861 865/865/865 915/915/915
f 915/915/915 911/911/911 861/861/861
f 832/832/832 835/835/835 840/840/840
f 840/840/840 839/839/839 832/832/832
f 839/839/839 840/840/840 804/804/804
f 804/804/804 802/802/802 839/839/839
f 812/812/812 816/816/816 945/945/945
f 945/945/945 942/942/942 812/812/812
f 863/863/863 860/860/860 872/872/872
f 872/872/872 873/873/873 863/863/863
f 859/859/859 861/861/861 911/911/911
f 911/911/911 910/910/910 859/859/859
f 831/831/831 826/826/826 880/880/880
f 880/880/880 878/878/878 831/831/831
f 854/854/854 859/859/859 910/910/910
f 910/910/910 906/906/906 854/854/854
f 841/841/841 836/836/836 876/876/876
f 876/876/876 895/895/895 841/841/841
f 814/814/814 809/809/809 892/892/892
f 892/892/892 887/887/887 814/814/814
f 853/853/853 854/854/854 906/906/906
f 906/906/906 904/904/904 853/853/853
f 849/849/849 853/853/853 904/904/904
f 904/904/904 903/903/903 849/849/849
f 870/870/870 869/869/869 874/874/874
f 857/857/857 856/856/856 870/870/870
f 870/870/870 871/871/871 857/857/857
f 852/852/852 850/850/850 868/868/868
f 868/868/868 869/869/869 852/852/852
f 844/844/844 845/845/845 867/867/867
f 867/867/867 866/866/866 844/844/844
f 846/846/846 864/864/864 873/873/873
f 873/873/873 867/867/867 846/846/846
f 862/862/862 858/858/858 871/871/871
f 871/871/871 872/872/872 862/862/862
f 855/855/855 851/851/851 869/869/869
f 869/869/869 870/870/870 855/855/855
f 848/848/848 843/843/843 866/866/866
f 866/866/866 868/868/868 848/848/848
f 879/879/879 881/881/881 907/907/907
f 907/907/907 909/909/909 879/879/879
f 868/868/868 866/866/866 874/874/874
f 873/873/873 872/872/872 874/874/874
f 871/871/871 870/870/870 874/874/874
f 869/869/869 868/868/868 874/874/874
f 866/866/866 867/867/867 874/874/874
f 867/867/867 873/873/873 874/874/874
f 872/872/872 871/871/871 874/874/874
f 885/885/885 891/891/891 897/897/897
f 897/897/897 901/901/901 885/885/885
f 893/893/893 877/877/877 913/913/913
f 913/913/913 916/916/916 893/893/893
f 882/882/882 884/884/884 905/905/905
f 905/905/905 908/908/908 882/882/882
f 875/875/875 879/879/879 909/909/909
f 909/909/909 912/912/912 875/875/875
f 884/884/884 886/886/886 902/902/902
f 902/902/902 905/905/905 884/884/884
f 888/888/888 894/894/894 914/914/914
f 914/914/914 899/899/899 888/888/888
f 890/890/890 888/888/888 899/899/899
f 899/899/899 896/896/896 890/890/890
f 820/820/820 814/814/814 887/887/887
f 887/887/887 883/883/883 820/820/820
f 805/805/805 841/841/841 895/895/895
f 895/895/895 889/889/889 805/805/805
f 809/809/809 805/805/805 889/889/889
f 889/889/889 892/892/892 809/809/809
f 865/865/865 847/847/847 900/900/900
f 900/900/900 915/915/915 865/865/865
f 847/847/847 842/842/842 898/898/898
f 898/898/898 900/900/900 847/847/847
f 836/836/836 831/831/831 878/878/878
f 878/878/878 876/876/876 836/836/836
f 842/842/842 849/849/849 903/903/903
f 903/903/903 898/898/898 842/842/842
f 826/826/826 820/820/820 883/883/883
f 883/883/883 880/880/880 826/826/826
f 984/984/984 988/988/988 934/934/934
f 934/934/934 935/935/935 984/984/984
f 980/980/980 981/981/981 986/986/986
f 986/986/986 985/985/985 980/980/980
f 936/936/936 933/933/933 927/927/927
f 927/927/927 930/930/930 936/936/936
f 821/821/821 827/827/827 951/951/951
f 951/951/951 948/948/948 821/821/821
f 931/931/931 929/929/929 924/924/924
f 924/924/924 925/925/925 931/931/931
f 834/834/834 838/838/838 957/957/957
f 957/957/957 952/952/952 834/834/834
f 807/807/807 812/812/812 942/942/942
f 942/942/942 939/939/939 807/807/807
f 926/926/926 923/923/923 917/917/917
f 917/917/917 920/920/920 926/926/926
f 946/946/946 949/949/949 964/964/964
f 964/964/964 963/963/963 946/946/946
f 953/953/953 956/956/956 969/969/969
f 969/969/969 967/967/967 953/953/953
f 941/941/941 944/944/944 961/961/961
f 961/961/961 960/960/960 941/941/941
f 947/947/947 950/950/950 966/966/966
f 966/966/966 965/965/965 947/947/947
f 955/955/955 938/938/938 958/958/958
f 958/958/958 970/970/970 955/955/955
f 938/938/938 940/940/940 959/959/959
f 959/959/959 958/958/958 938/938/938
f 943/943/943 946/946/946 963/963/963
f 963/963/963 962/962/962 943/943/943
f 950/950/950 954/954/954 968/968/968
f 968/968/968 966/966/966 950/950/950
f 838/838/838 800/800/800 937/937/937
f 937/937/937 957/957/957 838/838/838
f 800/800/800 807/807/807 939/939/939
f 939/939/939 937/937/937 800/800/800
f 975/975/975 976/976/976 983/983/983
f 983/983/983 979/979/979 975/975/975
f 827/827/827 834/834/834 952/952/952
f 952/952/952 951/951/951 827/827/827
f 971/971/971 973/973/973 978/978/978
f 978/978/978 974/974/974 971/971/971
f 816/816/816 821/821/821 948/948/948
f 948/948/948 945/945/945 816/816/816
f 921/921/921 918/918/918 973/973/973
f 973/973/973 971/971/971 921/921/921
f 1000/1000/1000 1004/1004/1004 1008/1008/1008
f 919/919/919 922/922/922 992/992/992
f 992/992/992 989/989/989 919/919/919
f 922/922/922 928/928/928 995/995/995
f 995/995/995 992/992/992 922/922/922
f 928/928/928 932/932/932 996/996/996
f 996/996/996 995/995/995 928/928/928
f 932/932/932 987/987/987 998/998/998
f 998/998/998 996/996/996 932/932/932
f 987/987/987 982/982/982 1001/1001/1001
f 1001/1001/1001 998/998/998 987/987/987
f 982/982/982 977/977/977 1003/1003/1003
f 1003/1003/1003 1001/1001/1001 982/982/982
f 977/977/977 972/972/972 1006/1006/1006
f 1006/1006/1006 1003/1003/1003 977/977/977
f 972/972/972 919/919/919 989/989/989
f 989/989/989 1006/1006/1006 972/972/972
f 997/997/997 999/999/999 1008/1008/1008
f 991/991/991 994/994/994 1008/1008/1008
f 990/990/990 993/993/993 1007/1007/1007
f 1002/1002/1002 1005/1005/1005 1007/1007/1007
f 999/999/999 1000/1000/1000 1008/1008/1008
f 994/994/994 997/997/997 1008/1008/1008
f 1005/1005/1005 990/990/990 1007/1007/1007
f 1010/1010/1010 1012/1012/1012 1020/1020/1020
f 1020/1020/1020 1015/1015/1015 1010/1010/1010
f 1016/1016/1016 1019/1019/1019 1031/1031/1031
f 1031/1031/1031 1028/1028/1028 1016/1016/1016
f 1027/1027/1027 1032/1032/1032 1026/1026/1026
f 1026/1026/1026 1023/1023/1023 1027/1027/1027
f 1021/1021/1021 1024/1024/1024 1013/1013/1013
f 1013/1013/1013 1011/1011/1011 1021/1021/1021
f 1017/1017/1017 1029/1029/1029 1022/1022/1022
f 1022/1022/1022 1009/1009/1009 1017/1017/1017
f 1030/1030/1030 1018/1018/1018 1014/1014/1014
f 1014/1014/1014 1025/1025/1025 1030/1030/1030
f 1177/1177/1177 1117/1117/1117 1114/1114/1114
f 1114/1114/1114 1151/1151/1151 1177/1177/1177
f 1131/1131/1131 1188/1188/1188 1167/1167/1167
f 1167/1167/1167 1119/1119/1119 1131/1131/1131
f 1039/1039/1039 1038/1038/1038 1033/1033/1033
f 1033/1033/1033 1042/1042/1042 1039/1039/1039
f 1213/1213/1213 1070/1070/1070 1061/1061/1061
f 1061/1061/1061 1230/1230/1230 1213/1213/1213
f 1182/1182/1182 1128/1128/1128 1118/1118/1118
f 1118/1118/1118 1180/1180/1180 1182/1182/1182
f 1125/1125/1125 1196/1196/1196 1149/1149/1149
f 1149/1149/1149 1115/1115/1115 1125/1125/1125
f 1185/1185/1185 1183/1183/1183 1175/1175/1175
f 1175/1175/1175 1169/1169/1169 1185/1185/1185
f 1076/1076/1076 1068/1068/1068 1035/1035/1035
f 1035/1035/1035 1080/1080/1080 1076/1076/1076
f 1069/1069/1069 1064/1064/1064 1041/1041/1041
f 1041/1041/1041 1083/1083/1083 1069/1069/1069
f 1064/1064/1064 1065/1065/1065 1037/1037/1037
f 1037/1037/1037 1041/1041/1041 1064/1064/1064
f 1068/1068/1068 1062/1062/1062 1044/1044/1044
f 1044/1044/1044 1035/1035/1035 1068/1068/1068
f 1036/1036/1036 1077/1077/1077 1082/1082/1082
f 1082/1082/1082 1034/1034/1034 1036/1036/1036
f 1078/1078/1078 1084/1084/1084 1088/1088/1088
f 1088/1088/1088 1081/1081/1081 1078/1078/1078
f 1085/1085/1085 1040/1040/1040 1043/1043/1043
f 1043/1043/1043 1087/1087/1087 1085/1085/1085
f 1065/1065/1065 1073/1073/1073 1079/1079/1079
f 1079/1079/1079 1037/1037/1037 1065/1065/1065
f 1062/1062/1062 1071/1071/1071 1086/1086/1086
f 1086/1086/1086 1044/1044/1044 1062/1062/1062
f 1071/1071/1071 1076/1076/1076 1080/1080/1080
f 1080/1080/1080 1086/1086/1086 1071/1071/1071
f 1073/1073/1073 1069/1069/1069 1083/1083/1083
f 1083/1083/1083 1079/1079/1079 1073/1073/1073
f 1100/1100/1100 1090/1090/1090 1092/1092/1092
f 1092/1092/1092 1095/1095/1095 1100/1100/1100
f 1111/1111/1111 1100/1100/1100 1097/1097/1097
f 1097/1097/1097 1108/1108/1108 1111/1111/1111
f 1106/1106/1106 1111/1111/1111 1110/1110/1110
f 1110/1110/1110 1103/1103/1103 1106/1106/1106
f 1090/1090/1090 1106/1106/1106 1102/1102/1102
f 1102/1102/1102 1093/1093/1093 1090/1090/1090
f 1099/1099/1099 1112/1112/1112 1105/1105/1105
f 1105/1105/1105 1089/1089/1089 1099/1099/1099
f 1121/1121/1121 1166/1166/1166 1164/1164/1164
f 1164/1164/1164 1122/1122/1122 1121/1121/1121
f 1142/1142/1142 1139/1139/1139 1136/1136/1136
f 1136/1136/1136 1147/1147/1147 1142/1142/1142
f 1129/1129/1129 1132/1132/1132 1120/1120/1120
f 1120/1120/1120 1123/1123/1123 1129/1129/1129
f 1190/1190/1190 1130/1130/1130 1124/1124/1124
f 1124/1124/1124 1161/1161/1161 1190/1190/1190
f 1127/1127/1127 1126/1126/1126 1113/1113/1113
f 1113/1113/1113 1116/1116/1116 1127/1127/1127
f 1172/1172/1172 1174/1174/1174 1154/1154/1154
f 1154/1154/1154 1157/1157/1157 1172/1172/1172
f 1173/1173/1173 1184/1184/1184 1202/1202/1202
f 1202/1202/1202 1058/1058/1058 1173/1173/1173
f 1179/1179/1179 1150/1150/1150 1052/1052/1052
f 1052/1052/1052 1053/1053/1053 1179/1179/1179
f 1181/1181/1181 1178/1178/1178 1054/1054/1054
f 1054/1054/1054 1203/1203/1203 1181/1181/1181
f 1159/1159/1159 1192/1192/1192 1210/1210/1210
f 1210/1210/1210 1137/1137/1137 1159/1159/1159
f 1194/1194/1194 1191/1191/1191 1160/1160/1160
f 1160/1160/1160 1155/1155/1155 1194/1194/1194
f 1056/1056/1056 1049/1049/1049 1045/1045/1045
f 1045/1045/1045 1057/1057/1057 1056/1056/1056
f 1200/1200/1200 1143/1143/1143 1148/1148/1148
f 1148/1148/1148 1197/1197/1197 1200/1200/1200
f 1204/1204/1204 1055/1055/1055 1059/1059/1059
f 1059/1059/1059 1201/1201/1201 1204/1204/1204
f 1208/1208/1208 1046/1046/1046 1050/1050/1050
f 1050/1050/1050 1206/1206/1206 1208/1208/1208
f 1211/1211/1211 1133/1133/1133 1138/1138/1138
f 1138/1138/1138 1209/1209/1209 1211/1211/1211
f 1156/1156/1156 1176/1176/1176 1060/1060/1060
f 1060/1060/1060 1048/1048/1048 1156/1156/1156
f 1193/1193/1193 1153/1153/1153 1047/1047/1047
f 1047/1047/1047 1207/1207/1207 1193/1193/1193
f 1170/1170/1170 1158/1158/1158 1140/1140/1140
f 1140/1140/1140 1144/1144/1144 1170/1170/1170
f 1152/1152/1152 1195/1195/1195 1205/1205/1205
f 1205/1205/1205 1051/1051/1051 1152/1152/1152
f 1186/1186/1186 1171/1171/1171 1141/1141/1141
f 1141/1141/1141 1199/1199/1199 1186/1186/1186
f 1168/1168/1168 1187/1187/1187 1198/1198/1198
f 1198/1198/1198 1145/1145/1145 1168/1168/1168
f 1162/1162/1162 1165/1165/1165 1146/1146/1146
f 1146/1146/1146 1135/1135/1135 1162/1162/1162
f 1189/1189/1189 1163/1163/1163 1134/1134/1134
f 1134/1134/1134 1212/1212/1212 1189/1189/1189
f 1239/1239/1239 1067/1067/1067 1074/1074/1074
f 1074/1074/1074 1256/1256/1256 1239/1239/1239
f 1241/1241/1241 1096/1096/1096 1094/1094/1094
f 1094/1094/1094 1227/1227/1227 1241/1241/1241
f 1217/1217/1217 1101/1101/1101 1107/1107/1107
f 1107/1107/1107 1250/1250/1250 1217/1217/1217
f 1252/1252/1252 1109/1109/1109 1098/1098/1098
f 1098/1098/1098 1244/1244/1244 1252/1252/1252
f 1232/1232/1232 1063/1063/1063 1066/1066/1066
f 1066/1066/1066 1238/1238/1238 1232/1232/1232
f 1228/1228/1228 1091/1091/1091 1104/1104/1104
f 1104/1104/1104 1219/1219/1219 1228/1228/1228
f 1229/1229/1229 1237/1237/1237 1247/1247/1247
f 1247/1247/1247 1234/1234/1234 1229/1229/1229
f 1236/1236/1236 1248/1248/1248 1242/1242/1242
f 1242/1242/1242 1225/1225/1225 1236/1236/1236
f 1255/1255/1255 1216/1216/1216 1223/1223/1223
f 1223/1223/1223 1257/1257/1257 1255/1255/1255
f 1258/1258/1258 1221/1221/1221 1218/1218/1218
f 1218/1218/1218 1251/1251/1251 1258/1258/1258
f 1215/1215/1215 1231/1231/1231 1235/1235/1235
f 1235/1235/1235 1224/1224/1224 1215/1215/1215
f 1222/1222/1222 1233/1233/1233 1226/1226/1226
f 1226/1226/1226 1220/1220/1220 1222/1222/1222
f 1240/1240/1240 1253/1253/1253 1259/1259/1259
f 1259/1259/1259 1245/1245/1245 1240/1240/1240
f 1246/1246/1246 1260/1260/1260 1249/1249/1249
f 1249/1249/1249 1243/1243/1243 1246/1246/1246
f 1254/1254/1254 1075/1075/1075 1072/1072/1072
f 1072/1072/1072 1214/1214/1214 1254/1254/1254
f 1263/1263/1263 1264/1264/1264 1261/1261/1261
f 1261/1261/1261 1262/1262/1262 1263/1263/1263
f 1265/1265/1265 1294/1294/1294 1292/1292/1292
f 1292/1292/1292 1268/1268/1268 1265/1265/1265
f 1279/1279/1279 1280/1280/1280 1274/1274/1274
f 1274/1274/1274 1272/1272/1272 1279/1279/1279
f 1286/1286/1286 1284/1284/1284 1283/1283/1283
f 1283/1283/1283 1285/1285/1285 1286/1286/1286
f 1266/1266/1266 1269/1269/1269 1278/1278/1278
f 1278/1278/1278 1273/1273/1273 1266/1266/1266
f 1297/1297/1297 1281/1281/1281 1277/1277/1277
f 1299/1299/1299 1301/1301/1301 1275/1275/1275
f 1275/1275/1275 1282/1282/1282 1299/1299/1299
f 1295/1295/1295 1287/1287/1287 1288/1288/1288
f 1288/1288/1288 1289/1289/1289 1295/1295/1295
f 1276/1276/1276 1302/1302/1302 1271/1271/1271
f 1267/1267/1267 1271/1271/1271 1302/1302/1302
f 1302/1302/1302 1296/1296/1296 1267/1267/1267
f 1270/1270/1270 1290/1290/1290 1297/1297/1297
f 1297/1297/1297 1277/1277/1277 1270/1270/1270
f 1303/1303/1303 1311/1311/1311 1322/1322/1322
f 1304/1304/1304 1303/1303/1303 1312/1312/1312
f 1307/1307/1307 1305/1305/1305 1314/1314/1314
f 1309/1309/1309 1306/1306/1306 1318/1318/1318
f 1311/1311/1311 1310/1310/1310 1321/1321/1321
f 1303/1303/1303 1322/1322/1322 1312/1312/1312
f 1304/1304/1304 1312/1312/1312 1316/1316/1316
f 1308/1308/1308 1316/1316/1316 1319/1319/1319
f 1310/1310/1310 1319/1319/1319 1321/1321/1321
f 1311/1311/1311 1321/1321/1321 1322/1322/1322
f 1313/1313/1313 1323/1323/1323 1324/1324/1324
f 1315/1315/1315 1313/1313/1313 1324/1324/1324
f 1317/1317/1317 1315/1315/1315 1324/1324/1324
f 1320/1320/1320 1317/1317/1317 1324/1324/1324
f 1323/1323/1323 1320/1320/1320 1324/1324/1324
f 1355/1355/1355 1352/1352/1352 1330/1330/1330
f 1330/1330/1330 1331/1331/1331 1355/1355/1355
f 1334/1334/1334 1327/1327/1327 1336/1336/1336
f 1336/1336/1336 1364/1364/1364 1334/1334/1334
f 1363/1363/1363 1335/1335/1335 1341/1341/1341
f 1341/1341/1341 1361/1361/1361 1363/1363/1363
f 1362/1362/1362 1342/1342/1342 1344/1344/1344
f 1344/1344/1344 1360/1360/1360 1362/1362/1362
f 1359/1359/1359 1346/1346/1346 1349/1349/1349
f 1349/1349/1349 1358/1358/1358 1359/1359/1359
f 1357/1357/1357 1347/1347/1347 1353/1353/1353
f 1353/1353/1353 1356/1356/1356 1357/1357/1357
f 1326/1326/1326 1333/1333/1333 1366/1366/1366
f 1332/1332/1332 1329/1329/1329 1365/1365/1365
f 1343/1343/1343 1375/1375/1375 1377/1377/1377
f 1377/1377/1377 1348/1348/1348 1343/1343/1343
f 1337/1337/1337 1372/1372/1372 1374/1374/1374
f 1374/1374/1374 1339/1339/1339 1337/1337/1337
f 1366/1366/1366 1382/1382/1382 1368/1368/1368
f 1368/1368/1368 1326/1326/1326 1366/1366/1366
f 1350/1350/1350 1378/1378/1378 1379/1379/1379
f 1379/1379/1379 1351/1351/1351 1350/1350/1350
f 1340/1340/1340 1373/1373/1373 1376/1376/1376
f 1376/1376/1376 1345/1345/1345 1340/1340/1340
f 1325/1325/1325 1367/1367/1367 1371/1371/1371
f 1371/1371/1371 1338/1338/1338 1325/1325/1325
f 1329/1329/1329 1370/1370/1370 1381/1381/1381
f 1381/1381/1381 1365/1365/1365 1329/1329/1329
f 1354/1354/1354 1380/1380/1380 1369/1369/1369
f 1369/1369/1369 1328/1328/1328 1354/1354/1354

