# https://github.com/mikedh/trimesh
mtllib material.mtl
usemtl material_0
v -1.00000000 0.00000000 1.00000000
v -1.00000000 0.00000000 1.00000000
v -1.00000000 0.00000000 1.00000000
v -1.00000000 0.10000000 1.00000000
v -1.00000000 0.10000000 1.00000000
v -1.00000000 0.10000000 1.00000000
v -1.00000000 0.00000000 -1.00000000
v -1.00000000 0.00000000 -1.00000000
v -1.00000000 0.00000000 -1.00000000
v -1.00000000 0.10000000 -1.00000000
v -1.00000000 0.10000000 -1.00000000
v -1.00000000 0.10000000 -1.00000000
v 1.00000000 0.00000000 1.00000000
v 1.00000000 0.00000000 1.00000000
v 1.00000000 0.00000000 1.00000000
v 1.00000000 0.10000000 1.00000000
v 1.00000000 0.10000000 1.00000000
v 1.00000000 0.10000000 1.00000000
v 1.00000000 0.00000000 -1.00000000
v 1.00000000 0.00000000 -1.00000000
v 1.00000000 0.00000000 -1.00000000
v 1.00000000 0.10000000 -1.00000000
v 1.00000000 0.10000000 -1.00000000
v 1.00000000 0.10000000 -1.00000000
v 0.90000000 0.00000000 -1.00000000
v 0.90000000 0.00000000 -1.00000000
v 0.90000000 0.00000000 -1.00000000
v -0.90000000 0.00000000 -1.00000000
v -0.90000000 0.00000000 -1.00000000
v -0.90000000 0.00000000 -1.00000000
v -0.90000000 0.10000000 -1.00000000
v -0.90000000 0.10000000 -1.00000000
v -0.90000000 0.10000000 -1.00000000
v -0.90000000 0.10000000 -1.00000000
v 0.90000000 0.10000000 -1.00000000
v 0.90000000 0.10000000 -1.00000000
v 0.90000000 0.10000000 -1.00000000
v 0.90000000 0.10000000 -1.00000000
v -0.90000000 0.00000000 1.00000000
v -0.90000000 0.00000000 1.00000000
v -0.90000000 0.00000000 1.00000000
v 0.90000000 0.00000000 1.00000000
v 0.90000000 0.00000000 1.00000000
v 0.90000000 0.00000000 1.00000000
v 0.90000000 0.10000000 1.00000000
v 0.90000000 0.10000000 1.00000000
v 0.90000000 0.10000000 1.00000000
v 0.90000000 0.10000000 1.00000000
v -0.90000000 0.10000000 1.00000000
v -0.90000000 0.10000000 1.00000000
v -0.90000000 0.10000000 1.00000000
v -0.90000000 0.10000000 1.00000000
v -1.00000000 0.00000000 -0.90000000
v -1.00000000 0.00000000 -0.90000000
v -1.00000000 0.00000000 -0.90000000
v -1.00000000 0.00000000 0.90000000
v -1.00000000 0.00000000 0.90000000
v -1.00000000 0.00000000 0.90000000
v -1.00000000 0.10000000 0.90000000
v -1.00000000 0.10000000 0.90000000
v -1.00000000 0.10000000 0.90000000
v -1.00000000 0.10000000 0.90000000
v -1.00000000 0.10000000 -0.90000000
v -1.00000000 0.10000000 -0.90000000
v -1.00000000 0.10000000 -0.90000000
v -1.00000000 0.10000000 -0.90000000
v 1.00000000 0.00000000 0.90000000
v 1.00000000 0.00000000 0.90000000
v 1.00000000 0.00000000 0.90000000
v 1.00000000 0.00000000 -0.90000000
v 1.00000000 0.00000000 -0.90000000
v 1.00000000 0.00000000 -0.90000000
v 1.00000000 0.10000000 -0.90000000
v 1.00000000 0.10000000 -0.90000000
v 1.00000000 0.10000000 -0.90000000
v 1.00000000 0.10000000 -0.90000000
v 1.00000000 0.10000000 0.90000000
v 1.00000000 0.10000000 0.90000000
v 1.00000000 0.10000000 0.90000000
v 1.00000000 0.10000000 0.90000000
v 0.90000000 0.10000000 -0.90000000
v 0.90000000 0.10000000 -0.90000000
v 0.90000000 0.10000000 -0.90000000
v 0.90000000 0.10000000 0.90000000
v 0.90000000 0.10000000 0.90000000
v 0.90000000 0.10000000 0.90000000
v -0.90000000 0.10000000 -0.90000000
v -0.90000000 0.10000000 -0.90000000
v -0.90000000 0.10000000 -0.90000000
v -0.90000000 0.10000000 0.90000000
v -0.90000000 0.10000000 0.90000000
v -0.90000000 0.10000000 0.90000000
v -0.90000000 0.00000000 -0.90000000
v -0.90000000 0.00000000 0.90000000
v 0.90000000 0.00000000 -0.90000000
v 0.90000000 0.00000000 0.90000000
v 0.20000000 2.25000000 -0.60000000
v 0.20000000 2.25000000 -0.60000000
v -0.20000000 0.10000000 0.60000000
v -1.00000000 0.90000000 -0.60000000
v -1.00000000 0.90000000 -0.60000000
v -1.00000000 0.90000000 -0.60000000
v -1.00000000 0.90000000 -0.60000000
v -0.20000000 1.60000100 0.60000000
v -0.20000000 0.90000000 0.60000000
v -0.20000000 0.90000000 0.60000000
v 0.20000000 0.90000000 0.60000000
v 0.20000000 0.90000000 0.60000000
v 0.20000000 0.90000000 0.60000000
v 0.20000000 0.90000000 0.60000000
v -0.30000000 1.07500000 0.60000000
v -0.30000000 1.07500000 0.60000000
v -0.30000000 1.07500000 0.60000000
v -0.30000000 1.42500000 0.60000000
v -0.30000000 1.42500000 0.60000000
v -0.30000000 1.42500000 0.60000000
v -0.50000000 1.42500000 0.60000000
v -0.50000000 1.42500000 0.60000000
v -0.50000000 1.42500000 0.60000000
v -0.50000000 1.07500000 0.60000000
v -0.50000000 1.07500000 0.60000000
v -0.50000000 1.07500000 0.60000000
v -0.30000000 0.22500000 0.60000000
v -0.30000000 0.22500000 0.60000000
v -0.30000000 0.22500000 0.60000000
v -0.30000000 0.62500000 0.60000000
v -0.30000000 0.62500000 0.60000000
v -0.30000000 0.62500000 0.60000000
v -0.12000000 0.62500000 0.60000000
v -0.12000000 0.62500000 0.60000000
v -0.12000000 0.62500000 0.60000000
v -0.12000000 0.10500000 0.60000000
v -0.12000000 0.10500000 0.60000000
v -0.12000000 0.10500000 0.60000000
v 0.10000000 1.07500000 0.60000000
v 0.10000000 1.07500000 0.60000000
v 0.10000000 1.07500000 0.60000000
v 0.10000000 1.42500000 0.60000000
v 0.10000000 1.42500000 0.60000000
v 0.10000000 1.42500000 0.60000000
v -0.10000000 1.42500000 0.60000000
v -0.10000000 1.42500000 0.60000000
v -0.10000000 1.42500000 0.60000000
v -0.10000000 1.07500000 0.60000000
v -0.10000000 1.07500000 0.60000000
v -0.10000000 1.07500000 0.60000000
v -0.30000000 0.22500000 0.50000000
v -0.30000000 0.22500000 0.50000000
v -0.30000000 1.42500000 0.50000000
v -0.30000000 1.42500000 0.50000000
v -0.30000000 1.07500000 0.50000000
v -0.30000000 1.07500000 0.50000000
v -0.50000000 1.07500000 0.50000000
v -0.50000000 1.07500000 0.50000000
v -0.50000000 1.42500000 0.50000000
v -0.50000000 1.42500000 0.50000000
v -0.30000000 0.62500000 0.50000000
v -0.30000000 0.62500000 0.50000000
v 0.10000000 1.42500000 0.50000000
v 0.10000000 1.42500000 0.50000000
v 0.10000000 1.07500000 0.50000000
v 0.10000000 1.07500000 0.50000000
v -0.10000000 1.07500000 0.50000000
v -0.10000000 1.07500000 0.50000000
v -0.10000000 1.42500000 0.50000000
v -0.10000000 1.42500000 0.50000000
v 0.20000000 0.10000000 -0.60000000
v 0.20000000 0.10000000 -0.60000000
v -1.00000000 0.10000000 -0.60000000
v -1.00000000 0.10000000 -0.60000000
v -1.00000000 0.10000000 0.60000000
v -1.00000000 0.10000000 0.60000000
v -1.00000000 1.60000100 -0.60000000
v -1.00000000 1.60000100 -0.60000000
v -1.00000000 1.60000100 0.60000000
v -1.00000000 1.60000100 0.60000000
v -0.70000000 1.07500000 0.50000000
v -0.70000000 1.07500000 0.50000000
v -0.70000000 1.42500000 0.50000000
v -0.70000000 1.42500000 0.50000000
v -0.90000000 1.07500000 0.50000000
v -0.90000000 1.07500000 0.50000000
v -0.90000000 1.42500000 0.50000000
v -0.90000000 1.42500000 0.50000000
v -0.90000000 0.62500000 0.50000000
v -0.90000000 0.62500000 0.50000000
v -0.90000000 0.22500000 0.50000000
v -0.90000000 0.22500000 0.50000000
v -0.70000000 1.42500000 0.60000000
v -0.70000000 1.42500000 0.60000000
v -0.70000000 1.42500000 0.60000000
v -0.70000000 1.07500000 0.60000000
v -0.70000000 1.07500000 0.60000000
v -0.70000000 1.07500000 0.60000000
v -0.90000000 1.07500000 0.60000000
v -0.90000000 1.07500000 0.60000000
v -0.90000000 1.07500000 0.60000000
v -0.90000000 1.42500000 0.60000000
v -0.90000000 1.42500000 0.60000000
v -0.90000000 1.42500000 0.60000000
v -0.90000000 0.62500000 0.60000000
v -0.90000000 0.62500000 0.60000000
v -0.90000000 0.62500000 0.60000000
v -0.90000000 0.22500000 0.60000000
v -0.90000000 0.22500000 0.60000000
v -0.90000000 0.22500000 0.60000000
v -1.00000000 0.90000000 0.60000000
v -1.00000000 0.90000000 0.60000000
v -1.00000000 0.90000000 0.60000000
v -1.00000000 0.90000000 0.60000000
v -0.60000000 0.90000000 0.60000000
v -0.60000000 0.90000000 0.60000000
v -0.60000000 1.60000100 0.60000000
v 0.20000000 2.25000000 0.60000000
v 0.20000000 2.25000000 0.60000000
v -0.20000000 2.25000000 0.60000000
v -0.30000000 1.77500000 0.60000000
v -0.30000000 1.77500000 0.60000000
v -0.30000000 1.77500000 0.60000000
v -0.30000000 2.12500000 0.60000000
v -0.30000000 2.12500000 0.60000000
v -0.30000000 2.12500000 0.60000000
v -0.50000000 2.12500000 0.60000000
v -0.50000000 2.12500000 0.60000000
v -0.50000000 2.12500000 0.60000000
v -0.50000000 1.77500000 0.60000000
v -0.50000000 1.77500000 0.60000000
v -0.50000000 1.77500000 0.60000000
v 0.10000000 1.77500000 0.60000000
v 0.10000000 1.77500000 0.60000000
v 0.10000000 1.77500000 0.60000000
v 0.10000000 2.12500000 0.60000000
v 0.10000000 2.12500000 0.60000000
v 0.10000000 2.12500000 0.60000000
v -0.10000000 2.12500000 0.60000000
v -0.10000000 2.12500000 0.60000000
v -0.10000000 2.12500000 0.60000000
v -0.10000000 1.77500000 0.60000000
v -0.10000000 1.77500000 0.60000000
v -0.10000000 1.77500000 0.60000000
v -0.30000000 2.12500000 0.50000000
v -0.30000000 2.12500000 0.50000000
v -0.30000000 1.77500000 0.50000000
v -0.30000000 1.77500000 0.50000000
v -0.50000000 1.77500000 0.50000000
v -0.50000000 1.77500000 0.50000000
v -0.50000000 2.12500000 0.50000000
v -0.50000000 2.12500000 0.50000000
v 0.10000000 2.12500000 0.50000000
v 0.10000000 2.12500000 0.50000000
v 0.10000000 1.77500000 0.50000000
v 0.10000000 1.77500000 0.50000000
v -0.10000000 1.77500000 0.50000000
v -0.10000000 1.77500000 0.50000000
v -0.10000000 2.12500000 0.50000000
v -0.10000000 2.12500000 0.50000000
v -1.00000000 2.25000000 -0.60000000
v -1.00000000 2.25000000 -0.60000000
v -1.00000000 2.25000000 0.60000000
v -1.00000000 2.25000000 0.60000000
v -0.70000000 1.77500000 0.50000000
v -0.70000000 1.77500000 0.50000000
v -0.70000000 2.12500000 0.50000000
v -0.70000000 2.12500000 0.50000000
v -0.90000000 1.77500000 0.50000000
v -0.90000000 1.77500000 0.50000000
v -0.90000000 2.12500000 0.50000000
v -0.90000000 2.12500000 0.50000000
v -0.70000000 2.12500000 0.60000000
v -0.70000000 2.12500000 0.60000000
v -0.70000000 2.12500000 0.60000000
v -0.70000000 1.77500000 0.60000000
v -0.70000000 1.77500000 0.60000000
v -0.70000000 1.77500000 0.60000000
v -0.90000000 1.77500000 0.60000000
v -0.90000000 1.77500000 0.60000000
v -0.90000000 1.77500000 0.60000000
v -0.90000000 2.12500000 0.60000000
v -0.90000000 2.12500000 0.60000000
v -0.90000000 2.12500000 0.60000000
v -0.60000000 2.25000000 0.60000000
v 1.00000000 0.10000000 -0.60000000
v 1.00000000 0.10000000 -0.60000000
v 0.60000000 0.10000000 0.40000000
v 0.20000000 0.10000000 0.40000000
v 0.20000000 0.10000000 0.40000000
v 1.00000000 1.60000100 -0.60000000
v 1.00000000 1.60000100 -0.60000000
v 0.60000000 1.60000100 0.40000000
v 0.20000000 1.60000100 0.40000000
v 0.20000000 1.60000100 0.40000000
v 1.00000000 0.90000000 -0.60000000
v 1.00000000 0.90000000 -0.60000000
v 0.20000000 0.90000000 0.40000000
v 0.20000000 0.90000000 0.40000000
v 0.20000000 0.90000000 0.40000000
v 0.30000000 0.27500000 0.40000000
v 0.30000000 0.27500000 0.40000000
v 0.30000000 0.27500000 0.40000000
v 0.50000000 0.27500000 0.40000000
v 0.50000000 0.27500000 0.40000000
v 0.50000000 0.27500000 0.40000000
v 0.50000000 0.62500000 0.40000000
v 0.50000000 0.62500000 0.40000000
v 0.50000000 0.62500000 0.40000000
v 0.30000000 0.62500000 0.40000000
v 0.30000000 0.62500000 0.40000000
v 0.30000000 0.62500000 0.40000000
v 0.30000000 1.42500000 0.40000000
v 0.30000000 1.42500000 0.40000000
v 0.30000000 1.42500000 0.40000000
v 0.30000000 1.07500000 0.40000000
v 0.30000000 1.07500000 0.40000000
v 0.30000000 1.07500000 0.40000000
v 0.50000000 1.07500000 0.40000000
v 0.50000000 1.07500000 0.40000000
v 0.50000000 1.07500000 0.40000000
v 0.50000000 1.42500000 0.40000000
v 0.50000000 1.42500000 0.40000000
v 0.50000000 1.42500000 0.40000000
v 0.50000000 0.27500000 0.30000000
v 0.50000000 0.27500000 0.30000000
v 0.30000000 0.27500000 0.30000000
v 0.30000000 0.27500000 0.30000000
v 0.30000000 0.62500000 0.30000000
v 0.30000000 0.62500000 0.30000000
v 0.50000000 0.62500000 0.30000000
v 0.50000000 0.62500000 0.30000000
v 0.30000000 1.42500000 0.30000000
v 0.30000000 1.42500000 0.30000000
v 0.30000000 1.07500000 0.30000000
v 0.30000000 1.07500000 0.30000000
v 0.50000000 1.42500000 0.30000000
v 0.50000000 1.42500000 0.30000000
v 0.50000000 1.07500000 0.30000000
v 0.50000000 1.07500000 0.30000000
v 0.90000000 1.07500000 0.30000000
v 0.90000000 1.07500000 0.30000000
v 0.90000000 1.42500000 0.30000000
v 0.90000000 1.42500000 0.30000000
v 0.70000000 1.07500000 0.30000000
v 0.70000000 1.07500000 0.30000000
v 0.70000000 1.42500000 0.30000000
v 0.70000000 1.42500000 0.30000000
v 0.90000000 0.62500000 0.30000000
v 0.90000000 0.62500000 0.30000000
v 0.70000000 0.62500000 0.30000000
v 0.70000000 0.62500000 0.30000000
v 0.70000000 0.27500000 0.30000000
v 0.70000000 0.27500000 0.30000000
v 0.90000000 0.27500000 0.30000000
v 0.90000000 0.27500000 0.30000000
v 0.90000000 1.42500000 0.40000000
v 0.90000000 1.42500000 0.40000000
v 0.90000000 1.42500000 0.40000000
v 0.90000000 1.07500000 0.40000000
v 0.90000000 1.07500000 0.40000000
v 0.90000000 1.07500000 0.40000000
v 0.70000000 1.07500000 0.40000000
v 0.70000000 1.07500000 0.40000000
v 0.70000000 1.07500000 0.40000000
v 0.70000000 1.42500000 0.40000000
v 0.70000000 1.42500000 0.40000000
v 0.70000000 1.42500000 0.40000000
v 0.70000000 0.62500000 0.40000000
v 0.70000000 0.62500000 0.40000000
v 0.70000000 0.62500000 0.40000000
v 0.90000000 0.62500000 0.40000000
v 0.90000000 0.62500000 0.40000000
v 0.90000000 0.62500000 0.40000000
v 0.90000000 0.27500000 0.40000000
v 0.90000000 0.27500000 0.40000000
v 0.90000000 0.27500000 0.40000000
v 0.70000000 0.27500000 0.40000000
v 0.70000000 0.27500000 0.40000000
v 0.70000000 0.27500000 0.40000000
v 0.60000000 0.90000000 0.40000000
v 1.00000000 0.90000000 0.40000000
v 1.00000000 0.90000000 0.40000000
v 1.00000000 1.60000100 0.40000000
v 1.00000000 1.60000100 0.40000000
v 1.00000000 0.10000000 0.40000000
v 1.00000000 0.10000000 0.40000000
v 1.00000000 2.25000000 -0.60000000
v 1.00000000 2.25000000 -0.60000000
v 0.60000000 2.25000000 0.40000000
v 0.20000000 2.25000000 0.40000000
v 0.20000000 2.25000000 0.40000000
v 0.30000000 2.12500000 0.40000000
v 0.30000000 2.12500000 0.40000000
v 0.30000000 2.12500000 0.40000000
v 0.30000000 1.77500000 0.40000000
v 0.30000000 1.77500000 0.40000000
v 0.30000000 1.77500000 0.40000000
v 0.50000000 1.77500000 0.40000000
v 0.50000000 1.77500000 0.40000000
v 0.50000000 1.77500000 0.40000000
v 0.50000000 2.12500000 0.40000000
v 0.50000000 2.12500000 0.40000000
v 0.50000000 2.12500000 0.40000000
v 0.30000000 2.12500000 0.30000000
v 0.30000000 2.12500000 0.30000000
v 0.30000000 1.77500000 0.30000000
v 0.30000000 1.77500000 0.30000000
v 0.50000000 2.12500000 0.30000000
v 0.50000000 2.12500000 0.30000000
v 0.50000000 1.77500000 0.30000000
v 0.50000000 1.77500000 0.30000000
v 0.90000000 1.77500000 0.30000000
v 0.90000000 1.77500000 0.30000000
v 0.90000000 2.12500000 0.30000000
v 0.90000000 2.12500000 0.30000000
v 0.70000000 1.77500000 0.30000000
v 0.70000000 1.77500000 0.30000000
v 0.70000000 2.12500000 0.30000000
v 0.70000000 2.12500000 0.30000000
v 0.90000000 2.12500000 0.40000000
v 0.90000000 2.12500000 0.40000000
v 0.90000000 2.12500000 0.40000000
v 0.90000000 1.77500000 0.40000000
v 0.90000000 1.77500000 0.40000000
v 0.90000000 1.77500000 0.40000000
v 0.70000000 1.77500000 0.40000000
v 0.70000000 1.77500000 0.40000000
v 0.70000000 1.77500000 0.40000000
v 0.70000000 2.12500000 0.40000000
v 0.70000000 2.12500000 0.40000000
v 0.70000000 2.12500000 0.40000000
v 1.00000000 2.25000000 0.40000000
v 1.00000000 2.25000000 0.40000000
v 0.20000000 0.90000000 -0.60000000
v 0.20000000 0.90000000 -0.60000000
v 0.20000000 0.90000000 -0.60000000
v 0.20000000 1.60000100 -0.60000000
v 0.20000000 1.60000100 -0.60000000
v 0.12000000 0.10500000 0.60000000
v 0.12000000 0.10500000 0.60000000
v 0.12000000 0.10500000 0.60000000
v 0.12000000 0.62500000 0.60000000
v 0.12000000 0.62500000 0.60000000
v 0.12000000 0.62500000 0.60000000
v 0.12000000 0.10500000 0.50000000
v 0.12000000 0.10500000 0.50000000
v -0.12000000 0.10500000 0.50000000
v -0.12000000 0.10500000 0.50000000
v 0.12000000 0.62500000 0.50000000
v 0.12000000 0.62500000 0.50000000
v -0.12000000 0.62500000 0.50000000
v -0.12000000 0.62500000 0.50000000
v -0.88201900 1.10150000 0.54194800
v -0.88201900 1.39923300 0.54194800
v -0.71798100 1.39923300 0.54194800
v -0.71798100 1.10150000 0.54194800
v -0.92692400 1.43624500 0.50616700
v -0.92692400 1.43624500 0.50616700
v -0.92692400 1.39721000 0.62487000
v -0.92692400 1.39721000 0.62487000
v -0.92692400 1.39721000 0.62487000
v -0.92692400 1.39721000 0.50616700
v -0.92692400 1.39721000 0.50616700
v -0.67307500 1.43624500 0.50616700
v -0.67307500 1.43624500 0.50616700
v -0.92692400 1.43624500 0.62487000
v -0.92692400 1.43624500 0.62487000
v -0.92692400 1.43624500 0.62487000
v -0.67307500 1.39721000 0.50616700
v -0.67307500 1.39721000 0.50616700
v -0.67307500 1.43624500 0.62487000
v -0.67307500 1.43624500 0.62487000
v -0.67307500 1.43624500 0.62487000
v -0.67307500 1.39721000 0.62487000
v -0.67307500 1.39721000 0.62487000
v -0.67307500 1.39721000 0.62487000
v -0.72851600 1.41917400 0.51597000
v -0.72851600 1.10048900 0.56306400
v -0.72851600 1.10048900 0.56306400
v -0.72851600 1.10048900 0.51597000
v -0.72851600 1.41917400 0.56306400
v -0.72851600 1.41917400 0.56306400
v -0.69353400 1.41917400 0.56306400
v -0.69353400 1.10048900 0.56306400
v -0.90646700 1.10048900 0.56306400
v -0.87148400 1.41917400 0.51597000
v -0.90646700 1.41917400 0.56306400
v -0.87148400 1.10048900 0.51597000
v -0.87148400 1.41917400 0.56306400
v -0.87148400 1.41917400 0.56306400
v -0.87148400 1.10048900 0.56306400
v -0.87148400 1.10048900 0.56306400
v -0.92692400 1.10783100 0.47549100
v -0.92692400 1.10783100 0.47549100
v -0.92692400 1.04363900 0.47549100
v -0.92692400 1.04363900 0.47549100
v -0.67307500 1.10783100 0.47549100
v -0.67307500 1.10783100 0.47549100
v -0.92692400 1.10783100 0.64257600
v -0.92692400 1.10783100 0.64257600
v -0.92692400 1.10783100 0.64257600
v -0.67307500 1.04363900 0.47549100
v -0.67307500 1.04363900 0.47549100
v -0.67307500 1.10783100 0.64257600
v -0.67307500 1.10783100 0.64257600
v -0.67307500 1.10783100 0.64257600
v -0.92692400 1.04363900 0.60599300
v -0.92692400 1.04363900 0.60599300
v -0.92692400 1.04363900 0.60599300
v -0.92692400 1.08022100 0.64257600
v -0.92692400 1.08022100 0.64257600
v -0.92692400 1.08022100 0.64257600
v -0.67307500 1.08022100 0.64257600
v -0.67307500 1.08022100 0.64257600
v -0.67307500 1.08022100 0.64257600
v -0.67307500 1.04363900 0.60599300
v -0.67307500 1.04363900 0.60599300
v -0.67307500 1.04363900 0.60599300
v -0.89814000 1.32645800 0.52393700
v -0.89814000 1.30408600 0.55211900
v -0.89814000 1.30408600 0.55211900
v -0.89814000 1.30408600 0.52393700
v -0.70185900 1.32645800 0.52393700
v -0.89814000 1.32645800 0.55211900
v -0.89814000 1.32645800 0.55211900
v -0.70185900 1.30408600 0.52393700
v -0.70185900 1.32645800 0.55211900
v -0.70185900 1.32645800 0.55211900
v -0.70185900 1.30408600 0.55211900
v -0.70185900 1.30408600 0.55211900
v -0.71798100 1.31476400 0.54194800
v -0.71798100 1.31476400 0.54194800
v -0.88201900 1.31476400 0.54194800
v -0.88201900 1.31476400 0.54194800
v 0.52692500 1.39721000 0.42487000
v 0.52692500 1.39721000 0.42487000
v 0.52692500 1.39721000 0.42487000
v 0.52692500 1.43624500 0.42487000
v 0.52692500 1.43624500 0.42487000
v 0.52692500 1.43624500 0.42487000
v -0.48201900 1.10150000 0.54194800
v -0.48201900 1.39923300 0.54194800
v -0.31798100 1.39923300 0.54194800
v -0.31798100 1.10150000 0.54194800
v -0.52692400 1.43624500 0.50616700
v -0.52692400 1.43624500 0.50616700
v -0.52692400 1.39721000 0.62487000
v -0.52692400 1.39721000 0.62487000
v -0.52692400 1.39721000 0.62487000
v -0.52692400 1.39721000 0.50616700
v -0.52692400 1.39721000 0.50616700
v -0.27307500 1.43624500 0.50616700
v -0.27307500 1.43624500 0.50616700
v -0.52692400 1.43624500 0.62487000
v -0.52692400 1.43624500 0.62487000
v -0.52692400 1.43624500 0.62487000
v -0.27307500 1.39721000 0.50616700
v -0.27307500 1.39721000 0.50616700
v -0.27307500 1.43624500 0.62487000
v -0.27307500 1.43624500 0.62487000
v -0.27307500 1.43624500 0.62487000
v -0.27307500 1.39721000 0.62487000
v -0.27307500 1.39721000 0.62487000
v -0.27307500 1.39721000 0.62487000
v -0.32851600 1.41917400 0.51597000
v -0.32851600 1.10048900 0.56306400
v -0.32851600 1.10048900 0.56306400
v -0.32851600 1.10048900 0.51597000
v -0.32851600 1.41917400 0.56306400
v -0.32851600 1.41917400 0.56306400
v -0.29353400 1.41917400 0.56306400
v -0.29353400 1.10048900 0.56306400
v -0.50646700 1.10048900 0.56306400
v -0.47148400 1.41917400 0.51597000
v -0.50646700 1.41917400 0.56306400
v -0.47148400 1.10048900 0.51597000
v -0.47148400 1.41917400 0.56306400
v -0.47148400 1.41917400 0.56306400
v -0.47148400 1.10048900 0.56306400
v -0.47148400 1.10048900 0.56306400
v -0.52692400 1.10783100 0.47549100
v -0.52692400 1.10783100 0.47549100
v -0.52692400 1.04363900 0.47549100
v -0.52692400 1.04363900 0.47549100
v -0.27307500 1.10783100 0.47549100
v -0.27307500 1.10783100 0.47549100
v -0.52692400 1.10783100 0.64257600
v -0.52692400 1.10783100 0.64257600
v -0.52692400 1.10783100 0.64257600
v -0.27307500 1.04363900 0.47549100
v -0.27307500 1.04363900 0.47549100
v -0.27307500 1.10783100 0.64257600
v -0.27307500 1.10783100 0.64257600
v -0.27307500 1.10783100 0.64257600
v -0.52692400 1.04363900 0.60599300
v -0.52692400 1.04363900 0.60599300
v -0.52692400 1.04363900 0.60599300
v -0.52692400 1.08022100 0.64257600
v -0.52692400 1.08022100 0.64257600
v -0.52692400 1.08022100 0.64257600
v -0.27307500 1.08022100 0.64257600
v -0.27307500 1.08022100 0.64257600
v -0.27307500 1.08022100 0.64257600
v -0.27307500 1.04363900 0.60599300
v -0.27307500 1.04363900 0.60599300
v -0.27307500 1.04363900 0.60599300
v -0.49814000 1.22816400 0.52393700
v -0.49814000 1.20579200 0.55211900
v -0.49814000 1.20579200 0.55211900
v -0.49814000 1.20579200 0.52393700
v -0.30185900 1.22816400 0.52393700
v -0.49814000 1.22816400 0.55211900
v -0.49814000 1.22816400 0.55211900
v -0.30185900 1.20579200 0.52393700
v -0.30185900 1.22816400 0.55211900
v -0.30185900 1.22816400 0.55211900
v -0.30185900 1.20579200 0.55211900
v -0.30185900 1.20579200 0.55211900
v -0.31798100 1.21647000 0.54194800
v -0.31798100 1.21647000 0.54194800
v -0.48201900 1.21647000 0.54194800
v -0.48201900 1.21647000 0.54194800
v 0.52692500 1.39721000 0.30616700
v 0.52692500 1.39721000 0.30616700
v 0.27307600 1.43624500 0.42487000
v 0.27307600 1.43624500 0.42487000
v 0.27307600 1.43624500 0.42487000
v -0.08201900 1.10150000 0.54194800
v -0.08201900 1.39923300 0.54194800
v 0.08201900 1.39923300 0.54194800
v 0.08201900 1.10150000 0.54194800
v -0.12692400 1.43624500 0.50616700
v -0.12692400 1.43624500 0.50616700
v -0.12692400 1.39721000 0.62487000
v -0.12692400 1.39721000 0.62487000
v -0.12692400 1.39721000 0.62487000
v -0.12692400 1.39721000 0.50616700
v -0.12692400 1.39721000 0.50616700
v 0.12692500 1.43624500 0.50616700
v 0.12692500 1.43624500 0.50616700
v -0.12692400 1.43624500 0.62487000
v -0.12692400 1.43624500 0.62487000
v -0.12692400 1.43624500 0.62487000
v 0.12692500 1.39721000 0.50616700
v 0.12692500 1.39721000 0.50616700
v 0.12692500 1.43624500 0.62487000
v 0.12692500 1.43624500 0.62487000
v 0.12692500 1.43624500 0.62487000
v 0.12692500 1.39721000 0.62487000
v 0.12692500 1.39721000 0.62487000
v 0.12692500 1.39721000 0.62487000
v 0.07148400 1.41917400 0.51597000
v 0.07148400 1.10048900 0.56306400
v 0.07148400 1.10048900 0.56306400
v 0.07148400 1.10048900 0.51597000
v 0.07148400 1.41917400 0.56306400
v 0.07148400 1.41917400 0.56306400
v 0.10646600 1.41917400 0.56306400
v 0.10646600 1.10048900 0.56306400
v -0.10646700 1.10048900 0.56306400
v -0.07148400 1.41917400 0.51597000
v -0.10646700 1.41917400 0.56306400
v -0.07148400 1.10048900 0.51597000
v -0.07148400 1.41917400 0.56306400
v -0.07148400 1.41917400 0.56306400
v -0.07148400 1.10048900 0.56306400
v -0.07148400 1.10048900 0.56306400
v -0.12692400 1.10783100 0.47549100
v -0.12692400 1.10783100 0.47549100
v -0.12692400 1.04363900 0.47549100
v -0.12692400 1.04363900 0.47549100
v 0.12692500 1.10783100 0.47549100
v 0.12692500 1.10783100 0.47549100
v -0.12692400 1.10783100 0.64257600
v -0.12692400 1.10783100 0.64257600
v -0.12692400 1.10783100 0.64257600
v 0.12692500 1.04363900 0.47549100
v 0.12692500 1.04363900 0.47549100
v 0.12692500 1.10783100 0.64257600
v 0.12692500 1.10783100 0.64257600
v 0.12692500 1.10783100 0.64257600
v -0.12692400 1.04363900 0.60599300
v -0.12692400 1.04363900 0.60599300
v -0.12692400 1.04363900 0.60599300
v -0.12692400 1.08022100 0.64257600
v -0.12692400 1.08022100 0.64257600
v -0.12692400 1.08022100 0.64257600
v 0.12692500 1.08022100 0.64257600
v 0.12692500 1.08022100 0.64257600
v 0.12692500 1.08022100 0.64257600
v 0.12692500 1.04363900 0.60599300
v 0.12692500 1.04363900 0.60599300
v 0.12692500 1.04363900 0.60599300
v -0.09814000 1.32645800 0.52393700
v -0.09814000 1.30408600 0.55211900
v -0.09814000 1.30408600 0.55211900
v -0.09814000 1.30408600 0.52393700
v 0.09814100 1.32645800 0.52393700
v -0.09814000 1.32645800 0.55211900
v -0.09814000 1.32645800 0.55211900
v 0.09814100 1.30408600 0.52393700
v 0.09814100 1.32645800 0.55211900
v 0.09814100 1.32645800 0.55211900
v 0.09814100 1.30408600 0.55211900
v 0.09814100 1.30408600 0.55211900
v 0.08201900 1.31476400 0.54194800
v 0.08201900 1.31476400 0.54194800
v -0.08201900 1.31476400 0.54194800
v -0.08201900 1.31476400 0.54194800
v 0.52692500 1.43624500 0.30616700
v 0.52692500 1.43624500 0.30616700
v 0.27307600 1.39721000 0.30616700
v 0.27307600 1.39721000 0.30616700
v -0.88201900 1.80150000 0.54194800
v -0.88201900 2.09923300 0.54194800
v -0.71798100 2.09923300 0.54194800
v -0.71798100 1.80150000 0.54194800
v -0.92692400 2.13624500 0.50616700
v -0.92692400 2.13624500 0.50616700
v -0.92692400 2.09721000 0.62487000
v -0.92692400 2.09721000 0.62487000
v -0.92692400 2.09721000 0.62487000
v -0.92692400 2.09721000 0.50616700
v -0.92692400 2.09721000 0.50616700
v -0.67307500 2.13624500 0.50616700
v -0.67307500 2.13624500 0.50616700
v -0.92692400 2.13624500 0.62487000
v -0.92692400 2.13624500 0.62487000
v -0.92692400 2.13624500 0.62487000
v -0.67307500 2.09721000 0.50616700
v -0.67307500 2.09721000 0.50616700
v -0.67307500 2.13624500 0.62487000
v -0.67307500 2.13624500 0.62487000
v -0.67307500 2.13624500 0.62487000
v -0.67307500 2.09721000 0.62487000
v -0.67307500 2.09721000 0.62487000
v -0.67307500 2.09721000 0.62487000
v -0.72851600 2.11917400 0.51597000
v -0.72851600 1.80048900 0.56306400
v -0.72851600 1.80048900 0.56306400
v -0.72851600 1.80048900 0.51597000
v -0.72851600 2.11917400 0.56306400
v -0.72851600 2.11917400 0.56306400
v -0.69353400 2.11917400 0.56306400
v -0.69353400 1.80048900 0.56306400
v -0.90646700 1.80048900 0.56306400
v -0.87148400 2.11917400 0.51597000
v -0.90646700 2.11917400 0.56306400
v -0.87148400 1.80048900 0.51597000
v -0.87148400 2.11917400 0.56306400
v -0.87148400 2.11917400 0.56306400
v -0.87148400 1.80048900 0.56306400
v -0.87148400 1.80048900 0.56306400
v -0.92692400 1.80783100 0.47549100
v -0.92692400 1.80783100 0.47549100
v -0.92692400 1.74363900 0.47549100
v -0.92692400 1.74363900 0.47549100
v -0.67307500 1.80783100 0.47549100
v -0.67307500 1.80783100 0.47549100
v -0.92692400 1.80783100 0.64257600
v -0.92692400 1.80783100 0.64257600
v -0.92692400 1.80783100 0.64257600
v -0.67307500 1.74363900 0.47549100
v -0.67307500 1.74363900 0.47549100
v -0.67307500 1.80783100 0.64257600
v -0.67307500 1.80783100 0.64257600
v -0.67307500 1.80783100 0.64257600
v -0.92692400 1.74363900 0.60599300
v -0.92692400 1.74363900 0.60599300
v -0.92692400 1.74363900 0.60599300
v -0.92692400 1.78022100 0.64257600
v -0.92692400 1.78022100 0.64257600
v -0.92692400 1.78022100 0.64257600
v -0.67307500 1.78022100 0.64257600
v -0.67307500 1.78022100 0.64257600
v -0.67307500 1.78022100 0.64257600
v -0.67307500 1.74363900 0.60599300
v -0.67307500 1.74363900 0.60599300
v -0.67307500 1.74363900 0.60599300
v -0.89814000 1.96162600 0.52393700
v -0.89814000 1.93925400 0.55211900
v -0.89814000 1.93925400 0.55211900
v -0.89814000 1.93925400 0.52393700
v -0.70185900 1.96162600 0.52393700
v -0.89814000 1.96162600 0.55211900
v -0.89814000 1.96162600 0.55211900
v -0.70185900 1.93925400 0.52393700
v -0.70185900 1.96162600 0.55211900
v -0.70185900 1.96162600 0.55211900
v -0.70185900 1.93925400 0.55211900
v -0.70185900 1.93925400 0.55211900
v -0.71798100 1.94993200 0.54194800
v -0.71798100 1.94993200 0.54194800
v -0.88201900 1.94993200 0.54194800
v -0.88201900 1.94993200 0.54194800
v 0.27307600 1.39721000 0.42487000
v 0.27307600 1.39721000 0.42487000
v 0.27307600 1.39721000 0.42487000
v 0.27307600 1.43624500 0.30616700
v 0.27307600 1.43624500 0.30616700
v -0.48201900 1.80150000 0.54194800
v -0.48201900 2.09923300 0.54194800
v -0.31798100 2.09923300 0.54194800
v -0.31798100 1.80150000 0.54194800
v -0.52692400 2.13624500 0.50616700
v -0.52692400 2.13624500 0.50616700
v -0.52692400 2.09721000 0.62487000
v -0.52692400 2.09721000 0.62487000
v -0.52692400 2.09721000 0.62487000
v -0.52692400 2.09721000 0.50616700
v -0.52692400 2.09721000 0.50616700
v -0.27307500 2.13624500 0.50616700
v -0.27307500 2.13624500 0.50616700
v -0.52692400 2.13624500 0.62487000
v -0.52692400 2.13624500 0.62487000
v -0.52692400 2.13624500 0.62487000
v -0.27307500 2.09721000 0.50616700
v -0.27307500 2.09721000 0.50616700
v -0.27307500 2.13624500 0.62487000
v -0.27307500 2.13624500 0.62487000
v -0.27307500 2.13624500 0.62487000
v -0.27307500 2.09721000 0.62487000
v -0.27307500 2.09721000 0.62487000
v -0.27307500 2.09721000 0.62487000
v -0.32851600 2.11917400 0.51597000
v -0.32851600 1.80048900 0.56306400
v -0.32851600 1.80048900 0.56306400
v -0.32851600 1.80048900 0.51597000
v -0.32851600 2.11917400 0.56306400
v -0.32851600 2.11917400 0.56306400
v -0.29353400 2.11917400 0.56306400
v -0.29353400 1.80048900 0.56306400
v -0.50646700 1.80048900 0.56306400
v -0.47148400 2.11917400 0.51597000
v -0.50646700 2.11917400 0.56306400
v -0.47148400 1.80048900 0.51597000
v -0.47148400 2.11917400 0.56306400
v -0.47148400 2.11917400 0.56306400
v -0.47148400 1.80048900 0.56306400
v -0.47148400 1.80048900 0.56306400
v -0.52692400 1.80783100 0.47549100
v -0.52692400 1.80783100 0.47549100
v -0.52692400 1.74363900 0.47549100
v -0.52692400 1.74363900 0.47549100
v -0.27307500 1.80783100 0.47549100
v -0.27307500 1.80783100 0.47549100
v -0.52692400 1.80783100 0.64257600
v -0.52692400 1.80783100 0.64257600
v -0.52692400 1.80783100 0.64257600
v -0.27307500 1.74363900 0.47549100
v -0.27307500 1.74363900 0.47549100
v -0.27307500 1.80783100 0.64257600
v -0.27307500 1.80783100 0.64257600
v -0.27307500 1.80783100 0.64257600
v -0.52692400 1.74363900 0.60599300
v -0.52692400 1.74363900 0.60599300
v -0.52692400 1.74363900 0.60599300
v -0.52692400 1.78022100 0.64257600
v -0.52692400 1.78022100 0.64257600
v -0.52692400 1.78022100 0.64257600
v -0.27307500 1.78022100 0.64257600
v -0.27307500 1.78022100 0.64257600
v -0.27307500 1.78022100 0.64257600
v -0.27307500 1.74363900 0.60599300
v -0.27307500 1.74363900 0.60599300
v -0.27307500 1.74363900 0.60599300
v -0.49814000 2.02645800 0.52393700
v -0.49814000 2.00408600 0.55211900
v -0.49814000 2.00408600 0.55211900
v -0.49814000 2.00408600 0.52393700
v -0.30185900 2.02645800 0.52393700
v -0.49814000 2.02645800 0.55211900
v -0.49814000 2.02645800 0.55211900
v -0.30185900 2.00408600 0.52393700
v -0.30185900 2.02645800 0.55211900
v -0.30185900 2.02645800 0.55211900
v -0.30185900 2.00408600 0.55211900
v -0.30185900 2.00408600 0.55211900
v -0.31798100 2.01476400 0.54194800
v -0.31798100 2.01476400 0.54194800
v -0.48201900 2.01476400 0.54194800
v -0.48201900 2.01476400 0.54194800
v 0.48201900 1.10150000 0.34194800
v 0.48201900 1.39923300 0.34194800
v -0.08201900 1.80150000 0.54194800
v -0.08201900 2.09923300 0.54194800
v 0.08201900 2.09923300 0.54194800
v 0.08201900 1.80150000 0.54194800
v -0.12692400 2.13624500 0.50616700
v -0.12692400 2.13624500 0.50616700
v -0.12692400 2.09721000 0.62487000
v -0.12692400 2.09721000 0.62487000
v -0.12692400 2.09721000 0.62487000
v -0.12692400 2.09721000 0.50616700
v -0.12692400 2.09721000 0.50616700
v 0.12692500 2.13624500 0.50616700
v 0.12692500 2.13624500 0.50616700
v -0.12692400 2.13624500 0.62487000
v -0.12692400 2.13624500 0.62487000
v -0.12692400 2.13624500 0.62487000
v 0.12692500 2.09721000 0.50616700
v 0.12692500 2.09721000 0.50616700
v 0.12692500 2.13624500 0.62487000
v 0.12692500 2.13624500 0.62487000
v 0.12692500 2.13624500 0.62487000
v 0.12692500 2.09721000 0.62487000
v 0.12692500 2.09721000 0.62487000
v 0.12692500 2.09721000 0.62487000
v 0.07148400 2.11917400 0.51597000
v 0.07148400 1.80048900 0.56306400
v 0.07148400 1.80048900 0.56306400
v 0.07148400 1.80048900 0.51597000
v 0.07148400 2.11917400 0.56306400
v 0.07148400 2.11917400 0.56306400
v 0.10646600 2.11917400 0.56306400
v 0.10646600 1.80048900 0.56306400
v -0.10646700 1.80048900 0.56306400
v -0.07148400 2.11917400 0.51597000
v -0.10646700 2.11917400 0.56306400
v -0.07148400 1.80048900 0.51597000
v -0.07148400 2.11917400 0.56306400
v -0.07148400 2.11917400 0.56306400
v -0.07148400 1.80048900 0.56306400
v -0.07148400 1.80048900 0.56306400
v -0.12692400 1.80783100 0.47549100
v -0.12692400 1.80783100 0.47549100
v -0.12692400 1.74363900 0.47549100
v -0.12692400 1.74363900 0.47549100
v 0.12692500 1.80783100 0.47549100
v 0.12692500 1.80783100 0.47549100
v -0.12692400 1.80783100 0.64257600
v -0.12692400 1.80783100 0.64257600
v -0.12692400 1.80783100 0.64257600
v 0.12692500 1.74363900 0.47549100
v 0.12692500 1.74363900 0.47549100
v 0.12692500 1.80783100 0.64257600
v 0.12692500 1.80783100 0.64257600
v 0.12692500 1.80783100 0.64257600
v -0.12692400 1.74363900 0.60599300
v -0.12692400 1.74363900 0.60599300
v -0.12692400 1.74363900 0.60599300
v -0.12692400 1.78022100 0.64257600
v -0.12692400 1.78022100 0.64257600
v -0.12692400 1.78022100 0.64257600
v 0.12692500 1.78022100 0.64257600
v 0.12692500 1.78022100 0.64257600
v 0.12692500 1.78022100 0.64257600
v 0.12692500 1.74363900 0.60599300
v 0.12692500 1.74363900 0.60599300
v 0.12692500 1.74363900 0.60599300
v -0.09814000 2.02645800 0.52393700
v -0.09814000 2.00408600 0.55211900
v -0.09814000 2.00408600 0.55211900
v -0.09814000 2.00408600 0.52393700
v 0.09814100 2.02645800 0.52393700
v -0.09814000 2.02645800 0.55211900
v -0.09814000 2.02645800 0.55211900
v 0.09814100 2.00408600 0.52393700
v 0.09814100 2.02645800 0.55211900
v 0.09814100 2.02645800 0.55211900
v 0.09814100 2.00408600 0.55211900
v 0.09814100 2.00408600 0.55211900
v 0.08201900 2.01476400 0.54194800
v 0.08201900 2.01476400 0.54194800
v -0.08201900 2.01476400 0.54194800
v -0.08201900 2.01476400 0.54194800
v 0.31798100 1.39923300 0.34194800
v 0.31798100 1.10150000 0.34194800
v 0.47148400 1.41917400 0.31597000
v 0.47148400 1.10048900 0.36306400
v 0.47148400 1.10048900 0.36306400
v 0.47148400 1.10048900 0.31597000
v 0.47148400 1.41917400 0.36306400
v 0.47148400 1.41917400 0.36306400
v 0.50646600 1.41917400 0.36306400
v 0.50646600 1.10048900 0.36306400
v 0.29353300 1.10048900 0.36306400
v 0.32851600 1.41917400 0.31597000
v 0.29353300 1.41917400 0.36306400
v 0.32851600 1.10048900 0.31597000
v 0.32851600 1.41917400 0.36306400
v 0.32851600 1.41917400 0.36306400
v 0.32851600 1.10048900 0.36306400
v 0.32851600 1.10048900 0.36306400
v 0.27307600 1.10783100 0.27549100
v 0.27307600 1.10783100 0.27549100
v 0.27307600 1.04363900 0.27549100
v 0.27307600 1.04363900 0.27549100
v 0.52692500 1.10783100 0.27549100
v 0.52692500 1.10783100 0.27549100
v 0.27307600 1.10783100 0.44257600
v 0.27307600 1.10783100 0.44257600
v 0.27307600 1.10783100 0.44257600
v 0.52692500 1.04363900 0.27549100
v 0.52692500 1.04363900 0.27549100
v 0.52692500 1.10783100 0.44257600
v 0.52692500 1.10783100 0.44257600
v 0.52692500 1.10783100 0.44257600
v 0.27307600 1.04363900 0.40599300
v 0.27307600 1.04363900 0.40599300
v 0.27307600 1.04363900 0.40599300
v 0.27307600 1.08022100 0.44257600
v 0.27307600 1.08022100 0.44257600
v 0.27307600 1.08022100 0.44257600
v 0.52692500 1.08022100 0.44257600
v 0.52692500 1.08022100 0.44257600
v 0.52692500 1.08022100 0.44257600
v 0.52692500 1.04363900 0.40599300
v 0.52692500 1.04363900 0.40599300
v 0.52692500 1.04363900 0.40599300
v 0.30186000 1.32645800 0.32393700
v 0.30186000 1.30408600 0.35211900
v 0.30186000 1.30408600 0.35211900
v 0.30186000 1.30408600 0.32393700
v 0.49814100 1.32645800 0.32393700
v 0.30186000 1.32645800 0.35211900
v 0.30186000 1.32645800 0.35211900
v 0.49814100 1.30408600 0.32393700
v 0.49814100 1.32645800 0.35211900
v 0.49814100 1.32645800 0.35211900
v 0.49814100 1.30408600 0.35211900
v 0.49814100 1.30408600 0.35211900
v 0.48201900 1.31476400 0.34194800
v 0.48201900 1.31476400 0.34194800
v 0.31798100 1.31476400 0.34194800
v 0.31798100 1.31476400 0.34194800
v 0.71798100 1.10150000 0.34194800
v 0.71798100 1.39923300 0.34194800
v 0.88201900 1.39923300 0.34194800
v 0.88201900 1.10150000 0.34194800
v 0.67307600 1.43624500 0.30616700
v 0.67307600 1.43624500 0.30616700
v 0.67307600 1.39721000 0.42487000
v 0.67307600 1.39721000 0.42487000
v 0.67307600 1.39721000 0.42487000
v 0.67307600 1.39721000 0.30616700
v 0.67307600 1.39721000 0.30616700
v 0.92692500 1.43624500 0.30616700
v 0.92692500 1.43624500 0.30616700
v 0.67307600 1.43624500 0.42487000
v 0.67307600 1.43624500 0.42487000
v 0.67307600 1.43624500 0.42487000
v 0.92692500 1.39721000 0.30616700
v 0.92692500 1.39721000 0.30616700
v 0.92692500 1.43624500 0.42487000
v 0.92692500 1.43624500 0.42487000
v 0.92692500 1.43624500 0.42487000
v 0.92692500 1.39721000 0.42487000
v 0.92692500 1.39721000 0.42487000
v 0.92692500 1.39721000 0.42487000
v 0.87148400 1.41917400 0.31597000
v 0.87148400 1.10048900 0.36306400
v 0.87148400 1.10048900 0.36306400
v 0.87148400 1.10048900 0.31597000
v 0.87148400 1.41917400 0.36306400
v 0.87148400 1.41917400 0.36306400
v 0.90646600 1.41917400 0.36306400
v 0.90646600 1.10048900 0.36306400
v 0.69353300 1.10048900 0.36306400
v 0.72851600 1.41917400 0.31597000
v 0.69353300 1.41917400 0.36306400
v 0.72851600 1.10048900 0.31597000
v 0.72851600 1.41917400 0.36306400
v 0.72851600 1.41917400 0.36306400
v 0.72851600 1.10048900 0.36306400
v 0.72851600 1.10048900 0.36306400
v 0.67307600 1.10783100 0.27549100
v 0.67307600 1.10783100 0.27549100
v 0.67307600 1.04363900 0.27549100
v 0.67307600 1.04363900 0.27549100
v 0.92692500 1.10783100 0.27549100
v 0.92692500 1.10783100 0.27549100
v 0.67307600 1.10783100 0.44257600
v 0.67307600 1.10783100 0.44257600
v 0.67307600 1.10783100 0.44257600
v 0.92692500 1.04363900 0.27549100
v 0.92692500 1.04363900 0.27549100
v 0.92692500 1.10783100 0.44257600
v 0.92692500 1.10783100 0.44257600
v 0.92692500 1.10783100 0.44257600
v 0.67307600 1.04363900 0.40599300
v 0.67307600 1.04363900 0.40599300
v 0.67307600 1.04363900 0.40599300
v 0.67307600 1.08022100 0.44257600
v 0.67307600 1.08022100 0.44257600
v 0.67307600 1.08022100 0.44257600
v 0.92692500 1.08022100 0.44257600
v 0.92692500 1.08022100 0.44257600
v 0.92692500 1.08022100 0.44257600
v 0.92692500 1.04363900 0.40599300
v 0.92692500 1.04363900 0.40599300
v 0.92692500 1.04363900 0.40599300
v 0.70186000 1.32645800 0.32393700
v 0.70186000 1.30408600 0.35211900
v 0.70186000 1.30408600 0.35211900
v 0.70186000 1.30408600 0.32393700
v 0.89814100 1.32645800 0.32393700
v 0.70186000 1.32645800 0.35211900
v 0.70186000 1.32645800 0.35211900
v 0.89814100 1.30408600 0.32393700
v 0.89814100 1.32645800 0.35211900
v 0.89814100 1.32645800 0.35211900
v 0.89814100 1.30408600 0.35211900
v 0.89814100 1.30408600 0.35211900
v 0.88201900 1.31476400 0.34194800
v 0.88201900 1.31476400 0.34194800
v 0.71798100 1.31476400 0.34194800
v 0.71798100 1.31476400 0.34194800
v 0.31798100 1.80150000 0.34194800
v 0.31798100 2.09923300 0.34194800
v 0.48201900 2.09923300 0.34194800
v 0.48201900 1.80150000 0.34194800
v 0.27307600 2.13624500 0.30616700
v 0.27307600 2.13624500 0.30616700
v 0.27307600 2.09721000 0.42487000
v 0.27307600 2.09721000 0.42487000
v 0.27307600 2.09721000 0.42487000
v 0.27307600 2.09721000 0.30616700
v 0.27307600 2.09721000 0.30616700
v 0.52692500 2.13624500 0.30616700
v 0.52692500 2.13624500 0.30616700
v 0.27307600 2.13624500 0.42487000
v 0.27307600 2.13624500 0.42487000
v 0.27307600 2.13624500 0.42487000
v 0.52692500 2.09721000 0.30616700
v 0.52692500 2.09721000 0.30616700
v 0.52692500 2.13624500 0.42487000
v 0.52692500 2.13624500 0.42487000
v 0.52692500 2.13624500 0.42487000
v 0.52692500 2.09721000 0.42487000
v 0.52692500 2.09721000 0.42487000
v 0.52692500 2.09721000 0.42487000
v 0.47148400 2.11917400 0.31597000
v 0.47148400 1.80048900 0.36306400
v 0.47148400 1.80048900 0.36306400
v 0.47148400 1.80048900 0.31597000
v 0.47148400 2.11917400 0.36306400
v 0.47148400 2.11917400 0.36306400
v 0.50646600 2.11917400 0.36306400
v 0.50646600 1.80048900 0.36306400
v 0.29353300 1.80048900 0.36306400
v 0.32851600 2.11917400 0.31597000
v 0.29353300 2.11917400 0.36306400
v 0.32851600 1.80048900 0.31597000
v 0.32851600 2.11917400 0.36306400
v 0.32851600 2.11917400 0.36306400
v 0.32851600 1.80048900 0.36306400
v 0.32851600 1.80048900 0.36306400
v 0.27307600 1.80783100 0.27549100
v 0.27307600 1.80783100 0.27549100
v 0.27307600 1.74363900 0.27549100
v 0.27307600 1.74363900 0.27549100
v 0.52692500 1.80783100 0.27549100
v 0.52692500 1.80783100 0.27549100
v 0.27307600 1.80783100 0.44257600
v 0.27307600 1.80783100 0.44257600
v 0.27307600 1.80783100 0.44257600
v 0.52692500 1.74363900 0.27549100
v 0.52692500 1.74363900 0.27549100
v 0.52692500 1.80783100 0.44257600
v 0.52692500 1.80783100 0.44257600
v 0.52692500 1.80783100 0.44257600
v 0.27307600 1.74363900 0.40599300
v 0.27307600 1.74363900 0.40599300
v 0.27307600 1.74363900 0.40599300
v 0.27307600 1.78022100 0.44257600
v 0.27307600 1.78022100 0.44257600
v 0.27307600 1.78022100 0.44257600
v 0.52692500 1.78022100 0.44257600
v 0.52692500 1.78022100 0.44257600
v 0.52692500 1.78022100 0.44257600
v 0.52692500 1.74363900 0.40599300
v 0.52692500 1.74363900 0.40599300
v 0.52692500 1.74363900 0.40599300
v 0.30186000 1.96371700 0.32393700
v 0.30186000 1.94134500 0.35211900
v 0.30186000 1.94134500 0.35211900
v 0.30186000 1.94134500 0.32393700
v 0.49814100 1.96371700 0.32393700
v 0.30186000 1.96371700 0.35211900
v 0.30186000 1.96371700 0.35211900
v 0.49814100 1.94134500 0.32393700
v 0.49814100 1.96371700 0.35211900
v 0.49814100 1.96371700 0.35211900
v 0.49814100 1.94134500 0.35211900
v 0.49814100 1.94134500 0.35211900
v 0.48201900 1.95202300 0.34194800
v 0.48201900 1.95202300 0.34194800
v 0.31798100 1.95202300 0.34194800
v 0.31798100 1.95202300 0.34194800
v 0.71798100 1.80150000 0.34194800
v 0.71798100 2.09923300 0.34194800
v 0.88201900 2.09923300 0.34194800
v 0.88201900 1.80150000 0.34194800
v 0.67307600 2.13624500 0.30616700
v 0.67307600 2.13624500 0.30616700
v 0.67307600 2.09721000 0.42487000
v 0.67307600 2.09721000 0.42487000
v 0.67307600 2.09721000 0.42487000
v 0.67307600 2.09721000 0.30616700
v 0.67307600 2.09721000 0.30616700
v 0.92692500 2.13624500 0.30616700
v 0.92692500 2.13624500 0.30616700
v 0.67307600 2.13624500 0.42487000
v 0.67307600 2.13624500 0.42487000
v 0.67307600 2.13624500 0.42487000
v 0.92692500 2.09721000 0.30616700
v 0.92692500 2.09721000 0.30616700
v 0.92692500 2.13624500 0.42487000
v 0.92692500 2.13624500 0.42487000
v 0.92692500 2.13624500 0.42487000
v 0.92692500 2.09721000 0.42487000
v 0.92692500 2.09721000 0.42487000
v 0.92692500 2.09721000 0.42487000
v 0.87148400 2.11917400 0.31597000
v 0.87148400 1.80048900 0.36306400
v 0.87148400 1.80048900 0.36306400
v 0.87148400 1.80048900 0.31597000
v 0.87148400 2.11917400 0.36306400
v 0.87148400 2.11917400 0.36306400
v 0.90646600 2.11917400 0.36306400
v 0.90646600 1.80048900 0.36306400
v 0.69353300 1.80048900 0.36306400
v 0.72851600 2.11917400 0.31597000
v 0.69353300 2.11917400 0.36306400
v 0.72851600 1.80048900 0.31597000
v 0.72851600 2.11917400 0.36306400
v 0.72851600 2.11917400 0.36306400
v 0.72851600 1.80048900 0.36306400
v 0.72851600 1.80048900 0.36306400
v 0.67307600 1.80783100 0.27549100
v 0.67307600 1.80783100 0.27549100
v 0.67307600 1.74363900 0.27549100
v 0.67307600 1.74363900 0.27549100
v 0.92692500 1.80783100 0.27549100
v 0.92692500 1.80783100 0.27549100
v 0.67307600 1.80783100 0.44257600
v 0.67307600 1.80783100 0.44257600
v 0.67307600 1.80783100 0.44257600
v 0.92692500 1.74363900 0.27549100
v 0.92692500 1.74363900 0.27549100
v 0.92692500 1.80783100 0.44257600
v 0.92692500 1.80783100 0.44257600
v 0.92692500 1.80783100 0.44257600
v 0.67307600 1.74363900 0.40599300
v 0.67307600 1.74363900 0.40599300
v 0.67307600 1.74363900 0.40599300
v 0.67307600 1.78022100 0.44257600
v 0.67307600 1.78022100 0.44257600
v 0.67307600 1.78022100 0.44257600
v 0.92692500 1.78022100 0.44257600
v 0.92692500 1.78022100 0.44257600
v 0.92692500 1.78022100 0.44257600
v 0.92692500 1.74363900 0.40599300
v 0.92692500 1.74363900 0.40599300
v 0.92692500 1.74363900 0.40599300
v 0.70186000 2.02645800 0.32393700
v 0.70186000 2.00408600 0.35211900
v 0.70186000 2.00408600 0.35211900
v 0.70186000 2.00408600 0.32393700
v 0.89814100 2.02645800 0.32393700
v 0.70186000 2.02645800 0.35211900
v 0.70186000 2.02645800 0.35211900
v 0.89814100 2.00408600 0.32393700
v 0.89814100 2.02645800 0.35211900
v 0.89814100 2.02645800 0.35211900
v 0.89814100 2.00408600 0.35211900
v 0.89814100 2.00408600 0.35211900
v 0.88201900 2.01476400 0.34194800
v 0.88201900 2.01476400 0.34194800
v 0.71798100 2.01476400 0.34194800
v 0.71798100 2.01476400 0.34194800
v 0.52692500 0.59721000 0.42487000
v 0.52692500 0.59721000 0.42487000
v 0.52692500 0.59721000 0.42487000
v 0.52692500 0.63624500 0.42487000
v 0.52692500 0.63624500 0.42487000
v 0.52692500 0.63624500 0.42487000
v 0.52692500 0.59721000 0.30616700
v 0.52692500 0.59721000 0.30616700
v 0.27307600 0.63624500 0.42487000
v 0.27307600 0.63624500 0.42487000
v 0.27307600 0.63624500 0.42487000
v 0.52692500 0.63624500 0.30616700
v 0.52692500 0.63624500 0.30616700
v 0.27307600 0.59721000 0.30616700
v 0.27307600 0.59721000 0.30616700
v 0.27307600 0.59721000 0.42487000
v 0.27307600 0.59721000 0.42487000
v 0.27307600 0.59721000 0.42487000
v 0.27307600 0.63624500 0.30616700
v 0.27307600 0.63624500 0.30616700
v 0.48201900 0.30150000 0.34194800
v 0.48201900 0.59923300 0.34194800
v 0.31798100 0.59923300 0.34194800
v 0.31798100 0.30150000 0.34194800
v 0.47148400 0.61917400 0.31597000
v 0.47148400 0.30048900 0.36306400
v 0.47148400 0.30048900 0.36306400
v 0.47148400 0.30048900 0.31597000
v 0.47148400 0.61917400 0.36306400
v 0.47148400 0.61917400 0.36306400
v 0.50646600 0.61917400 0.36306400
v 0.50646600 0.30048900 0.36306400
v 0.29353300 0.30048900 0.36306400
v 0.32851600 0.61917400 0.31597000
v 0.29353300 0.61917400 0.36306400
v 0.32851600 0.30048900 0.31597000
v 0.32851600 0.61917400 0.36306400
v 0.32851600 0.61917400 0.36306400
v 0.32851600 0.30048900 0.36306400
v 0.32851600 0.30048900 0.36306400
v 0.27307600 0.30783100 0.27549100
v 0.27307600 0.30783100 0.27549100
v 0.27307600 0.24363900 0.27549100
v 0.27307600 0.24363900 0.27549100
v 0.52692500 0.30783100 0.27549100
v 0.52692500 0.30783100 0.27549100
v 0.27307600 0.30783100 0.44257600
v 0.27307600 0.30783100 0.44257600
v 0.27307600 0.30783100 0.44257600
v 0.52692500 0.24363900 0.27549100
v 0.52692500 0.24363900 0.27549100
v 0.52692500 0.30783100 0.44257600
v 0.52692500 0.30783100 0.44257600
v 0.52692500 0.30783100 0.44257600
v 0.27307600 0.24363900 0.40599300
v 0.27307600 0.24363900 0.40599300
v 0.27307600 0.24363900 0.40599300
v 0.27307600 0.28022100 0.44257600
v 0.27307600 0.28022100 0.44257600
v 0.27307600 0.28022100 0.44257600
v 0.52692500 0.28022100 0.44257600
v 0.52692500 0.28022100 0.44257600
v 0.52692500 0.28022100 0.44257600
v 0.52692500 0.24363900 0.40599300
v 0.52692500 0.24363900 0.40599300
v 0.52692500 0.24363900 0.40599300
v 0.30186000 0.39470200 0.32393700
v 0.30186000 0.37233000 0.35211900
v 0.30186000 0.37233000 0.35211900
v 0.30186000 0.37233000 0.32393700
v 0.49814100 0.39470200 0.32393700
v 0.30186000 0.39470200 0.35211900
v 0.30186000 0.39470200 0.35211900
v 0.49814100 0.37233000 0.32393700
v 0.49814100 0.39470200 0.35211900
v 0.49814100 0.39470200 0.35211900
v 0.49814100 0.37233000 0.35211900
v 0.49814100 0.37233000 0.35211900
v 0.48201900 0.38300800 0.34194800
v 0.48201900 0.38300800 0.34194800
v 0.31798100 0.38300800 0.34194800
v 0.31798100 0.38300800 0.34194800
v 0.71798100 0.30150000 0.34194800
v 0.71798100 0.59923300 0.34194800
v 0.88201900 0.59923300 0.34194800
v 0.88201900 0.30150000 0.34194800
v 0.67307600 0.63624500 0.30616700
v 0.67307600 0.63624500 0.30616700
v 0.67307600 0.59721000 0.42487000
v 0.67307600 0.59721000 0.42487000
v 0.67307600 0.59721000 0.42487000
v 0.67307600 0.59721000 0.30616700
v 0.67307600 0.59721000 0.30616700
v 0.92692500 0.63624500 0.30616700
v 0.92692500 0.63624500 0.30616700
v 0.67307600 0.63624500 0.42487000
v 0.67307600 0.63624500 0.42487000
v 0.67307600 0.63624500 0.42487000
v 0.92692500 0.59721000 0.30616700
v 0.92692500 0.59721000 0.30616700
v 0.92692500 0.63624500 0.42487000
v 0.92692500 0.63624500 0.42487000
v 0.92692500 0.63624500 0.42487000
v 0.92692500 0.59721000 0.42487000
v 0.92692500 0.59721000 0.42487000
v 0.92692500 0.59721000 0.42487000
v 0.87148400 0.61917400 0.31597000
v 0.87148400 0.30048900 0.36306400
v 0.87148400 0.30048900 0.36306400
v 0.87148400 0.30048900 0.31597000
v 0.87148400 0.61917400 0.36306400
v 0.87148400 0.61917400 0.36306400
v 0.90646600 0.61917400 0.36306400
v 0.90646600 0.30048900 0.36306400
v 0.69353300 0.30048900 0.36306400
v 0.72851600 0.61917400 0.31597000
v 0.69353300 0.61917400 0.36306400
v 0.72851600 0.30048900 0.31597000
v 0.72851600 0.61917400 0.36306400
v 0.72851600 0.61917400 0.36306400
v 0.72851600 0.30048900 0.36306400
v 0.72851600 0.30048900 0.36306400
v 0.67307600 0.30783100 0.27549100
v 0.67307600 0.30783100 0.27549100
v 0.67307600 0.24363900 0.27549100
v 0.67307600 0.24363900 0.27549100
v 0.92692500 0.30783100 0.27549100
v 0.92692500 0.30783100 0.27549100
v 0.67307600 0.30783100 0.44257600
v 0.67307600 0.30783100 0.44257600
v 0.67307600 0.30783100 0.44257600
v 0.92692500 0.24363900 0.27549100
v 0.92692500 0.24363900 0.27549100
v 0.92692500 0.30783100 0.44257600
v 0.92692500 0.30783100 0.44257600
v 0.92692500 0.30783100 0.44257600
v 0.67307600 0.24363900 0.40599300
v 0.67307600 0.24363900 0.40599300
v 0.67307600 0.24363900 0.40599300
v 0.67307600 0.28022100 0.44257600
v 0.67307600 0.28022100 0.44257600
v 0.67307600 0.28022100 0.44257600
v 0.92692500 0.28022100 0.44257600
v 0.92692500 0.28022100 0.44257600
v 0.92692500 0.28022100 0.44257600
v 0.92692500 0.24363900 0.40599300
v 0.92692500 0.24363900 0.40599300
v 0.92692500 0.24363900 0.40599300
v 0.70186000 0.39470200 0.32393700
v 0.70186000 0.37233000 0.35211900
v 0.70186000 0.37233000 0.35211900
v 0.70186000 0.37233000 0.32393700
v 0.89814100 0.39470200 0.32393700
v 0.70186000 0.39470200 0.35211900
v 0.70186000 0.39470200 0.35211900
v 0.89814100 0.37233000 0.32393700
v 0.89814100 0.39470200 0.35211900
v 0.89814100 0.39470200 0.35211900
v 0.89814100 0.37233000 0.35211900
v 0.89814100 0.37233000 0.35211900
v 0.88201900 0.38300800 0.34194800
v 0.88201900 0.38300800 0.34194800
v 0.71798100 0.38300800 0.34194800
v 0.71798100 0.38300800 0.34194800
v -0.88201900 0.25150000 0.54194800
v -0.92692400 0.63624500 0.50616700
v -0.92692400 0.63624500 0.50616700
v -0.92692400 0.59721000 0.62487000
v -0.92692400 0.59721000 0.62487000
v -0.92692400 0.59721000 0.62487000
v -0.92692400 0.59721000 0.50616700
v -0.92692400 0.59721000 0.50616700
v -0.92692400 0.63624500 0.62487000
v -0.92692400 0.63624500 0.62487000
v -0.92692400 0.63624500 0.62487000
v -0.90646700 0.25048900 0.56306400
v -0.87148400 0.61917400 0.51597000
v -0.90646700 0.61917400 0.56306400
v -0.87148400 0.25048900 0.51597000
v -0.87148400 0.61917400 0.56306400
v -0.87148400 0.61917400 0.56306400
v -0.87148400 0.25048900 0.56306400
v -0.87148400 0.25048900 0.56306400
v -0.92692400 0.25783100 0.47549100
v -0.92692400 0.25783100 0.47549100
v -0.92692400 0.21693100 0.47549100
v -0.92692400 0.21693100 0.47549100
v -0.92692400 0.25783100 0.62487000
v -0.92692400 0.25783100 0.62487000
v -0.92692400 0.25783100 0.62487000
v -0.92692400 0.21693100 0.62487000
v -0.92692400 0.21693100 0.62487000
v -0.92692400 0.21693100 0.62487000
v -0.88201900 0.61476400 0.54194800
v -0.31798100 0.25150000 0.54194800
v -0.27307500 0.63624500 0.50616700
v -0.27307500 0.63624500 0.50616700
v -0.27307500 0.59721000 0.50616700
v -0.27307500 0.59721000 0.50616700
v -0.27307500 0.63624500 0.62487000
v -0.27307500 0.63624500 0.62487000
v -0.27307500 0.63624500 0.62487000
v -0.27307500 0.59721000 0.62487000
v -0.27307500 0.59721000 0.62487000
v -0.27307500 0.59721000 0.62487000
v -0.32851600 0.61917400 0.51597000
v -0.32851600 0.25048900 0.56306400
v -0.32851600 0.25048900 0.56306400
v -0.32851600 0.25048900 0.51597000
v -0.32851600 0.61917400 0.56306400
v -0.32851600 0.61917400 0.56306400
v -0.29353400 0.61917400 0.56306400
v -0.29353400 0.25048900 0.56306400
v -0.27307500 0.25783100 0.47549100
v -0.27307500 0.25783100 0.47549100
v -0.27307500 0.21693100 0.47549100
v -0.27307500 0.21693100 0.47549100
v -0.27307500 0.25783100 0.62487000
v -0.27307500 0.25783100 0.62487000
v -0.27307500 0.25783100 0.62487000
v -0.27307500 0.21693100 0.62487000
v -0.27307500 0.21693100 0.62487000
v -0.27307500 0.21693100 0.62487000
v -0.31798100 0.61476400 0.54194800
v -1.00000000 0.85000000 0.65000000
v -1.00000000 0.85000000 0.65000000
v -1.00000000 0.85000000 0.65000000
v -1.00000000 0.95000000 0.65000000
v -1.00000000 0.95000000 0.65000000
v -1.00000000 0.95000000 0.65000000
v -1.00000000 0.85000000 -0.65000000
v -1.00000000 0.85000000 -0.65000000
v -1.00000000 0.85000000 -0.65000000
v -1.00000000 0.95000000 -0.65000000
v -1.00000000 0.95000000 -0.65000000
v -1.00000000 0.95000000 -0.65000000
v 0.20000000 0.85000000 0.65000000
v 0.20000000 0.85000000 0.65000000
v 0.20000000 0.85000000 0.65000000
v 0.20000000 0.95000000 0.65000000
v 0.20000000 0.95000000 0.65000000
v 0.20000000 0.95000000 0.65000000
v 1.00000000 0.85000000 -0.65000000
v 1.00000000 0.85000000 -0.65000000
v 1.00000000 0.85000000 -0.65000000
v 1.00000000 0.95000000 -0.65000000
v 1.00000000 0.95000000 -0.65000000
v 1.00000000 0.95000000 -0.65000000
v -1.00000000 0.85000000 -0.60000000
v -1.00000000 0.85000000 -0.60000000
v -1.00000000 0.85000000 0.60000000
v -1.00000000 0.85000000 0.60000000
v -1.00000000 0.95000000 0.60000000
v -1.00000000 0.95000000 0.60000000
v -1.00000000 0.95000000 -0.60000000
v -1.00000000 0.95000000 -0.60000000
v 0.20000000 0.85000000 0.60000000
v 0.20000000 0.85000000 0.60000000
v 1.00000000 0.85000000 -0.60000000
v 1.00000000 0.85000000 -0.60000000
v 1.00000000 0.95000000 -0.60000000
v 1.00000000 0.95000000 -0.60000000
v 0.20000000 0.95000000 0.60000000
v 0.20000000 0.95000000 0.60000000
v -1.00000000 1.55000000 0.65000000
v -1.00000000 1.55000000 0.65000000
v -1.00000000 1.55000000 0.65000000
v -1.00000000 1.65000000 0.65000000
v -1.00000000 1.65000000 0.65000000
v -1.00000000 1.65000000 0.65000000
v -1.00000000 1.55000000 -0.65000000
v -1.00000000 1.55000000 -0.65000000
v -1.00000000 1.55000000 -0.65000000
v -1.00000000 1.65000000 -0.65000000
v -1.00000000 1.65000000 -0.65000000
v -1.00000000 1.65000000 -0.65000000
v 0.20000000 1.55000000 0.65000000
v 0.20000000 1.55000000 0.65000000
v 0.20000000 1.55000000 0.65000000
v 0.20000000 1.65000000 0.65000000
v 0.20000000 1.65000000 0.65000000
v 0.20000000 1.65000000 0.65000000
v 1.00000000 1.55000000 -0.65000000
v 1.00000000 1.55000000 -0.65000000
v 1.00000000 1.55000000 -0.65000000
v 1.00000000 1.65000000 -0.65000000
v 1.00000000 1.65000000 -0.65000000
v 1.00000000 1.65000000 -0.65000000
v -1.00000000 2.25000000 0.65000000
v -1.00000000 2.25000000 0.65000000
v -1.00000000 2.25000000 0.65000000
v -1.00000000 2.35000000 0.65000000
v -1.00000000 2.35000000 0.65000000
v -1.00000000 2.35000000 0.65000000
v -1.00000000 2.25000000 -0.65000000
v -1.00000000 2.25000000 -0.65000000
v -1.00000000 2.25000000 -0.65000000
v -1.00000000 2.35000000 -0.65000000
v -1.00000000 2.35000000 -0.65000000
v -1.00000000 2.35000000 -0.65000000
v 0.20000000 2.25000000 0.65000000
v 0.20000000 2.25000000 0.65000000
v 0.20000000 2.25000000 0.65000000
v 0.20000000 2.35000000 0.65000000
v 0.20000000 2.35000000 0.65000000
v 0.20000000 2.35000000 0.65000000
v 0.20000000 2.25000000 -0.65000000
v 0.20000000 2.25000000 -0.65000000
v 0.20000000 2.25000000 -0.65000000
v 0.20000000 2.35000000 -0.65000000
v 0.20000000 2.35000000 -0.65000000
v 0.20000000 2.35000000 -0.65000000
v 0.09849800 2.35000000 -0.54849700
v 0.09849800 2.35000000 -0.54849700
v 0.09849800 2.35000000 -0.54849700
v -0.89849600 2.35000000 -0.54849700
v -0.89849600 2.35000000 -0.54849700
v -0.89849600 2.35000000 -0.54849700
v -0.89849600 2.35000000 0.54849700
v -0.89849600 2.35000000 0.54849700
v -0.89849600 2.35000000 0.54849700
v 0.09849800 2.35000000 0.54849700
v 0.09849800 2.35000000 0.54849700
v 0.09849800 2.35000000 0.54849700
v -0.87300700 2.30662100 -0.52300700
v -0.87300700 2.30662100 -0.52300700
v -0.87300700 2.30662100 -0.52300700
v 0.07300800 2.30662100 -0.52300700
v 0.07300800 2.30662100 -0.52300700
v 0.07300800 2.30662100 -0.52300700
v 0.07300800 2.30662100 0.52300700
v 0.07300800 2.30662100 0.52300700
v 0.07300800 2.30662100 0.52300700
v -0.87300700 2.30662100 0.52300700
v -0.87300700 2.30662100 0.52300700
v -0.87300700 2.30662100 0.52300700
v -1.00000000 1.55000000 -0.60000000
v -1.00000000 1.55000000 -0.60000000
v -1.00000000 1.55000000 0.60000000
v -1.00000000 1.55000000 0.60000000
v -1.00000000 1.65000000 0.60000000
v -1.00000000 1.65000000 0.60000000
v -1.00000000 1.65000000 -0.60000000
v -1.00000000 1.65000000 -0.60000000
v 0.20000000 1.55000000 0.60000000
v 0.20000000 1.55000000 0.60000000
v 1.00000000 1.55000000 -0.60000000
v 1.00000000 1.55000000 -0.60000000
v 1.00000000 1.65000000 -0.60000000
v 1.00000000 1.65000000 -0.60000000
v 0.20000000 1.65000000 0.60000000
v 0.20000000 1.65000000 0.60000000
v 0.20000000 0.85000000 0.45000000
v 0.20000000 0.85000000 0.45000000
v 0.20000000 0.85000000 0.45000000
v 0.20000000 0.95000000 0.45000000
v 0.20000000 0.95000000 0.45000000
v 0.20000000 0.95000000 0.45000000
v 1.00000000 0.85000000 0.45000000
v 1.00000000 0.85000000 0.45000000
v 1.00000000 0.85000000 0.45000000
v 1.00000000 0.95000000 0.45000000
v 1.00000000 0.95000000 0.45000000
v 1.00000000 0.95000000 0.45000000
v 0.20000000 0.85000000 0.40000000
v 0.20000000 0.85000000 0.40000000
v 0.20000000 0.95000000 0.40000000
v 0.20000000 0.95000000 0.40000000
v 1.00000000 0.85000000 0.40000000
v 1.00000000 0.85000000 0.40000000
v 1.00000000 0.95000000 0.40000000
v 1.00000000 0.95000000 0.40000000
v 0.20000000 1.55000000 0.45000000
v 0.20000000 1.55000000 0.45000000
v 0.20000000 1.55000000 0.45000000
v 0.20000000 1.65000000 0.45000000
v 0.20000000 1.65000000 0.45000000
v 0.20000000 1.65000000 0.45000000
v 1.00000000 1.55000000 0.45000000
v 1.00000000 1.55000000 0.45000000
v 1.00000000 1.55000000 0.45000000
v 1.00000000 1.65000000 0.45000000
v 1.00000000 1.65000000 0.45000000
v 1.00000000 1.65000000 0.45000000
v 0.20000000 2.25000000 0.45000000
v 0.20000000 2.25000000 0.45000000
v 0.20000000 2.25000000 0.45000000
v 0.20000000 2.35000000 0.45000000
v 0.20000000 2.35000000 0.45000000
v 0.20000000 2.35000000 0.45000000
v 0.20000000 2.25000000 -0.65000000
v 0.20000000 2.35000000 -0.65000000
v 1.00000000 2.25000000 0.45000000
v 1.00000000 2.25000000 0.45000000
v 1.00000000 2.25000000 0.45000000
v 1.00000000 2.35000000 0.45000000
v 1.00000000 2.35000000 0.45000000
v 1.00000000 2.35000000 0.45000000
v 1.00000000 2.25000000 -0.65000000
v 1.00000000 2.25000000 -0.65000000
v 1.00000000 2.25000000 -0.65000000
v 1.00000000 2.35000000 -0.65000000
v 1.00000000 2.35000000 -0.65000000
v 1.00000000 2.35000000 -0.65000000
v 0.89849800 2.35000000 -0.54849700
v 0.89849800 2.35000000 -0.54849700
v 0.89849800 2.35000000 -0.54849700
v 0.30150400 2.35000000 -0.54849700
v 0.30150400 2.35000000 -0.54849700
v 0.30150400 2.35000000 -0.54849700
v 0.30150400 2.35000000 0.34849700
v 0.30150400 2.35000000 0.34849700
v 0.30150400 2.35000000 0.34849700
v 0.89849800 2.35000000 0.34849700
v 0.89849800 2.35000000 0.34849700
v 0.89849800 2.35000000 0.34849700
v 0.32699300 2.30662100 -0.52300700
v 0.32699300 2.30662100 -0.52300700
v 0.32699300 2.30662100 -0.52300700
v 0.87300800 2.30662100 -0.52300700
v 0.87300800 2.30662100 -0.52300700
v 0.87300800 2.30662100 -0.52300700
v 0.87300800 2.30662100 0.32300700
v 0.87300800 2.30662100 0.32300700
v 0.87300800 2.30662100 0.32300700
v 0.32699300 2.30662100 0.32300700
v 0.32699300 2.30662100 0.32300700
v 0.32699300 2.30662100 0.32300700
v 0.20000000 1.55000000 0.40000000
v 0.20000000 1.55000000 0.40000000
v 0.20000000 1.65000000 0.40000000
v 0.20000000 1.65000000 0.40000000
v 1.00000000 1.55000000 0.40000000
v 1.00000000 1.55000000 0.40000000
v 1.00000000 1.65000000 0.40000000
v 1.00000000 1.65000000 0.40000000
v 0.20000000 0.10000000 0.60000000
v 0.20000000 0.10000000 0.60000000
v 0.20000000 1.60000100 0.60000000
v 0.20000000 1.60000100 0.60000000
v -0.10201900 0.13150000 0.54194800
v -0.10201900 0.59923300 0.54194800
v 0.10201900 0.59923300 0.54194800
v 0.10201900 0.13150000 0.54194800
v -0.14692400 0.63624500 0.50616700
v -0.14692400 0.63624500 0.50616700
v -0.14692400 0.59721000 0.62487000
v -0.14692400 0.59721000 0.62487000
v -0.14692400 0.59721000 0.62487000
v -0.14692400 0.59721000 0.50616700
v -0.14692400 0.59721000 0.50616700
v 0.14692500 0.63624500 0.50616700
v 0.14692500 0.63624500 0.50616700
v -0.14692400 0.63624500 0.62487000
v -0.14692400 0.63624500 0.62487000
v -0.14692400 0.63624500 0.62487000
v 0.14692500 0.59721000 0.50616700
v 0.14692500 0.59721000 0.50616700
v 0.14692500 0.63624500 0.62487000
v 0.14692500 0.63624500 0.62487000
v 0.14692500 0.63624500 0.62487000
v 0.14692500 0.59721000 0.62487000
v 0.14692500 0.59721000 0.62487000
v 0.14692500 0.59721000 0.62487000
v 0.09148400 0.61917400 0.51597000
v 0.09148400 0.13048900 0.56306400
v 0.09148400 0.13048900 0.56306400
v 0.09148400 0.13048900 0.51597000
v 0.09148400 0.61917400 0.56306400
v 0.09148400 0.61917400 0.56306400
v 0.12646600 0.61917400 0.56306400
v 0.12646600 0.13048900 0.56306400
v -0.12646700 0.13048900 0.56306400
v -0.09148400 0.61917400 0.51597000
v -0.12646700 0.61917400 0.56306400
v -0.09148400 0.13048900 0.51597000
v -0.09148400 0.61917400 0.56306400
v -0.09148400 0.61917400 0.56306400
v -0.09148400 0.13048900 0.56306400
v -0.09148400 0.13048900 0.56306400
v -0.14692400 0.13783100 0.47549100
v -0.14692400 0.13783100 0.47549100
v -0.14692400 0.09993000 0.47549100
v 0.14692500 0.13783100 0.47549100
v 0.14692500 0.13783100 0.47549100
v -0.14692400 0.13783100 0.64257600
v -0.14692400 0.13783100 0.64257600
v -0.14692400 0.13783100 0.64257600
v 0.14692500 0.09993000 0.47549100
v 0.14692500 0.13783100 0.64257600
v 0.14692500 0.13783100 0.64257600
v 0.14692500 0.13783100 0.64257600
v -0.14692400 0.09993000 0.64257600
v -0.14692400 0.09993000 0.64257600
v 0.14692500 0.09993000 0.64257600
v 0.14692500 0.09993000 0.64257600
v -0.11814000 0.52645800 0.53179200
v -0.11814000 0.50408600 0.55997400
v -0.11814000 0.50408600 0.55997400
v -0.11814000 0.50408600 0.53179200
v 0.11814100 0.52645800 0.53179200
v -0.11814000 0.52645800 0.55997400
v -0.11814000 0.52645800 0.55997400
v 0.11814100 0.50408600 0.53179200
v 0.11814100 0.52645800 0.55997400
v 0.11814100 0.52645800 0.55997400
v 0.11814100 0.50408600 0.55997400
v 0.11814100 0.50408600 0.55997400
v 0.10201900 0.51476400 0.54194800
v 0.10201900 0.51476400 0.54194800
v -0.10201900 0.51476400 0.54194800
v -0.10201900 0.51476400 0.54194800
v 0.07385600 0.50819300 0.51394300
v 0.07385600 0.11367600 0.55196300
v 0.07385600 0.11367600 0.55196300
v 0.07385600 0.11367600 0.51394300
v 0.07385600 0.50819300 0.55196300
v 0.07385600 0.50819300 0.55196300
v 0.10209700 0.50819300 0.55196300
v 0.10209700 0.11367600 0.55196300
v -0.10209600 0.11367600 0.55196300
v -0.07385500 0.50819300 0.51394300
v -0.10209600 0.50819300 0.55196300
v -0.07385500 0.11367600 0.51394300
v -0.07385500 0.50819300 0.55196300
v -0.07385500 0.50819300 0.55196300
v -0.07385500 0.11367600 0.55196300
v -0.07385500 0.11367600 0.55196300
v -0.04638700 0.34188600 0.54761000
v 0.04638700 0.34188600 0.54761000
v -0.04638700 0.40011100 0.54761000
v 0.04638700 0.40011100 0.54761000
v -0.11814000 0.15626200 0.53179200
v -0.11814000 0.13389000 0.55997400
v 0.11814100 0.15626200 0.53179200
v -0.11814000 0.15626200 0.55997400
v -0.11814000 0.15626200 0.55997400
v 0.11814100 0.15626200 0.55997400
v 0.11814100 0.15626200 0.55997400
v 0.11814100 0.13389000 0.55997400
v 0.03926300 0.26991200 0.56206400
v 0.03926300 0.27521900 0.56737000
v 0.03926300 0.27521900 0.56737000
v 0.03926300 0.27521900 0.56737000
v 0.03395600 0.27521900 0.56206400
v 0.03395600 0.27521900 0.56206400
v 0.03926300 0.29104500 0.56737000
v 0.03926300 0.29104500 0.56737000
v 0.03926300 0.29104500 0.56737000
v 0.03926300 0.29635200 0.56206400
v 0.03395600 0.29104500 0.56206400
v 0.03395600 0.29104500 0.56206400
v 0.03926300 0.26991200 0.54623700
v 0.03395600 0.27521900 0.54623700
v 0.03395600 0.27521900 0.54623700
v 0.03926300 0.27521900 0.54093000
v 0.03926300 0.27521900 0.54093000
v 0.03926300 0.29635200 0.54623700
v 0.03926300 0.29104500 0.54093000
v 0.03926300 0.29104500 0.54093000
v 0.03395600 0.29104500 0.54623700
v 0.03395600 0.29104500 0.54623700
v 0.05508900 0.26991200 0.56206400
v 0.06039600 0.27521900 0.56206400
v 0.06039600 0.27521900 0.56206400
v 0.05508900 0.27521900 0.56737000
v 0.05508900 0.27521900 0.56737000
v 0.05508900 0.27521900 0.56737000
v 0.05508900 0.29635200 0.56206400
v 0.05508900 0.29104500 0.56737000
v 0.05508900 0.29104500 0.56737000
v 0.05508900 0.29104500 0.56737000
v 0.06039600 0.29104500 0.56206400
v 0.06039600 0.29104500 0.56206400
v 0.05508900 0.26991200 0.54623700
v 0.05508900 0.27521900 0.54093000
v 0.05508900 0.27521900 0.54093000
v 0.06039600 0.27521900 0.54623700
v 0.06039600 0.27521900 0.54623700
v 0.05508900 0.29635200 0.54623700
v 0.06039600 0.29104500 0.54623700
v 0.06039600 0.29104500 0.54623700
v 0.05508900 0.29104500 0.54093000
v 0.05508900 0.29104500 0.54093000
v 1.00337000 0.29856700 -0.33697300
v 1.00337000 0.34212300 -0.33697300
v 1.00337000 0.34212300 -0.24973200
v 1.00337000 0.29856700 -0.24973200
v 1.00337000 0.36973900 -0.27173200
v 1.00337000 0.41329500 -0.27173200
v 1.00337000 0.41329500 -0.18449000
v 1.00337000 0.36973900 -0.18449000
v 1.00337000 1.69856700 0.11551000
v 1.00337000 1.74212300 0.11551000
v 1.00337000 1.74212300 0.02826800
v 1.00337000 1.69856700 0.02826800
v 1.00337000 1.76973900 0.05026900
v 1.00337000 1.81329500 0.05026900
v 1.00337000 1.81329500 -0.03697300
v 1.00337000 1.76973900 -0.03697300
v -0.61638300 0.28856700 -0.60672600
v -0.61638300 0.33212300 -0.60672600
v -0.70362500 0.33212300 -0.60672600
v -0.70362500 0.28856700 -0.60672600
v -0.68162500 0.35973900 -0.60672600
v -0.68162500 0.40329500 -0.60672600
v -0.76886600 0.40329500 -0.60672600
v -0.76886600 0.35973900 -0.60672600
v 0.38361700 1.18856700 -0.60672600
v 0.38361700 1.23212300 -0.60672600
v 0.29637500 1.23212300 -0.60672600
v 0.29637500 1.18856700 -0.60672600
v 0.31837500 1.25973900 -0.60672600
v 0.31837500 1.30329500 -0.60672600
v 0.23113400 1.30329500 -0.60672600
v 0.23113400 1.25973900 -0.60672600
v -1.00337000 1.26973900 -0.03697300
v -1.00337000 1.31329500 -0.03697300
v -1.00337000 1.31329500 0.05026900
v -1.00337000 1.26973900 0.05026900
v -1.00337000 1.19856700 0.02826800
v -1.00337000 1.24212300 0.02826800
v -1.00337000 1.24212300 0.11551000
v -1.00337000 1.19856700 0.11551000
v -0.83304400 0.28553500 0.54618500
v -0.83304400 0.46984600 0.54618500
v -0.74961300 0.28553500 0.54618500
v -0.74961300 0.46984600 0.54618500
v -0.84094700 0.49551200 0.54618500
v -0.84567300 0.56210400 0.54618500
v -0.74936900 0.50201100 0.54618500
v -0.75409500 0.56860300 0.54618500
v -0.76856900 0.31822000 0.55403200
v -0.76856900 0.38498000 0.55403200
v -0.70737300 0.31822000 0.54925900
v -0.70737300 0.38498000 0.54925900
v -1.00000000 0.73000000 0.80000000
v -1.00000000 0.73000000 0.80000000
v -1.00000000 0.73000000 0.80000000
v 0.20000000 0.73000000 0.80000000
v 0.20000000 0.73000000 0.80000000
v 0.20000000 0.73000000 0.80000000
v 0.20000000 0.84977400 0.60000000
v 0.20000000 0.84977400 0.60000000
v -1.00000000 0.84977400 0.60000000
v -1.00000000 0.84977400 0.60000000
v -0.80000000 0.73000000 0.80000000
v -0.80000000 0.73000000 0.80000000
v -0.80000000 0.73000000 0.80000000
v -0.80000000 0.73000000 0.80000000
v -0.60000000 0.73000000 0.80000000
v -0.60000000 0.73000000 0.80000000
v -0.60000000 0.73000000 0.80000000
v -0.60000000 0.73000000 0.80000000
v -0.40000000 0.73000000 0.80000000
v -0.40000000 0.73000000 0.80000000
v -0.40000000 0.73000000 0.80000000
v -0.40000000 0.73000000 0.80000000
v -0.20000000 0.73000000 0.80000000
v -0.20000000 0.73000000 0.80000000
v -0.20000000 0.73000000 0.80000000
v -0.20000000 0.73000000 0.80000000
v 0.00000000 0.73000000 0.80000000
v 0.00000000 0.73000000 0.80000000
v 0.00000000 0.73000000 0.80000000
v 0.00000000 0.73000000 0.80000000
v 0.00000000 0.84977400 0.60000000
v 0.00000000 0.84977400 0.60000000
v -0.20000000 0.84977400 0.60000000
v -0.20000000 0.84977400 0.60000000
v -0.40000000 0.84977400 0.60000000
v -0.40000000 0.84977400 0.60000000
v -0.60000000 0.84977400 0.60000000
v -0.60000000 0.84977400 0.60000000
v -0.80000000 0.84977400 0.60000000
v -0.80000000 0.84977400 0.60000000
v 0.20000000 0.72977400 0.60000000
v -1.00000000 0.72977400 0.60000000
v -1.00000000 0.68000000 0.80000000
v -1.00000000 0.68000000 0.80000000
v 0.20000000 0.68000000 0.80000000
v 0.20000000 0.68000000 0.80000000
v -0.80000000 0.68000000 0.80000000
v -0.80000000 0.68000000 0.80000000
v -0.60000000 0.68000000 0.80000000
v -0.60000000 0.68000000 0.80000000
v -0.40000000 0.68000000 0.80000000
v -0.40000000 0.68000000 0.80000000
v -0.20000000 0.68000000 0.80000000
v -0.20000000 0.68000000 0.80000000
v 0.00000000 0.68000000 0.80000000
v 0.00000000 0.68000000 0.80000000
v 0.20000000 0.67977400 0.60000000
v -1.00000000 0.67977400 0.60000000
v 0.89999800 0.13833900 0.85000000
v 0.89999800 0.13833900 0.85000000
v 0.89999800 0.13833900 0.85000000
v 0.89999800 0.24566900 0.85000000
v 0.89999800 0.24566900 0.85000000
v 0.89999800 0.24566900 0.85000000
v 0.93535300 0.13833900 0.86464500
v 0.93535300 0.13833900 0.86464500
v 0.93535300 0.24566900 0.86464500
v 0.93535300 0.24566900 0.86464500
v 0.94999800 0.13833900 0.90000000
v 0.94999800 0.13833900 0.90000000
v 0.94999800 0.13833900 0.90000000
v 0.94999800 0.24566900 0.90000000
v 0.94999800 0.24566900 0.90000000
v 0.94999800 0.24566900 0.90000000
v 0.93535300 0.13833900 0.93535500
v 0.93535300 0.13833900 0.93535500
v 0.93535300 0.13833900 0.93535500
v 0.93535300 0.24566900 0.93535500
v 0.93535300 0.24566900 0.93535500
v 0.89999800 0.13833900 0.95000000
v 0.89999800 0.13833900 0.95000000
v 0.89999800 0.13833900 0.95000000
v 0.89999800 0.24566900 0.95000000
v 0.89999800 0.24566900 0.95000000
v 0.89999800 0.24566900 0.95000000
v 0.86464200 0.13833900 0.93535500
v 0.86464200 0.13833900 0.93535500
v 0.86464200 0.13833900 0.93535500
v 0.86464200 0.24566900 0.93535500
v 0.86464200 0.24566900 0.93535500
v 0.84999800 0.13833900 0.90000000
v 0.84999800 0.13833900 0.90000000
v 0.84999800 0.13833900 0.90000000
v 0.84999800 0.24566900 0.90000000
v 0.84999800 0.24566900 0.90000000
v 0.84999800 0.24566900 0.90000000
v 0.86464200 0.13833900 0.86464500
v 0.86464200 0.13833900 0.86464500
v 0.86464200 0.24566900 0.86464500
v 0.86464200 0.24566900 0.86464500
v 0.93535300 0.28331600 0.86464500
v 0.93535300 0.28331600 0.86464500
v 0.93535300 0.28331600 0.86464500
v 0.89999800 0.28331600 0.85000000
v 0.89999800 0.28331600 0.85000000
v 0.89999800 0.28331600 0.85000000
v 0.94999800 0.28331600 0.90000000
v 0.94999800 0.28331600 0.90000000
v 0.94999800 0.28331600 0.90000000
v 0.93535300 0.28331600 0.93535500
v 0.93535300 0.28331600 0.93535500
v 0.93535300 0.28331600 0.93535500
v 0.89999800 0.28331600 0.95000000
v 0.89999800 0.28331600 0.95000000
v 0.89999800 0.28331600 0.95000000
v 0.86464200 0.28331600 0.93535500
v 0.86464200 0.28331600 0.93535500
v 0.86464200 0.28331600 0.93535500
v 0.84999800 0.28331600 0.90000000
v 0.84999800 0.28331600 0.90000000
v 0.84999800 0.28331600 0.90000000
v 0.86464200 0.28331600 0.86464500
v 0.86464200 0.28331600 0.86464500
v 0.86464200 0.28331600 0.86464500
v 0.92604900 0.31000000 0.87394900
v 0.89999800 0.31000000 0.86315800
v 0.93684000 0.31000000 0.90000000
v 0.92604900 0.31000000 0.92605100
v 0.89999800 0.31000000 0.93684200
v 0.87394600 0.31000000 0.92605100
v 0.86315500 0.31000000 0.90000000
v 0.87394600 0.31000000 0.87394900
v 0.89999800 0.32459500 0.90000000
v 0.83720800 0.25000000 0.90000000
v 0.83720800 0.25000000 0.90000000
v 0.83720800 0.25000000 0.90000000
v 0.85559900 0.25000000 0.94439900
v 0.85559900 0.25000000 0.94439900
v 0.89999800 0.25000000 0.96279000
v 0.89999800 0.25000000 0.96279000
v 0.89999800 0.25000000 0.96279000
v 0.94439700 0.25000000 0.94439900
v 0.94439700 0.25000000 0.94439900
v 0.96278800 0.25000000 0.90000000
v 0.96278800 0.25000000 0.90000000
v 0.96278800 0.25000000 0.90000000
v 0.89999800 0.25000000 0.83721000
v 0.89999800 0.25000000 0.83721000
v 0.89999800 0.25000000 0.83721000
v 0.94439700 0.25000000 0.85560100
v 0.94439700 0.25000000 0.85560100
v 0.85559900 0.25000000 0.85560100
v 0.85559900 0.25000000 0.85560100
v 0.94439700 0.28000000 0.85560100
v 0.94439700 0.28000000 0.85560100
v 0.89999800 0.28000000 0.83721000
v 0.89999800 0.28000000 0.83721000
v 0.89999800 0.28000000 0.83721000
v 0.96278800 0.28000000 0.90000000
v 0.96278800 0.28000000 0.90000000
v 0.96278800 0.28000000 0.90000000
v 0.94439700 0.28000000 0.94439900
v 0.94439700 0.28000000 0.94439900
v 0.89999800 0.28000000 0.96279000
v 0.89999800 0.28000000 0.96279000
v 0.89999800 0.28000000 0.96279000
v 0.85559900 0.28000000 0.94439900
v 0.85559900 0.28000000 0.94439900
v 0.83720800 0.28000000 0.90000000
v 0.83720800 0.28000000 0.90000000
v 0.83720800 0.28000000 0.90000000
v 0.85559900 0.28000000 0.85560100
v 0.85559900 0.28000000 0.85560100
v 0.91123800 0.18300100 0.96622200
v 0.91123800 0.18300100 0.96622200
v 0.91123800 0.18300100 0.96622200
v 0.91123800 0.18300100 0.90699700
v 0.91123800 0.18300100 0.90699700
v 0.92713500 0.19889700 0.96622200
v 0.92713500 0.19889700 0.96622200
v 0.92713500 0.19889700 0.96622200
v 0.92713500 0.19889700 0.90699700
v 0.92713500 0.19889700 0.90699700
v 0.92713500 0.22137900 0.96622200
v 0.92713500 0.22137900 0.96622200
v 0.92713500 0.22137900 0.96622200
v 0.92713500 0.22137900 0.90699700
v 0.92713500 0.22137900 0.90699700
v 0.91123800 0.23727500 0.96622200
v 0.91123800 0.23727500 0.96622200
v 0.91123800 0.23727500 0.90699700
v 0.89999800 0.13000000 0.83490200
v 0.89999800 0.13000000 0.83490200
v 0.89999800 0.13000000 0.83490200
v 0.94602900 0.13000000 0.85396900
v 0.94602900 0.13000000 0.85396900
v 0.96509600 0.13000000 0.90000000
v 0.96509600 0.13000000 0.90000000
v 0.96509600 0.13000000 0.90000000
v 0.94602900 0.13000000 0.94603100
v 0.94602900 0.13000000 0.94603100
v 0.94602900 0.13000000 0.94603100
v 0.89999800 0.13000000 0.96509800
v 0.89999800 0.13000000 0.96509800
v 0.85396600 0.13000000 0.94603100
v 0.85396600 0.13000000 0.94603100
v 0.85396600 0.13000000 0.94603100
v 0.83489900 0.13000000 0.90000000
v 0.83489900 0.13000000 0.90000000
v 0.83489900 0.13000000 0.90000000
v 0.85396600 0.13000000 0.85396900
v 0.85396600 0.13000000 0.85396900
v 0.89999800 0.10000000 0.83490200
v 0.89999800 0.10000000 0.83490200
v 0.94602900 0.10000000 0.85396900
v 0.96509600 0.10000000 0.90000000
v 0.96509600 0.10000000 0.90000000
v 0.94602900 0.10000000 0.94603100
v 0.94602900 0.10000000 0.94603100
v 0.89999800 0.10000000 0.96509800
v 0.85396600 0.10000000 0.94603100
v 0.85396600 0.10000000 0.94603100
v 0.83489900 0.10000000 0.90000000
v 0.83489900 0.10000000 0.90000000
v 0.85396600 0.10000000 0.85396900
v 0.88875700 0.18300100 0.90699700
v 0.88875700 0.18300100 0.96622200
v 0.88875700 0.18300100 0.96622200
v 0.87286000 0.19889700 0.90699700
v 0.87286000 0.19889700 0.90699700
v 0.87286000 0.19889700 0.96622200
v 0.87286000 0.19889700 0.96622200
v 0.87286000 0.19889700 0.96622200
v 0.87286000 0.22137900 0.90699700
v 0.87286000 0.22137900 0.90699700
v 0.87286000 0.22137900 0.96622200
v 0.87286000 0.22137900 0.96622200
v 0.87286000 0.22137900 0.96622200
v 0.88875700 0.23727500 0.90699700
v 0.88875700 0.23727500 0.96622200
v 0.88875700 0.23727500 0.96622200
v 0.90569400 0.19638500 0.96622200
v 0.90569400 0.19638500 0.96622200
v 0.91375100 0.20444100 0.96622200
v 0.91375100 0.20444100 0.96622200
v 0.91375100 0.20444100 0.96622200
v 0.91375100 0.21583500 0.96622200
v 0.91375100 0.21583500 0.96622200
v 0.90569400 0.22389100 0.96622200
v 0.90569400 0.22389100 0.96622200
v 0.89430100 0.22389100 0.96622200
v 0.89430100 0.22389100 0.96622200
v 0.88624400 0.21583500 0.96622200
v 0.88624400 0.21583500 0.96622200
v 0.88624400 0.20444100 0.96622200
v 0.88624400 0.20444100 0.96622200
v 0.88624400 0.20444100 0.96622200
v 0.89430100 0.19638500 0.96622200
v 0.89430100 0.19638500 0.96622200
v 0.89999800 0.21013800 0.95078800
v 0.89999800 0.21013800 0.95078800
v 0.83225200 0.19485200 0.91528700
v 0.83225200 0.19485200 0.91528700
v 0.83225200 0.19485200 0.91528700
v 0.83225200 0.22542500 0.91528700
v 0.83225200 0.22542500 0.91528700
v 0.83225200 0.22542500 0.91528700
v 0.83225200 0.19485200 0.88471300
v 0.83225200 0.19485200 0.88471300
v 0.83225200 0.19485200 0.88471300
v 0.83225200 0.22542500 0.88471300
v 0.83225200 0.22542500 0.88471300
v 0.83225200 0.22542500 0.88471300
v 0.96774700 0.19485200 0.91528700
v 0.96774700 0.19485200 0.91528700
v 0.96774700 0.19485200 0.91528700
v 0.96774700 0.22542500 0.91528700
v 0.96774700 0.22542500 0.91528700
v 0.96774700 0.22542500 0.91528700
v 0.96774700 0.19485200 0.88471300
v 0.96774700 0.19485200 0.88471300
v 0.96774700 0.19485200 0.88471300
v 0.96774700 0.22542500 0.88471300
v 0.96774700 0.22542500 0.88471300
v 0.96774700 0.22542500 0.88471300
v 0.29094600 0.10000000 0.61749100
v 0.29094600 0.10000000 0.61749100
v 0.29094600 0.10000000 0.61749100
v 0.26766800 0.19944900 0.65176000
v 0.26766800 0.19944900 0.65176000
v 0.26766800 0.19944900 0.65176000
v 0.26766800 0.19944900 0.65176000
v 0.27250700 0.10000000 0.52094800
v 0.27250700 0.10000000 0.52094800
v 0.27250700 0.10000000 0.52094800
v 0.23823800 0.19944900 0.49767000
v 0.23823800 0.19944900 0.49767000
v 0.23823800 0.19944900 0.49767000
v 0.23823800 0.19944900 0.49767000
v 0.38748900 0.10000000 0.59905200
v 0.38748900 0.10000000 0.59905200
v 0.38748900 0.10000000 0.59905200
v 0.42175800 0.19944900 0.62233000
v 0.42175800 0.19944900 0.62233000
v 0.42175800 0.19944900 0.62233000
v 0.42175800 0.19944900 0.62233000
v 0.36905000 0.10000000 0.50250900
v 0.36905000 0.10000000 0.50250900
v 0.36905000 0.10000000 0.50250900
v 0.39232800 0.19944900 0.46824000
v 0.39232800 0.19944900 0.46824000
v 0.39232800 0.19944900 0.46824000
v 0.39232800 0.19944900 0.46824000
v 0.26766800 0.22968700 0.65176000
v 0.26766800 0.22968700 0.65176000
v 0.26766800 0.22968700 0.65176000
v 0.23823800 0.22968700 0.49767000
v 0.23823800 0.22968700 0.49767000
v 0.23823800 0.22968700 0.49767000
v 0.39232800 0.22968700 0.46824000
v 0.39232800 0.22968700 0.46824000
v 0.39232800 0.22968700 0.46824000
v 0.42175800 0.22968700 0.62233000
v 0.42175800 0.22968700 0.62233000
v 0.42175800 0.22968700 0.62233000
v 0.37122100 0.22968700 0.49931300
v 0.37122100 0.22968700 0.49931300
v 0.37122100 0.22968700 0.49931300
v 0.26931100 0.22968700 0.51877700
v 0.26931100 0.22968700 0.51877700
v 0.26931100 0.22968700 0.51877700
v 0.28877500 0.22968700 0.62068700
v 0.28877500 0.22968700 0.62068700
v 0.28877500 0.22968700 0.62068700
v 0.39068500 0.22968700 0.60122300
v 0.39068500 0.22968700 0.60122300
v 0.39068500 0.22968700 0.60122300
v 0.32999800 0.19512700 0.56000000
v 0.32999800 0.19512700 0.56000000
v 0.32999800 0.19512700 0.56000000
v 0.32999800 0.19512700 0.56000000
v 0.36489100 0.40608600 0.62201600
v 0.36844000 0.25559500 0.47893100
v 0.41283300 0.32655600 0.61727100
v 0.41839000 0.25559500 0.57062200
v 0.35186400 0.21871200 0.54186600
v 0.30887500 0.21521900 0.57603900
v 0.25231700 0.25559500 0.60164300
v 0.34662300 0.25559500 0.64646200
v 0.25678700 0.25559500 0.54824200
v 0.30053900 0.32655600 0.65559200
v 0.23365500 0.32655600 0.52995300
v 0.42567600 0.32655600 0.52596100
v 0.34898800 0.32655600 0.65692500
v 0.32821500 0.32655600 0.45820100
v 0.37906100 0.43515900 0.54984200
v 0.24714300 0.36644600 0.57503700
v 0.28540500 0.43515900 0.53803200
v 0.33652300 0.43515900 0.50991500
v 0.26709300 0.32655600 0.48047400
v 0.38560500 0.32655600 0.47471300
v 0.25122000 0.32655600 0.62191900
v 0.29379400 0.25559500 0.49275600
v 0.32494600 0.48053000 0.56528900
v 0.32494600 0.48053000 0.56528900
v 0.32494600 0.48053000 0.56528900
v 0.32494600 0.48053000 0.56528900
v -0.71676500 2.50635300 -0.38830900
v -0.71676500 2.50635300 -0.38830900
v -0.71676500 2.50635300 -0.38830900
v -0.71676500 2.50635300 -0.38830900
v -0.71676500 2.50635300 -0.38830900
v -0.62710800 2.50635300 -0.44007300
v -0.62710800 2.50635300 -0.44007300
v -0.62710800 2.50635300 -0.44007300
v -0.52358000 2.50635300 -0.44007300
v -0.52358000 2.50635300 -0.44007300
v -0.52358000 2.50635300 -0.44007300
v -0.43392300 2.50635300 -0.38830900
v -0.43392300 2.50635300 -0.38830900
v -0.43392300 2.50635300 -0.38830900
v -0.43392300 2.50635300 -0.38830900
v -0.43392300 2.50635300 -0.38830900
v -0.38215900 2.50635300 -0.29865200
v -0.38215900 2.50635300 -0.29865200
v -0.38215900 2.50635300 -0.29865200
v -0.38215900 2.50635300 -0.19512400
v -0.38215900 2.50635300 -0.19512400
v -0.38215900 2.50635300 -0.19512400
v -0.43392300 2.50635300 -0.10546700
v -0.43392300 2.50635300 -0.10546700
v -0.43392300 2.50635300 -0.10546700
v -0.43392300 2.50635300 -0.10546700
v -0.43392300 2.50635300 -0.10546700
v -0.52358000 2.50635300 -0.05370300
v -0.52358000 2.50635300 -0.05370300
v -0.52358000 2.50635300 -0.05370300
v -0.62710800 2.50635300 -0.05370300
v -0.62710800 2.50635300 -0.05370300
v -0.62710800 2.50635300 -0.05370300
v -0.71676500 2.50635300 -0.10546700
v -0.71676500 2.50635300 -0.10546700
v -0.71676500 2.50635300 -0.10546700
v -0.71676500 2.50635300 -0.10546700
v -0.71676500 2.50635300 -0.10546700
v -0.76852900 2.50635300 -0.19512400
v -0.76852900 2.50635300 -0.19512400
v -0.76852900 2.50635300 -0.19512400
v -0.76852900 2.50635300 -0.29865200
v -0.76852900 2.50635300 -0.29865200
v -0.76852900 2.50635300 -0.29865200
v -0.75794900 2.84844500 -0.42949300
v -0.75794900 2.84844500 -0.42949300
v -0.75794900 2.84844500 -0.42949300
v -0.57534400 2.97635300 -0.24688800
v -0.64218200 2.84844500 -0.49633100
v -0.64218200 2.84844500 -0.49633100
v -0.64218200 2.84844500 -0.49633100
v -0.50850600 2.84844500 -0.49633100
v -0.50850600 2.84844500 -0.49633100
v -0.50850600 2.84844500 -0.49633100
v -0.39273900 2.84844500 -0.42949300
v -0.39273900 2.84844500 -0.42949300
v -0.39273900 2.84844500 -0.42949300
v -0.32590100 2.84844500 -0.31372600
v -0.32590100 2.84844500 -0.31372600
v -0.32590100 2.84844500 -0.31372600
v -0.32590100 2.84844500 -0.18005000
v -0.32590100 2.84844500 -0.18005000
v -0.32590100 2.84844500 -0.18005000
v -0.39273900 2.84844500 -0.06428300
v -0.39273900 2.84844500 -0.06428300
v -0.39273900 2.84844500 -0.06428300
v -0.50850600 2.84844500 0.00255500
v -0.50850600 2.84844500 0.00255500
v -0.50850600 2.84844500 0.00255500
v -0.64218200 2.84844500 0.00255500
v -0.64218200 2.84844500 0.00255500
v -0.64218200 2.84844500 0.00255500
v -0.75794900 2.84844500 -0.06428300
v -0.75794900 2.84844500 -0.06428300
v -0.75794900 2.84844500 -0.06428300
v -0.82478700 2.84844500 -0.18005000
v -0.82478700 2.84844500 -0.18005000
v -0.82478700 2.84844500 -0.18005000
v -0.82478700 2.84844500 -0.31372600
v -0.82478700 2.84844500 -0.31372600
v -0.82478700 2.84844500 -0.31372600
v -0.62710800 2.80083500 -0.44007300
v -0.62710800 2.80083500 -0.44007300
v -0.71676500 2.80083500 -0.38830900
v -0.71676500 2.80083500 -0.38830900
v -0.52358000 2.80083500 -0.44007300
v -0.52358000 2.80083500 -0.44007300
v -0.43392300 2.80083500 -0.38830900
v -0.43392300 2.80083500 -0.38830900
v -0.38215900 2.80083500 -0.29865200
v -0.38215900 2.80083500 -0.29865200
v -0.38215900 2.80083500 -0.19512400
v -0.38215900 2.80083500 -0.19512400
v -0.43392300 2.80083500 -0.10546700
v -0.43392300 2.80083500 -0.10546700
v -0.52358000 2.80083500 -0.05370300
v -0.52358000 2.80083500 -0.05370300
v -0.62710800 2.80083500 -0.05370300
v -0.62710800 2.80083500 -0.05370300
v -0.71676500 2.80083500 -0.10546700
v -0.71676500 2.80083500 -0.10546700
v -0.76852900 2.80083500 -0.19512400
v -0.76852900 2.80083500 -0.19512400
v -0.76852900 2.80083500 -0.29865200
v -0.76852900 2.80083500 -0.29865200
v -0.75794900 2.80941200 -0.42949300
v -0.75794900 2.80941200 -0.42949300
v -0.64218200 2.80941200 -0.49633100
v -0.64218200 2.80941200 -0.49633100
v -0.50850600 2.80941200 -0.49633100
v -0.50850600 2.80941200 -0.49633100
v -0.39273900 2.80941200 -0.42949300
v -0.39273900 2.80941200 -0.42949300
v -0.32590100 2.80941200 -0.31372600
v -0.32590100 2.80941200 -0.31372600
v -0.32590100 2.80941200 -0.18005000
v -0.32590100 2.80941200 -0.18005000
v -0.39273900 2.80941200 -0.06428300
v -0.39273900 2.80941200 -0.06428300
v -0.50850600 2.80941200 0.00255500
v -0.50850600 2.80941200 0.00255500
v -0.64218200 2.80941200 0.00255500
v -0.64218200 2.80941200 0.00255500
v -0.75794900 2.80941200 -0.06428300
v -0.75794900 2.80941200 -0.06428300
v -0.82478700 2.80941200 -0.18005000
v -0.82478700 2.80941200 -0.18005000
v -0.82478700 2.80941200 -0.31372600
v -0.82478700 2.80941200 -0.31372600
v -0.71256200 2.46235300 -0.10967000
v -0.71256200 2.46235300 -0.10967000
v -0.71256200 2.46235300 -0.10967000
v -0.71256200 2.46235300 -0.38410600
v -0.71256200 2.46235300 -0.38410600
v -0.71256200 2.46235300 -0.38410600
v -0.43812600 2.46235300 -0.38410600
v -0.43812600 2.46235300 -0.38410600
v -0.43812600 2.46235300 -0.38410600
v -0.43812600 2.46235300 -0.10967000
v -0.43812600 2.46235300 -0.10967000
v -0.43812600 2.46235300 -0.10967000
v -0.46906500 2.30635200 -0.35316500
v -0.46906500 2.30635200 -0.35316500
v -0.46906500 2.30635200 -0.40049000
v -0.46906500 2.30635200 -0.40049000
v -0.42174100 2.30635200 -0.40049000
v -0.42174100 2.30635200 -0.40049000
v -0.42174100 2.30635200 -0.35316500
v -0.42174100 2.30635200 -0.35316500
v -0.53315100 2.50545500 -0.28908100
v -0.53315100 2.50545500 -0.28908100
v -0.53315100 2.50545500 -0.33912000
v -0.53315100 2.50545500 -0.33912000
v -0.48311100 2.50545500 -0.33912000
v -0.48311100 2.50545500 -0.33912000
v -0.48311100 2.50545500 -0.28908100
v -0.48311100 2.50545500 -0.28908100
v -0.72894400 2.30635200 -0.35316500
v -0.72894400 2.30635200 -0.35316500
v -0.72894400 2.30635200 -0.40049000
v -0.72894400 2.30635200 -0.40049000
v -0.68161900 2.30635200 -0.40049000
v -0.68161900 2.30635200 -0.40049000
v -0.68161900 2.30635200 -0.35316500
v -0.68161900 2.30635200 -0.35316500
v -0.66757600 2.50545500 -0.28908100
v -0.66757600 2.50545500 -0.28908100
v -0.66757600 2.50545500 -0.33912000
v -0.66757600 2.50545500 -0.33912000
v -0.61753600 2.50545500 -0.33912000
v -0.61753600 2.50545500 -0.33912000
v -0.61753600 2.50545500 -0.28908100
v -0.61753600 2.50545500 -0.28908100
v -0.46906500 2.30635200 -0.09328600
v -0.46906500 2.30635200 -0.09328600
v -0.46906500 2.30635200 -0.14061100
v -0.46906500 2.30635200 -0.14061100
v -0.42174100 2.30635200 -0.14061100
v -0.42174100 2.30635200 -0.14061100
v -0.42174100 2.30635200 -0.09328600
v -0.42174100 2.30635200 -0.09328600
v -0.53315100 2.50545500 -0.15465600
v -0.53315100 2.50545500 -0.15465600
v -0.53315100 2.50545500 -0.20469500
v -0.53315100 2.50545500 -0.20469500
v -0.48311100 2.50545500 -0.20469500
v -0.48311100 2.50545500 -0.20469500
v -0.48311100 2.50545500 -0.15465600
v -0.48311100 2.50545500 -0.15465600
v -0.72894400 2.30635200 -0.09328600
v -0.72894400 2.30635200 -0.09328600
v -0.72894400 2.30635200 -0.14061100
v -0.72894400 2.30635200 -0.14061100
v -0.68161900 2.30635200 -0.14061100
v -0.68161900 2.30635200 -0.14061100
v -0.68161900 2.30635200 -0.09328600
v -0.68161900 2.30635200 -0.09328600
v -0.66757600 2.50545500 -0.15465600
v -0.66757600 2.50545500 -0.15465600
v -0.66757600 2.50545500 -0.20469500
v -0.66757600 2.50545500 -0.20469500
v -0.61753600 2.50545500 -0.20469500
v -0.61753600 2.50545500 -0.20469500
v -0.61753600 2.50545500 -0.15465600
v -0.61753600 2.50545500 -0.15465600
v -0.51534500 2.30635300 -0.28457500
v -0.51534500 2.30635300 -0.28457500
v -0.51534500 2.49101800 -0.28457500
v -0.51534500 2.49101800 -0.28457500
v -0.48270800 2.30635300 -0.26573100
v -0.48270800 2.30635300 -0.26573100
v -0.48270800 2.49101800 -0.26573100
v -0.48270800 2.49101800 -0.26573100
v -0.48270800 2.30635300 -0.22804500
v -0.48270800 2.30635300 -0.22804500
v -0.48270800 2.49101800 -0.22804500
v -0.48270800 2.49101800 -0.22804500
v -0.51534500 2.30635300 -0.20920100
v -0.51534500 2.30635300 -0.20920100
v -0.51534500 2.49101800 -0.20920100
v -0.51534500 2.49101800 -0.20920100
v -0.54798300 2.30635300 -0.22804500
v -0.54798300 2.30635300 -0.22804500
v -0.54798300 2.49101800 -0.22804500
v -0.54798300 2.49101800 -0.22804500
v -0.54798300 2.30635300 -0.26573100
v -0.54798300 2.30635300 -0.26573100
v -0.54798300 2.49101800 -0.26573100
v -0.54798300 2.49101800 -0.26573100
v -0.14427600 0.26735200 -0.62360100
v -0.14427600 0.26735200 -0.62360100
v -0.14427600 0.26735200 -0.62360100
v -0.14427600 0.31264800 -0.62360100
v -0.14427600 0.31264800 -0.62360100
v -0.14427600 0.31264800 -0.62360100
v -0.14427600 0.31264800 -0.97639900
v -0.14427600 0.31264800 -0.97639900
v -0.14427600 0.31264800 -0.97639900
v -0.14427600 0.26735200 -0.97639900
v -0.14427600 0.26735200 -0.97639900
v -0.14427600 0.26735200 -0.97639900
v -0.32516200 0.37534100 -0.96725800
v -0.32516200 0.37534100 -0.96725800
v -0.32516200 0.37534100 -0.96725800
v -0.32516200 0.37534100 -0.96725800
v -0.28134700 0.37534100 -0.96725800
v -0.28134700 0.37534100 -0.96725800
v -0.28134700 0.37534100 -0.96725800
v -0.28134700 0.37534100 -0.96725800
v -0.28134700 0.41727900 -0.63590700
v -0.28134700 0.41727900 -0.63590700
v -0.28134700 0.41727900 -0.63590700
v -0.28134700 0.41727900 -0.63590700
v -0.32516300 0.41727900 -0.63590700
v -0.32516300 0.41727900 -0.63590700
v -0.32516300 0.41727900 -0.63590700
v -0.32516300 0.41727900 -0.63590700
v -0.17725000 0.25841200 -0.95000000
v -0.17725000 0.25841200 -0.95000000
v -0.17725000 0.25841200 -0.95000000
v -0.17725000 0.31897200 -0.95000000
v -0.17725000 0.31897200 -0.65000000
v -0.17725000 0.25841200 -0.65000000
v -0.17725000 0.25841200 -0.65000000
v -0.17725000 0.25841200 -0.65000000
v -0.67725000 0.31897200 -0.95000000
v -0.67725000 0.25841200 -0.95000000
v -0.67725000 0.25841200 -0.95000000
v -0.67725000 0.25841200 -0.95000000
v -0.67725000 0.31897200 -0.65000000
v -0.67725000 0.25841200 -0.65000000
v -0.67725000 0.25841200 -0.65000000
v -0.67725000 0.25841200 -0.65000000
v -0.71022300 0.31264800 -0.62360100
v -0.71022300 0.31264800 -0.62360100
v -0.71022300 0.31264800 -0.62360100
v -0.71022300 0.26735200 -0.62360100
v -0.71022300 0.26735200 -0.62360100
v -0.71022300 0.26735200 -0.62360100
v -0.71022300 0.31264800 -0.97639900
v -0.71022300 0.31264800 -0.97639900
v -0.71022300 0.31264800 -0.97639900
v -0.71022300 0.26735200 -0.97639900
v -0.71022300 0.26735200 -0.97639900
v -0.71022300 0.26735200 -0.97639900
v -0.19883200 0.10000000 -0.92051600
v -0.19883200 0.10000000 -0.92051600
v -0.17725000 0.11830900 -0.95000000
v -0.17725000 0.11830900 -0.95000000
v -0.17725000 0.11830900 -0.95000000
v -0.17725000 0.11830900 -0.95000000
v -0.17725000 0.11830900 -0.65000000
v -0.17725000 0.11830900 -0.65000000
v -0.17725000 0.11830900 -0.65000000
v -0.17725000 0.11830900 -0.65000000
v -0.19883300 0.10000000 -0.67948400
v -0.19883300 0.10000000 -0.67948400
v -0.67725000 0.11830900 -0.95000000
v -0.67725000 0.11830900 -0.95000000
v -0.67725000 0.11830900 -0.95000000
v -0.67725000 0.11830900 -0.95000000
v -0.65566700 0.10000000 -0.92051600
v -0.65566700 0.10000000 -0.92051600
v -0.67725000 0.11830900 -0.65000000
v -0.67725000 0.11830900 -0.65000000
v -0.67725000 0.11830900 -0.65000000
v -0.67725000 0.11830900 -0.65000000
v -0.65566700 0.10000000 -0.67948400
v -0.65566700 0.10000000 -0.67948400
v -0.18782700 0.36000000 -0.95000000
v -0.18782700 0.36000000 -0.95000000
v -0.18782700 0.36000000 -0.95000000
v -0.18782700 0.39877400 -0.65000000
v -0.18782700 0.39877400 -0.65000000
v -0.18782700 0.39877400 -0.65000000
v -0.66667300 0.39877400 -0.65000000
v -0.66667300 0.39877400 -0.65000000
v -0.66667300 0.39877400 -0.65000000
v -0.66667300 0.36000000 -0.95000000
v -0.66667300 0.36000000 -0.95000000
v -0.66667300 0.36000000 -0.95000000
v -0.17725000 0.30644500 -0.95000000
v -0.17725000 0.30644500 -0.95000000
v -0.17725000 0.30644500 -0.65000000
v -0.17725000 0.30644500 -0.65000000
v -0.67725000 0.30644500 -0.95000000
v -0.67725000 0.30644500 -0.95000000
v -0.67725000 0.30644500 -0.65000000
v -0.67725000 0.30644500 -0.65000000
v -0.57315100 0.37534100 -0.96725800
v -0.57315100 0.37534100 -0.96725800
v -0.57315100 0.37534100 -0.96725800
v -0.57315100 0.37534100 -0.96725800
v -0.52933500 0.37534100 -0.96725800
v -0.52933500 0.37534100 -0.96725800
v -0.52933500 0.37534100 -0.96725800
v -0.52933500 0.37534100 -0.96725800
v -0.52933500 0.41727900 -0.63590700
v -0.52933500 0.41727900 -0.63590700
v -0.52933500 0.41727900 -0.63590700
v -0.52933500 0.41727900 -0.63590700
v -0.57315100 0.41727900 -0.63590700
v -0.57315100 0.41727900 -0.63590700
v -0.57315100 0.41727900 -0.63590700
v -0.57315100 0.41727900 -0.63590700
v -0.27417900 0.36000000 -0.95000000
v -0.27417900 0.36000000 -0.95000000
v -0.27417900 0.36000000 -0.95000000
v -0.27417900 0.36000000 -0.95000000
v -0.33233000 0.36000000 -0.95000000
v -0.33233000 0.36000000 -0.95000000
v -0.33233000 0.36000000 -0.95000000
v -0.33233000 0.36000000 -0.95000000
v -0.52216800 0.36000000 -0.95000000
v -0.52216800 0.36000000 -0.95000000
v -0.52216800 0.36000000 -0.95000000
v -0.52216800 0.36000000 -0.95000000
v -0.58031900 0.36000000 -0.95000000
v -0.58031900 0.36000000 -0.95000000
v -0.58031900 0.36000000 -0.95000000
v -0.58031900 0.36000000 -0.95000000
v -0.58031900 0.39877400 -0.65000000
v -0.58031900 0.39877400 -0.65000000
v -0.58031900 0.39877400 -0.65000000
v -0.58031900 0.39877400 -0.65000000
v -0.52216800 0.39877400 -0.65000000
v -0.52216800 0.39877400 -0.65000000
v -0.52216800 0.39877400 -0.65000000
v -0.52216800 0.39877400 -0.65000000
v -0.33233000 0.39877400 -0.65000000
v -0.33233000 0.39877400 -0.65000000
v -0.33233000 0.39877400 -0.65000000
v -0.33233000 0.39877400 -0.65000000
v -0.27417900 0.39877400 -0.65000000
v -0.27417900 0.39877400 -0.65000000
v -0.27417900 0.39877400 -0.65000000
v -0.27417900 0.39877400 -0.65000000
v -0.27417900 0.30644800 -0.65000000
v -0.27417900 0.30644800 -0.65000000
v -0.33233000 0.30644800 -0.65000000
v -0.33233000 0.30644800 -0.65000000
v -0.52216800 0.30644800 -0.65000000
v -0.52216800 0.30644800 -0.65000000
v -0.58031900 0.30644800 -0.65000000
v -0.58031900 0.30644800 -0.65000000
v -0.58031900 0.30644800 -0.95000000
v -0.58031900 0.30644800 -0.95000000
v -0.52216800 0.30644800 -0.95000000
v -0.52216800 0.30644800 -0.95000000
v -0.33233000 0.30644800 -0.95000000
v -0.33233000 0.30644800 -0.95000000
v -0.27417900 0.30644800 -0.95000000
v -0.27417900 0.30644800 -0.95000000
v -0.57315100 0.30644800 -0.62962800
v -0.57315100 0.30644800 -0.62962800
v -0.52933500 0.30644800 -0.62962800
v -0.52933500 0.30644800 -0.62962800
v -0.32516300 0.30644800 -0.62962800
v -0.32516300 0.30644800 -0.62962800
v -0.28134700 0.30644800 -0.62962800
v -0.28134700 0.30644800 -0.62962800
v -0.28134700 0.30644800 -0.97037200
v -0.28134700 0.30644800 -0.97037200
v -0.32516200 0.30644800 -0.97037200
v -0.32516200 0.30644800 -0.97037200
v -0.52933500 0.30644800 -0.97037200
v -0.52933500 0.30644800 -0.97037200
v -0.57315100 0.30644800 -0.97037200
v -0.57315100 0.30644800 -0.97037200
v -0.67725000 0.19912200 -0.95000000
v -0.67725000 0.19912200 -0.95000000
v -0.67725000 0.19912200 -0.95000000
v -0.67725000 0.19912200 -0.95000000
v -0.67725000 0.17608900 -0.95000000
v -0.67725000 0.17608900 -0.95000000
v -0.67725000 0.17608900 -0.95000000
v -0.67725000 0.17608900 -0.95000000
v -0.67050900 0.18760600 -0.94325900
v -0.67050900 0.18760600 -0.94325900
v -0.67050900 0.18760600 -0.94325900
v -0.67050900 0.18760600 -0.94325900
v -0.17725000 0.17608900 -0.95000000
v -0.17725000 0.17608900 -0.95000000
v -0.17725000 0.17608900 -0.95000000
v -0.17725000 0.17608900 -0.95000000
v -0.17725000 0.19912200 -0.95000000
v -0.17725000 0.19912200 -0.95000000
v -0.17725000 0.19912200 -0.95000000
v -0.17725000 0.19912200 -0.95000000
v -0.18399100 0.18760600 -0.94325900
v -0.18399100 0.18760600 -0.94325900
v -0.18399100 0.18760600 -0.94325900
v -0.18399100 0.18760600 -0.94325900
v -0.17725000 0.19912200 -0.65000000
v -0.17725000 0.19912200 -0.65000000
v -0.17725000 0.19912200 -0.65000000
v -0.17725000 0.19912200 -0.65000000
v -0.17725000 0.17608900 -0.65000000
v -0.17725000 0.17608900 -0.65000000
v -0.17725000 0.17608900 -0.65000000
v -0.17725000 0.17608900 -0.65000000
v -0.18399100 0.18760600 -0.65674100
v -0.18399100 0.18760600 -0.65674100
v -0.18399100 0.18760600 -0.65674100
v -0.18399100 0.18760600 -0.65674100
v -0.67725000 0.17608900 -0.65000000
v -0.67725000 0.17608900 -0.65000000
v -0.67725000 0.17608900 -0.65000000
v -0.67725000 0.17608900 -0.65000000
v -0.67725000 0.19912200 -0.65000000
v -0.67725000 0.19912200 -0.65000000
v -0.67725000 0.19912200 -0.65000000
v -0.67725000 0.19912200 -0.65000000
v -0.67050900 0.18760600 -0.65674100
v -0.67050900 0.18760600 -0.65674100
v -0.67050900 0.18760600 -0.65674100
v -0.67050900 0.18760600 -0.65674100
v -0.55380800 0.24620900 -0.95360800
v -0.64369200 0.24620900 -0.95360800
v -0.64369200 0.21132500 -0.95360800
v -0.55380800 0.21132500 -0.95360800
v 0.08919000 0.10000000 -0.81867100
v 0.08919000 0.10000000 -0.81867100
v 0.08919000 0.10000000 -0.81867100
v 0.08919000 0.27576800 -0.81867100
v 0.08919000 0.27576800 -0.81867100
v 0.08919000 0.27576800 -0.81867100
v 0.04733800 0.10000000 -0.62309900
v 0.04733800 0.10000000 -0.62309900
v 0.04733800 0.10000000 -0.62309900
v 0.04733800 0.27576800 -0.62309900
v 0.04733800 0.27576800 -0.62309900
v 0.04733800 0.27576800 -0.62309900
v -0.10638200 0.10000000 -0.86052400
v -0.10638200 0.10000000 -0.86052400
v -0.10638200 0.10000000 -0.86052400
v -0.10638200 0.27576800 -0.86052400
v -0.10638200 0.27576800 -0.86052400
v -0.10638200 0.27576800 -0.86052400
v -0.14823400 0.10000000 -0.66495200
v -0.14823400 0.10000000 -0.66495200
v -0.14823400 0.10000000 -0.66495200
v -0.14823400 0.27576800 -0.66495200
v -0.14823400 0.27576800 -0.66495200
v -0.14823400 0.27576800 -0.66495200
v -0.03342000 0.17767200 -0.84805700
v -0.03342000 0.13329900 -0.84805700
v -0.09648900 0.17767200 -0.86155300
v -0.09648900 0.13329900 -0.86155300
v -0.03422900 0.10000000 -0.64055500
v -0.03422900 0.10000000 -0.64055500
v -0.03422900 0.10000000 -0.64055500
v -0.03422900 0.10000000 -0.64055500
v -0.06666800 0.10000000 -0.64749700
v -0.06666800 0.10000000 -0.64749700
v -0.06666800 0.10000000 -0.64749700
v -0.06666800 0.10000000 -0.64749700
v -0.06666800 0.27576800 -0.64749700
v -0.06666800 0.27576800 -0.64749700
v -0.06666800 0.27576800 -0.64749700
v -0.06666800 0.27576800 -0.64749700
v -0.03422900 0.27576800 -0.64055500
v -0.03422900 0.27576800 -0.64055500
v -0.03422900 0.27576800 -0.64055500
v -0.03422900 0.27576800 -0.64055500
v -0.02481500 0.10000000 -0.84306900
v -0.02481500 0.10000000 -0.84306900
v -0.02481500 0.10000000 -0.84306900
v -0.02481500 0.10000000 -0.84306900
v 0.00762400 0.10000000 -0.83612700
v 0.00762400 0.10000000 -0.83612700
v 0.00762400 0.10000000 -0.83612700
v 0.00762400 0.10000000 -0.83612700
v 0.00762400 0.27576800 -0.83612700
v 0.00762400 0.27576800 -0.83612700
v 0.00762400 0.27576800 -0.83612700
v 0.00762400 0.27576800 -0.83612700
v -0.02481500 0.27576800 -0.84306900
v -0.02481500 0.27576800 -0.84306900
v -0.02481500 0.27576800 -0.84306900
v -0.02481500 0.27576800 -0.84306900
v 0.00102800 0.27640200 -0.69851400
v -0.00107400 0.27640200 -0.64590900
v 0.04324700 0.27640200 -0.64413900
v 0.04534900 0.27640200 -0.69674300
v 0.26411100 0.10000000 -0.86979300
v 0.26411100 0.10000000 -0.86979300
v 0.26411100 0.10000000 -0.86979300
v 0.29758600 0.10000000 -0.72146500
v 0.29758600 0.10000000 -0.72146500
v 0.29758600 0.10000000 -0.72146500
v 0.11578300 0.10000000 -0.83631900
v 0.11578300 0.10000000 -0.83631900
v 0.11578300 0.10000000 -0.83631900
v 0.11578300 0.23363600 -0.83631900
v 0.11578300 0.23363600 -0.83631900
v 0.11578300 0.23363600 -0.83631900
v 0.14925700 0.10000000 -0.68799100
v 0.14925700 0.10000000 -0.68799100
v 0.14925700 0.10000000 -0.68799100
v 0.14925700 0.23363600 -0.68799100
v 0.14925700 0.23363600 -0.68799100
v 0.14925700 0.23363600 -0.68799100
v 0.25095000 0.20961100 -0.86922200
v 0.24581100 0.18118700 -0.86806200
v 0.21064900 0.21726900 -0.86012700
v 0.20551000 0.18884500 -0.85896700
v 0.18994700 0.26963300 -0.85305600
v 0.22342100 0.26963300 -0.70472800
v 0.29758600 0.23363600 -0.72146500
v 0.29758600 0.23363600 -0.72146500
v 0.29758600 0.23363600 -0.72146500
v 0.29758600 0.23363600 -0.72146500
v 0.26411100 0.23363600 -0.86979300
v 0.26411100 0.23363600 -0.86979300
v 0.26411100 0.23363600 -0.86979300
v 0.26411100 0.23363600 -0.86979300
v 0.22342100 0.23363600 -0.70472800
v 0.22342100 0.23363600 -0.70472800
v 0.22342100 0.23363600 -0.70472800
v 0.18994700 0.23363600 -0.85305600
v 0.18994700 0.23363600 -0.85305600
v 0.18994700 0.23363600 -0.85305600
v -0.04823100 0.10000000 -0.94506900
v 0.03164600 0.10000000 -0.96522800
v 0.03164600 0.10000000 -0.96522800
v 0.07550300 0.10000000 -0.89549000
v 0.07550300 0.10000000 -0.89549000
v 0.07550300 0.10000000 -0.89549000
v 0.02272900 0.10000000 -0.83223000
v 0.02272900 0.10000000 -0.83223000
v -0.05374300 0.10000000 -0.86287200
v 0.00334400 0.13014100 -0.94787200
v 0.00334400 0.13014100 -0.94787200
v 0.05777300 0.13014100 -0.92606200
v 0.05777300 0.13014100 -0.92606200
v 0.05777300 0.13014100 -0.92606200
v 0.05385000 0.13014100 -0.86755800
v 0.05385000 0.13014100 -0.86755800
v 0.05385000 0.13014100 -0.86755800
v -0.00300300 0.13014100 -0.85320900
v -0.00300300 0.13014100 -0.85320900
v -0.03421900 0.13014100 -0.90284600
v -0.03421900 0.13014100 -0.90284600
v 0.00898400 0.15237700 -0.89994900
v -0.07598400 0.10000000 -0.93896200
v -0.03526900 0.10000000 -0.92286200
v -0.03526900 0.10000000 -0.92286200
v -0.03800000 0.10000000 -0.87916400
v -0.08040300 0.10000000 -0.86825800
v -0.08040300 0.10000000 -0.86825800
v -0.10387800 0.10000000 -0.90521500
v -0.05286600 0.12324300 -0.92416100
v -0.05286600 0.12324300 -0.92416100
v -0.03615700 0.12324300 -0.89785600
v -0.03615700 0.12324300 -0.89785600
v -0.05601100 0.12324300 -0.87383600
v -0.05601100 0.12324300 -0.87383600
v -0.08499100 0.12324300 -0.88529600
v -0.08499100 0.12324300 -0.88529600
v -0.08304700 0.12324300 -0.91639800
v -0.08304700 0.12324300 -0.91639800
v -0.06530900 0.14039100 -0.90173700
vn 0.00000000 -1.00000000 0.00000000
vn 0.00000000 0.00000000 1.00000000
vn -1.00000000 0.00000000 0.00000000
vn 0.00000000 0.00000000 1.00000000
vn 0.00000000 1.00000000 0.00000000
vn -1.00000000 0.00000000 0.00000000
vn 0.00000000 0.00000000 -1.00000000
vn 0.00000000 -1.00000000 0.00000000
vn -1.00000000 0.00000000 0.00000000
vn 0.00000000 1.00000000 0.00000000
vn 0.00000000 0.00000000 -1.00000000
vn -1.00000000 0.00000000 0.00000000
vn 0.00000000 0.00000000 1.00000000
vn 1.00000000 0.00000000 0.00000000
vn 0.00000000 -1.00000000 0.00000000
vn 1.00000000 0.00000000 0.00000000
vn 0.00000000 0.00000000 1.00000000
vn 0.00000000 1.00000000 0.00000000
vn 1.00000000 0.00000000 0.00000000
vn 0.00000000 -1.00000000 0.00000000
vn 0.00000000 0.00000000 -1.00000000
vn 0.00000000 1.00000000 0.00000000
vn 1.00000000 0.00000000 0.00000000
vn 0.00000000 0.00000000 -1.00000000
vn 0.00000000 0.00000000 -1.00000000
vn 0.00000000 0.00000000 -1.00000000
vn 0.00000000 -1.00000000 0.00000000
vn 0.00000000 0.00000000 -1.00000000
vn 0.00000000 -1.00000000 0.00000000
vn 0.00000000 0.00000000 -1.00000000
vn 0.00000000 1.00000000 0.00000000
vn 0.00000000 1.00000000 0.00000000
vn 0.00000000 0.00000000 -1.00000000
vn 0.00000000 0.00000000 -1.00000000
vn 0.00000000 0.00000000 -1.00000000
vn 0.00000000 0.00000000 -1.00000000
vn 0.00000000 1.00000000 0.00000000
vn 0.00000000 1.00000000 0.00000000
vn 0.00000000 -1.00000000 0.00000000
vn 0.00000000 0.00000000 1.00000000
vn 0.00000000 0.00000000 1.00000000
vn 0.00000000 0.00000000 1.00000000
vn 0.00000000 0.00000000 1.00000000
vn 0.00000000 -1.00000000 0.00000000
vn 0.00000000 0.00000000 1.00000000
vn 0.00000000 1.00000000 0.00000000
vn 0.00000000 1.00000000 0.00000000
vn 0.00000000 0.00000000 1.00000000
vn 0.00000000 1.00000000 0.00000000
vn 0.00000000 0.00000000 1.00000000
vn 0.00000000 0.00000000 1.00000000
vn 0.00000000 1.00000000 0.00000000
vn -1.00000000 0.00000000 0.00000000
vn -1.00000000 0.00000000 0.00000000
vn 0.00000000 -1.00000000 0.00000000
vn -1.00000000 0.00000000 0.00000000
vn 0.00000000 -1.00000000 0.00000000
vn -1.00000000 0.00000000 0.00000000
vn -1.00000000 0.00000000 0.00000000
vn 0.00000000 1.00000000 0.00000000
vn 0.00000000 1.00000000 0.00000000
vn -1.00000000 0.00000000 0.00000000
vn 0.00000000 1.00000000 0.00000000
vn 0.00000000 1.00000000 0.00000000
vn -1.00000000 0.00000000 0.00000000
vn -1.00000000 0.00000000 0.00000000
vn 0.00000000 -1.00000000 0.00000000
vn 1.00000000 0.00000000 0.00000000
vn 1.00000000 0.00000000 0.00000000
vn 1.00000000 0.00000000 0.00000000
vn 1.00000000 0.00000000 0.00000000
vn 0.00000000 -1.00000000 0.00000000
vn 1.00000000 0.00000000 0.00000000
vn 1.00000000 0.00000000 0.00000000
vn 0.00000000 1.00000000 0.00000000
vn 0.00000000 1.00000000 0.00000000
vn 0.00000000 1.00000000 0.00000000
vn 0.00000000 1.00000000 0.00000000
vn 1.00000000 0.00000000 0.00000000
vn 1.00000000 0.00000000 0.00000000
vn 0.00000000 1.00000000 0.00000000
vn 0.00000000 1.00000000 0.00000000
vn 0.00000000 1.00000000 0.00000000
vn 0.00000000 1.00000000 0.00000000
vn 0.00000000 1.00000000 0.00000000
vn 0.00000000 1.00000000 0.00000000
vn 0.00000000 1.00000000 0.00000000
vn 0.00000000 1.00000000 0.00000000
vn 0.00000000 1.00000000 0.00000000
vn 0.00000000 1.00000000 0.00000000
vn 0.00000000 1.00000000 0.00000000
vn 0.00000000 1.00000000 0.00000000
vn 0.00000000 -1.00000000 0.00000000
vn 0.00000000 -1.00000000 0.00000000
vn 0.00000000 -1.00000000 0.00000000
vn 0.00000000 -1.00000000 0.00000000
vn 0.00000000 0.00000000 -1.00000000
vn 0.00000000 0.00000000 -1.00000000
vn 0.00000000 0.00000000 1.00000000
vn -1.00000000 0.00000000 0.00000000
vn -1.00000000 0.00000000 0.00000000
vn 0.00000000 0.00000000 -1.00000000
vn 0.00000000 0.00000000 -1.00000000
vn 0.00000000 0.00000000 1.00000000
vn 0.00000000 0.00000000 1.00000000
vn 0.00000000 0.00000000 1.00000000
vn 0.00000000 0.00000000 1.00000000
vn 0.00000000 0.00000000 1.00000000
vn 1.00000000 0.00000000 0.00000000
vn 1.00000000 0.00000000 0.00000000
vn 0.00000000 1.00000000 0.00000000
vn -1.00000000 0.00000000 0.00000000
vn 0.00000000 0.00000000 1.00000000
vn 0.00000000 0.00000000 1.00000000
vn -1.00000000 0.00000000 0.00000000
vn 0.00000000 -1.00000000 0.00000000
vn 0.00000000 0.00000000 1.00000000
vn 0.00000000 -1.00000000 0.00000000
vn 1.00000000 0.00000000 0.00000000
vn 0.00000000 0.00000000 1.00000000
vn 1.00000000 0.00000000 0.00000000
vn 0.00000000 1.00000000 0.00000000
vn 0.00000000 1.00000000 0.00000000
vn -1.00000000 0.00000000 0.00000000
vn 0.00000000 0.00000000 1.00000000
vn 0.00000000 -1.00000000 0.00000000
vn 0.00000000 0.00000000 1.00000000
vn -1.00000000 0.00000000 0.00000000
vn 0.00000000 0.00000000 1.00000000
vn 1.00000000 0.00000000 0.00000000
vn 0.00000000 -1.00000000 0.00000000
vn 1.00000000 0.00000000 0.00000000
vn 0.00000000 0.00000000 1.00000000
vn 0.00000000 1.00000000 0.00000000
vn 0.00000000 0.00000000 1.00000000
vn -1.00000000 0.00000000 0.00000000
vn 0.00000000 1.00000000 0.00000000
vn 0.00000000 0.00000000 1.00000000
vn 0.00000000 -1.00000000 0.00000000
vn -1.00000000 0.00000000 0.00000000
vn 0.00000000 0.00000000 1.00000000
vn 1.00000000 0.00000000 0.00000000
vn 0.00000000 -1.00000000 0.00000000
vn 0.00000000 0.00000000 1.00000000
vn 0.00000000 1.00000000 0.00000000
vn 1.00000000 0.00000000 0.00000000
vn -1.00000000 0.00000000 0.00000000
vn 0.00000000 1.00000000 0.00000000
vn 0.00000000 -1.00000000 0.00000000
vn -1.00000000 0.00000000 0.00000000
vn 0.00000000 1.00000000 0.00000000
vn -1.00000000 0.00000000 0.00000000
vn 1.00000000 0.00000000 0.00000000
vn 0.00000000 1.00000000 0.00000000
vn 1.00000000 0.00000000 0.00000000
vn 0.00000000 -1.00000000 0.00000000
vn -1.00000000 0.00000000 0.00000000
vn 0.00000000 -1.00000000 0.00000000
vn 0.00000000 -1.00000000 0.00000000
vn -1.00000000 0.00000000 0.00000000
vn -1.00000000 0.00000000 0.00000000
vn 0.00000000 1.00000000 0.00000000
vn 0.00000000 1.00000000 0.00000000
vn 1.00000000 0.00000000 0.00000000
vn 1.00000000 0.00000000 0.00000000
vn 0.00000000 -1.00000000 0.00000000
vn 0.00000000 0.00000000 -1.00000000
vn 0.00000000 0.00000000 -1.00000000
vn 0.00000000 0.00000000 -1.00000000
vn -1.00000000 0.00000000 0.00000000
vn 0.00000000 0.00000000 1.00000000
vn -1.00000000 0.00000000 0.00000000
vn -1.00000000 0.00000000 0.00000000
vn 0.00000000 0.00000000 -1.00000000
vn 0.00000000 0.00000000 1.00000000
vn -1.00000000 0.00000000 0.00000000
vn -1.00000000 0.00000000 0.00000000
vn 0.00000000 1.00000000 0.00000000
vn -1.00000000 0.00000000 0.00000000
vn 0.00000000 -1.00000000 0.00000000
vn 1.00000000 0.00000000 0.00000000
vn 0.00000000 1.00000000 0.00000000
vn 0.00000000 -1.00000000 0.00000000
vn 1.00000000 0.00000000 0.00000000
vn 0.00000000 -1.00000000 0.00000000
vn 1.00000000 0.00000000 0.00000000
vn 0.00000000 1.00000000 0.00000000
vn 1.00000000 0.00000000 0.00000000
vn 0.00000000 -1.00000000 0.00000000
vn -1.00000000 0.00000000 0.00000000
vn 0.00000000 0.00000000 1.00000000
vn 0.00000000 0.00000000 1.00000000
vn 0.00000000 1.00000000 0.00000000
vn -1.00000000 0.00000000 0.00000000
vn 0.00000000 0.00000000 1.00000000
vn 1.00000000 0.00000000 0.00000000
vn 0.00000000 1.00000000 0.00000000
vn 0.00000000 -1.00000000 0.00000000
vn 1.00000000 0.00000000 0.00000000
vn 0.00000000 0.00000000 1.00000000
vn 0.00000000 0.00000000 1.00000000
vn 1.00000000 0.00000000 0.00000000
vn 0.00000000 -1.00000000 0.00000000
vn 1.00000000 0.00000000 0.00000000
vn 0.00000000 0.00000000 1.00000000
vn 0.00000000 1.00000000 0.00000000
vn 0.00000000 0.00000000 1.00000000
vn 0.00000000 0.00000000 1.00000000
vn -1.00000000 0.00000000 0.00000000
vn -1.00000000 0.00000000 0.00000000
vn 0.00000000 0.00000000 1.00000000
vn 0.00000000 0.00000000 1.00000000
vn 0.00000000 0.00000000 1.00000000
vn 1.00000000 0.00000000 0.00000000
vn 0.00000000 0.00000000 1.00000000
vn 0.00000000 0.00000000 1.00000000
vn 0.00000000 1.00000000 0.00000000
vn 0.00000000 0.00000000 1.00000000
vn -1.00000000 0.00000000 0.00000000
vn 0.00000000 0.00000000 1.00000000
vn 0.00000000 -1.00000000 0.00000000
vn -1.00000000 0.00000000 0.00000000
vn 0.00000000 0.00000000 1.00000000
vn 1.00000000 0.00000000 0.00000000
vn 0.00000000 -1.00000000 0.00000000
vn 0.00000000 0.00000000 1.00000000
vn 0.00000000 1.00000000 0.00000000
vn 1.00000000 0.00000000 0.00000000
vn -1.00000000 0.00000000 0.00000000
vn 0.00000000 1.00000000 0.00000000
vn 0.00000000 0.00000000 1.00000000
vn -1.00000000 0.00000000 0.00000000
vn 0.00000000 0.00000000 1.00000000
vn 0.00000000 -1.00000000 0.00000000
vn 0.00000000 -1.00000000 0.00000000
vn 1.00000000 0.00000000 0.00000000
vn 0.00000000 0.00000000 1.00000000
vn 0.00000000 0.00000000 1.00000000
vn 0.00000000 1.00000000 0.00000000
vn 1.00000000 0.00000000 0.00000000
vn 0.00000000 -1.00000000 0.00000000
vn -1.00000000 0.00000000 0.00000000
vn -1.00000000 0.00000000 0.00000000
vn 0.00000000 1.00000000 0.00000000
vn 1.00000000 0.00000000 0.00000000
vn 0.00000000 1.00000000 0.00000000
vn 1.00000000 0.00000000 0.00000000
vn 0.00000000 -1.00000000 0.00000000
vn 0.00000000 -1.00000000 0.00000000
vn -1.00000000 0.00000000 0.00000000
vn 0.00000000 1.00000000 0.00000000
vn -1.00000000 0.00000000 0.00000000
vn 1.00000000 0.00000000 0.00000000
vn 0.00000000 1.00000000 0.00000000
vn 1.00000000 0.00000000 0.00000000
vn 0.00000000 -1.00000000 0.00000000
vn -1.00000000 0.00000000 0.00000000
vn 0.00000000 0.00000000 -1.00000000
vn -1.00000000 0.00000000 0.00000000
vn 0.00000000 0.00000000 1.00000000
vn -1.00000000 0.00000000 0.00000000
vn 0.00000000 1.00000000 0.00000000
vn -1.00000000 0.00000000 0.00000000
vn 0.00000000 -1.00000000 0.00000000
vn 1.00000000 0.00000000 0.00000000
vn 0.00000000 1.00000000 0.00000000
vn 1.00000000 0.00000000 0.00000000
vn 0.00000000 -1.00000000 0.00000000
vn 0.00000000 0.00000000 1.00000000
vn -1.00000000 0.00000000 0.00000000
vn 0.00000000 -1.00000000 0.00000000
vn -1.00000000 0.00000000 0.00000000
vn 0.00000000 1.00000000 0.00000000
vn 0.00000000 0.00000000 1.00000000
vn 0.00000000 0.00000000 1.00000000
vn 0.00000000 1.00000000 0.00000000
vn 1.00000000 0.00000000 0.00000000
vn 0.00000000 0.00000000 1.00000000
vn 0.00000000 -1.00000000 0.00000000
vn 1.00000000 0.00000000 0.00000000
vn 0.00000000 0.00000000 1.00000000
vn 0.00000000 0.00000000 -1.00000000
vn 1.00000000 0.00000000 0.00000000
vn 0.00000000 0.00000000 1.00000000
vn 1.00000000 0.00000000 0.00000000
vn 0.00000000 0.00000000 1.00000000
vn 0.00000000 0.00000000 -1.00000000
vn 1.00000000 0.00000000 0.00000000
vn 0.00000000 0.00000000 1.00000000
vn 1.00000000 0.00000000 0.00000000
vn 0.00000000 0.00000000 1.00000000
vn 1.00000000 0.00000000 0.00000000
vn 0.00000000 0.00000000 -1.00000000
vn 0.00000000 0.00000000 1.00000000
vn 1.00000000 0.00000000 0.00000000
vn 1.00000000 0.00000000 0.00000000
vn 1.00000000 0.00000000 0.00000000
vn 0.00000000 0.00000000 1.00000000
vn 0.00000000 1.00000000 0.00000000
vn -1.00000000 0.00000000 0.00000000
vn 0.00000000 1.00000000 0.00000000
vn 0.00000000 0.00000000 1.00000000
vn 0.00000000 0.00000000 1.00000000
vn -1.00000000 0.00000000 0.00000000
vn 0.00000000 -1.00000000 0.00000000
vn 1.00000000 0.00000000 0.00000000
vn 0.00000000 -1.00000000 0.00000000
vn 0.00000000 0.00000000 1.00000000
vn 1.00000000 0.00000000 0.00000000
vn 0.00000000 -1.00000000 0.00000000
vn 0.00000000 0.00000000 1.00000000
vn 0.00000000 1.00000000 0.00000000
vn 1.00000000 0.00000000 0.00000000
vn 0.00000000 0.00000000 1.00000000
vn 0.00000000 0.00000000 1.00000000
vn 0.00000000 1.00000000 0.00000000
vn -1.00000000 0.00000000 0.00000000
vn 0.00000000 -1.00000000 0.00000000
vn -1.00000000 0.00000000 0.00000000
vn 0.00000000 0.00000000 1.00000000
vn -1.00000000 0.00000000 0.00000000
vn 0.00000000 1.00000000 0.00000000
vn 0.00000000 1.00000000 0.00000000
vn 1.00000000 0.00000000 0.00000000
vn 1.00000000 0.00000000 0.00000000
vn 0.00000000 -1.00000000 0.00000000
vn -1.00000000 0.00000000 0.00000000
vn 0.00000000 -1.00000000 0.00000000
vn 0.00000000 -1.00000000 0.00000000
vn 1.00000000 0.00000000 0.00000000
vn 0.00000000 1.00000000 0.00000000
vn 1.00000000 0.00000000 0.00000000
vn -1.00000000 0.00000000 0.00000000
vn 0.00000000 -1.00000000 0.00000000
vn 0.00000000 1.00000000 0.00000000
vn -1.00000000 0.00000000 0.00000000
vn 0.00000000 1.00000000 0.00000000
vn -1.00000000 0.00000000 0.00000000
vn -1.00000000 0.00000000 0.00000000
vn 0.00000000 -1.00000000 0.00000000
vn 1.00000000 0.00000000 0.00000000
vn 0.00000000 1.00000000 0.00000000
vn 1.00000000 0.00000000 0.00000000
vn 0.00000000 -1.00000000 0.00000000
vn -1.00000000 0.00000000 0.00000000
vn 0.00000000 -1.00000000 0.00000000
vn 0.00000000 -1.00000000 0.00000000
vn 1.00000000 0.00000000 0.00000000
vn 1.00000000 0.00000000 0.00000000
vn 0.00000000 1.00000000 0.00000000
vn 0.00000000 1.00000000 0.00000000
vn -1.00000000 0.00000000 0.00000000
vn -1.00000000 0.00000000 0.00000000
vn 0.00000000 -1.00000000 0.00000000
vn 0.00000000 0.00000000 1.00000000
vn 0.00000000 1.00000000 0.00000000
vn 0.00000000 0.00000000 1.00000000
vn -1.00000000 0.00000000 0.00000000
vn 0.00000000 1.00000000 0.00000000
vn 1.00000000 0.00000000 0.00000000
vn 0.00000000 0.00000000 1.00000000
vn 1.00000000 0.00000000 0.00000000
vn 0.00000000 0.00000000 1.00000000
vn 0.00000000 -1.00000000 0.00000000
vn 1.00000000 0.00000000 0.00000000
vn 0.00000000 0.00000000 1.00000000
vn 0.00000000 -1.00000000 0.00000000
vn -1.00000000 0.00000000 0.00000000
vn 0.00000000 0.00000000 1.00000000
vn 0.00000000 -1.00000000 0.00000000
vn -1.00000000 0.00000000 0.00000000
vn 0.00000000 0.00000000 1.00000000
vn 0.00000000 1.00000000 0.00000000
vn 0.00000000 0.00000000 1.00000000
vn 0.00000000 1.00000000 0.00000000
vn 1.00000000 0.00000000 0.00000000
vn 0.00000000 0.00000000 1.00000000
vn 0.00000000 0.00000000 1.00000000
vn 1.00000000 0.00000000 0.00000000
vn 1.00000000 0.00000000 0.00000000
vn 0.00000000 0.00000000 1.00000000
vn 1.00000000 0.00000000 0.00000000
vn 0.00000000 0.00000000 1.00000000
vn 0.00000000 0.00000000 -1.00000000
vn 1.00000000 0.00000000 0.00000000
vn 0.00000000 0.00000000 1.00000000
vn 0.00000000 0.00000000 1.00000000
vn 1.00000000 0.00000000 0.00000000
vn 1.00000000 0.00000000 0.00000000
vn 0.00000000 0.00000000 1.00000000
vn 0.00000000 -1.00000000 0.00000000
vn 0.00000000 0.00000000 1.00000000
vn 1.00000000 0.00000000 0.00000000
vn 0.00000000 1.00000000 0.00000000
vn 0.00000000 0.00000000 1.00000000
vn -1.00000000 0.00000000 0.00000000
vn 0.00000000 1.00000000 0.00000000
vn 0.00000000 0.00000000 1.00000000
vn -1.00000000 0.00000000 0.00000000
vn 0.00000000 -1.00000000 0.00000000
vn 0.00000000 -1.00000000 0.00000000
vn 1.00000000 0.00000000 0.00000000
vn 1.00000000 0.00000000 0.00000000
vn 0.00000000 1.00000000 0.00000000
vn 0.00000000 -1.00000000 0.00000000
vn -1.00000000 0.00000000 0.00000000
vn -1.00000000 0.00000000 0.00000000
vn 0.00000000 1.00000000 0.00000000
vn -1.00000000 0.00000000 0.00000000
vn 0.00000000 1.00000000 0.00000000
vn -1.00000000 0.00000000 0.00000000
vn 0.00000000 -1.00000000 0.00000000
vn 0.00000000 1.00000000 0.00000000
vn 1.00000000 0.00000000 0.00000000
vn 1.00000000 0.00000000 0.00000000
vn 0.00000000 -1.00000000 0.00000000
vn 0.00000000 0.00000000 1.00000000
vn -1.00000000 0.00000000 0.00000000
vn 0.00000000 -1.00000000 0.00000000
vn 0.00000000 0.00000000 1.00000000
vn 0.00000000 1.00000000 0.00000000
vn -1.00000000 0.00000000 0.00000000
vn 0.00000000 1.00000000 0.00000000
vn 0.00000000 0.00000000 1.00000000
vn 1.00000000 0.00000000 0.00000000
vn 0.00000000 0.00000000 1.00000000
vn 0.00000000 -1.00000000 0.00000000
vn 1.00000000 0.00000000 0.00000000
vn 1.00000000 0.00000000 0.00000000
vn 0.00000000 0.00000000 1.00000000
vn 0.00000000 0.00000000 -1.00000000
vn 0.00000000 0.00000000 -1.00000000
vn 0.00000000 0.00000000 -1.00000000
vn 0.00000000 0.00000000 -1.00000000
vn 0.00000000 0.00000000 -1.00000000
vn -1.00000000 0.00000000 0.00000000
vn 0.00000000 0.00000000 1.00000000
vn 0.00000000 1.00000000 0.00000000
vn -1.00000000 0.00000000 0.00000000
vn 0.00000000 -1.00000000 0.00000000
vn 0.00000000 0.00000000 1.00000000
vn -1.00000000 0.00000000 0.00000000
vn 0.00000000 1.00000000 0.00000000
vn 0.00000000 1.00000000 0.00000000
vn 1.00000000 0.00000000 0.00000000
vn 0.00000000 -1.00000000 0.00000000
vn -1.00000000 0.00000000 0.00000000
vn 0.00000000 -1.00000000 0.00000000
vn 1.00000000 0.00000000 0.00000000
vn 0.00000000 0.00000000 1.00000000
vn 0.00000000 0.00000000 1.00000000
vn 0.00000000 0.00000000 1.00000000
vn 0.00000000 0.00000000 1.00000000
vn -1.00000000 0.00000000 0.00000000
vn 0.00000000 1.00000000 0.00000000
vn 0.00000000 0.00000000 1.00000000
vn 0.00000000 -1.00000000 0.00000000
vn -1.00000000 0.00000000 0.00000000
vn -1.00000000 0.00000000 0.00000000
vn 0.00000000 -1.00000000 0.00000000
vn 1.00000000 0.00000000 0.00000000
vn 0.00000000 1.00000000 0.00000000
vn -1.00000000 0.00000000 0.00000000
vn 0.00000000 0.00000000 1.00000000
vn 0.00000000 1.00000000 0.00000000
vn 1.00000000 0.00000000 0.00000000
vn 0.00000000 -1.00000000 0.00000000
vn 0.00000000 1.00000000 0.00000000
vn 0.00000000 0.00000000 1.00000000
vn 1.00000000 0.00000000 0.00000000
vn 0.00000000 -1.00000000 0.00000000
vn 1.00000000 0.00000000 0.00000000
vn 0.00000000 0.00000000 1.00000000
vn -1.00000000 0.00000000 0.00000000
vn 0.00000000 0.00000000 1.00000000
vn -1.00000000 0.00000000 0.00000000
vn -1.00000000 0.00000000 0.00000000
vn 0.00000000 0.00000000 1.00000000
vn -1.00000000 0.00000000 0.00000000
vn 0.00000000 0.00000000 1.00000000
vn 0.00000000 0.00000000 1.00000000
vn 0.00000000 0.00000000 1.00000000
vn 1.00000000 0.00000000 0.00000000
vn 0.00000000 0.00000000 1.00000000
vn 1.00000000 0.00000000 0.00000000
vn 1.00000000 0.00000000 0.00000000
vn 0.00000000 0.00000000 1.00000000
vn 0.00000000 0.00000000 1.00000000
vn 1.00000000 0.00000000 0.00000000
vn 0.00000000 1.00000000 0.00000000
vn -1.00000000 0.00000000 0.00000000
vn -1.00000000 0.00000000 0.00000000
vn 0.00000000 -1.00000000 0.00000000
vn 0.00000000 1.00000000 0.00000000
vn 1.00000000 0.00000000 0.00000000
vn 0.00000000 1.00000000 0.00000000
vn -1.00000000 0.00000000 0.00000000
vn 0.00000000 0.00000000 1.00000000
vn 1.00000000 0.00000000 0.00000000
vn 0.00000000 -1.00000000 0.00000000
vn 1.00000000 0.00000000 0.00000000
vn 0.00000000 0.00000000 1.00000000
vn 0.00000000 1.00000000 0.00000000
vn 0.00000000 -1.00000000 0.00000000
vn -1.00000000 0.00000000 0.00000000
vn 0.00000000 -0.70710000 0.70710000
vn 0.00000000 0.00000000 1.00000000
vn -1.00000000 0.00000000 0.00000000
vn 0.00000000 -0.70710000 0.70710000
vn 0.00000000 0.00000000 1.00000000
vn 1.00000000 0.00000000 0.00000000
vn 0.00000000 -0.70710000 0.70710000
vn 0.00000000 -1.00000000 0.00000000
vn 1.00000000 0.00000000 0.00000000
vn 0.00000000 -0.70710000 0.70710000
vn 0.00000000 1.00000000 0.00000000
vn 0.00000000 0.00000000 1.00000000
vn 0.00000000 -1.00000000 0.00000000
vn 0.00000000 -1.00000000 0.00000000
vn 0.00000000 1.00000000 0.00000000
vn 0.00000000 0.00000000 1.00000000
vn 0.00000000 1.00000000 0.00000000
vn 0.00000000 -1.00000000 0.00000000
vn 0.00000000 0.00000000 1.00000000
vn 0.00000000 1.00000000 0.00000000
vn 0.00000000 0.00000000 1.00000000
vn 0.00000000 -1.00000000 0.00000000
vn 0.00000000 0.00000000 1.00000000
vn 0.00000000 0.00000000 1.00000000
vn 0.00000000 0.00000000 1.00000000
vn 0.00000000 0.00000000 1.00000000
vn 1.00000000 0.00000000 0.00000000
vn 0.00000000 0.00000000 1.00000000
vn 0.00000000 -1.00000000 0.00000000
vn 0.00000000 1.00000000 0.00000000
vn 1.00000000 0.00000000 0.00000000
vn 0.00000000 0.00000000 1.00000000
vn 0.00000000 0.00000000 1.00000000
vn 0.00000000 0.00000000 1.00000000
vn 0.00000000 0.00000000 1.00000000
vn 0.00000000 0.00000000 1.00000000
vn 0.00000000 1.00000000 0.00000000
vn -1.00000000 0.00000000 0.00000000
vn 0.00000000 -1.00000000 0.00000000
vn 0.00000000 0.00000000 1.00000000
vn -1.00000000 0.00000000 0.00000000
vn -1.00000000 0.00000000 0.00000000
vn 0.00000000 -1.00000000 0.00000000
vn 1.00000000 0.00000000 0.00000000
vn 0.00000000 1.00000000 0.00000000
vn -1.00000000 0.00000000 0.00000000
vn 0.00000000 0.00000000 1.00000000
vn 0.00000000 1.00000000 0.00000000
vn 1.00000000 0.00000000 0.00000000
vn 0.00000000 -1.00000000 0.00000000
vn 0.00000000 1.00000000 0.00000000
vn 0.00000000 0.00000000 1.00000000
vn 1.00000000 0.00000000 0.00000000
vn 0.00000000 -1.00000000 0.00000000
vn 1.00000000 0.00000000 0.00000000
vn 0.00000000 0.00000000 1.00000000
vn -1.00000000 0.00000000 0.00000000
vn -1.00000000 0.00000000 0.00000000
vn 0.00000000 0.00000000 1.00000000
vn -1.00000000 0.00000000 0.00000000
vn 0.00000000 0.00000000 1.00000000
vn -1.00000000 0.00000000 0.00000000
vn 0.00000000 0.00000000 1.00000000
vn 0.00000000 0.00000000 1.00000000
vn 0.00000000 0.00000000 1.00000000
vn 1.00000000 0.00000000 0.00000000
vn 0.00000000 0.00000000 1.00000000
vn 1.00000000 0.00000000 0.00000000
vn 1.00000000 0.00000000 0.00000000
vn 0.00000000 0.00000000 1.00000000
vn 0.00000000 0.00000000 1.00000000
vn 1.00000000 0.00000000 0.00000000
vn 0.00000000 1.00000000 0.00000000
vn -1.00000000 0.00000000 0.00000000
vn 0.00000000 -1.00000000 0.00000000
vn -1.00000000 0.00000000 0.00000000
vn 1.00000000 0.00000000 0.00000000
vn 0.00000000 1.00000000 0.00000000
vn 0.00000000 0.00000000 1.00000000
vn 0.00000000 1.00000000 0.00000000
vn -1.00000000 0.00000000 0.00000000
vn 1.00000000 0.00000000 0.00000000
vn 0.00000000 -1.00000000 0.00000000
vn 0.00000000 0.00000000 1.00000000
vn 0.00000000 1.00000000 0.00000000
vn 1.00000000 0.00000000 0.00000000
vn 0.00000000 -0.70710000 0.70710000
vn 0.00000000 -1.00000000 0.00000000
vn -1.00000000 0.00000000 0.00000000
vn 0.00000000 -0.70710000 0.70710000
vn -1.00000000 0.00000000 0.00000000
vn 0.00000000 0.00000000 1.00000000
vn 1.00000000 0.00000000 0.00000000
vn 0.00000000 0.00000000 1.00000000
vn 0.00000000 -0.70710000 0.70710000
vn 1.00000000 0.00000000 0.00000000
vn 0.00000000 -0.70710000 0.70710000
vn 0.00000000 -1.00000000 0.00000000
vn 0.00000000 1.00000000 0.00000000
vn 0.00000000 -1.00000000 0.00000000
vn 0.00000000 0.00000000 1.00000000
vn 0.00000000 -1.00000000 0.00000000
vn 0.00000000 1.00000000 0.00000000
vn 0.00000000 1.00000000 0.00000000
vn 0.00000000 0.00000000 1.00000000
vn 0.00000000 -1.00000000 0.00000000
vn 0.00000000 1.00000000 0.00000000
vn 0.00000000 0.00000000 1.00000000
vn 0.00000000 -1.00000000 0.00000000
vn 0.00000000 0.00000000 1.00000000
vn 0.00000000 0.00000000 1.00000000
vn 0.00000000 0.00000000 1.00000000
vn 0.00000000 0.00000000 1.00000000
vn 0.00000000 0.00000000 1.00000000
vn 0.00000000 -1.00000000 0.00000000
vn 1.00000000 0.00000000 0.00000000
vn 0.00000000 0.00000000 1.00000000
vn 0.00000000 1.00000000 0.00000000
vn -1.00000000 0.00000000 0.00000000
vn 0.00000000 0.00000000 1.00000000
vn 0.00000000 0.00000000 1.00000000
vn 0.00000000 0.00000000 1.00000000
vn 0.00000000 0.00000000 1.00000000
vn 0.00000000 1.00000000 0.00000000
vn -1.00000000 0.00000000 0.00000000
vn 0.00000000 0.00000000 1.00000000
vn 0.00000000 -1.00000000 0.00000000
vn -1.00000000 0.00000000 0.00000000
vn 0.00000000 -1.00000000 0.00000000
vn -1.00000000 0.00000000 0.00000000
vn 1.00000000 0.00000000 0.00000000
vn 0.00000000 1.00000000 0.00000000
vn 0.00000000 1.00000000 0.00000000
vn -1.00000000 0.00000000 0.00000000
vn 0.00000000 0.00000000 1.00000000
vn 0.00000000 -1.00000000 0.00000000
vn 1.00000000 0.00000000 0.00000000
vn 0.00000000 1.00000000 0.00000000
vn 1.00000000 0.00000000 0.00000000
vn 0.00000000 0.00000000 1.00000000
vn 0.00000000 0.00000000 1.00000000
vn 0.00000000 -1.00000000 0.00000000
vn 1.00000000 0.00000000 0.00000000
vn -1.00000000 0.00000000 0.00000000
vn -1.00000000 0.00000000 0.00000000
vn 0.00000000 0.00000000 1.00000000
vn -1.00000000 0.00000000 0.00000000
vn 0.00000000 0.00000000 1.00000000
vn -1.00000000 0.00000000 0.00000000
vn 0.00000000 0.00000000 1.00000000
vn 0.00000000 0.00000000 1.00000000
vn 0.00000000 0.00000000 1.00000000
vn 1.00000000 0.00000000 0.00000000
vn 0.00000000 0.00000000 1.00000000
vn 1.00000000 0.00000000 0.00000000
vn 1.00000000 0.00000000 0.00000000
vn 0.00000000 0.00000000 1.00000000
vn 1.00000000 0.00000000 0.00000000
vn 0.00000000 0.00000000 1.00000000
vn -1.00000000 0.00000000 0.00000000
vn 0.00000000 1.00000000 0.00000000
vn 0.00000000 -1.00000000 0.00000000
vn -1.00000000 0.00000000 0.00000000
vn 1.00000000 0.00000000 0.00000000
vn 0.00000000 1.00000000 0.00000000
vn -1.00000000 0.00000000 0.00000000
vn 0.00000000 0.00000000 1.00000000
vn 0.00000000 1.00000000 0.00000000
vn 1.00000000 0.00000000 0.00000000
vn 0.00000000 -1.00000000 0.00000000
vn 0.00000000 0.00000000 1.00000000
vn 1.00000000 0.00000000 0.00000000
vn 0.00000000 1.00000000 0.00000000
vn 0.00000000 -0.70710000 0.70710000
vn -1.00000000 0.00000000 0.00000000
vn 0.00000000 -1.00000000 0.00000000
vn 0.00000000 -0.70710000 0.70710000
vn -1.00000000 0.00000000 0.00000000
vn 0.00000000 0.00000000 1.00000000
vn 0.00000000 0.00000000 1.00000000
vn 0.00000000 -0.70710000 0.70710000
vn 1.00000000 0.00000000 0.00000000
vn 1.00000000 0.00000000 0.00000000
vn 0.00000000 -1.00000000 0.00000000
vn 0.00000000 -0.70710000 0.70710000
vn 0.00000000 1.00000000 0.00000000
vn 0.00000000 0.00000000 1.00000000
vn 0.00000000 -1.00000000 0.00000000
vn 0.00000000 -1.00000000 0.00000000
vn 0.00000000 1.00000000 0.00000000
vn 0.00000000 0.00000000 1.00000000
vn 0.00000000 1.00000000 0.00000000
vn 0.00000000 -1.00000000 0.00000000
vn 0.00000000 1.00000000 0.00000000
vn 0.00000000 0.00000000 1.00000000
vn 0.00000000 0.00000000 1.00000000
vn 0.00000000 -1.00000000 0.00000000
vn 0.00000000 0.00000000 1.00000000
vn 0.00000000 0.00000000 1.00000000
vn 0.00000000 0.00000000 1.00000000
vn 0.00000000 0.00000000 1.00000000
vn 0.00000000 1.00000000 0.00000000
vn 1.00000000 0.00000000 0.00000000
vn -1.00000000 0.00000000 0.00000000
vn 0.00000000 -1.00000000 0.00000000
vn 0.00000000 0.00000000 1.00000000
vn 0.00000000 0.00000000 1.00000000
vn 0.00000000 0.00000000 1.00000000
vn 0.00000000 0.00000000 1.00000000
vn 0.00000000 1.00000000 0.00000000
vn -1.00000000 0.00000000 0.00000000
vn 0.00000000 -1.00000000 0.00000000
vn -1.00000000 0.00000000 0.00000000
vn 0.00000000 0.00000000 1.00000000
vn -1.00000000 0.00000000 0.00000000
vn 0.00000000 -1.00000000 0.00000000
vn 0.00000000 1.00000000 0.00000000
vn 1.00000000 0.00000000 0.00000000
vn 0.00000000 1.00000000 0.00000000
vn -1.00000000 0.00000000 0.00000000
vn 0.00000000 0.00000000 1.00000000
vn 0.00000000 -1.00000000 0.00000000
vn 1.00000000 0.00000000 0.00000000
vn 1.00000000 0.00000000 0.00000000
vn 0.00000000 1.00000000 0.00000000
vn 0.00000000 0.00000000 1.00000000
vn 0.00000000 0.00000000 1.00000000
vn 1.00000000 0.00000000 0.00000000
vn 0.00000000 -1.00000000 0.00000000
vn -1.00000000 0.00000000 0.00000000
vn -1.00000000 0.00000000 0.00000000
vn 0.00000000 0.00000000 1.00000000
vn -1.00000000 0.00000000 0.00000000
vn 0.00000000 0.00000000 1.00000000
vn -1.00000000 0.00000000 0.00000000
vn 0.00000000 0.00000000 1.00000000
vn 0.00000000 0.00000000 1.00000000
vn 0.00000000 0.00000000 1.00000000
vn 1.00000000 0.00000000 0.00000000
vn 0.00000000 0.00000000 1.00000000
vn 1.00000000 0.00000000 0.00000000
vn 1.00000000 0.00000000 0.00000000
vn 0.00000000 0.00000000 1.00000000
vn 0.00000000 0.00000000 1.00000000
vn 1.00000000 0.00000000 0.00000000
vn -1.00000000 0.00000000 0.00000000
vn 0.00000000 1.00000000 0.00000000
vn -1.00000000 0.00000000 0.00000000
vn 0.00000000 -1.00000000 0.00000000
vn 0.00000000 1.00000000 0.00000000
vn 1.00000000 0.00000000 0.00000000
vn -1.00000000 0.00000000 0.00000000
vn 0.00000000 0.00000000 1.00000000
vn 0.00000000 1.00000000 0.00000000
vn 0.00000000 -1.00000000 0.00000000
vn 1.00000000 0.00000000 0.00000000
vn 1.00000000 0.00000000 0.00000000
vn 0.00000000 1.00000000 0.00000000
vn 0.00000000 0.00000000 1.00000000
vn -1.00000000 0.00000000 0.00000000
vn 0.00000000 -1.00000000 0.00000000
vn 0.00000000 -0.70710000 0.70710000
vn 0.00000000 0.00000000 1.00000000
vn 0.00000000 -0.70710000 0.70710000
vn -1.00000000 0.00000000 0.00000000
vn 0.00000000 -0.70710000 0.70710000
vn 1.00000000 0.00000000 0.00000000
vn 0.00000000 0.00000000 1.00000000
vn 0.00000000 -1.00000000 0.00000000
vn 0.00000000 -0.70710000 0.70710000
vn 1.00000000 0.00000000 0.00000000
vn 0.00000000 1.00000000 0.00000000
vn 0.00000000 -1.00000000 0.00000000
vn 0.00000000 0.00000000 1.00000000
vn 0.00000000 -1.00000000 0.00000000
vn 0.00000000 1.00000000 0.00000000
vn 0.00000000 0.00000000 1.00000000
vn 0.00000000 1.00000000 0.00000000
vn 0.00000000 -1.00000000 0.00000000
vn 0.00000000 1.00000000 0.00000000
vn 0.00000000 0.00000000 1.00000000
vn 0.00000000 0.00000000 1.00000000
vn 0.00000000 -1.00000000 0.00000000
vn 0.00000000 0.00000000 1.00000000
vn 0.00000000 0.00000000 1.00000000
vn 0.00000000 0.00000000 1.00000000
vn 0.00000000 0.00000000 1.00000000
vn 0.00000000 0.00000000 1.00000000
vn -1.00000000 0.00000000 0.00000000
vn 0.00000000 -1.00000000 0.00000000
vn 0.00000000 1.00000000 0.00000000
vn -1.00000000 0.00000000 0.00000000
vn 0.00000000 0.00000000 1.00000000
vn 0.00000000 0.00000000 1.00000000
vn 0.00000000 0.00000000 1.00000000
vn 0.00000000 0.00000000 1.00000000
vn -1.00000000 0.00000000 0.00000000
vn 0.00000000 1.00000000 0.00000000
vn -1.00000000 0.00000000 0.00000000
vn 0.00000000 -1.00000000 0.00000000
vn 0.00000000 0.00000000 1.00000000
vn 0.00000000 -1.00000000 0.00000000
vn -1.00000000 0.00000000 0.00000000
vn 0.00000000 1.00000000 0.00000000
vn 1.00000000 0.00000000 0.00000000
vn -1.00000000 0.00000000 0.00000000
vn 0.00000000 0.00000000 1.00000000
vn 0.00000000 1.00000000 0.00000000
vn 0.00000000 -1.00000000 0.00000000
vn 1.00000000 0.00000000 0.00000000
vn 0.00000000 1.00000000 0.00000000
vn 0.00000000 0.00000000 1.00000000
vn 1.00000000 0.00000000 0.00000000
vn 0.00000000 -1.00000000 0.00000000
vn 0.00000000 0.00000000 1.00000000
vn 1.00000000 0.00000000 0.00000000
vn -1.00000000 0.00000000 0.00000000
vn -1.00000000 0.00000000 0.00000000
vn 0.00000000 0.00000000 1.00000000
vn -1.00000000 0.00000000 0.00000000
vn -1.00000000 0.00000000 0.00000000
vn 0.00000000 0.00000000 1.00000000
vn 0.00000000 0.00000000 1.00000000
vn 0.00000000 0.00000000 1.00000000
vn 0.00000000 0.00000000 1.00000000
vn 1.00000000 0.00000000 0.00000000
vn 0.00000000 0.00000000 1.00000000
vn 1.00000000 0.00000000 0.00000000
vn 0.00000000 0.00000000 1.00000000
vn 1.00000000 0.00000000 0.00000000
vn 0.00000000 0.00000000 1.00000000
vn 1.00000000 0.00000000 0.00000000
vn -1.00000000 0.00000000 0.00000000
vn 0.00000000 1.00000000 0.00000000
vn -1.00000000 0.00000000 0.00000000
vn 0.00000000 -1.00000000 0.00000000
vn 0.00000000 1.00000000 0.00000000
vn 1.00000000 0.00000000 0.00000000
vn 0.00000000 1.00000000 0.00000000
vn -1.00000000 0.00000000 0.00000000
vn 0.00000000 0.00000000 1.00000000
vn 1.00000000 0.00000000 0.00000000
vn 0.00000000 -1.00000000 0.00000000
vn 0.00000000 0.00000000 1.00000000
vn 1.00000000 0.00000000 0.00000000
vn 0.00000000 1.00000000 0.00000000
vn 0.00000000 -1.00000000 0.00000000
vn -1.00000000 0.00000000 0.00000000
vn 0.00000000 -0.70710000 0.70710000
vn 0.00000000 0.00000000 1.00000000
vn -1.00000000 0.00000000 0.00000000
vn 0.00000000 -0.70710000 0.70710000
vn 0.00000000 -0.70710000 0.70710000
vn 1.00000000 0.00000000 0.00000000
vn 0.00000000 0.00000000 1.00000000
vn 0.00000000 -1.00000000 0.00000000
vn 1.00000000 0.00000000 0.00000000
vn 0.00000000 -0.70710000 0.70710000
vn 0.00000000 1.00000000 0.00000000
vn 0.00000000 0.00000000 1.00000000
vn 0.00000000 -1.00000000 0.00000000
vn 0.00000000 -1.00000000 0.00000000
vn 0.00000000 1.00000000 0.00000000
vn 0.00000000 0.00000000 1.00000000
vn 0.00000000 1.00000000 0.00000000
vn 0.00000000 -1.00000000 0.00000000
vn 0.00000000 0.00000000 1.00000000
vn 0.00000000 1.00000000 0.00000000
vn 0.00000000 0.00000000 1.00000000
vn 0.00000000 -1.00000000 0.00000000
vn 0.00000000 0.00000000 1.00000000
vn 0.00000000 0.00000000 1.00000000
vn 0.00000000 0.00000000 1.00000000
vn 0.00000000 0.00000000 1.00000000
vn 0.00000000 0.00000000 1.00000000
vn 0.00000000 0.00000000 1.00000000
vn 0.00000000 0.00000000 1.00000000
vn 0.00000000 0.00000000 1.00000000
vn 0.00000000 0.00000000 1.00000000
vn 0.00000000 0.00000000 1.00000000
vn 0.00000000 1.00000000 0.00000000
vn -1.00000000 0.00000000 0.00000000
vn 0.00000000 0.00000000 1.00000000
vn 0.00000000 -1.00000000 0.00000000
vn -1.00000000 0.00000000 0.00000000
vn -1.00000000 0.00000000 0.00000000
vn 0.00000000 -1.00000000 0.00000000
vn 0.00000000 1.00000000 0.00000000
vn 1.00000000 0.00000000 0.00000000
vn 0.00000000 1.00000000 0.00000000
vn -1.00000000 0.00000000 0.00000000
vn 0.00000000 0.00000000 1.00000000
vn 1.00000000 0.00000000 0.00000000
vn 0.00000000 -1.00000000 0.00000000
vn 1.00000000 0.00000000 0.00000000
vn 0.00000000 0.00000000 1.00000000
vn 0.00000000 1.00000000 0.00000000
vn 0.00000000 0.00000000 1.00000000
vn 1.00000000 0.00000000 0.00000000
vn 0.00000000 -1.00000000 0.00000000
vn -1.00000000 0.00000000 0.00000000
vn -1.00000000 0.00000000 0.00000000
vn 0.00000000 0.00000000 1.00000000
vn -1.00000000 0.00000000 0.00000000
vn 0.00000000 0.00000000 1.00000000
vn -1.00000000 0.00000000 0.00000000
vn 0.00000000 0.00000000 1.00000000
vn 0.00000000 0.00000000 1.00000000
vn 0.00000000 0.00000000 1.00000000
vn 1.00000000 0.00000000 0.00000000
vn 0.00000000 0.00000000 1.00000000
vn 1.00000000 0.00000000 0.00000000
vn 1.00000000 0.00000000 0.00000000
vn 0.00000000 0.00000000 1.00000000
vn 1.00000000 0.00000000 0.00000000
vn 0.00000000 0.00000000 1.00000000
vn -1.00000000 0.00000000 0.00000000
vn 0.00000000 1.00000000 0.00000000
vn -1.00000000 0.00000000 0.00000000
vn 0.00000000 -1.00000000 0.00000000
vn 1.00000000 0.00000000 0.00000000
vn 0.00000000 1.00000000 0.00000000
vn -1.00000000 0.00000000 0.00000000
vn 0.00000000 0.00000000 1.00000000
vn 0.00000000 1.00000000 0.00000000
vn 0.00000000 -1.00000000 0.00000000
vn 1.00000000 0.00000000 0.00000000
vn 0.00000000 0.00000000 1.00000000
vn 0.00000000 1.00000000 0.00000000
vn 1.00000000 0.00000000 0.00000000
vn -1.00000000 0.00000000 0.00000000
vn 0.00000000 -1.00000000 0.00000000
vn 0.00000000 -0.70710000 0.70710000
vn -1.00000000 0.00000000 0.00000000
vn 0.00000000 -0.70710000 0.70710000
vn 0.00000000 0.00000000 1.00000000
vn 0.00000000 0.00000000 1.00000000
vn 1.00000000 0.00000000 0.00000000
vn 0.00000000 -0.70710000 0.70710000
vn 1.00000000 0.00000000 0.00000000
vn 0.00000000 -1.00000000 0.00000000
vn 0.00000000 -0.70710000 0.70710000
vn 0.00000000 1.00000000 0.00000000
vn 0.00000000 0.00000000 1.00000000
vn 0.00000000 -1.00000000 0.00000000
vn 0.00000000 -1.00000000 0.00000000
vn 0.00000000 1.00000000 0.00000000
vn 0.00000000 1.00000000 0.00000000
vn 0.00000000 0.00000000 1.00000000
vn 0.00000000 -1.00000000 0.00000000
vn 0.00000000 0.00000000 1.00000000
vn 0.00000000 1.00000000 0.00000000
vn 0.00000000 -1.00000000 0.00000000
vn 0.00000000 0.00000000 1.00000000
vn 0.00000000 0.00000000 1.00000000
vn 0.00000000 0.00000000 1.00000000
vn 0.00000000 0.00000000 1.00000000
vn 0.00000000 0.00000000 1.00000000
vn 0.00000000 0.00000000 1.00000000
vn 0.00000000 0.00000000 1.00000000
vn -1.00000000 0.00000000 0.00000000
vn 0.00000000 0.00000000 1.00000000
vn -1.00000000 0.00000000 0.00000000
vn -1.00000000 0.00000000 0.00000000
vn -1.00000000 0.00000000 0.00000000
vn 0.00000000 0.00000000 1.00000000
vn 0.00000000 0.00000000 1.00000000
vn 0.00000000 0.00000000 1.00000000
vn 0.00000000 0.00000000 1.00000000
vn 1.00000000 0.00000000 0.00000000
vn 0.00000000 0.00000000 1.00000000
vn 1.00000000 0.00000000 0.00000000
vn 0.00000000 0.00000000 1.00000000
vn 1.00000000 0.00000000 0.00000000
vn 1.00000000 0.00000000 0.00000000
vn 0.00000000 0.00000000 1.00000000
vn 0.00000000 1.00000000 0.00000000
vn -1.00000000 0.00000000 0.00000000
vn 0.00000000 -1.00000000 0.00000000
vn -1.00000000 0.00000000 0.00000000
vn 0.00000000 1.00000000 0.00000000
vn 1.00000000 0.00000000 0.00000000
vn 0.00000000 1.00000000 0.00000000
vn 0.00000000 0.00000000 1.00000000
vn -1.00000000 0.00000000 0.00000000
vn 0.00000000 -1.00000000 0.00000000
vn 1.00000000 0.00000000 0.00000000
vn 0.00000000 1.00000000 0.00000000
vn 1.00000000 0.00000000 0.00000000
vn 0.00000000 0.00000000 1.00000000
vn -1.00000000 0.00000000 0.00000000
vn 0.00000000 -1.00000000 0.00000000
vn 0.00000000 -0.70710000 0.70710000
vn 0.00000000 0.00000000 1.00000000
vn 0.00000000 -0.70710000 0.70710000
vn -1.00000000 0.00000000 0.00000000
vn 1.00000000 0.00000000 0.00000000
vn 0.00000000 0.00000000 1.00000000
vn 0.00000000 -0.70710000 0.70710000
vn 0.00000000 -0.70710000 0.70710000
vn 1.00000000 0.00000000 0.00000000
vn 0.00000000 -1.00000000 0.00000000
vn 0.00000000 1.00000000 0.00000000
vn 0.00000000 0.00000000 1.00000000
vn 0.00000000 -1.00000000 0.00000000
vn 0.00000000 -1.00000000 0.00000000
vn 0.00000000 1.00000000 0.00000000
vn 0.00000000 1.00000000 0.00000000
vn 0.00000000 0.00000000 1.00000000
vn 0.00000000 -1.00000000 0.00000000
vn 0.00000000 1.00000000 0.00000000
vn 0.00000000 0.00000000 1.00000000
vn 0.00000000 0.00000000 1.00000000
vn 0.00000000 -1.00000000 0.00000000
vn 0.00000000 0.00000000 1.00000000
vn 0.00000000 0.00000000 1.00000000
vn 0.00000000 0.00000000 1.00000000
vn 0.00000000 0.00000000 1.00000000
vn 0.00000000 0.00000000 1.00000000
vn 0.00000000 0.00000000 1.00000000
vn 0.00000000 0.00000000 1.00000000
vn 0.00000000 0.00000000 1.00000000
vn 0.00000000 1.00000000 0.00000000
vn -1.00000000 0.00000000 0.00000000
vn 0.00000000 0.00000000 1.00000000
vn 0.00000000 -1.00000000 0.00000000
vn -1.00000000 0.00000000 0.00000000
vn 0.00000000 -1.00000000 0.00000000
vn -1.00000000 0.00000000 0.00000000
vn 0.00000000 1.00000000 0.00000000
vn 1.00000000 0.00000000 0.00000000
vn -1.00000000 0.00000000 0.00000000
vn 0.00000000 1.00000000 0.00000000
vn 0.00000000 0.00000000 1.00000000
vn 1.00000000 0.00000000 0.00000000
vn 0.00000000 -1.00000000 0.00000000
vn 0.00000000 0.00000000 1.00000000
vn 0.00000000 1.00000000 0.00000000
vn 1.00000000 0.00000000 0.00000000
vn 1.00000000 0.00000000 0.00000000
vn 0.00000000 -1.00000000 0.00000000
vn 0.00000000 0.00000000 1.00000000
vn -1.00000000 0.00000000 0.00000000
vn 0.00000000 0.00000000 1.00000000
vn -1.00000000 0.00000000 0.00000000
vn -1.00000000 0.00000000 0.00000000
vn -1.00000000 0.00000000 0.00000000
vn 0.00000000 0.00000000 1.00000000
vn 0.00000000 0.00000000 1.00000000
vn 0.00000000 0.00000000 1.00000000
vn 0.00000000 0.00000000 1.00000000
vn 1.00000000 0.00000000 0.00000000
vn 0.00000000 0.00000000 1.00000000
vn 1.00000000 0.00000000 0.00000000
vn 0.00000000 0.00000000 1.00000000
vn 1.00000000 0.00000000 0.00000000
vn 1.00000000 0.00000000 0.00000000
vn 0.00000000 0.00000000 1.00000000
vn -1.00000000 0.00000000 0.00000000
vn 0.00000000 1.00000000 0.00000000
vn 0.00000000 -1.00000000 0.00000000
vn -1.00000000 0.00000000 0.00000000
vn 1.00000000 0.00000000 0.00000000
vn 0.00000000 1.00000000 0.00000000
vn 0.00000000 0.00000000 1.00000000
vn -1.00000000 0.00000000 0.00000000
vn 0.00000000 1.00000000 0.00000000
vn 0.00000000 -1.00000000 0.00000000
vn 1.00000000 0.00000000 0.00000000
vn 0.00000000 1.00000000 0.00000000
vn 1.00000000 0.00000000 0.00000000
vn 0.00000000 0.00000000 1.00000000
vn -1.00000000 0.00000000 0.00000000
vn 0.00000000 -1.00000000 0.00000000
vn 0.00000000 -0.70710000 0.70710000
vn 0.00000000 -0.70710000 0.70710000
vn -1.00000000 0.00000000 0.00000000
vn 0.00000000 0.00000000 1.00000000
vn 1.00000000 0.00000000 0.00000000
vn 0.00000000 -0.70710000 0.70710000
vn 0.00000000 0.00000000 1.00000000
vn 0.00000000 -1.00000000 0.00000000
vn 0.00000000 -0.70710000 0.70710000
vn 1.00000000 0.00000000 0.00000000
vn 0.00000000 1.00000000 0.00000000
vn 0.00000000 0.00000000 1.00000000
vn 0.00000000 -1.00000000 0.00000000
vn 0.00000000 -1.00000000 0.00000000
vn 0.00000000 1.00000000 0.00000000
vn 0.00000000 1.00000000 0.00000000
vn 0.00000000 0.00000000 1.00000000
vn 0.00000000 -1.00000000 0.00000000
vn 0.00000000 0.00000000 1.00000000
vn 0.00000000 1.00000000 0.00000000
vn 0.00000000 -1.00000000 0.00000000
vn 0.00000000 0.00000000 1.00000000
vn 0.00000000 0.00000000 1.00000000
vn 0.00000000 0.00000000 1.00000000
vn 0.00000000 0.00000000 1.00000000
vn 0.00000000 0.00000000 1.00000000
vn 0.00000000 0.00000000 1.00000000
vn 0.00000000 0.00000000 1.00000000
vn 0.00000000 0.00000000 1.00000000
vn 0.00000000 0.00000000 1.00000000
vn 0.00000000 1.00000000 0.00000000
vn -1.00000000 0.00000000 0.00000000
vn 0.00000000 0.00000000 1.00000000
vn -1.00000000 0.00000000 0.00000000
vn 0.00000000 -1.00000000 0.00000000
vn 0.00000000 -1.00000000 0.00000000
vn -1.00000000 0.00000000 0.00000000
vn 0.00000000 1.00000000 0.00000000
vn 1.00000000 0.00000000 0.00000000
vn 0.00000000 1.00000000 0.00000000
vn -1.00000000 0.00000000 0.00000000
vn 0.00000000 0.00000000 1.00000000
vn 1.00000000 0.00000000 0.00000000
vn 0.00000000 -1.00000000 0.00000000
vn 0.00000000 1.00000000 0.00000000
vn 0.00000000 0.00000000 1.00000000
vn 1.00000000 0.00000000 0.00000000
vn 1.00000000 0.00000000 0.00000000
vn 0.00000000 0.00000000 1.00000000
vn 0.00000000 -1.00000000 0.00000000
vn -1.00000000 0.00000000 0.00000000
vn 0.00000000 0.00000000 1.00000000
vn -1.00000000 0.00000000 0.00000000
vn -1.00000000 0.00000000 0.00000000
vn 0.00000000 0.00000000 1.00000000
vn -1.00000000 0.00000000 0.00000000
vn 0.00000000 0.00000000 1.00000000
vn 0.00000000 0.00000000 1.00000000
vn 0.00000000 0.00000000 1.00000000
vn 1.00000000 0.00000000 0.00000000
vn 0.00000000 0.00000000 1.00000000
vn 1.00000000 0.00000000 0.00000000
vn 0.00000000 0.00000000 1.00000000
vn 1.00000000 0.00000000 0.00000000
vn 1.00000000 0.00000000 0.00000000
vn 0.00000000 0.00000000 1.00000000
vn -1.00000000 0.00000000 0.00000000
vn 0.00000000 1.00000000 0.00000000
vn -1.00000000 0.00000000 0.00000000
vn 0.00000000 -1.00000000 0.00000000
vn 0.00000000 1.00000000 0.00000000
vn 1.00000000 0.00000000 0.00000000
vn 0.00000000 0.00000000 1.00000000
vn -1.00000000 0.00000000 0.00000000
vn 0.00000000 1.00000000 0.00000000
vn 1.00000000 0.00000000 0.00000000
vn 0.00000000 -1.00000000 0.00000000
vn 0.00000000 0.00000000 1.00000000
vn 0.00000000 1.00000000 0.00000000
vn 1.00000000 0.00000000 0.00000000
vn 0.00000000 -1.00000000 0.00000000
vn 0.00000000 -0.70710000 0.70710000
vn -1.00000000 0.00000000 0.00000000
vn -1.00000000 0.00000000 0.00000000
vn 0.00000000 0.00000000 1.00000000
vn 0.00000000 -0.70710000 0.70710000
vn 0.00000000 -0.70710000 0.70710000
vn 1.00000000 0.00000000 0.00000000
vn 0.00000000 0.00000000 1.00000000
vn 0.00000000 -1.00000000 0.00000000
vn 1.00000000 0.00000000 0.00000000
vn 0.00000000 -0.70710000 0.70710000
vn 0.00000000 1.00000000 0.00000000
vn 0.00000000 -1.00000000 0.00000000
vn 0.00000000 0.00000000 1.00000000
vn 0.00000000 -1.00000000 0.00000000
vn 0.00000000 1.00000000 0.00000000
vn 0.00000000 0.00000000 1.00000000
vn 0.00000000 1.00000000 0.00000000
vn 0.00000000 -1.00000000 0.00000000
vn 0.00000000 0.00000000 1.00000000
vn 0.00000000 1.00000000 0.00000000
vn 0.00000000 -1.00000000 0.00000000
vn 0.00000000 0.00000000 1.00000000
vn 0.00000000 0.00000000 1.00000000
vn 0.00000000 0.00000000 1.00000000
vn 0.00000000 0.00000000 1.00000000
vn 0.00000000 0.00000000 1.00000000
vn 0.00000000 0.00000000 1.00000000
vn 0.00000000 0.00000000 1.00000000
vn 0.00000000 0.00000000 1.00000000
vn 0.00000000 0.00000000 1.00000000
vn 0.00000000 1.00000000 0.00000000
vn -1.00000000 0.00000000 0.00000000
vn -1.00000000 0.00000000 0.00000000
vn 0.00000000 -1.00000000 0.00000000
vn 0.00000000 0.00000000 1.00000000
vn 0.00000000 -1.00000000 0.00000000
vn -1.00000000 0.00000000 0.00000000
vn 0.00000000 1.00000000 0.00000000
vn 1.00000000 0.00000000 0.00000000
vn -1.00000000 0.00000000 0.00000000
vn 0.00000000 0.00000000 1.00000000
vn 0.00000000 1.00000000 0.00000000
vn 1.00000000 0.00000000 0.00000000
vn 0.00000000 -1.00000000 0.00000000
vn 0.00000000 1.00000000 0.00000000
vn 1.00000000 0.00000000 0.00000000
vn 0.00000000 0.00000000 1.00000000
vn 0.00000000 0.00000000 1.00000000
vn 1.00000000 0.00000000 0.00000000
vn 0.00000000 -1.00000000 0.00000000
vn -1.00000000 0.00000000 0.00000000
vn -1.00000000 0.00000000 0.00000000
vn 0.00000000 0.00000000 1.00000000
vn -1.00000000 0.00000000 0.00000000
vn 0.00000000 0.00000000 1.00000000
vn -1.00000000 0.00000000 0.00000000
vn 0.00000000 0.00000000 1.00000000
vn 0.00000000 0.00000000 1.00000000
vn 0.00000000 0.00000000 1.00000000
vn 1.00000000 0.00000000 0.00000000
vn 0.00000000 0.00000000 1.00000000
vn 1.00000000 0.00000000 0.00000000
vn 1.00000000 0.00000000 0.00000000
vn 0.00000000 0.00000000 1.00000000
vn 0.00000000 0.00000000 1.00000000
vn 1.00000000 0.00000000 0.00000000
vn -1.00000000 0.00000000 0.00000000
vn 0.00000000 1.00000000 0.00000000
vn -1.00000000 0.00000000 0.00000000
vn 0.00000000 -1.00000000 0.00000000
vn 1.00000000 0.00000000 0.00000000
vn 0.00000000 1.00000000 0.00000000
vn 0.00000000 1.00000000 0.00000000
vn -1.00000000 0.00000000 0.00000000
vn 0.00000000 0.00000000 1.00000000
vn 0.00000000 -1.00000000 0.00000000
vn 1.00000000 0.00000000 0.00000000
vn 0.00000000 0.00000000 1.00000000
vn 1.00000000 0.00000000 0.00000000
vn 0.00000000 1.00000000 0.00000000
vn 0.00000000 -1.00000000 0.00000000
vn 0.00000000 -0.70710000 0.70710000
vn -1.00000000 0.00000000 0.00000000
vn 0.00000000 0.00000000 1.00000000
vn -1.00000000 0.00000000 0.00000000
vn 0.00000000 -0.70710000 0.70710000
vn 0.00000000 0.00000000 1.00000000
vn 0.00000000 -0.70710000 0.70710000
vn 1.00000000 0.00000000 0.00000000
vn 1.00000000 0.00000000 0.00000000
vn 0.00000000 -0.70710000 0.70710000
vn 0.00000000 -1.00000000 0.00000000
vn 0.00000000 1.00000000 0.00000000
vn 0.00000000 0.00000000 1.00000000
vn 0.00000000 -1.00000000 0.00000000
vn 0.00000000 -1.00000000 0.00000000
vn 0.00000000 1.00000000 0.00000000
vn 0.00000000 1.00000000 0.00000000
vn 0.00000000 0.00000000 1.00000000
vn 0.00000000 -1.00000000 0.00000000
vn 0.00000000 1.00000000 0.00000000
vn 0.00000000 0.00000000 1.00000000
vn 0.00000000 0.00000000 1.00000000
vn 0.00000000 -1.00000000 0.00000000
vn 0.00000000 0.00000000 1.00000000
vn 0.00000000 0.00000000 1.00000000
vn 0.00000000 0.00000000 1.00000000
vn 0.00000000 0.00000000 1.00000000
vn 0.00000000 0.00000000 1.00000000
vn 1.00000000 0.00000000 0.00000000
vn 0.00000000 -1.00000000 0.00000000
vn 1.00000000 0.00000000 0.00000000
vn 0.00000000 0.00000000 1.00000000
vn 0.00000000 1.00000000 0.00000000
vn 0.00000000 -1.00000000 0.00000000
vn 1.00000000 0.00000000 0.00000000
vn 0.00000000 0.00000000 1.00000000
vn -1.00000000 0.00000000 0.00000000
vn 0.00000000 1.00000000 0.00000000
vn 1.00000000 0.00000000 0.00000000
vn 0.00000000 1.00000000 0.00000000
vn -1.00000000 0.00000000 0.00000000
vn 0.00000000 -1.00000000 0.00000000
vn -1.00000000 0.00000000 0.00000000
vn 0.00000000 -1.00000000 0.00000000
vn 0.00000000 0.00000000 1.00000000
vn 0.00000000 1.00000000 0.00000000
vn -1.00000000 0.00000000 0.00000000
vn 0.00000000 0.00000000 1.00000000
vn 0.00000000 0.00000000 1.00000000
vn 0.00000000 0.00000000 1.00000000
vn 0.00000000 0.00000000 1.00000000
vn -1.00000000 0.00000000 0.00000000
vn -1.00000000 0.00000000 0.00000000
vn 0.00000000 0.00000000 1.00000000
vn -1.00000000 0.00000000 0.00000000
vn -1.00000000 0.00000000 0.00000000
vn 0.00000000 0.00000000 1.00000000
vn 0.00000000 0.00000000 1.00000000
vn 0.00000000 0.00000000 1.00000000
vn 0.00000000 0.00000000 1.00000000
vn 1.00000000 0.00000000 0.00000000
vn 0.00000000 0.00000000 1.00000000
vn 1.00000000 0.00000000 0.00000000
vn 0.00000000 0.00000000 1.00000000
vn 1.00000000 0.00000000 0.00000000
vn 1.00000000 0.00000000 0.00000000
vn 0.00000000 0.00000000 1.00000000
vn 0.00000000 1.00000000 0.00000000
vn -1.00000000 0.00000000 0.00000000
vn -1.00000000 0.00000000 0.00000000
vn 0.00000000 -1.00000000 0.00000000
vn 0.00000000 1.00000000 0.00000000
vn 1.00000000 0.00000000 0.00000000
vn 0.00000000 0.00000000 1.00000000
vn 0.00000000 1.00000000 0.00000000
vn -1.00000000 0.00000000 0.00000000
vn 1.00000000 0.00000000 0.00000000
vn 0.00000000 -1.00000000 0.00000000
vn 0.00000000 0.00000000 1.00000000
vn 1.00000000 0.00000000 0.00000000
vn 0.00000000 1.00000000 0.00000000
vn 0.00000000 -1.00000000 0.00000000
vn -1.00000000 0.00000000 0.00000000
vn 0.00000000 -0.70710000 0.70710000
vn -1.00000000 0.00000000 0.00000000
vn 0.00000000 -0.70710000 0.70710000
vn 0.00000000 0.00000000 1.00000000
vn 0.00000000 0.00000000 1.00000000
vn 1.00000000 0.00000000 0.00000000
vn 0.00000000 -0.70710000 0.70710000
vn 0.00000000 -1.00000000 0.00000000
vn 1.00000000 0.00000000 0.00000000
vn 0.00000000 -0.70710000 0.70710000
vn 0.00000000 1.00000000 0.00000000
vn 0.00000000 0.00000000 1.00000000
vn 0.00000000 -1.00000000 0.00000000
vn 0.00000000 -1.00000000 0.00000000
vn 0.00000000 1.00000000 0.00000000
vn 0.00000000 0.00000000 1.00000000
vn 0.00000000 1.00000000 0.00000000
vn 0.00000000 -1.00000000 0.00000000
vn 0.00000000 1.00000000 0.00000000
vn 0.00000000 0.00000000 1.00000000
vn 0.00000000 0.00000000 1.00000000
vn 0.00000000 -1.00000000 0.00000000
vn 0.00000000 0.00000000 1.00000000
vn 0.00000000 0.00000000 1.00000000
vn 0.00000000 0.00000000 1.00000000
vn 0.00000000 0.00000000 1.00000000
vn 0.00000000 0.00000000 1.00000000
vn 0.00000000 0.00000000 1.00000000
vn 0.00000000 0.00000000 1.00000000
vn 0.00000000 0.00000000 1.00000000
vn -1.00000000 0.00000000 0.00000000
vn 0.00000000 1.00000000 0.00000000
vn 0.00000000 -1.00000000 0.00000000
vn 0.00000000 0.00000000 1.00000000
vn -1.00000000 0.00000000 0.00000000
vn 0.00000000 -1.00000000 0.00000000
vn -1.00000000 0.00000000 0.00000000
vn 1.00000000 0.00000000 0.00000000
vn 0.00000000 1.00000000 0.00000000
vn 0.00000000 1.00000000 0.00000000
vn 0.00000000 0.00000000 1.00000000
vn -1.00000000 0.00000000 0.00000000
vn 0.00000000 -1.00000000 0.00000000
vn 1.00000000 0.00000000 0.00000000
vn 0.00000000 0.00000000 1.00000000
vn 1.00000000 0.00000000 0.00000000
vn 0.00000000 1.00000000 0.00000000
vn 0.00000000 -1.00000000 0.00000000
vn 1.00000000 0.00000000 0.00000000
vn 0.00000000 0.00000000 1.00000000
vn -1.00000000 0.00000000 0.00000000
vn -1.00000000 0.00000000 0.00000000
vn 0.00000000 0.00000000 1.00000000
vn -1.00000000 0.00000000 0.00000000
vn -1.00000000 0.00000000 0.00000000
vn 0.00000000 0.00000000 1.00000000
vn 0.00000000 0.00000000 1.00000000
vn 0.00000000 0.00000000 1.00000000
vn 0.00000000 0.00000000 1.00000000
vn 1.00000000 0.00000000 0.00000000
vn 0.00000000 0.00000000 1.00000000
vn 1.00000000 0.00000000 0.00000000
vn 0.00000000 0.00000000 1.00000000
vn 1.00000000 0.00000000 0.00000000
vn 1.00000000 0.00000000 0.00000000
vn 0.00000000 0.00000000 1.00000000
vn 0.00000000 1.00000000 0.00000000
vn -1.00000000 0.00000000 0.00000000
vn -1.00000000 0.00000000 0.00000000
vn 0.00000000 -1.00000000 0.00000000
vn 0.00000000 1.00000000 0.00000000
vn 1.00000000 0.00000000 0.00000000
vn 0.00000000 0.00000000 1.00000000
vn 0.00000000 1.00000000 0.00000000
vn -1.00000000 0.00000000 0.00000000
vn 1.00000000 0.00000000 0.00000000
vn 0.00000000 -1.00000000 0.00000000
vn 0.00000000 1.00000000 0.00000000
vn 0.00000000 0.00000000 1.00000000
vn 1.00000000 0.00000000 0.00000000
vn 0.00000000 -1.00000000 0.00000000
vn 0.00000000 -0.70710000 0.70710000
vn -1.00000000 0.00000000 0.00000000
vn -1.00000000 0.00000000 0.00000000
vn 0.00000000 -0.70710000 0.70710000
vn 0.00000000 0.00000000 1.00000000
vn 0.00000000 -0.70710000 0.70710000
vn 1.00000000 0.00000000 0.00000000
vn 0.00000000 0.00000000 1.00000000
vn 0.00000000 -0.70710000 0.70710000
vn 1.00000000 0.00000000 0.00000000
vn 0.00000000 -1.00000000 0.00000000
vn 0.00000000 1.00000000 0.00000000
vn 0.00000000 0.00000000 1.00000000
vn 0.00000000 -1.00000000 0.00000000
vn 0.00000000 -1.00000000 0.00000000
vn 0.00000000 1.00000000 0.00000000
vn 0.00000000 1.00000000 0.00000000
vn 0.00000000 0.00000000 1.00000000
vn 0.00000000 -1.00000000 0.00000000
vn 0.00000000 1.00000000 0.00000000
vn 0.00000000 0.00000000 1.00000000
vn 0.00000000 0.00000000 1.00000000
vn 0.00000000 -1.00000000 0.00000000
vn 0.00000000 0.00000000 1.00000000
vn 0.00000000 0.00000000 1.00000000
vn 0.00000000 0.00000000 1.00000000
vn 0.00000000 0.00000000 1.00000000
vn 0.00000000 0.00000000 1.00000000
vn 0.00000000 1.00000000 0.00000000
vn -1.00000000 0.00000000 0.00000000
vn 0.00000000 0.00000000 1.00000000
vn -1.00000000 0.00000000 0.00000000
vn 0.00000000 -1.00000000 0.00000000
vn 0.00000000 -1.00000000 0.00000000
vn -1.00000000 0.00000000 0.00000000
vn 0.00000000 1.00000000 0.00000000
vn -1.00000000 0.00000000 0.00000000
vn 0.00000000 0.00000000 1.00000000
vn 0.00000000 0.00000000 1.00000000
vn 1.00000000 0.00000000 0.00000000
vn 0.00000000 0.00000000 1.00000000
vn 1.00000000 0.00000000 0.00000000
vn 0.00000000 0.00000000 1.00000000
vn 1.00000000 0.00000000 0.00000000
vn 0.00000000 0.00000000 1.00000000
vn 1.00000000 0.00000000 0.00000000
vn 0.00000000 1.00000000 0.00000000
vn -1.00000000 0.00000000 0.00000000
vn -1.00000000 0.00000000 0.00000000
vn 0.00000000 -1.00000000 0.00000000
vn -1.00000000 0.00000000 0.00000000
vn 0.00000000 0.00000000 1.00000000
vn 0.00000000 1.00000000 0.00000000
vn -1.00000000 0.00000000 0.00000000
vn 0.00000000 0.00000000 1.00000000
vn 0.00000000 -1.00000000 0.00000000
vn 0.00000000 0.00000000 1.00000000
vn 0.00000000 0.00000000 1.00000000
vn 0.00000000 1.00000000 0.00000000
vn 1.00000000 0.00000000 0.00000000
vn 1.00000000 0.00000000 0.00000000
vn 0.00000000 -1.00000000 0.00000000
vn 1.00000000 0.00000000 0.00000000
vn 0.00000000 0.00000000 1.00000000
vn 0.00000000 1.00000000 0.00000000
vn 0.00000000 0.00000000 1.00000000
vn 1.00000000 0.00000000 0.00000000
vn 0.00000000 -1.00000000 0.00000000
vn -1.00000000 0.00000000 0.00000000
vn 0.00000000 0.00000000 1.00000000
vn -1.00000000 0.00000000 0.00000000
vn -1.00000000 0.00000000 0.00000000
vn -1.00000000 0.00000000 0.00000000
vn 0.00000000 0.00000000 1.00000000
vn 0.00000000 0.00000000 1.00000000
vn 0.00000000 0.00000000 1.00000000
vn 1.00000000 0.00000000 0.00000000
vn 0.00000000 1.00000000 0.00000000
vn 1.00000000 0.00000000 0.00000000
vn 0.00000000 -1.00000000 0.00000000
vn 1.00000000 0.00000000 0.00000000
vn 0.00000000 0.00000000 1.00000000
vn 0.00000000 1.00000000 0.00000000
vn 0.00000000 -1.00000000 0.00000000
vn 1.00000000 0.00000000 0.00000000
vn 0.00000000 0.00000000 1.00000000
vn 0.00000000 0.00000000 1.00000000
vn 0.00000000 -1.00000000 0.00000000
vn 0.00000000 0.00000000 1.00000000
vn -1.00000000 0.00000000 0.00000000
vn 0.00000000 1.00000000 0.00000000
vn 0.00000000 0.00000000 1.00000000
vn -1.00000000 0.00000000 0.00000000
vn 0.00000000 0.00000000 -1.00000000
vn -1.00000000 0.00000000 0.00000000
vn 0.00000000 -1.00000000 0.00000000
vn 0.00000000 0.00000000 -1.00000000
vn -1.00000000 0.00000000 0.00000000
vn 0.00000000 1.00000000 0.00000000
vn 0.00000000 0.00000000 1.00000000
vn 0.00000000 -1.00000000 0.00000000
vn 1.00000000 0.00000000 0.00000000
vn 0.00000000 1.00000000 0.00000000
vn 0.00000000 0.00000000 1.00000000
vn 1.00000000 0.00000000 0.00000000
vn 1.00000000 0.00000000 0.00000000
vn 0.00000000 0.00000000 -1.00000000
vn 0.00000000 -1.00000000 0.00000000
vn 0.00000000 1.00000000 0.00000000
vn 0.00000000 0.00000000 -1.00000000
vn 1.00000000 0.00000000 0.00000000
vn 0.00000000 -1.00000000 0.00000000
vn -1.00000000 0.00000000 0.00000000
vn -1.00000000 0.00000000 0.00000000
vn 0.00000000 -1.00000000 0.00000000
vn 0.00000000 1.00000000 0.00000000
vn -1.00000000 0.00000000 0.00000000
vn 0.00000000 1.00000000 0.00000000
vn -1.00000000 0.00000000 0.00000000
vn 1.00000000 0.00000000 0.00000000
vn 0.00000000 -1.00000000 0.00000000
vn 0.00000000 -1.00000000 0.00000000
vn 1.00000000 0.00000000 0.00000000
vn 1.00000000 0.00000000 0.00000000
vn 0.00000000 1.00000000 0.00000000
vn 1.00000000 0.00000000 0.00000000
vn 0.00000000 1.00000000 0.00000000
vn 0.00000000 0.00000000 1.00000000
vn -1.00000000 0.00000000 0.00000000
vn 0.00000000 -1.00000000 0.00000000
vn 0.00000000 1.00000000 0.00000000
vn -1.00000000 0.00000000 0.00000000
vn 0.00000000 0.00000000 1.00000000
vn -1.00000000 0.00000000 0.00000000
vn 0.00000000 0.00000000 -1.00000000
vn 0.00000000 -1.00000000 0.00000000
vn 0.00000000 1.00000000 0.00000000
vn 0.00000000 0.00000000 -1.00000000
vn -1.00000000 0.00000000 0.00000000
vn 0.00000000 0.00000000 1.00000000
vn 0.00000000 -1.00000000 0.00000000
vn 1.00000000 0.00000000 0.00000000
vn 1.00000000 0.00000000 0.00000000
vn 0.00000000 1.00000000 0.00000000
vn 0.00000000 0.00000000 1.00000000
vn 0.00000000 -1.00000000 0.00000000
vn 0.00000000 0.00000000 -1.00000000
vn 1.00000000 0.00000000 0.00000000
vn 1.00000000 0.00000000 0.00000000
vn 0.00000000 0.00000000 -1.00000000
vn 0.00000000 1.00000000 0.00000000
vn 0.00000000 0.00000000 1.00000000
vn 0.00000000 -1.00000000 0.00000000
vn -1.00000000 0.00000000 0.00000000
vn 0.00000000 0.00000000 1.00000000
vn 0.00000000 1.00000000 0.00000000
vn -1.00000000 0.00000000 0.00000000
vn -1.00000000 0.00000000 0.00000000
vn 0.00000000 -1.00000000 0.00000000
vn 0.00000000 0.00000000 -1.00000000
vn 0.00000000 1.00000000 0.00000000
vn -1.00000000 0.00000000 0.00000000
vn 0.00000000 0.00000000 -1.00000000
vn 0.00000000 0.00000000 1.00000000
vn 0.00000000 -1.00000000 0.00000000
vn 1.00000000 0.00000000 0.00000000
vn 0.00000000 0.00000000 1.00000000
vn 1.00000000 0.00000000 0.00000000
vn 0.00000000 1.00000000 0.00000000
vn 0.00000000 -1.00000000 0.00000000
vn 0.00000000 0.00000000 -1.00000000
vn 1.00000000 0.00000000 0.00000000
vn 0.00000000 1.00000000 0.00000000
vn 0.00000000 0.00000000 -1.00000000
vn 1.00000000 0.00000000 0.00000000
vn -0.86220000 0.50660000 0.00000000
vn 0.00000000 0.50660000 0.86220000
vn 0.00000000 1.00000000 0.00000000
vn 0.86220000 0.50660000 0.00000000
vn 0.00000000 1.00000000 0.00000000
vn 0.00000000 0.50660000 0.86220000
vn 0.86220000 0.50660000 0.00000000
vn 0.00000000 0.50660000 -0.86220000
vn 0.00000000 1.00000000 0.00000000
vn 0.00000000 0.50660000 -0.86220000
vn 0.00000000 1.00000000 0.00000000
vn -0.86220000 0.50660000 0.00000000
vn 0.86220000 0.50660000 0.00000000
vn 0.00000000 0.50660000 0.86220000
vn 0.00000000 1.00000000 0.00000000
vn 0.00000000 1.00000000 0.00000000
vn -0.86220000 0.50660000 0.00000000
vn 0.00000000 0.50660000 0.86220000
vn -0.86220000 0.50660000 0.00000000
vn 0.00000000 0.50660000 -0.86220000
vn 0.00000000 1.00000000 0.00000000
vn 0.86220000 0.50660000 0.00000000
vn 0.00000000 1.00000000 0.00000000
vn 0.00000000 0.50660000 -0.86220000
vn -1.00000000 0.00000000 0.00000000
vn 0.00000000 -1.00000000 0.00000000
vn -1.00000000 0.00000000 0.00000000
vn 0.00000000 -1.00000000 0.00000000
vn 0.00000000 1.00000000 0.00000000
vn -1.00000000 0.00000000 0.00000000
vn 0.00000000 1.00000000 0.00000000
vn -1.00000000 0.00000000 0.00000000
vn 1.00000000 0.00000000 0.00000000
vn 0.00000000 -1.00000000 0.00000000
vn 1.00000000 0.00000000 0.00000000
vn 0.00000000 -1.00000000 0.00000000
vn 0.00000000 1.00000000 0.00000000
vn 1.00000000 0.00000000 0.00000000
vn 0.00000000 1.00000000 0.00000000
vn 1.00000000 0.00000000 0.00000000
vn -1.00000000 0.00000000 0.00000000
vn 0.00000000 -1.00000000 0.00000000
vn 0.00000000 0.00000000 1.00000000
vn 0.00000000 1.00000000 0.00000000
vn 0.00000000 0.00000000 1.00000000
vn -1.00000000 0.00000000 0.00000000
vn 1.00000000 0.00000000 0.00000000
vn 0.00000000 0.00000000 1.00000000
vn 0.00000000 -1.00000000 0.00000000
vn 1.00000000 0.00000000 0.00000000
vn 0.00000000 1.00000000 0.00000000
vn 0.00000000 0.00000000 1.00000000
vn -1.00000000 0.00000000 0.00000000
vn 0.00000000 -1.00000000 0.00000000
vn -1.00000000 0.00000000 0.00000000
vn 0.00000000 1.00000000 0.00000000
vn 0.00000000 -1.00000000 0.00000000
vn 1.00000000 0.00000000 0.00000000
vn 1.00000000 0.00000000 0.00000000
vn 0.00000000 1.00000000 0.00000000
vn -1.00000000 0.00000000 0.00000000
vn 0.00000000 0.00000000 1.00000000
vn 0.00000000 -1.00000000 0.00000000
vn -1.00000000 0.00000000 0.00000000
vn 0.00000000 0.00000000 1.00000000
vn 0.00000000 1.00000000 0.00000000
vn 0.00000000 -1.00000000 0.00000000
vn 1.00000000 0.00000000 0.00000000
vn 0.00000000 0.00000000 1.00000000
vn 0.00000000 0.00000000 1.00000000
vn 1.00000000 0.00000000 0.00000000
vn 0.00000000 1.00000000 0.00000000
vn -1.00000000 0.00000000 0.00000000
vn 0.00000000 -1.00000000 0.00000000
vn 0.00000000 0.00000000 1.00000000
vn 0.00000000 1.00000000 0.00000000
vn 0.00000000 0.00000000 1.00000000
vn -1.00000000 0.00000000 0.00000000
vn -1.00000000 0.00000000 0.00000000
vn -1.00000000 0.00000000 0.00000000
vn 1.00000000 0.00000000 0.00000000
vn 0.00000000 -1.00000000 0.00000000
vn 0.00000000 0.00000000 1.00000000
vn 1.00000000 0.00000000 0.00000000
vn 0.00000000 1.00000000 0.00000000
vn 0.00000000 0.00000000 1.00000000
vn 1.00000000 0.00000000 0.00000000
vn 0.00000000 -1.00000000 0.00000000
vn 0.00000000 0.00000000 -1.00000000
vn 0.00000000 0.00000000 -1.00000000
vn 0.00000000 1.00000000 0.00000000
vn 1.00000000 0.00000000 0.00000000
vn -0.86220000 0.50660000 0.00000000
vn 0.00000000 0.50660000 0.86220000
vn 0.00000000 1.00000000 0.00000000
vn 0.00000000 0.50660000 0.86220000
vn 0.86220000 0.50660000 0.00000000
vn 0.00000000 1.00000000 0.00000000
vn 0.86220000 0.50660000 0.00000000
vn 0.00000000 0.50660000 -0.86220000
vn 0.00000000 1.00000000 0.00000000
vn -0.86220000 0.50660000 0.00000000
vn 0.00000000 1.00000000 0.00000000
vn 0.00000000 0.50660000 -0.86220000
vn 0.00000000 0.50660000 0.86220000
vn 0.00000000 1.00000000 0.00000000
vn 0.86220000 0.50660000 0.00000000
vn -0.86220000 0.50660000 0.00000000
vn 0.00000000 1.00000000 0.00000000
vn 0.00000000 0.50660000 0.86220000
vn 0.00000000 1.00000000 0.00000000
vn -0.86220000 0.50660000 0.00000000
vn 0.00000000 0.50660000 -0.86220000
vn 0.00000000 0.50660000 -0.86220000
vn 0.86220000 0.50660000 0.00000000
vn 0.00000000 1.00000000 0.00000000
vn -1.00000000 0.00000000 0.00000000
vn 0.00000000 -1.00000000 0.00000000
vn 0.00000000 1.00000000 0.00000000
vn -1.00000000 0.00000000 0.00000000
vn 1.00000000 0.00000000 0.00000000
vn 0.00000000 -1.00000000 0.00000000
vn 0.00000000 1.00000000 0.00000000
vn 1.00000000 0.00000000 0.00000000
vn 1.00000000 0.00000000 0.00000000
vn 0.00000000 0.00000000 1.00000000
vn 0.00000000 0.00000000 1.00000000
vn 1.00000000 0.00000000 0.00000000
vn 0.00000000 0.00000000 1.00000000
vn 0.00000000 0.00000000 1.00000000
vn 0.00000000 0.00000000 1.00000000
vn 0.00000000 0.00000000 1.00000000
vn 0.00000000 1.00000000 0.00000000
vn -1.00000000 0.00000000 0.00000000
vn 0.00000000 0.00000000 1.00000000
vn -1.00000000 0.00000000 0.00000000
vn 0.00000000 -1.00000000 0.00000000
vn 0.00000000 -1.00000000 0.00000000
vn -1.00000000 0.00000000 0.00000000
vn 0.00000000 1.00000000 0.00000000
vn 1.00000000 0.00000000 0.00000000
vn 0.00000000 1.00000000 0.00000000
vn 0.00000000 0.00000000 1.00000000
vn -1.00000000 0.00000000 0.00000000
vn 1.00000000 0.00000000 0.00000000
vn 0.00000000 -1.00000000 0.00000000
vn 0.00000000 1.00000000 0.00000000
vn 0.00000000 0.00000000 1.00000000
vn 1.00000000 0.00000000 0.00000000
vn 0.00000000 -1.00000000 0.00000000
vn 0.00000000 0.00000000 1.00000000
vn 1.00000000 0.00000000 0.00000000
vn -1.00000000 0.00000000 0.00000000
vn -1.00000000 0.00000000 0.00000000
vn 0.00000000 0.00000000 1.00000000
vn -1.00000000 0.00000000 0.00000000
vn 0.00000000 0.00000000 1.00000000
vn -1.00000000 0.00000000 0.00000000
vn 0.00000000 0.00000000 1.00000000
vn 0.00000000 0.00000000 1.00000000
vn 0.00000000 0.00000000 1.00000000
vn 1.00000000 0.00000000 0.00000000
vn 0.00000000 0.00000000 1.00000000
vn 1.00000000 0.00000000 0.00000000
vn 1.00000000 0.00000000 0.00000000
vn 0.00000000 0.00000000 1.00000000
vn 1.00000000 0.00000000 0.00000000
vn 0.00000000 0.00000000 1.00000000
vn 0.00000000 1.00000000 0.00000000
vn -1.00000000 0.00000000 0.00000000
vn -1.00000000 0.00000000 0.00000000
vn 0.00000000 1.00000000 0.00000000
vn 1.00000000 0.00000000 0.00000000
vn -1.00000000 0.00000000 0.00000000
vn 0.00000000 0.00000000 1.00000000
vn 0.00000000 1.00000000 0.00000000
vn 1.00000000 0.00000000 0.00000000
vn 1.00000000 0.00000000 0.00000000
vn 0.00000000 1.00000000 0.00000000
vn 0.00000000 0.00000000 1.00000000
vn -1.00000000 0.00000000 0.00000000
vn 0.00000000 0.00000000 1.00000000
vn 0.00000000 0.00000000 1.00000000
vn 1.00000000 0.00000000 0.00000000
vn 0.00000000 1.00000000 0.00000000
vn 0.00000000 0.00000000 1.00000000
vn 0.00000000 -1.00000000 0.00000000
vn 0.00000000 -1.00000000 0.00000000
vn 0.00000000 1.00000000 0.00000000
vn 0.00000000 0.00000000 1.00000000
vn 0.00000000 1.00000000 0.00000000
vn 0.00000000 -1.00000000 0.00000000
vn 0.00000000 1.00000000 0.00000000
vn 0.00000000 0.00000000 1.00000000
vn 0.00000000 -1.00000000 0.00000000
vn 0.00000000 0.00000000 1.00000000
vn 0.00000000 0.00000000 1.00000000
vn 0.00000000 0.00000000 1.00000000
vn 0.00000000 0.00000000 1.00000000
vn 0.00000000 0.00000000 1.00000000
vn -1.00000000 0.00000000 0.00000000
vn -1.00000000 0.00000000 0.00000000
vn 0.00000000 0.00000000 1.00000000
vn -1.00000000 0.00000000 0.00000000
vn 0.00000000 0.00000000 1.00000000
vn -1.00000000 0.00000000 0.00000000
vn 0.00000000 0.00000000 1.00000000
vn 0.00000000 0.00000000 1.00000000
vn 0.00000000 0.00000000 1.00000000
vn 1.00000000 0.00000000 0.00000000
vn 0.00000000 0.00000000 1.00000000
vn 1.00000000 0.00000000 0.00000000
vn 0.00000000 0.00000000 1.00000000
vn 1.00000000 0.00000000 0.00000000
vn 1.00000000 0.00000000 0.00000000
vn 0.00000000 0.00000000 1.00000000
vn 0.00000000 0.00000000 1.00000000
vn 0.00000000 0.00000000 1.00000000
vn 0.00000000 0.00000000 1.00000000
vn 0.00000000 0.00000000 1.00000000
vn 0.00000000 1.00000000 0.00000000
vn 0.00000000 0.00000000 1.00000000
vn 0.00000000 1.00000000 0.00000000
vn 0.00000000 0.00000000 1.00000000
vn 0.00000000 1.00000000 0.00000000
vn 0.00000000 1.00000000 0.00000000
vn 0.00000000 0.00000000 1.00000000
vn 0.00000000 0.00000000 1.00000000
vn -0.34160000 -0.87560000 0.34160000
vn -0.46060000 -0.46060000 0.75880000
vn -0.46060000 -0.46060000 0.75880000
vn 0.00000000 0.00000000 1.00000000
vn -0.87560000 -0.34160000 0.34160000
vn -0.87560000 -0.34160000 0.34160000
vn -0.46060000 0.46060000 0.75880000
vn 0.00000000 0.00000000 1.00000000
vn -0.46060000 0.46060000 0.75880000
vn -0.34160000 0.87560000 0.34160000
vn -0.87560000 0.34160000 0.34160000
vn -0.87560000 0.34160000 0.34160000
vn -0.34160000 -0.87560000 -0.34160000
vn -0.87560000 -0.34160000 -0.34160000
vn -0.87560000 -0.34160000 -0.34160000
vn -0.46060000 -0.46060000 -0.75880000
vn -0.46060000 -0.46060000 -0.75880000
vn -0.34160000 0.87560000 -0.34160000
vn -0.46060000 0.46060000 -0.75880000
vn -0.46060000 0.46060000 -0.75880000
vn -0.87560000 0.34160000 -0.34160000
vn -0.87560000 0.34160000 -0.34160000
vn 0.34160000 -0.87560000 0.34160000
vn 0.87560000 -0.34160000 0.34160000
vn 0.87560000 -0.34160000 0.34160000
vn 0.46060000 -0.46060000 0.75880000
vn 0.00000000 0.00000000 1.00000000
vn 0.46060000 -0.46060000 0.75880000
vn 0.34160000 0.87560000 0.34160000
vn 0.00000000 0.00000000 1.00000000
vn 0.46060000 0.46060000 0.75880000
vn 0.46060000 0.46060000 0.75880000
vn 0.87560000 0.34160000 0.34160000
vn 0.87560000 0.34160000 0.34160000
vn 0.34160000 -0.87560000 -0.34160000
vn 0.46060000 -0.46060000 -0.75880000
vn 0.46060000 -0.46060000 -0.75880000
vn 0.87560000 -0.34160000 -0.34160000
vn 0.87560000 -0.34160000 -0.34160000
vn 0.34160000 0.87560000 -0.34160000
vn 0.87560000 0.34160000 -0.34160000
vn 0.87560000 0.34160000 -0.34160000
vn 0.46060000 0.46060000 -0.75880000
vn 0.46060000 0.46060000 -0.75880000
vn 1.00000000 0.00000000 0.00000000
vn 1.00000000 0.00000000 0.00000000
vn 1.00000000 0.00000000 0.00000000
vn 1.00000000 0.00000000 0.00000000
vn 1.00000000 0.00000000 0.00000000
vn 1.00000000 0.00000000 0.00000000
vn 1.00000000 0.00000000 0.00000000
vn 1.00000000 0.00000000 0.00000000
vn -1.00000000 0.00000000 0.00000000
vn -1.00000000 0.00000000 0.00000000
vn -1.00000000 0.00000000 0.00000000
vn -1.00000000 0.00000000 0.00000000
vn -1.00000000 0.00000000 0.00000000
vn -1.00000000 0.00000000 0.00000000
vn -1.00000000 0.00000000 0.00000000
vn -1.00000000 0.00000000 0.00000000
vn 0.00000000 0.00000000 -1.00000000
vn 0.00000000 0.00000000 -1.00000000
vn 0.00000000 0.00000000 -1.00000000
vn 0.00000000 0.00000000 -1.00000000
vn 0.00000000 0.00000000 -1.00000000
vn 0.00000000 0.00000000 -1.00000000
vn 0.00000000 0.00000000 -1.00000000
vn 0.00000000 0.00000000 -1.00000000
vn 0.00000000 0.00000000 -1.00000000
vn 0.00000000 0.00000000 -1.00000000
vn 0.00000000 0.00000000 -1.00000000
vn 0.00000000 0.00000000 -1.00000000
vn 0.00000000 0.00000000 -1.00000000
vn 0.00000000 0.00000000 -1.00000000
vn 0.00000000 0.00000000 -1.00000000
vn 0.00000000 0.00000000 -1.00000000
vn -1.00000000 0.00000000 0.00000000
vn -1.00000000 0.00000000 0.00000000
vn -1.00000000 0.00000000 0.00000000
vn -1.00000000 0.00000000 0.00000000
vn 1.00000000 0.00000000 0.00000000
vn 1.00000000 0.00000000 0.00000000
vn 1.00000000 0.00000000 0.00000000
vn 1.00000000 0.00000000 0.00000000
vn 0.00000000 0.00000000 1.00000000
vn 0.00000000 0.00000000 1.00000000
vn 0.00000000 0.00000000 1.00000000
vn 0.00000000 0.00000000 1.00000000
vn 0.00000000 0.00000000 1.00000000
vn 0.00000000 0.00000000 1.00000000
vn 0.00000000 0.00000000 1.00000000
vn 0.00000000 0.00000000 1.00000000
vn 0.07780000 0.00000000 0.99700000
vn 0.07780000 0.00000000 0.99700000
vn 0.07780000 0.00000000 0.99700000
vn 0.07780000 0.00000000 0.99700000
vn -1.00000000 0.00000000 0.00000000
vn 0.00000000 0.00000000 1.00000000
vn 0.00000000 0.85790000 0.51380000
vn 0.00000000 0.00000000 1.00000000
vn 0.00000000 0.85790000 0.51380000
vn 1.00000000 0.00000000 0.00000000
vn 1.00000000 0.00000000 0.00000000
vn 0.00000000 0.85790000 0.51380000
vn 0.00000000 0.85790000 0.51380000
vn -1.00000000 0.00000000 0.00000000
vn 0.00000000 0.00000000 1.00000000
vn 0.00000000 0.85790000 0.51380000
vn 0.00000000 0.00000000 1.00000000
vn 0.00000000 0.85790000 0.51380000
vn 0.00000000 0.85790000 0.51380000
vn 0.00000000 0.00000000 1.00000000
vn 0.00000000 0.00000000 1.00000000
vn 0.00000000 0.85790000 0.51380000
vn 0.00000000 0.00000000 1.00000000
vn 0.00000000 0.85790000 0.51380000
vn 0.00000000 0.85790000 0.51380000
vn 0.00000000 0.00000000 1.00000000
vn 0.00000000 0.00000000 1.00000000
vn 0.00000000 0.85790000 0.51380000
vn 0.00000000 0.85790000 0.51380000
vn 0.00000000 0.00000000 1.00000000
vn 0.00000000 0.00000000 1.00000000
vn 0.00000000 0.85790000 0.51380000
vn 0.00000000 0.00000000 1.00000000
vn 0.00000000 0.85790000 0.51380000
vn 0.00000000 0.85790000 0.51380000
vn 0.00000000 0.85790000 0.51380000
vn 0.00000000 0.85790000 0.51380000
vn 0.00000000 0.85790000 0.51380000
vn 0.00000000 0.85790000 0.51380000
vn 0.00000000 0.85790000 0.51380000
vn 0.00000000 0.85790000 0.51380000
vn 0.00000000 0.85790000 0.51380000
vn 0.00000000 0.85790000 0.51380000
vn 0.00000000 0.85790000 0.51380000
vn 1.00000000 0.00000000 0.00000000
vn -1.00000000 0.00000000 0.00000000
vn 0.00000000 0.00000000 1.00000000
vn -1.00000000 0.00000000 0.00000000
vn 0.00000000 0.00000000 1.00000000
vn 1.00000000 0.00000000 0.00000000
vn 0.00000000 0.00000000 1.00000000
vn 0.00000000 0.00000000 1.00000000
vn 0.00000000 0.00000000 1.00000000
vn 0.00000000 0.00000000 1.00000000
vn 0.00000000 0.00000000 1.00000000
vn 0.00000000 0.00000000 1.00000000
vn 0.00000000 0.00000000 1.00000000
vn 0.00000000 0.00000000 1.00000000
vn 0.00000000 0.00000000 1.00000000
vn 0.00000000 0.00000000 1.00000000
vn 1.00000000 0.00000000 0.00000000
vn -1.00000000 0.00000000 0.00000000
vn 0.00000000 0.87540000 -0.48350000
vn -0.38270000 0.00000000 -0.92390000
vn 0.38270000 0.00000000 -0.92390000
vn -0.38270000 0.00000000 -0.92390000
vn 0.00000000 -0.94720000 -0.32080000
vn 0.38270000 0.00000000 -0.92390000
vn 0.34190000 0.87540000 -0.34190000
vn 0.70710000 0.00000000 -0.70710000
vn 0.70710000 0.00000000 -0.70710000
vn 0.22680000 -0.94720000 -0.22680000
vn 0.92390000 0.00000000 -0.38270000
vn 0.92390000 0.00000000 0.38270000
vn 0.48350000 0.87540000 -0.00000000
vn 0.32080000 -0.94720000 0.00000000
vn 0.92390000 0.00000000 0.38270000
vn 0.92390000 0.00000000 -0.38270000
vn 0.34190000 0.87540000 0.34190000
vn 0.70710000 0.00000000 0.70710000
vn 0.70710000 0.00000000 0.70710000
vn 0.70710000 0.00000000 0.70710000
vn 0.22680000 -0.94720000 0.22680000
vn -0.38270000 0.00000000 0.92390000
vn 0.38270000 0.00000000 0.92390000
vn 0.00000000 0.87540000 0.48350000
vn 0.00000000 -0.94720000 0.32080000
vn -0.38270000 0.00000000 0.92390000
vn 0.38270000 0.00000000 0.92390000
vn -0.70710000 0.00000000 0.70710000
vn -0.34190000 0.87540000 0.34190000
vn -0.70710000 0.00000000 0.70710000
vn -0.70710000 0.00000000 0.70710000
vn -0.22680000 -0.94720000 0.22680000
vn -0.92390000 0.00000000 0.38270000
vn -0.48350000 0.87540000 -0.00000000
vn -0.92390000 0.00000000 -0.38270000
vn -0.92390000 0.00000000 -0.38270000
vn -0.92390000 0.00000000 0.38270000
vn -0.32080000 -0.94720000 0.00000000
vn -0.70710000 0.00000000 -0.70710000
vn -0.34190000 0.87540000 -0.34190000
vn -0.70710000 0.00000000 -0.70710000
vn -0.22680000 -0.94720000 -0.22680000
vn 0.17740000 0.96800000 -0.17740000
vn 0.63420000 0.44220000 -0.63420000
vn 0.63420000 0.44220000 -0.63420000
vn -0.00000000 0.44220000 -0.89690000
vn -0.00000000 0.44220000 -0.89690000
vn 0.00000000 0.96800000 -0.25090000
vn 0.89690000 0.44220000 0.00000000
vn 0.25090000 0.96800000 -0.00000000
vn 0.89690000 0.44220000 0.00000000
vn 0.63420000 0.44220000 0.63420000
vn 0.17740000 0.96800000 0.17740000
vn 0.63420000 0.44220000 0.63420000
vn 0.00000000 0.44220000 0.89690000
vn 0.00000000 0.44220000 0.89690000
vn 0.00000000 0.96800000 0.25090000
vn -0.63420000 0.44220000 0.63420000
vn -0.63420000 0.44220000 0.63420000
vn -0.17740000 0.96800000 0.17740000
vn -0.89690000 0.44220000 0.00000000
vn -0.89690000 0.44220000 0.00000000
vn -0.25090000 0.96800000 -0.00000000
vn -0.63420000 0.44220000 -0.63420000
vn -0.63420000 0.44220000 -0.63420000
vn -0.17740000 0.96800000 -0.17740000
vn 0.50960000 0.69330000 -0.50960000
vn -0.00000000 0.69330000 -0.72060000
vn 0.72060000 0.69330000 0.00000000
vn 0.50960000 0.69330000 0.50960000
vn -0.00000000 0.69330000 0.72060000
vn -0.50960000 0.69330000 0.50960000
vn -0.72060000 0.69330000 0.00000000
vn -0.50960000 0.69330000 -0.50960000
vn 0.00000000 1.00000000 0.00000000
vn -0.92390000 0.00000000 0.38270000
vn -0.32080000 -0.94720000 0.00000000
vn -0.92390000 0.00000000 -0.38270000
vn -0.70710000 0.00000000 0.70710000
vn -0.22680000 -0.94720000 0.22680000
vn 0.00000000 -0.94720000 0.32080000
vn -0.38270000 0.00000000 0.92390000
vn 0.38270000 0.00000000 0.92390000
vn 0.70710000 0.00000000 0.70710000
vn 0.22680000 -0.94720000 0.22680000
vn 0.92390000 0.00000000 0.38270000
vn 0.92390000 0.00000000 -0.38270000
vn 0.32080000 -0.94720000 0.00000000
vn 0.00000000 -0.94720000 -0.32080000
vn -0.38270000 0.00000000 -0.92390000
vn 0.38270000 0.00000000 -0.92390000
vn 0.70710000 0.00000000 -0.70710000
vn 0.22680000 -0.94720000 -0.22680000
vn -0.70710000 0.00000000 -0.70710000
vn -0.22680000 -0.94720000 -0.22680000
vn 0.17740000 0.96800000 -0.17740000
vn 0.70710000 0.00000000 -0.70710000
vn 0.38270000 0.00000000 -0.92390000
vn 0.00000000 0.96800000 -0.25090000
vn -0.38270000 0.00000000 -0.92390000
vn 0.92390000 0.00000000 0.38270000
vn 0.25090000 0.96800000 -0.00000000
vn 0.92390000 0.00000000 -0.38270000
vn 0.70710000 0.00000000 0.70710000
vn 0.17740000 0.96800000 0.17740000
vn 0.38270000 0.00000000 0.92390000
vn 0.00000000 0.96800000 0.25090000
vn -0.38270000 0.00000000 0.92390000
vn -0.70710000 0.00000000 0.70710000
vn -0.17740000 0.96800000 0.17740000
vn -0.92390000 0.00000000 -0.38270000
vn -0.25090000 0.96800000 -0.00000000
vn -0.92390000 0.00000000 0.38270000
vn -0.17740000 0.96800000 -0.17740000
vn -0.70710000 0.00000000 -0.70710000
vn 0.70710000 -0.70710000 0.00000000
vn 0.00000000 -1.00000000 0.00000000
vn 0.00000000 0.00000000 1.00000000
vn 0.70710000 -0.70710000 0.00000000
vn 0.00000000 -1.00000000 0.00000000
vn 0.92390000 -0.38270000 0.00000000
vn 0.92390000 -0.38270000 0.00000000
vn 0.00000000 0.00000000 1.00000000
vn 0.92390000 -0.38270000 0.00000000
vn 0.92390000 -0.38270000 0.00000000
vn 0.00000000 0.00000000 1.00000000
vn 0.92390000 0.38270000 0.00000000
vn 0.92390000 0.38270000 0.00000000
vn 0.92390000 0.38270000 0.00000000
vn 0.92390000 0.38270000 0.00000000
vn 0.00000000 0.00000000 1.00000000
vn 0.38270000 0.92390000 0.00000000
vn 0.38270000 0.92390000 0.00000000
vn -0.38270000 0.00000000 -0.92390000
vn 0.00000000 0.87540000 -0.48350000
vn 0.38270000 0.00000000 -0.92390000
vn 0.70710000 0.00000000 -0.70710000
vn 0.34190000 0.87540000 -0.34190000
vn 0.92390000 0.00000000 0.38270000
vn 0.48350000 0.87540000 -0.00000000
vn 0.92390000 0.00000000 -0.38270000
vn 0.92390000 0.00000000 0.38270000
vn 0.34190000 0.87540000 0.34190000
vn 0.38270000 0.00000000 0.92390000
vn 0.00000000 0.87540000 0.48350000
vn 0.00000000 0.00000000 1.00000000
vn -0.92390000 0.00000000 0.38270000
vn -0.38270000 0.00000000 0.92390000
vn -0.34190000 0.87540000 0.34190000
vn -0.92390000 0.00000000 0.38270000
vn -0.92390000 0.00000000 -0.38270000
vn -0.48350000 0.87540000 -0.00000000
vn -0.34190000 0.87540000 -0.34190000
vn -0.70710000 0.00000000 -0.70710000
vn -0.38270000 0.00000000 -0.92390000
vn 0.38270000 0.00000000 -0.92390000
vn 0.70710000 0.00000000 -0.70710000
vn 0.92390000 0.00000000 -0.38270000
vn 0.92390000 0.00000000 0.38270000
vn 0.92390000 0.00000000 0.38270000
vn 0.38270000 0.00000000 0.92390000
vn 0.00000000 0.00000000 1.00000000
vn -0.92390000 0.00000000 0.38270000
vn -0.38270000 0.00000000 0.92390000
vn -0.92390000 0.00000000 -0.38270000
vn -0.92390000 0.00000000 0.38270000
vn -0.70710000 0.00000000 -0.70710000
vn -0.38270000 -0.92390000 -0.00000000
vn -0.38270000 -0.92390000 -0.00000000
vn 0.00000000 0.00000000 1.00000000
vn -0.92390000 -0.38270000 -0.00000000
vn -0.92390000 -0.38270000 -0.00000000
vn -0.92390000 -0.38270000 -0.00000000
vn -0.92390000 -0.38270000 -0.00000000
vn 0.00000000 0.00000000 1.00000000
vn -0.92390000 0.38270000 0.00000000
vn -0.92390000 0.38270000 0.00000000
vn -0.92390000 0.38270000 0.00000000
vn 0.00000000 0.00000000 1.00000000
vn -0.92390000 0.38270000 0.00000000
vn -0.38270000 0.92390000 0.00000000
vn 0.00000000 0.00000000 1.00000000
vn -0.38270000 0.92390000 0.00000000
vn 0.00000000 0.00000000 1.00000000
vn -0.27540000 0.66500000 0.69420000
vn -0.66500000 0.27540000 0.69420000
vn -0.66500000 0.27540000 0.69420000
vn 0.00000000 0.00000000 1.00000000
vn 0.00000000 0.00000000 1.00000000
vn -0.66500000 -0.27540000 0.69420000
vn 0.00000000 0.00000000 1.00000000
vn -0.27540000 -0.66500000 0.69420000
vn 0.00000000 0.00000000 1.00000000
vn 0.27540000 -0.66500000 0.69420000
vn 0.00000000 0.00000000 1.00000000
vn 0.66500000 -0.27540000 0.69420000
vn 0.66500000 0.27540000 0.69420000
vn 0.00000000 0.00000000 1.00000000
vn 0.66500000 0.27540000 0.69420000
vn 0.27540000 0.66500000 0.69420000
vn 0.00000000 0.00000000 1.00000000
vn 0.00000000 0.00000000 1.00000000
vn 0.00000000 0.00000000 1.00000000
vn 0.00000000 0.00000000 1.00000000
vn -1.00000000 0.00000000 0.00000000
vn 0.00000000 -1.00000000 0.00000000
vn 0.00000000 1.00000000 0.00000000
vn 0.00000000 0.00000000 1.00000000
vn -1.00000000 0.00000000 0.00000000
vn -1.00000000 0.00000000 0.00000000
vn 0.00000000 -1.00000000 0.00000000
vn 0.00000000 0.00000000 -1.00000000
vn 0.00000000 0.00000000 -1.00000000
vn 0.00000000 1.00000000 0.00000000
vn -1.00000000 0.00000000 0.00000000
vn 0.00000000 -1.00000000 0.00000000
vn 0.00000000 0.00000000 1.00000000
vn 1.00000000 0.00000000 0.00000000
vn 0.00000000 1.00000000 0.00000000
vn 1.00000000 0.00000000 0.00000000
vn 0.00000000 0.00000000 1.00000000
vn 0.00000000 0.00000000 -1.00000000
vn 0.00000000 -1.00000000 0.00000000
vn 1.00000000 0.00000000 0.00000000
vn 1.00000000 0.00000000 0.00000000
vn 0.00000000 0.00000000 -1.00000000
vn 0.00000000 1.00000000 0.00000000
vn 0.00000000 -1.00000000 0.00000000
vn -0.94220000 -0.28260000 0.18000000
vn 0.18000000 -0.28260000 0.94220000
vn -0.94220000 -0.28260000 0.18000000
vn -0.98220000 0.00000000 0.18760000
vn 0.18760000 0.00000000 0.98220000
vn 0.18000000 -0.28260000 0.94220000
vn -0.18000000 -0.28260000 -0.94220000
vn 0.00000000 -1.00000000 0.00000000
vn -0.94220000 -0.28260000 0.18000000
vn -0.18760000 0.00000000 -0.98220000
vn -0.98220000 0.00000000 0.18760000
vn -0.18000000 -0.28260000 -0.94220000
vn -0.94220000 -0.28260000 0.18000000
vn 0.18000000 -0.28260000 0.94220000
vn 0.94220000 -0.28260000 -0.18000000
vn 0.00000000 -1.00000000 0.00000000
vn 0.94220000 -0.28260000 -0.18000000
vn 0.98220000 0.00000000 -0.18760000
vn 0.18000000 -0.28260000 0.94220000
vn 0.18760000 0.00000000 0.98220000
vn 0.00000000 -1.00000000 0.00000000
vn 0.94220000 -0.28260000 -0.18000000
vn -0.18000000 -0.28260000 -0.94220000
vn -0.18000000 -0.28260000 -0.94220000
vn 0.98220000 0.00000000 -0.18760000
vn 0.94220000 -0.28260000 -0.18000000
vn -0.18760000 0.00000000 -0.98220000
vn 0.00000000 1.00000000 0.00000000
vn -0.98220000 0.00000000 0.18760000
vn 0.18760000 0.00000000 0.98220000
vn 0.00000000 1.00000000 0.00000000
vn -0.98220000 0.00000000 0.18760000
vn -0.18760000 0.00000000 -0.98220000
vn -0.18760000 0.00000000 -0.98220000
vn 0.00000000 1.00000000 0.00000000
vn 0.98220000 0.00000000 -0.18760000
vn 0.98220000 0.00000000 -0.18760000
vn 0.00000000 1.00000000 0.00000000
vn 0.18760000 0.00000000 0.98220000
vn -0.54460000 0.83220000 0.10400000
vn 0.00000000 1.00000000 0.00000000
vn 0.10400000 0.83220000 0.54460000
vn 0.10400000 0.83220000 0.54460000
vn 0.54460000 0.83220000 -0.10400000
vn 0.00000000 1.00000000 0.00000000
vn 0.54460000 0.83220000 -0.10400000
vn 0.00000000 1.00000000 0.00000000
vn -0.10400000 0.83220000 -0.54460000
vn -0.10400000 0.83220000 -0.54460000
vn 0.00000000 1.00000000 0.00000000
vn -0.54460000 0.83220000 0.10400000
vn -0.54460000 0.83220000 0.10400000
vn 0.10400000 0.83220000 0.54460000
vn -0.10400000 0.83220000 -0.54460000
vn 0.54460000 0.83220000 -0.10400000
vn 0.37950000 0.55470000 0.74040000
vn 0.34690000 -0.57270000 -0.74280000
vn 0.83170000 0.08140000 0.54920000
vn 0.81670000 -0.56470000 0.11880000
vn 0.20700000 -0.96470000 -0.16250000
vn -0.18250000 -0.97420000 0.13250000
vn -0.74400000 -0.53300000 0.40290000
vn 0.16940000 -0.57830000 0.79810000
vn -0.75870000 -0.59810000 -0.25820000
vn -0.33400000 0.11010000 0.93610000
vn -0.96160000 0.02510000 -0.27340000
vn 0.94950000 0.09920000 -0.29750000
vn 0.23750000 0.10420000 0.96580000
vn -0.06220000 0.08390000 -0.99450000
vn 0.76320000 0.63140000 -0.13750000
vn -0.88840000 0.40430000 0.21760000
vn -0.70730000 0.62300000 -0.33410000
vn 0.10020000 0.63000000 -0.77010000
vn -0.62440000 0.04460000 -0.77980000
vn 0.57190000 0.12600000 -0.81060000
vn -0.78900000 0.12580000 0.60140000
vn -0.42570000 -0.61640000 -0.66250000
vn -0.56220000 0.56390000 0.60500000
vn 0.46860000 0.72880000 -0.49920000
vn -0.35000000 0.68740000 -0.63640000
vn 0.65450000 0.64800000 0.38950000
vn 0.00000000 -1.00000000 0.00000000
vn -0.70710000 0.00000000 -0.70710000
vn -0.70710000 0.00000000 -0.70710000
vn -0.99550000 -0.09510000 0.00000000
vn 0.00000000 -0.09510000 -0.99550000
vn -0.25880000 0.00000000 -0.96590000
vn 0.00000000 -1.00000000 0.00000000
vn -0.25880000 0.00000000 -0.96590000
vn 0.25880000 0.00000000 -0.96590000
vn 0.25880000 0.00000000 -0.96590000
vn 0.00000000 -1.00000000 0.00000000
vn 0.00000000 -1.00000000 0.00000000
vn 0.70710000 0.00000000 -0.70710000
vn 0.99550000 -0.09510000 0.00000000
vn 0.00000000 -0.09510000 -0.99550000
vn 0.70710000 0.00000000 -0.70710000
vn 0.96590000 0.00000000 -0.25880000
vn 0.96590000 0.00000000 -0.25880000
vn 0.00000000 -1.00000000 0.00000000
vn 0.96590000 0.00000000 0.25880000
vn 0.96590000 0.00000000 0.25880000
vn 0.00000000 -1.00000000 0.00000000
vn -0.00000000 -0.09510000 0.99550000
vn 0.70710000 0.00000000 0.70710000
vn 0.99550000 -0.09510000 0.00000000
vn 0.00000000 -1.00000000 0.00000000
vn 0.70710000 0.00000000 0.70710000
vn 0.25880000 0.00000000 0.96590000
vn 0.00000000 -1.00000000 0.00000000
vn 0.25880000 0.00000000 0.96590000
vn 0.00000000 -1.00000000 0.00000000
vn -0.25880000 0.00000000 0.96590000
vn -0.25880000 0.00000000 0.96590000
vn -0.99550000 -0.09510000 0.00000000
vn -0.70710000 0.00000000 0.70710000
vn -0.70710000 0.00000000 0.70710000
vn -0.00000000 -0.09510000 0.99550000
vn 0.00000000 -1.00000000 0.00000000
vn 0.00000000 -1.00000000 0.00000000
vn -0.96590000 0.00000000 0.25880000
vn -0.96590000 0.00000000 0.25880000
vn 0.00000000 -1.00000000 0.00000000
vn -0.96590000 0.00000000 -0.25880000
vn -0.96590000 0.00000000 -0.25880000
vn -0.31380000 0.89610000 -0.31380000
vn -0.31380000 0.89610000 -0.31380000
vn -0.70710000 0.00000000 -0.70710000
vn 0.00000000 1.00000000 0.00000000
vn -0.25880000 0.00000000 -0.96590000
vn -0.11490000 0.89610000 -0.42870000
vn -0.11490000 0.89610000 -0.42870000
vn 0.11490000 0.89610000 -0.42870000
vn 0.11490000 0.89610000 -0.42870000
vn 0.25880000 0.00000000 -0.96590000
vn 0.70710000 0.00000000 -0.70710000
vn 0.31380000 0.89610000 -0.31380000
vn 0.31380000 0.89610000 -0.31380000
vn 0.42870000 0.89610000 -0.11490000
vn 0.42870000 0.89610000 -0.11490000
vn 0.96590000 0.00000000 -0.25880000
vn 0.42870000 0.89610000 0.11490000
vn 0.42870000 0.89610000 0.11490000
vn 0.96590000 0.00000000 0.25880000
vn 0.31380000 0.89610000 0.31380000
vn 0.70710000 0.00000000 0.70710000
vn 0.31380000 0.89610000 0.31380000
vn 0.25880000 0.00000000 0.96590000
vn 0.11490000 0.89610000 0.42870000
vn 0.11490000 0.89610000 0.42870000
vn -0.11490000 0.89610000 0.42870000
vn -0.25880000 0.00000000 0.96590000
vn -0.11490000 0.89610000 0.42870000
vn -0.31380000 0.89610000 0.31380000
vn -0.70710000 0.00000000 0.70710000
vn -0.31380000 0.89610000 0.31380000
vn -0.42870000 0.89610000 0.11490000
vn -0.96590000 0.00000000 0.25880000
vn -0.42870000 0.89610000 0.11490000
vn -0.42870000 0.89610000 -0.11490000
vn -0.42870000 0.89610000 -0.11490000
vn -0.96590000 0.00000000 -0.25880000
vn -0.25880000 0.00000000 -0.96590000
vn -0.03770000 -0.98930000 -0.14070000
vn -0.10300000 -0.98930000 -0.10300000
vn -0.70710000 0.00000000 -0.70710000
vn 0.03770000 -0.98930000 -0.14070000
vn 0.25880000 0.00000000 -0.96590000
vn 0.10300000 -0.98930000 -0.10300000
vn 0.70710000 0.00000000 -0.70710000
vn 0.96590000 0.00000000 -0.25880000
vn 0.14070000 -0.98930000 -0.03770000
vn 0.96590000 0.00000000 0.25880000
vn 0.14070000 -0.98930000 0.03770000
vn 0.10300000 -0.98930000 0.10300000
vn 0.70710000 0.00000000 0.70710000
vn 0.03770000 -0.98930000 0.14070000
vn 0.25880000 0.00000000 0.96590000
vn -0.03770000 -0.98930000 0.14070000
vn -0.25880000 0.00000000 0.96590000
vn -0.10300000 -0.98930000 0.10300000
vn -0.70710000 0.00000000 0.70710000
vn -0.96590000 0.00000000 0.25880000
vn -0.14070000 -0.98930000 0.03770000
vn -0.14070000 -0.98930000 -0.03770000
vn -0.96590000 0.00000000 -0.25880000
vn -0.10300000 -0.98930000 -0.10300000
vn -0.70710000 0.00000000 -0.70710000
vn -0.25880000 0.00000000 -0.96590000
vn -0.03770000 -0.98930000 -0.14070000
vn 0.25880000 0.00000000 -0.96590000
vn 0.03770000 -0.98930000 -0.14070000
vn 0.10300000 -0.98930000 -0.10300000
vn 0.70710000 0.00000000 -0.70710000
vn 0.14070000 -0.98930000 -0.03770000
vn 0.96590000 0.00000000 -0.25880000
vn 0.96590000 0.00000000 0.25880000
vn 0.14070000 -0.98930000 0.03770000
vn 0.10300000 -0.98930000 0.10300000
vn 0.70710000 0.00000000 0.70710000
vn 0.25880000 0.00000000 0.96590000
vn 0.03770000 -0.98930000 0.14070000
vn -0.03770000 -0.98930000 0.14070000
vn -0.25880000 0.00000000 0.96590000
vn -0.10300000 -0.98930000 0.10300000
vn -0.70710000 0.00000000 0.70710000
vn -0.14070000 -0.98930000 0.03770000
vn -0.96590000 0.00000000 0.25880000
vn -0.96590000 0.00000000 -0.25880000
vn -0.14070000 -0.98930000 -0.03770000
vn -0.00000000 -0.09510000 0.99550000
vn -0.99550000 -0.09510000 0.00000000
vn 0.00000000 -1.00000000 0.00000000
vn 0.00000000 -1.00000000 0.00000000
vn -0.99550000 -0.09510000 0.00000000
vn 0.00000000 -0.09510000 -0.99550000
vn 0.00000000 -0.09510000 -0.99550000
vn 0.99550000 -0.09510000 0.00000000
vn 0.00000000 -1.00000000 0.00000000
vn 0.00000000 -1.00000000 0.00000000
vn -0.00000000 -0.09510000 0.99550000
vn 0.99550000 -0.09510000 0.00000000
vn 0.00000000 0.30640000 -0.95190000
vn 0.95190000 0.30640000 0.00000000
vn 0.95190000 0.30640000 0.00000000
vn 0.00000000 -0.29460000 0.95560000
vn 0.00000000 -0.29460000 0.95560000
vn -0.95560000 -0.29460000 0.00000000
vn -0.95560000 -0.29460000 0.00000000
vn 0.00000000 0.30640000 -0.95190000
vn 0.00000000 0.30640000 -0.95190000
vn 0.95190000 0.30640000 0.00000000
vn 0.00000000 -0.29460000 0.95560000
vn 0.95190000 0.30640000 0.00000000
vn 0.00000000 -0.29460000 0.95560000
vn -0.95560000 -0.29460000 0.00000000
vn -0.95560000 -0.29460000 0.00000000
vn 0.00000000 0.30640000 -0.95190000
vn -0.95560000 0.29450000 0.00000000
vn 0.00000000 -0.30640000 0.95190000
vn 0.00000000 0.29460000 -0.95560000
vn -0.95560000 0.29450000 0.00000000
vn 0.95190000 -0.30640000 0.00000000
vn 0.00000000 0.29460000 -0.95560000
vn 0.00000000 -0.30640000 0.95190000
vn 0.95190000 -0.30640000 0.00000000
vn -0.95560000 0.29450000 0.00000000
vn 0.00000000 -0.30640000 0.95190000
vn 0.00000000 0.29460000 -0.95560000
vn -0.95560000 0.29450000 0.00000000
vn 0.95190000 -0.30640000 0.00000000
vn 0.00000000 0.29460000 -0.95560000
vn 0.00000000 -0.30640000 0.95190000
vn 0.95190000 -0.30640000 0.00000000
vn 0.00000000 -0.29460000 -0.95560000
vn 0.95190000 0.30640000 0.00000000
vn 0.00000000 0.30640000 0.95190000
vn 0.95190000 0.30640000 0.00000000
vn -0.95560000 -0.29460000 0.00000000
vn 0.00000000 0.30640000 0.95190000
vn 0.00000000 -0.29460000 -0.95560000
vn -0.95560000 -0.29460000 0.00000000
vn 0.00000000 -0.29460000 -0.95560000
vn 0.95190000 0.30640000 0.00000000
vn 0.00000000 0.30640000 0.95190000
vn 0.95190000 0.30640000 0.00000000
vn -0.95560000 -0.29460000 0.00000000
vn 0.00000000 0.30640000 0.95190000
vn -0.95560000 -0.29460000 0.00000000
vn 0.00000000 -0.29460000 -0.95560000
vn -0.95560000 0.29460000 0.00000000
vn 0.00000000 0.29460000 0.95560000
vn -0.95560000 0.29460000 0.00000000
vn 0.00000000 -0.30640000 -0.95190000
vn 0.95190000 -0.30640000 0.00000000
vn 0.00000000 -0.30640000 -0.95190000
vn 0.95190000 -0.30640000 0.00000000
vn 0.00000000 0.29460000 0.95560000
vn -0.95560000 0.29460000 0.00000000
vn 0.00000000 0.29460000 0.95560000
vn -0.95560000 0.29460000 0.00000000
vn 0.00000000 -0.30640000 -0.95190000
vn 0.95190000 -0.30640000 0.00000000
vn 0.00000000 -0.30640000 -0.95190000
vn 0.00000000 0.29460000 0.95560000
vn 0.95190000 -0.30640000 0.00000000
vn -0.50000000 0.00000000 -0.86600000
vn 0.50000000 0.00000000 -0.86600000
vn 0.50000000 0.00000000 -0.86600000
vn -0.50000000 0.00000000 -0.86600000
vn 1.00000000 0.00000000 0.00000000
vn 0.50000000 0.00000000 -0.86600000
vn 0.50000000 0.00000000 -0.86600000
vn 1.00000000 0.00000000 0.00000000
vn 1.00000000 0.00000000 0.00000000
vn 0.50000000 0.00000000 0.86600000
vn 0.50000000 0.00000000 0.86600000
vn 1.00000000 0.00000000 0.00000000
vn 0.50000000 0.00000000 0.86600000
vn -0.50000000 0.00000000 0.86600000
vn -0.50000000 0.00000000 0.86600000
vn 0.50000000 0.00000000 0.86600000
vn -1.00000000 0.00000000 0.00000000
vn -0.50000000 0.00000000 0.86600000
vn -0.50000000 0.00000000 0.86600000
vn -1.00000000 0.00000000 0.00000000
vn -0.50000000 0.00000000 -0.86600000
vn -1.00000000 0.00000000 0.00000000
vn -1.00000000 0.00000000 0.00000000
vn -0.50000000 0.00000000 -0.86600000
vn 0.00000000 0.00000000 1.00000000
vn 0.15120000 -0.97820000 0.14240000
vn 1.00000000 0.00000000 0.00000000
vn 0.10810000 0.98890000 0.10180000
vn 0.00000000 0.00000000 1.00000000
vn 1.00000000 0.00000000 0.00000000
vn 0.10810000 0.98890000 -0.10180000
vn 1.00000000 0.00000000 0.00000000
vn 0.00000000 0.00000000 -1.00000000
vn 0.15120000 -0.97820000 -0.14240000
vn 0.00000000 0.00000000 -1.00000000
vn 1.00000000 0.00000000 0.00000000
vn -0.95710000 0.19970000 -0.21010000
vn 0.00000000 0.99210000 -0.12560000
vn 0.00000000 0.04520000 -0.99900000
vn -0.95710000 0.19970000 -0.21010000
vn 0.95710000 0.19970000 -0.21010000
vn 0.00000000 0.99210000 -0.12560000
vn 0.00000000 0.04520000 -0.99900000
vn 0.95710000 0.19970000 -0.21010000
vn 0.00000000 0.99210000 -0.12560000
vn 0.96290000 0.21680000 0.16070000
vn 0.00000000 0.05660000 0.99840000
vn 0.96290000 0.21680000 0.16070000
vn 0.00000000 0.05660000 0.99840000
vn -0.96290000 0.21680000 0.16070000
vn 0.00000000 0.99210000 -0.12560000
vn -0.96290000 0.21680000 0.16070000
vn 1.00000000 0.00000000 0.00000000
vn 0.12770000 -0.97690000 -0.17140000
vn 0.00000000 0.00000000 -1.00000000
vn 0.09090000 0.98820000 -0.12320000
vn 0.09090000 0.98820000 0.12320000
vn 0.12770000 -0.97690000 0.17140000
vn 0.00000000 0.00000000 1.00000000
vn 1.00000000 0.00000000 0.00000000
vn -0.09090000 0.98820000 -0.12320000
vn 0.00000000 0.00000000 -1.00000000
vn -1.00000000 0.00000000 0.00000000
vn -0.12770000 -0.97690000 -0.17140000
vn -0.09090000 0.98820000 0.12320000
vn 0.00000000 0.00000000 1.00000000
vn -1.00000000 0.00000000 0.00000000
vn -0.12770000 -0.97690000 0.17140000
vn -1.00000000 0.00000000 0.00000000
vn 0.00000000 0.00000000 1.00000000
vn -0.10810000 0.98890000 0.10180000
vn -0.15120000 -0.97820000 0.14240000
vn 0.00000000 0.00000000 1.00000000
vn -1.00000000 0.00000000 0.00000000
vn 0.00000000 0.00000000 -1.00000000
vn -1.00000000 0.00000000 0.00000000
vn -0.10810000 0.98890000 -0.10180000
vn 0.00000000 0.00000000 -1.00000000
vn -0.15120000 -0.97820000 -0.14240000
vn -1.00000000 0.00000000 0.00000000
vn 0.27810000 -0.93890000 -0.20300000
vn 0.27810000 -0.93890000 -0.20300000
vn 1.00000000 0.00000000 0.00000000
vn 0.00000000 0.00000000 -1.00000000
vn 0.64690000 -0.76260000 0.00000000
vn 0.00000000 -0.84950000 -0.52750000
vn -0.00000000 -0.84950000 0.52750000
vn 0.00000000 0.00000000 1.00000000
vn 0.64690000 -0.76260000 0.00000000
vn 1.00000000 0.00000000 0.00000000
vn 0.27810000 -0.93890000 0.20300000
vn 0.27810000 -0.93890000 0.20300000
vn -0.64690000 -0.76260000 -0.00000000
vn 0.00000000 -0.84950000 -0.52750000
vn -1.00000000 0.00000000 0.00000000
vn 0.00000000 0.00000000 -1.00000000
vn -0.27810000 -0.93890000 -0.20300000
vn -0.27810000 -0.93890000 -0.20300000
vn -0.00000000 -0.84950000 0.52750000
vn 0.00000000 0.00000000 1.00000000
vn -1.00000000 0.00000000 0.00000000
vn -0.64690000 -0.76260000 -0.00000000
vn -0.27810000 -0.93890000 0.20300000
vn -0.27810000 -0.93890000 0.20300000
vn 0.00000000 0.99180000 -0.12820000
vn 0.98960000 0.14350000 -0.00930000
vn 0.00000000 0.00000000 -1.00000000
vn 0.00000000 0.00000000 1.00000000
vn 0.98960000 0.14350000 -0.00930000
vn 0.00000000 0.99180000 -0.12820000
vn -0.98960000 0.14350000 -0.00930000
vn 0.00000000 0.99180000 -0.12820000
vn 0.00000000 0.00000000 1.00000000
vn 0.00000000 0.00000000 -1.00000000
vn -0.98960000 0.14350000 -0.00930000
vn 0.00000000 0.99180000 -0.12820000
vn 0.00000000 0.00000000 -1.00000000
vn 0.98960000 0.14350000 -0.00930000
vn 0.00000000 0.00000000 1.00000000
vn 0.98960000 0.14350000 -0.00930000
vn -0.98960000 0.14350000 -0.00930000
vn 0.00000000 0.00000000 -1.00000000
vn -0.98960000 0.14350000 -0.00930000
vn 0.00000000 0.00000000 1.00000000
vn 0.00000000 0.99210000 -0.12560000
vn 0.00000000 0.04520000 -0.99900000
vn -0.95710000 0.19970000 -0.21010000
vn -0.95710000 0.19970000 -0.21010000
vn 0.95710000 0.19970000 -0.21010000
vn 0.00000000 0.99210000 -0.12560000
vn 0.00000000 0.04520000 -0.99900000
vn 0.95710000 0.19970000 -0.21010000
vn 0.96290000 0.21680000 0.16070000
vn 0.00000000 0.99210000 -0.12560000
vn 0.96290000 0.21680000 0.16070000
vn 0.00000000 0.05660000 0.99840000
vn 0.00000000 0.99210000 -0.12560000
vn -0.96290000 0.21680000 0.16070000
vn 0.00000000 0.05660000 0.99840000
vn -0.96290000 0.21680000 0.16070000
vn 0.00000000 0.99180000 -0.12820000
vn 0.00000000 0.00000000 -1.00000000
vn 0.95690000 0.20290000 -0.20760000
vn 0.95690000 0.20290000 -0.20760000
vn -0.95690000 0.20290000 -0.20760000
vn -0.95690000 0.20290000 -0.20760000
vn 0.00000000 0.00000000 -1.00000000
vn 0.00000000 0.99180000 -0.12820000
vn 0.00000000 0.99180000 -0.12820000
vn 0.95690000 0.20290000 -0.20760000
vn 0.00000000 0.00000000 -1.00000000
vn 0.95690000 0.20290000 -0.20760000
vn -0.95690000 0.20290000 -0.20760000
vn 0.00000000 0.00000000 -1.00000000
vn -0.95690000 0.20290000 -0.20760000
vn 0.00000000 0.99180000 -0.12820000
vn -0.96310000 0.20200000 0.17770000
vn 0.00000000 0.99180000 -0.12820000
vn 0.00000000 0.00000000 1.00000000
vn -0.96310000 0.20200000 0.17770000
vn 0.96310000 0.20200000 0.17770000
vn 0.96310000 0.20200000 0.17770000
vn 0.00000000 0.99180000 -0.12820000
vn 0.00000000 0.00000000 1.00000000
vn -0.96310000 0.20200000 0.17770000
vn 0.00000000 0.99180000 -0.12820000
vn 0.00000000 0.00000000 1.00000000
vn -0.96310000 0.20200000 0.17770000
vn 0.00000000 0.99180000 -0.12820000
vn 0.00000000 0.00000000 1.00000000
vn 0.96310000 0.20200000 0.17770000
vn 0.96310000 0.20200000 0.17770000
vn 0.00000000 0.00000000 1.00000000
vn 0.92550000 0.01170000 0.37870000
vn 0.00000000 0.00000000 1.00000000
vn -0.92550000 0.01170000 0.37870000
vn 0.00000000 0.00000000 1.00000000
vn 0.92550000 0.01170000 0.37870000
vn 0.00000000 0.00000000 1.00000000
vn -0.92550000 0.01170000 0.37870000
vn 0.00000000 0.00000000 -1.00000000
vn -0.93570000 0.00900000 -0.35280000
vn 0.00000000 0.00000000 -1.00000000
vn 0.93570000 0.00900000 -0.35280000
vn -0.93570000 0.00900000 -0.35280000
vn 0.00000000 0.00000000 -1.00000000
vn 0.93570000 0.00900000 -0.35280000
vn 0.00000000 0.00000000 -1.00000000
vn -0.92550000 0.01170000 0.37870000
vn 0.00000000 0.05660000 0.99840000
vn 0.00000000 0.05660000 0.99840000
vn 0.92550000 0.01170000 0.37870000
vn 0.00000000 0.05660000 0.99840000
vn -0.92550000 0.01170000 0.37870000
vn 0.00000000 0.05660000 0.99840000
vn 0.92550000 0.01170000 0.37870000
vn 0.93570000 0.00900000 -0.35280000
vn 0.00000000 0.04520000 -0.99900000
vn 0.00000000 0.04520000 -0.99900000
vn -0.93570000 0.00900000 -0.35280000
vn 0.00000000 0.04520000 -0.99900000
vn 0.93570000 0.00900000 -0.35280000
vn -0.93570000 0.00900000 -0.35280000
vn 0.00000000 0.04520000 -0.99900000
vn 0.00000000 -0.21570000 -0.97650000
vn 0.00000000 -0.21570000 -0.97650000
vn -0.97650000 -0.21570000 -0.00000000
vn -0.97650000 -0.21570000 -0.00000000
vn 0.00000000 0.21570000 -0.97650000
vn -0.97650000 0.21570000 -0.00000000
vn 0.00000000 0.21570000 -0.97650000
vn -0.97650000 0.21570000 -0.00000000
vn 0.00000000 0.50520000 -0.86300000
vn 0.00000000 -0.50520000 -0.86300000
vn -0.86300000 0.50520000 -0.00000000
vn -0.86300000 -0.50520000 -0.00000000
vn 0.97650000 0.21570000 0.00000000
vn 0.97650000 0.21570000 0.00000000
vn 0.00000000 0.21570000 -0.97650000
vn 0.00000000 0.21570000 -0.97650000
vn 0.97650000 -0.21570000 0.00000000
vn 0.97650000 -0.21570000 0.00000000
vn 0.00000000 -0.21570000 -0.97650000
vn 0.00000000 -0.21570000 -0.97650000
vn 0.00000000 0.50520000 -0.86300000
vn 0.00000000 -0.50520000 -0.86300000
vn 0.86300000 0.50520000 0.00000000
vn 0.86300000 -0.50520000 0.00000000
vn -0.00000000 -0.21570000 0.97650000
vn 0.97650000 -0.21570000 0.00000000
vn 0.97650000 -0.21570000 0.00000000
vn -0.00000000 -0.21570000 0.97650000
vn -0.00000000 0.21570000 0.97650000
vn -0.00000000 0.21570000 0.97650000
vn 0.97650000 0.21570000 0.00000000
vn 0.97650000 0.21570000 0.00000000
vn 0.86300000 0.50520000 0.00000000
vn 0.86300000 -0.50520000 0.00000000
vn -0.00000000 -0.50520000 0.86300000
vn -0.00000000 0.50520000 0.86300000
vn -0.97650000 0.21570000 -0.00000000
vn -0.00000000 0.21570000 0.97650000
vn -0.00000000 0.21570000 0.97650000
vn -0.97650000 0.21570000 -0.00000000
vn -0.00000000 -0.21570000 0.97650000
vn -0.00000000 -0.21570000 0.97650000
vn -0.97650000 -0.21570000 -0.00000000
vn -0.97650000 -0.21570000 -0.00000000
vn -0.86300000 0.50520000 -0.00000000
vn -0.00000000 0.50520000 0.86300000
vn -0.86300000 -0.50520000 -0.00000000
vn -0.00000000 -0.50520000 0.86300000
vn 0.00000000 0.00000000 1.00000000
vn 0.00000000 0.00000000 1.00000000
vn 0.00000000 0.00000000 1.00000000
vn 0.00000000 0.00000000 1.00000000
vn 0.97790000 0.00000000 0.20930000
vn 0.20930000 0.00000000 -0.97790000
vn 0.00000000 -1.00000000 0.00000000
vn 0.97790000 0.00000000 0.20930000
vn 0.20930000 0.00000000 -0.97790000
vn 0.00000000 1.00000000 0.00000000
vn 0.00000000 -1.00000000 0.00000000
vn -0.20930000 0.00000000 0.97790000
vn 0.97790000 0.00000000 0.20930000
vn -0.20930000 0.00000000 0.97790000
vn 0.00000000 1.00000000 0.00000000
vn 0.97790000 0.00000000 0.20930000
vn -0.97790000 0.00000000 -0.20930000
vn 0.20930000 0.00000000 -0.97790000
vn 0.00000000 -1.00000000 0.00000000
vn -0.97790000 0.00000000 -0.20930000
vn 0.20930000 0.00000000 -0.97790000
vn 0.00000000 1.00000000 0.00000000
vn -0.97790000 0.00000000 -0.20930000
vn 0.00000000 -1.00000000 0.00000000
vn -0.20930000 0.00000000 0.97790000
vn 0.00000000 1.00000000 0.00000000
vn -0.20930000 0.00000000 0.97790000
vn -0.97790000 0.00000000 -0.20930000
vn 0.20930000 0.00000000 -0.97790000
vn 0.20930000 0.00000000 -0.97790000
vn 0.20930000 0.00000000 -0.97790000
vn 0.20930000 0.00000000 -0.97790000
vn -0.20930000 0.00000000 0.97790000
vn 0.00000000 -1.00000000 0.00000000
vn 0.00000000 -1.00000000 0.00000000
vn -0.20930000 0.00000000 0.97790000
vn -0.20930000 0.00000000 0.97790000
vn 0.00000000 -1.00000000 0.00000000
vn -0.20930000 0.00000000 0.97790000
vn 0.00000000 -1.00000000 0.00000000
vn 0.00000000 1.00000000 0.00000000
vn 0.00000000 1.00000000 0.00000000
vn -0.20930000 0.00000000 0.97790000
vn -0.20930000 0.00000000 0.97790000
vn 0.00000000 1.00000000 0.00000000
vn 0.00000000 1.00000000 0.00000000
vn -0.20930000 0.00000000 0.97790000
vn -0.20930000 0.00000000 0.97790000
vn 0.00000000 -1.00000000 0.00000000
vn 0.00000000 -1.00000000 0.00000000
vn 0.20930000 0.00000000 -0.97790000
vn 0.20930000 0.00000000 -0.97790000
vn 0.20930000 0.00000000 -0.97790000
vn 0.00000000 -1.00000000 0.00000000
vn 0.00000000 -1.00000000 0.00000000
vn 0.20930000 0.00000000 -0.97790000
vn 0.00000000 1.00000000 0.00000000
vn 0.00000000 1.00000000 0.00000000
vn 0.20930000 0.00000000 -0.97790000
vn 0.20930000 0.00000000 -0.97790000
vn 0.20930000 0.00000000 -0.97790000
vn 0.00000000 1.00000000 0.00000000
vn 0.20930000 0.00000000 -0.97790000
vn 0.00000000 1.00000000 0.00000000
vn 0.00000000 1.00000000 0.00000000
vn 0.00000000 1.00000000 0.00000000
vn 0.00000000 1.00000000 0.00000000
vn 0.00000000 1.00000000 0.00000000
vn -0.22010000 -0.00000000 -0.97550000
vn 0.00000000 -1.00000000 0.00000000
vn 0.97550000 0.00000000 -0.22010000
vn 0.97550000 0.00000000 -0.22010000
vn 0.22010000 0.00000000 0.97550000
vn 0.00000000 -1.00000000 0.00000000
vn 0.00000000 -1.00000000 0.00000000
vn -0.22010000 -0.00000000 -0.97550000
vn -0.97550000 0.00000000 0.22010000
vn -0.22010000 -0.00000000 -0.97550000
vn -0.97550000 0.00000000 0.22010000
vn 0.00000000 1.00000000 0.00000000
vn 0.00000000 -1.00000000 0.00000000
vn 0.22010000 0.00000000 0.97550000
vn -0.97550000 0.00000000 0.22010000
vn -0.97550000 0.00000000 0.22010000
vn 0.22010000 0.00000000 0.97550000
vn 0.00000000 1.00000000 0.00000000
vn -0.22010000 -0.00000000 -0.97550000
vn -0.22010000 -0.00000000 -0.97550000
vn -0.22010000 -0.00000000 -0.97550000
vn -0.22010000 -0.00000000 -0.97550000
vn -0.41740000 -0.90380000 0.09420000
vn -0.41740000 -0.90380000 0.09420000
vn 0.97550000 0.00000000 -0.22010000
vn 0.22010000 0.00000000 0.97550000
vn 0.00000000 1.00000000 0.00000000
vn -0.41740000 -0.90380000 0.09420000
vn -0.41740000 -0.90380000 0.09420000
vn -0.22010000 -0.00000000 -0.97550000
vn 0.97550000 0.00000000 -0.22010000
vn 0.00000000 1.00000000 0.00000000
vn 0.00000000 1.00000000 0.00000000
vn 0.00000000 1.00000000 0.00000000
vn 0.22010000 0.00000000 0.97550000
vn -0.22010000 -0.00000000 -0.97550000
vn 0.00000000 1.00000000 0.00000000
vn 0.00000000 1.00000000 0.00000000
vn -0.59850000 0.64820000 -0.47090000
vn 0.84580000 -0.04200000 -0.53190000
vn 0.08340000 0.55490000 -0.82770000
vn 0.76720000 -0.04200000 0.64000000
vn 0.83470000 0.54780000 0.05600000
vn 0.84580000 -0.04200000 -0.53190000
vn 0.76720000 -0.04200000 0.64000000
vn -0.02790000 0.55490000 0.83140000
vn -0.65600000 0.64820000 0.38680000
vn -0.13910000 0.71780000 -0.68220000
vn -0.13910000 0.71780000 -0.68220000
vn 0.47360000 0.84010000 -0.26430000
vn 0.47360000 0.84010000 -0.26430000
vn 0.84580000 -0.04200000 -0.53190000
vn 0.43410000 0.84010000 0.32520000
vn 0.76720000 -0.04200000 0.64000000
vn 0.43410000 0.84010000 0.32520000
vn -0.22890000 0.71780000 0.65750000
vn -0.22890000 0.71780000 0.65750000
vn -0.63200000 0.77380000 -0.04240000
vn -0.63200000 0.77380000 -0.04240000
vn -0.06260000 0.99800000 -0.00420000
vn -0.23970000 0.48850000 -0.83900000
vn 0.99760000 -0.02890000 0.06230000
vn 0.57680000 0.39680000 -0.71410000
vn 0.76070000 0.16150000 0.62870000
vn -0.59280000 0.39680000 0.70090000
vn 0.24900000 -0.02890000 0.96810000
vn -0.86910000 0.48850000 -0.07750000
vn 0.31690000 0.63220000 -0.70700000
vn 0.31690000 0.63220000 -0.70700000
vn 0.83310000 0.54820000 0.07370000
vn 0.83310000 0.54820000 0.07370000
vn 0.22910000 0.54820000 0.80430000
vn 0.22910000 0.54820000 0.80430000
vn -0.63480000 0.63220000 0.44430000
vn -0.63480000 0.63220000 0.44430000
vn -0.56770000 0.67650000 -0.46920000
vn -0.56770000 0.67650000 -0.46920000
vn -0.05650000 0.99730000 -0.04670000
vt 0.27891000 0.78046700
vt 0.27891000 0.82734200
vt 0.27891000 0.82734200
vt 0.27891000 0.84765600
vt 0.27891000 0.87890600
vt 0.27891000 0.84765600
vt 0.27891000 0.82734200
vt 0.27891000 0.78046700
vt 0.27891000 0.82734200
vt 0.27891000 0.87890600
vt 0.27891000 0.84765600
vt 0.27891000 0.84765600
vt 0.33437100 0.82734200
vt 0.33437100 0.82734200
vt 0.33437100 0.78046700
vt 0.33437100 0.84765600
vt 0.33437100 0.84765600
vt 0.33437100 0.87890600
vt 0.33437100 0.82734200
vt 0.33437100 0.78046700
vt 0.33437100 0.82734200
vt 0.33437100 0.87890600
vt 0.33437100 0.84765600
vt 0.33437100 0.84765600
vt 0.33159800 0.82734200
vt 0.33159800 0.81171700
vt 0.33159800 0.78046700
vt 0.28168300 0.81171700
vt 0.28168300 0.78046700
vt 0.28168300 0.82734200
vt 0.28168300 0.86328100
vt 0.28168300 0.87890600
vt 0.28168300 0.84765600
vt 0.28168300 0.83203100
vt 0.33159800 0.84765600
vt 0.33159800 0.83203100
vt 0.33159800 0.87890600
vt 0.33159800 0.86328100
vt 0.28168300 0.78046700
vt 0.28168300 0.82734200
vt 0.28168300 0.81171700
vt 0.33159800 0.81171700
vt 0.33159800 0.82734200
vt 0.33159800 0.78046700
vt 0.33159800 0.84765600
vt 0.33159800 0.86328100
vt 0.33159800 0.87890600
vt 0.33159800 0.83203100
vt 0.28168300 0.86328100
vt 0.28168300 0.83203100
vt 0.28168300 0.84765600
vt 0.28168300 0.87890600
vt 0.27891000 0.82734200
vt 0.27891000 0.81171700
vt 0.27891000 0.78046700
vt 0.27891000 0.82734200
vt 0.27891000 0.78046700
vt 0.27891000 0.81171700
vt 0.27891000 0.84765600
vt 0.27891000 0.86328100
vt 0.27891000 0.87890600
vt 0.27891000 0.83203100
vt 0.27891000 0.86328100
vt 0.27891000 0.87890600
vt 0.27891000 0.84765600
vt 0.27891000 0.83203100
vt 0.33437100 0.78046700
vt 0.33437100 0.82734200
vt 0.33437100 0.81171700
vt 0.33437100 0.82734200
vt 0.33437100 0.81171700
vt 0.33437100 0.78046700
vt 0.33437100 0.83203100
vt 0.33437100 0.84765600
vt 0.33437100 0.87890600
vt 0.33437100 0.86328100
vt 0.33437100 0.86328100
vt 0.33437100 0.87890600
vt 0.33437100 0.84765600
vt 0.33437100 0.83203100
vt 0.33159800 0.87890600
vt 0.33159800 0.86328100
vt 0.33159800 0.84765600
vt 0.33159800 0.86328100
vt 0.33159800 0.84765600
vt 0.33159800 0.87890600
vt 0.28168300 0.84765600
vt 0.28168300 0.86328100
vt 0.28168300 0.87890600
vt 0.28168300 0.86328100
vt 0.28168300 0.87890600
vt 0.28168300 0.84765600
vt 0.28168300 0.78046700
vt 0.28168300 0.78046700
vt 0.33159800 0.78046700
vt 0.33159800 0.78046700
vt 0.43750000 0.42866700
vt 0.68750000 0.92866700
vt 0.06250000 0.56587400
vt 0.03125000 0.56096900
vt 0.65625000 0.81096900
vt 0.06250000 0.60784400
vt 0.68750000 0.85784400
vt 0.68750000 0.89456700
vt 0.68750000 0.85784400
vt 0.06250000 0.60784400
vt 0.06250000 0.60784400
vt 0.68750000 0.85784400
vt 0.06250000 0.57659400
vt 0.68750000 0.82659400
vt 0.71875000 0.82014900
vt 0.71875000 0.82014900
vt 0.68750000 0.86702400
vt 0.68750000 0.88538600
vt 0.71875000 0.83851100
vt 0.71875000 0.83851100
vt 0.68750000 0.88538600
vt 0.71875000 0.83851100
vt 0.71875000 0.83851100
vt 0.68750000 0.86702400
vt 0.71875000 0.82014900
vt 0.71875000 0.82014900
vt 0.09375000 0.52818000
vt 0.09375000 0.52818000
vt 0.06250000 0.57505500
vt 0.09375000 0.54654200
vt 0.06250000 0.59341700
vt 0.09375000 0.54654200
vt 0.06250000 0.59341700
vt 0.09375000 0.54654200
vt 0.09375000 0.54654200
vt 0.09375000 0.51926200
vt 0.06250000 0.56613700
vt 0.09375000 0.51926200
vt 0.68750000 0.86702400
vt 0.71875000 0.82014900
vt 0.71875000 0.82014900
vt 0.68750000 0.88538600
vt 0.71875000 0.83851100
vt 0.71875000 0.83851100
vt 0.68750000 0.88538600
vt 0.71875000 0.83851100
vt 0.71875000 0.83851100
vt 0.68750000 0.86702400
vt 0.71875000 0.82014900
vt 0.71875000 0.82014900
vt 0.09375000 0.52818000
vt 0.09375000 0.52818000
vt 0.71875000 0.83851100
vt 0.71875000 0.83851100
vt 0.71875000 0.82014900
vt 0.71875000 0.82014900
vt 0.71875000 0.82014900
vt 0.71875000 0.82014900
vt 0.71875000 0.83851100
vt 0.71875000 0.83851100
vt 0.09375000 0.54654200
vt 0.09375000 0.54654200
vt 0.71875000 0.83851100
vt 0.71875000 0.83851100
vt 0.71875000 0.82014900
vt 0.71875000 0.82014900
vt 0.71875000 0.82014900
vt 0.71875000 0.82014900
vt 0.71875000 0.83851100
vt 0.71875000 0.83851100
vt 0.43750000 0.31587400
vt 0.06250000 0.56587400
vt 0.06250000 0.56587400
vt 0.03125000 0.51899900
vt 0.06250000 0.56587400
vt 0.03125000 0.51899900
vt 0.65625000 0.84769200
vt 0.68750000 0.89456700
vt 0.68750000 0.89456700
vt 0.65625000 0.84769200
vt 0.71875000 0.82014900
vt 0.71875000 0.82014900
vt 0.71875000 0.83851100
vt 0.71875000 0.83851100
vt 0.71875000 0.82014900
vt 0.71875000 0.82014900
vt 0.71875000 0.83851100
vt 0.71875000 0.83851100
vt 0.09375000 0.54654200
vt 0.09375000 0.54654200
vt 0.09375000 0.52818000
vt 0.09375000 0.52818000
vt 0.71875000 0.83851100
vt 0.71875000 0.83851100
vt 0.68750000 0.88538600
vt 0.68750000 0.86702400
vt 0.71875000 0.82014900
vt 0.71875000 0.82014900
vt 0.68750000 0.86702400
vt 0.71875000 0.82014900
vt 0.71875000 0.82014900
vt 0.71875000 0.83851100
vt 0.71875000 0.83851100
vt 0.68750000 0.88538600
vt 0.06250000 0.59341700
vt 0.09375000 0.54654200
vt 0.09375000 0.54654200
vt 0.09375000 0.52818000
vt 0.06250000 0.57505500
vt 0.09375000 0.52818000
vt 0.06250000 0.60784400
vt 0.68750000 0.85784400
vt 0.03125000 0.56096900
vt 0.65625000 0.81096900
vt 0.06250000 0.60784400
vt 0.68750000 0.85784400
vt 0.68750000 0.89456700
vt 0.68750000 0.89741700
vt 0.68750000 0.92866700
vt 0.68750000 0.92866700
vt 0.71875000 0.85687300
vt 0.68750000 0.90374800
vt 0.71875000 0.85687300
vt 0.68750000 0.92210900
vt 0.71875000 0.87523400
vt 0.71875000 0.87523400
vt 0.68750000 0.92210900
vt 0.71875000 0.87523400
vt 0.71875000 0.87523400
vt 0.68750000 0.90374700
vt 0.71875000 0.85687200
vt 0.71875000 0.85687200
vt 0.71875000 0.85687300
vt 0.71875000 0.85687300
vt 0.68750000 0.90374800
vt 0.71875000 0.87523400
vt 0.68750000 0.92210900
vt 0.71875000 0.87523400
vt 0.71875000 0.87523400
vt 0.71875000 0.87523400
vt 0.68750000 0.92210900
vt 0.68750000 0.90374800
vt 0.71875000 0.85687300
vt 0.71875000 0.85687300
vt 0.71875000 0.87523400
vt 0.71875000 0.87523400
vt 0.71875000 0.85687300
vt 0.71875000 0.85687300
vt 0.71875000 0.85687200
vt 0.71875000 0.85687200
vt 0.71875000 0.87523400
vt 0.71875000 0.87523400
vt 0.71875000 0.87523400
vt 0.71875000 0.87523400
vt 0.71875000 0.85687300
vt 0.71875000 0.85687300
vt 0.71875000 0.85687300
vt 0.71875000 0.85687300
vt 0.71875000 0.87523400
vt 0.71875000 0.87523400
vt 0.65625000 0.88179200
vt 0.68750000 0.92866700
vt 0.65625000 0.88179200
vt 0.68750000 0.92866700
vt 0.71875000 0.85687300
vt 0.71875000 0.85687300
vt 0.71875000 0.87523400
vt 0.71875000 0.87523400
vt 0.71875000 0.85687300
vt 0.71875000 0.85687300
vt 0.71875000 0.87523400
vt 0.71875000 0.87523400
vt 0.68750000 0.92210900
vt 0.71875000 0.87523400
vt 0.71875000 0.87523400
vt 0.71875000 0.85687300
vt 0.71875000 0.85687300
vt 0.68750000 0.90374800
vt 0.68750000 0.90374800
vt 0.71875000 0.85687300
vt 0.71875000 0.85687300
vt 0.68750000 0.92210900
vt 0.71875000 0.87523400
vt 0.71875000 0.87523400
vt 0.68750000 0.92866700
vt 0.43750000 0.31587400
vt 0.40625000 0.26899900
vt 0.43750000 0.31587400
vt 0.06250000 0.53462400
vt 0.43750000 0.31587400
vt 0.43750000 0.39456700
vt 0.40625000 0.34769200
vt 0.43750000 0.39456700
vt 0.68750000 0.86331700
vt 0.43750000 0.39456700
vt 0.40625000 0.31096900
vt 0.43750000 0.35784400
vt 0.43750000 0.35784400
vt 0.68750000 0.82659400
vt 0.06250000 0.57659400
vt 0.46875000 0.27818000
vt 0.43750000 0.32505500
vt 0.46875000 0.27818000
vt 0.46875000 0.27818000
vt 0.46875000 0.27818000
vt 0.43750000 0.32505500
vt 0.43750000 0.34341700
vt 0.46875000 0.29654200
vt 0.46875000 0.29654200
vt 0.46875000 0.29654200
vt 0.46875000 0.29654200
vt 0.43750000 0.34341700
vt 0.46875000 0.33851100
vt 0.46875000 0.33851100
vt 0.43750000 0.38538600
vt 0.46875000 0.32014900
vt 0.46875000 0.32014900
vt 0.43750000 0.36702400
vt 0.43750000 0.36702400
vt 0.46875000 0.32014900
vt 0.46875000 0.32014900
vt 0.46875000 0.33851100
vt 0.46875000 0.33851100
vt 0.43750000 0.38538600
vt 0.46875000 0.27818000
vt 0.46875000 0.27818000
vt 0.46875000 0.27818000
vt 0.46875000 0.27818000
vt 0.46875000 0.29654200
vt 0.46875000 0.29654200
vt 0.46875000 0.29654200
vt 0.46875000 0.29654200
vt 0.46875000 0.33851100
vt 0.46875000 0.33851100
vt 0.46875000 0.32014900
vt 0.46875000 0.32014900
vt 0.46875000 0.33851100
vt 0.46875000 0.33851100
vt 0.46875000 0.32014900
vt 0.46875000 0.32014900
vt 0.46875000 0.32014900
vt 0.46875000 0.32014900
vt 0.46875000 0.33851100
vt 0.46875000 0.33851100
vt 0.46875000 0.32014900
vt 0.46875000 0.32014900
vt 0.46875000 0.33851100
vt 0.46875000 0.33851100
vt 0.46875000 0.29654200
vt 0.46875000 0.29654200
vt 0.46875000 0.29654200
vt 0.46875000 0.29654200
vt 0.46875000 0.27818000
vt 0.46875000 0.27818000
vt 0.46875000 0.27818000
vt 0.46875000 0.27818000
vt 0.46875000 0.33851100
vt 0.46875000 0.33851100
vt 0.43750000 0.38538600
vt 0.46875000 0.32014900
vt 0.43750000 0.36702400
vt 0.46875000 0.32014900
vt 0.46875000 0.32014900
vt 0.46875000 0.32014900
vt 0.43750000 0.36702400
vt 0.46875000 0.33851100
vt 0.43750000 0.38538600
vt 0.46875000 0.33851100
vt 0.46875000 0.29654200
vt 0.43750000 0.34341700
vt 0.46875000 0.29654200
vt 0.46875000 0.29654200
vt 0.43750000 0.34341700
vt 0.46875000 0.29654200
vt 0.46875000 0.27818000
vt 0.43750000 0.32505500
vt 0.46875000 0.27818000
vt 0.43750000 0.32505500
vt 0.46875000 0.27818000
vt 0.46875000 0.27818000
vt 0.43750000 0.35784400
vt 0.43750000 0.35784400
vt 0.40625000 0.31096900
vt 0.40625000 0.34769200
vt 0.43750000 0.39456700
vt 0.40625000 0.26899900
vt 0.43750000 0.31587400
vt 0.43750000 0.42866700
vt 0.40625000 0.38179200
vt 0.43750000 0.42866700
vt 0.43750000 0.42866700
vt 0.68750000 0.89741700
vt 0.46875000 0.37523400
vt 0.43750000 0.42210900
vt 0.46875000 0.37523400
vt 0.43750000 0.40374800
vt 0.46875000 0.35687300
vt 0.46875000 0.35687300
vt 0.43750000 0.40374800
vt 0.46875000 0.35687300
vt 0.46875000 0.35687300
vt 0.43750000 0.42210900
vt 0.46875000 0.37523400
vt 0.46875000 0.37523400
vt 0.46875000 0.37523400
vt 0.46875000 0.37523400
vt 0.46875000 0.35687300
vt 0.46875000 0.35687300
vt 0.46875000 0.37523400
vt 0.46875000 0.37523400
vt 0.46875000 0.35687300
vt 0.46875000 0.35687300
vt 0.46875000 0.35687300
vt 0.46875000 0.35687300
vt 0.46875000 0.37523400
vt 0.46875000 0.37523400
vt 0.46875000 0.35687300
vt 0.46875000 0.35687300
vt 0.46875000 0.37523400
vt 0.46875000 0.37523400
vt 0.43750000 0.42210900
vt 0.46875000 0.37523400
vt 0.46875000 0.37523400
vt 0.43750000 0.40374800
vt 0.46875000 0.35687300
vt 0.46875000 0.35687300
vt 0.46875000 0.35687300
vt 0.43750000 0.40374800
vt 0.46875000 0.35687300
vt 0.43750000 0.42210900
vt 0.46875000 0.37523400
vt 0.46875000 0.37523400
vt 0.40625000 0.38179200
vt 0.43750000 0.42866700
vt 0.06250000 0.60784400
vt 0.43750000 0.35784400
vt 0.68750000 0.85784400
vt 0.68750000 0.89456700
vt 0.43750000 0.39456700
vt 0.09375000 0.51926200
vt 0.06250000 0.56613700
vt 0.09375000 0.51926200
vt 0.09375000 0.54654200
vt 0.09375000 0.54654200
vt 0.06250000 0.59341700
vt 0.09375000 0.51926200
vt 0.09375000 0.51926200
vt 0.09375000 0.51926200
vt 0.09375000 0.51926200
vt 0.09375000 0.54654200
vt 0.09375000 0.54654200
vt 0.09375000 0.54654200
vt 0.09375000 0.54654200
vt 0.04100300 0.01579700
vt 0.90083000 0.66677600
vt 0.97418200 0.66677600
vt 0.20899700 0.01579700
vt 0.14663700 0.92785000
vt 0.14663700 0.95910000
vt 0.14663700 0.91734100
vt 0.14663700 0.88609100
vt 0.14663700 0.91734100
vt 0.14663700 0.91734100
vt 0.14663700 0.88609100
vt 0.21498300 0.92785000
vt 0.21498300 0.95910000
vt 0.14663700 0.92785000
vt 0.14663700 0.92785000
vt 0.14663700 0.95910000
vt 0.21498300 0.91734100
vt 0.21498300 0.88609100
vt 0.21498300 0.95910000
vt 0.21498300 0.92785000
vt 0.21498300 0.92785000
vt 0.21498300 0.88609100
vt 0.21498300 0.91734100
vt 0.21498300 0.91734100
vt 0.20005600 0.92325500
vt 0.20005600 0.83745400
vt 0.20005600 0.83745400
vt 0.20005600 0.83745400
vt 0.20005600 0.92325500
vt 0.20005600 0.92325500
vt 0.20947300 0.92325500
vt 0.20947300 0.83745400
vt 0.15214500 0.83745400
vt 0.16156400 0.92325500
vt 0.15214500 0.92325500
vt 0.16156400 0.83745400
vt 0.16156400 0.92325500
vt 0.16156400 0.92325500
vt 0.16156400 0.83745400
vt 0.16156400 0.83745400
vt 0.14663700 0.87068000
vt 0.14663700 0.83943000
vt 0.14663700 0.82214800
vt 0.14663700 0.79089800
vt 0.21498300 0.87068000
vt 0.21498300 0.83943000
vt 0.14663700 0.87068000
vt 0.14663700 0.83943000
vt 0.14663700 0.83943000
vt 0.21498300 0.82214800
vt 0.21498300 0.79089800
vt 0.21498300 0.83943000
vt 0.21498300 0.83943000
vt 0.21498300 0.87068000
vt 0.14663700 0.79089800
vt 0.14663700 0.82214800
vt 0.14663700 0.79089800
vt 0.14663700 0.83199700
vt 0.14663700 0.83199700
vt 0.14663700 0.80074700
vt 0.21498300 0.83199700
vt 0.21498300 0.83199700
vt 0.21498300 0.80074700
vt 0.21498300 0.79089800
vt 0.21498300 0.82214800
vt 0.21498300 0.79089800
vt 0.15438700 0.92954200
vt 0.15438700 0.89226900
vt 0.15438700 0.86101900
vt 0.15438700 0.86101900
vt 0.20723200 0.92954200
vt 0.15438700 0.89829200
vt 0.15438700 0.92954200
vt 0.20723200 0.86101900
vt 0.20723200 0.89829200
vt 0.20723200 0.92954200
vt 0.20723200 0.89226900
vt 0.20723200 0.86101900
vt 0.20899700 0.23420600
vt 0.97418200 0.58322400
vt 0.04100300 0.23420600
vt 0.90083000 0.58322400
vt 0.21498300 0.91734100
vt 0.21498300 0.91734100
vt 0.21498300 0.88609100
vt 0.21498300 0.95910000
vt 0.21498300 0.92785000
vt 0.21498300 0.92785000
vt 0.04100300 0.01579700
vt 0.90083000 0.66677600
vt 0.97418200 0.66677600
vt 0.20899700 0.01579700
vt 0.14663700 0.95910000
vt 0.14663700 0.92785000
vt 0.14663700 0.88609100
vt 0.14663700 0.91734100
vt 0.14663700 0.91734100
vt 0.14663700 0.91734100
vt 0.14663700 0.88609100
vt 0.21498300 0.92785000
vt 0.21498300 0.95910000
vt 0.14663700 0.92785000
vt 0.14663700 0.92785000
vt 0.14663700 0.95910000
vt 0.21498300 0.91734100
vt 0.21498300 0.88609100
vt 0.21498300 0.95910000
vt 0.21498300 0.92785000
vt 0.21498300 0.92785000
vt 0.21498300 0.88609100
vt 0.21498300 0.91734100
vt 0.21498300 0.91734100
vt 0.20005600 0.92325500
vt 0.20005600 0.83745400
vt 0.20005600 0.83745400
vt 0.20005600 0.83745400
vt 0.20005600 0.92325500
vt 0.20005600 0.92325500
vt 0.20947300 0.92325500
vt 0.20947300 0.83745400
vt 0.15214500 0.83745400
vt 0.16156400 0.92325500
vt 0.15214500 0.92325500
vt 0.16156400 0.83745400
vt 0.16156400 0.92325500
vt 0.16156400 0.92325500
vt 0.16156400 0.83745400
vt 0.16156400 0.83745400
vt 0.14663700 0.87068000
vt 0.14663700 0.83943000
vt 0.14663700 0.79089800
vt 0.14663700 0.82214800
vt 0.21498300 0.83943000
vt 0.21498300 0.87068000
vt 0.14663700 0.83943000
vt 0.14663700 0.87068000
vt 0.14663700 0.83943000
vt 0.21498300 0.82214800
vt 0.21498300 0.79089800
vt 0.21498300 0.83943000
vt 0.21498300 0.87068000
vt 0.21498300 0.83943000
vt 0.14663700 0.79089800
vt 0.14663700 0.79089800
vt 0.14663700 0.82214800
vt 0.14663700 0.80074700
vt 0.14663700 0.83199700
vt 0.14663700 0.83199700
vt 0.21498300 0.83199700
vt 0.21498300 0.83199700
vt 0.21498300 0.80074700
vt 0.21498300 0.82214800
vt 0.21498300 0.79089800
vt 0.21498300 0.79089800
vt 0.15438700 0.92954200
vt 0.15438700 0.86101900
vt 0.15438700 0.89226900
vt 0.15438700 0.86101900
vt 0.20723200 0.92954200
vt 0.15438700 0.92954200
vt 0.15438700 0.89829200
vt 0.20723200 0.86101900
vt 0.20723200 0.92954200
vt 0.20723200 0.89829200
vt 0.20723200 0.86101900
vt 0.20723200 0.89226900
vt 0.20899700 0.23420600
vt 0.97418200 0.58322400
vt 0.90083000 0.58322400
vt 0.04100300 0.23420600
vt 0.21498300 0.88609100
vt 0.21498300 0.91734100
vt 0.14663700 0.92785000
vt 0.14663700 0.95910000
vt 0.14663700 0.92785000
vt 0.04100300 0.01579700
vt 0.90083000 0.66677600
vt 0.97418200 0.66677600
vt 0.20899700 0.01579700
vt 0.14663700 0.95910000
vt 0.14663700 0.92785000
vt 0.14663700 0.91734100
vt 0.14663700 0.88609100
vt 0.14663700 0.91734100
vt 0.14663700 0.88609100
vt 0.14663700 0.91734100
vt 0.21498300 0.92785000
vt 0.21498300 0.95910000
vt 0.14663700 0.95910000
vt 0.14663700 0.92785000
vt 0.14663700 0.92785000
vt 0.21498300 0.88609100
vt 0.21498300 0.91734100
vt 0.21498300 0.95910000
vt 0.21498300 0.92785000
vt 0.21498300 0.92785000
vt 0.21498300 0.91734100
vt 0.21498300 0.88609100
vt 0.21498300 0.91734100
vt 0.20005600 0.92325500
vt 0.20005600 0.83745400
vt 0.20005600 0.83745400
vt 0.20005600 0.83745400
vt 0.20005600 0.92325500
vt 0.20005600 0.92325500
vt 0.20947300 0.92325500
vt 0.20947300 0.83745400
vt 0.15214500 0.83745400
vt 0.16156400 0.92325500
vt 0.15214500 0.92325500
vt 0.16156400 0.83745400
vt 0.16156400 0.92325500
vt 0.16156400 0.92325500
vt 0.16156400 0.83745400
vt 0.16156400 0.83745400
vt 0.14663700 0.83943000
vt 0.14663700 0.87068000
vt 0.14663700 0.79089800
vt 0.14663700 0.82214800
vt 0.21498300 0.83943000
vt 0.21498300 0.87068000
vt 0.14663700 0.83943000
vt 0.14663700 0.83943000
vt 0.14663700 0.87068000
vt 0.21498300 0.82214800
vt 0.21498300 0.79089800
vt 0.21498300 0.83943000
vt 0.21498300 0.83943000
vt 0.21498300 0.87068000
vt 0.14663700 0.79089800
vt 0.14663700 0.82214800
vt 0.14663700 0.79089800
vt 0.14663700 0.80074700
vt 0.14663700 0.83199700
vt 0.14663700 0.83199700
vt 0.21498300 0.83199700
vt 0.21498300 0.80074700
vt 0.21498300 0.83199700
vt 0.21498300 0.82214800
vt 0.21498300 0.79089800
vt 0.21498300 0.79089800
vt 0.15438700 0.92954200
vt 0.15438700 0.89226900
vt 0.15438700 0.86101900
vt 0.15438700 0.86101900
vt 0.20723200 0.92954200
vt 0.15438700 0.89829200
vt 0.15438700 0.92954200
vt 0.20723200 0.86101900
vt 0.20723200 0.92954200
vt 0.20723200 0.89829200
vt 0.20723200 0.89226900
vt 0.20723200 0.86101900
vt 0.97418200 0.58322400
vt 0.20899700 0.23420600
vt 0.90083000 0.58322400
vt 0.04100300 0.23420600
vt 0.21498300 0.95910000
vt 0.21498300 0.92785000
vt 0.14663700 0.91734100
vt 0.14663700 0.88609100
vt 0.04100300 0.01579700
vt 0.90083000 0.66677600
vt 0.97418200 0.66677600
vt 0.20899700 0.01579700
vt 0.14663700 0.95910000
vt 0.14663700 0.92785000
vt 0.14663700 0.88609100
vt 0.14663700 0.91734100
vt 0.14663700 0.91734100
vt 0.14663700 0.91734100
vt 0.14663700 0.88609100
vt 0.21498300 0.95910000
vt 0.21498300 0.92785000
vt 0.14663700 0.95910000
vt 0.14663700 0.92785000
vt 0.14663700 0.92785000
vt 0.21498300 0.88609100
vt 0.21498300 0.91734100
vt 0.21498300 0.92785000
vt 0.21498300 0.95910000
vt 0.21498300 0.92785000
vt 0.21498300 0.91734100
vt 0.21498300 0.91734100
vt 0.21498300 0.88609100
vt 0.20005600 0.92325500
vt 0.20005600 0.83745400
vt 0.20005600 0.83745400
vt 0.20005600 0.83745400
vt 0.20005600 0.92325500
vt 0.20005600 0.92325500
vt 0.20947300 0.92325500
vt 0.20947300 0.83745400
vt 0.15214500 0.83745400
vt 0.16156400 0.92325500
vt 0.15214500 0.92325500
vt 0.16156400 0.83745400
vt 0.16156400 0.92325500
vt 0.16156400 0.92325500
vt 0.16156400 0.83745400
vt 0.16156400 0.83745400
vt 0.14663700 0.83943000
vt 0.14663700 0.87068000
vt 0.14663700 0.82214800
vt 0.14663700 0.79089800
vt 0.21498300 0.87068000
vt 0.21498300 0.83943000
vt 0.14663700 0.83943000
vt 0.14663700 0.83943000
vt 0.14663700 0.87068000
vt 0.21498300 0.79089800
vt 0.21498300 0.82214800
vt 0.21498300 0.83943000
vt 0.21498300 0.87068000
vt 0.21498300 0.83943000
vt 0.14663700 0.82214800
vt 0.14663700 0.79089800
vt 0.14663700 0.79089800
vt 0.14663700 0.83199700
vt 0.14663700 0.80074700
vt 0.14663700 0.83199700
vt 0.21498300 0.80074700
vt 0.21498300 0.83199700
vt 0.21498300 0.83199700
vt 0.21498300 0.79089800
vt 0.21498300 0.79089800
vt 0.21498300 0.82214800
vt 0.15438700 0.92954200
vt 0.15438700 0.86101900
vt 0.15438700 0.89226900
vt 0.15438700 0.86101900
vt 0.20723200 0.92954200
vt 0.15438700 0.89829200
vt 0.15438700 0.92954200
vt 0.20723200 0.86101900
vt 0.20723200 0.92954200
vt 0.20723200 0.89829200
vt 0.20723200 0.89226900
vt 0.20723200 0.86101900
vt 0.97418200 0.58322400
vt 0.20899700 0.23420600
vt 0.04100300 0.23420600
vt 0.90083000 0.58322400
vt 0.14663700 0.91734100
vt 0.14663700 0.91734100
vt 0.14663700 0.88609100
vt 0.14663700 0.95910000
vt 0.14663700 0.92785000
vt 0.04100300 0.01579700
vt 0.90083000 0.66677600
vt 0.97418200 0.66677600
vt 0.20899700 0.01579700
vt 0.14663700 0.92785000
vt 0.14663700 0.95910000
vt 0.14663700 0.91734100
vt 0.14663700 0.88609100
vt 0.14663700 0.91734100
vt 0.14663700 0.88609100
vt 0.14663700 0.91734100
vt 0.21498300 0.95910000
vt 0.21498300 0.92785000
vt 0.14663700 0.92785000
vt 0.14663700 0.92785000
vt 0.14663700 0.95910000
vt 0.21498300 0.88609100
vt 0.21498300 0.91734100
vt 0.21498300 0.95910000
vt 0.21498300 0.92785000
vt 0.21498300 0.92785000
vt 0.21498300 0.88609100
vt 0.21498300 0.91734100
vt 0.21498300 0.91734100
vt 0.20005600 0.92325500
vt 0.20005600 0.83745400
vt 0.20005600 0.83745400
vt 0.20005600 0.83745400
vt 0.20005600 0.92325500
vt 0.20005600 0.92325500
vt 0.20947300 0.92325500
vt 0.20947300 0.83745400
vt 0.15214500 0.83745400
vt 0.16156400 0.92325500
vt 0.15214500 0.92325500
vt 0.16156400 0.83745400
vt 0.16156400 0.92325500
vt 0.16156400 0.92325500
vt 0.16156400 0.83745400
vt 0.16156400 0.83745400
vt 0.14663700 0.83943000
vt 0.14663700 0.87068000
vt 0.14663700 0.82214800
vt 0.14663700 0.79089800
vt 0.21498300 0.87068000
vt 0.21498300 0.83943000
vt 0.14663700 0.87068000
vt 0.14663700 0.83943000
vt 0.14663700 0.83943000
vt 0.21498300 0.82214800
vt 0.21498300 0.79089800
vt 0.21498300 0.83943000
vt 0.21498300 0.83943000
vt 0.21498300 0.87068000
vt 0.14663700 0.79089800
vt 0.14663700 0.82214800
vt 0.14663700 0.79089800
vt 0.14663700 0.83199700
vt 0.14663700 0.83199700
vt 0.14663700 0.80074700
vt 0.21498300 0.80074700
vt 0.21498300 0.83199700
vt 0.21498300 0.83199700
vt 0.21498300 0.79089800
vt 0.21498300 0.82214800
vt 0.21498300 0.79089800
vt 0.15438700 0.92954200
vt 0.15438700 0.89226900
vt 0.15438700 0.86101900
vt 0.15438700 0.86101900
vt 0.20723200 0.92954200
vt 0.15438700 0.89829200
vt 0.15438700 0.92954200
vt 0.20723200 0.86101900
vt 0.20723200 0.89829200
vt 0.20723200 0.92954200
vt 0.20723200 0.89226900
vt 0.20723200 0.86101900
vt 0.20899700 0.23420600
vt 0.97418200 0.58322400
vt 0.90083000 0.58322400
vt 0.04100300 0.23420600
vt 0.20899700 0.01579700
vt 0.34918200 0.66677600
vt 0.04100300 0.01579700
vt 0.90083000 0.66677600
vt 0.97418200 0.66677600
vt 0.20899700 0.01579700
vt 0.14663700 0.95910000
vt 0.14663700 0.92785000
vt 0.14663700 0.91734100
vt 0.14663700 0.88609100
vt 0.14663700 0.91734100
vt 0.14663700 0.91734100
vt 0.14663700 0.88609100
vt 0.21498300 0.95910000
vt 0.21498300 0.92785000
vt 0.14663700 0.95910000
vt 0.14663700 0.92785000
vt 0.14663700 0.92785000
vt 0.21498300 0.91734100
vt 0.21498300 0.88609100
vt 0.21498300 0.92785000
vt 0.21498300 0.92785000
vt 0.21498300 0.95910000
vt 0.21498300 0.91734100
vt 0.21498300 0.91734100
vt 0.21498300 0.88609100
vt 0.20005600 0.92325500
vt 0.20005600 0.83745400
vt 0.20005600 0.83745400
vt 0.20005600 0.83745400
vt 0.20005600 0.92325500
vt 0.20005600 0.92325500
vt 0.20947300 0.92325500
vt 0.20947300 0.83745400
vt 0.15214500 0.83745400
vt 0.16156400 0.92325500
vt 0.15214500 0.92325500
vt 0.16156400 0.83745400
vt 0.16156400 0.92325500
vt 0.16156400 0.92325500
vt 0.16156400 0.83745400
vt 0.16156400 0.83745400
vt 0.14663700 0.83943000
vt 0.14663700 0.87068000
vt 0.14663700 0.82214800
vt 0.14663700 0.79089800
vt 0.21498300 0.83943000
vt 0.21498300 0.87068000
vt 0.14663700 0.83943000
vt 0.14663700 0.83943000
vt 0.14663700 0.87068000
vt 0.21498300 0.79089800
vt 0.21498300 0.82214800
vt 0.21498300 0.83943000
vt 0.21498300 0.87068000
vt 0.21498300 0.83943000
vt 0.14663700 0.82214800
vt 0.14663700 0.79089800
vt 0.14663700 0.79089800
vt 0.14663700 0.83199700
vt 0.14663700 0.80074700
vt 0.14663700 0.83199700
vt 0.21498300 0.83199700
vt 0.21498300 0.83199700
vt 0.21498300 0.80074700
vt 0.21498300 0.82214800
vt 0.21498300 0.79089800
vt 0.21498300 0.79089800
vt 0.15438700 0.92954200
vt 0.15438700 0.89226900
vt 0.15438700 0.86101900
vt 0.15438700 0.86101900
vt 0.20723200 0.92954200
vt 0.15438700 0.92954200
vt 0.15438700 0.89829200
vt 0.20723200 0.86101900
vt 0.20723200 0.89829200
vt 0.20723200 0.92954200
vt 0.20723200 0.86101900
vt 0.20723200 0.89226900
vt 0.97418200 0.58322400
vt 0.20899700 0.23420600
vt 0.90083000 0.58322400
vt 0.04100300 0.23420600
vt 0.27583000 0.66677600
vt 0.04100300 0.01579700
vt 0.20005600 0.92325500
vt 0.20005600 0.83745400
vt 0.20005600 0.83745400
vt 0.20005600 0.83745400
vt 0.20005600 0.92325500
vt 0.20005600 0.92325500
vt 0.20947300 0.92325500
vt 0.20947300 0.83745400
vt 0.15214500 0.83745400
vt 0.16156400 0.92325500
vt 0.15214500 0.92325500
vt 0.16156400 0.83745400
vt 0.16156400 0.92325500
vt 0.16156400 0.92325500
vt 0.16156400 0.83745400
vt 0.16156400 0.83745400
vt 0.14663700 0.87068000
vt 0.14663700 0.83943000
vt 0.14663700 0.79089800
vt 0.14663700 0.82214800
vt 0.21498300 0.87068000
vt 0.21498300 0.83943000
vt 0.14663700 0.87068000
vt 0.14663700 0.83943000
vt 0.14663700 0.83943000
vt 0.21498300 0.79089800
vt 0.21498300 0.82214800
vt 0.21498300 0.87068000
vt 0.21498300 0.83943000
vt 0.21498300 0.83943000
vt 0.14663700 0.82214800
vt 0.14663700 0.79089800
vt 0.14663700 0.79089800
vt 0.14663700 0.83199700
vt 0.14663700 0.80074700
vt 0.14663700 0.83199700
vt 0.21498300 0.83199700
vt 0.21498300 0.83199700
vt 0.21498300 0.80074700
vt 0.21498300 0.79089800
vt 0.21498300 0.82214800
vt 0.21498300 0.79089800
vt 0.15438700 0.92954200
vt 0.15438700 0.89226900
vt 0.15438700 0.86101900
vt 0.15438700 0.86101900
vt 0.20723200 0.92954200
vt 0.15438700 0.92954200
vt 0.15438700 0.89829200
vt 0.20723200 0.86101900
vt 0.20723200 0.92954200
vt 0.20723200 0.89829200
vt 0.20723200 0.89226900
vt 0.20723200 0.86101900
vt 0.34918200 0.58322400
vt 0.20899700 0.23420600
vt 0.04100300 0.23420600
vt 0.27583000 0.58322400
vt 0.04100300 0.01579700
vt 0.27583000 0.66677600
vt 0.34918200 0.66677600
vt 0.20899700 0.01579700
vt 0.14663700 0.95910000
vt 0.14663700 0.92785000
vt 0.14663700 0.91734100
vt 0.14663700 0.88609100
vt 0.14663700 0.91734100
vt 0.14663700 0.88609100
vt 0.14663700 0.91734100
vt 0.21498300 0.95910000
vt 0.21498300 0.92785000
vt 0.14663700 0.92785000
vt 0.14663700 0.95910000
vt 0.14663700 0.92785000
vt 0.21498300 0.91734100
vt 0.21498300 0.88609100
vt 0.21498300 0.92785000
vt 0.21498300 0.95910000
vt 0.21498300 0.92785000
vt 0.21498300 0.91734100
vt 0.21498300 0.88609100
vt 0.21498300 0.91734100
vt 0.20005600 0.92325500
vt 0.20005600 0.83745400
vt 0.20005600 0.83745400
vt 0.20005600 0.83745400
vt 0.20005600 0.92325500
vt 0.20005600 0.92325500
vt 0.20947300 0.92325500
vt 0.20947300 0.83745400
vt 0.15214500 0.83745400
vt 0.16156400 0.92325500
vt 0.15214500 0.92325500
vt 0.16156400 0.83745400
vt 0.16156400 0.92325500
vt 0.16156400 0.92325500
vt 0.16156400 0.83745400
vt 0.16156400 0.83745400
vt 0.14663700 0.83943000
vt 0.14663700 0.87068000
vt 0.14663700 0.79089800
vt 0.14663700 0.82214800
vt 0.21498300 0.83943000
vt 0.21498300 0.87068000
vt 0.14663700 0.83943000
vt 0.14663700 0.83943000
vt 0.14663700 0.87068000
vt 0.21498300 0.79089800
vt 0.21498300 0.82214800
vt 0.21498300 0.87068000
vt 0.21498300 0.83943000
vt 0.21498300 0.83943000
vt 0.14663700 0.82214800
vt 0.14663700 0.79089800
vt 0.14663700 0.79089800
vt 0.14663700 0.80074700
vt 0.14663700 0.83199700
vt 0.14663700 0.83199700
vt 0.21498300 0.83199700
vt 0.21498300 0.80074700
vt 0.21498300 0.83199700
vt 0.21498300 0.79089800
vt 0.21498300 0.79089800
vt 0.21498300 0.82214800
vt 0.15438700 0.92954200
vt 0.15438700 0.89226900
vt 0.15438700 0.86101900
vt 0.15438700 0.86101900
vt 0.20723200 0.92954200
vt 0.15438700 0.92954200
vt 0.15438700 0.89829200
vt 0.20723200 0.86101900
vt 0.20723200 0.89829200
vt 0.20723200 0.92954200
vt 0.20723200 0.86101900
vt 0.20723200 0.89226900
vt 0.34918200 0.58322400
vt 0.20899700 0.23420600
vt 0.04100300 0.23420600
vt 0.27583000 0.58322400
vt 0.04100300 0.01579700
vt 0.27583000 0.66677600
vt 0.34918200 0.66677600
vt 0.20899700 0.01579700
vt 0.14663700 0.95910000
vt 0.14663700 0.92785000
vt 0.14663700 0.91734100
vt 0.14663700 0.91734100
vt 0.14663700 0.88609100
vt 0.14663700 0.88609100
vt 0.14663700 0.91734100
vt 0.21498300 0.95910000
vt 0.21498300 0.92785000
vt 0.14663700 0.95910000
vt 0.14663700 0.92785000
vt 0.14663700 0.92785000
vt 0.21498300 0.91734100
vt 0.21498300 0.88609100
vt 0.21498300 0.95910000
vt 0.21498300 0.92785000
vt 0.21498300 0.92785000
vt 0.21498300 0.91734100
vt 0.21498300 0.91734100
vt 0.21498300 0.88609100
vt 0.20005600 0.92325500
vt 0.20005600 0.83745400
vt 0.20005600 0.83745400
vt 0.20005600 0.83745400
vt 0.20005600 0.92325500
vt 0.20005600 0.92325500
vt 0.20947300 0.92325500
vt 0.20947300 0.83745400
vt 0.15214500 0.83745400
vt 0.16156400 0.92325500
vt 0.15214500 0.92325500
vt 0.16156400 0.83745400
vt 0.16156400 0.92325500
vt 0.16156400 0.92325500
vt 0.16156400 0.83745400
vt 0.16156400 0.83745400
vt 0.14663700 0.83943000
vt 0.14663700 0.87068000
vt 0.14663700 0.82214800
vt 0.14663700 0.79089800
vt 0.21498300 0.87068000
vt 0.21498300 0.83943000
vt 0.14663700 0.83943000
vt 0.14663700 0.83943000
vt 0.14663700 0.87068000
vt 0.21498300 0.82214800
vt 0.21498300 0.79089800
vt 0.21498300 0.83943000
vt 0.21498300 0.87068000
vt 0.21498300 0.83943000
vt 0.14663700 0.79089800
vt 0.14663700 0.79089800
vt 0.14663700 0.82214800
vt 0.14663700 0.83199700
vt 0.14663700 0.83199700
vt 0.14663700 0.80074700
vt 0.21498300 0.80074700
vt 0.21498300 0.83199700
vt 0.21498300 0.83199700
vt 0.21498300 0.79089800
vt 0.21498300 0.82214800
vt 0.21498300 0.79089800
vt 0.15438700 0.92954200
vt 0.15438700 0.86101900
vt 0.15438700 0.89226900
vt 0.15438700 0.86101900
vt 0.20723200 0.92954200
vt 0.15438700 0.89829200
vt 0.15438700 0.92954200
vt 0.20723200 0.86101900
vt 0.20723200 0.89829200
vt 0.20723200 0.92954200
vt 0.20723200 0.86101900
vt 0.20723200 0.89226900
vt 0.34918200 0.58322400
vt 0.20899700 0.23420600
vt 0.04100300 0.23420600
vt 0.27583000 0.58322400
vt 0.04100300 0.01579700
vt 0.27583000 0.66677600
vt 0.34918200 0.66677600
vt 0.20899700 0.01579700
vt 0.14663700 0.95910000
vt 0.14663700 0.92785000
vt 0.14663700 0.91734100
vt 0.14663700 0.88609100
vt 0.14663700 0.91734100
vt 0.14663700 0.88609100
vt 0.14663700 0.91734100
vt 0.21498300 0.95910000
vt 0.21498300 0.92785000
vt 0.14663700 0.92785000
vt 0.14663700 0.92785000
vt 0.14663700 0.95910000
vt 0.21498300 0.91734100
vt 0.21498300 0.88609100
vt 0.21498300 0.95910000
vt 0.21498300 0.92785000
vt 0.21498300 0.92785000
vt 0.21498300 0.91734100
vt 0.21498300 0.91734100
vt 0.21498300 0.88609100
vt 0.20005600 0.92325500
vt 0.20005600 0.83745400
vt 0.20005600 0.83745400
vt 0.20005600 0.83745400
vt 0.20005600 0.92325500
vt 0.20005600 0.92325500
vt 0.20947300 0.92325500
vt 0.20947300 0.83745400
vt 0.15214500 0.83745400
vt 0.16156400 0.92325500
vt 0.15214500 0.92325500
vt 0.16156400 0.83745400
vt 0.16156400 0.92325500
vt 0.16156400 0.92325500
vt 0.16156400 0.83745400
vt 0.16156400 0.83745400
vt 0.14663700 0.83943000
vt 0.14663700 0.87068000
vt 0.14663700 0.82214800
vt 0.14663700 0.79089800
vt 0.21498300 0.83943000
vt 0.21498300 0.87068000
vt 0.14663700 0.87068000
vt 0.14663700 0.83943000
vt 0.14663700 0.83943000
vt 0.21498300 0.79089800
vt 0.21498300 0.82214800
vt 0.21498300 0.83943000
vt 0.21498300 0.83943000
vt 0.21498300 0.87068000
vt 0.14663700 0.79089800
vt 0.14663700 0.79089800
vt 0.14663700 0.82214800
vt 0.14663700 0.83199700
vt 0.14663700 0.83199700
vt 0.14663700 0.80074700
vt 0.21498300 0.83199700
vt 0.21498300 0.80074700
vt 0.21498300 0.83199700
vt 0.21498300 0.82214800
vt 0.21498300 0.79089800
vt 0.21498300 0.79089800
vt 0.15438700 0.92954200
vt 0.15438700 0.89226900
vt 0.15438700 0.86101900
vt 0.15438700 0.86101900
vt 0.20723200 0.92954200
vt 0.15438700 0.92954200
vt 0.15438700 0.89829200
vt 0.20723200 0.86101900
vt 0.20723200 0.92954200
vt 0.20723200 0.89829200
vt 0.20723200 0.89226900
vt 0.20723200 0.86101900
vt 0.34918200 0.58322400
vt 0.20899700 0.23420600
vt 0.04100300 0.23420600
vt 0.27583000 0.58322400
vt 0.21498300 0.91734100
vt 0.21498300 0.91734100
vt 0.21498300 0.88609100
vt 0.21498300 0.92785000
vt 0.21498300 0.92785000
vt 0.21498300 0.95910000
vt 0.21498300 0.88609100
vt 0.21498300 0.91734100
vt 0.14663700 0.92785000
vt 0.14663700 0.92785000
vt 0.14663700 0.95910000
vt 0.21498300 0.92785000
vt 0.21498300 0.95910000
vt 0.14663700 0.91734100
vt 0.14663700 0.88609100
vt 0.14663700 0.91734100
vt 0.14663700 0.88609100
vt 0.14663700 0.91734100
vt 0.14663700 0.95910000
vt 0.14663700 0.92785000
vt 0.20899700 0.01579700
vt 0.34918200 0.66677600
vt 0.27583000 0.66677600
vt 0.04100300 0.01579700
vt 0.20005600 0.92325500
vt 0.20005600 0.83745400
vt 0.20005600 0.83745400
vt 0.20005600 0.83745400
vt 0.20005600 0.92325500
vt 0.20005600 0.92325500
vt 0.20947300 0.92325500
vt 0.20947300 0.83745400
vt 0.15214500 0.83745400
vt 0.16156400 0.92325500
vt 0.15214500 0.92325500
vt 0.16156400 0.83745400
vt 0.16156400 0.92325500
vt 0.16156400 0.92325500
vt 0.16156400 0.83745400
vt 0.16156400 0.83745400
vt 0.14663700 0.87068000
vt 0.14663700 0.83943000
vt 0.14663700 0.82214800
vt 0.14663700 0.79089800
vt 0.21498300 0.87068000
vt 0.21498300 0.83943000
vt 0.14663700 0.83943000
vt 0.14663700 0.87068000
vt 0.14663700 0.83943000
vt 0.21498300 0.82214800
vt 0.21498300 0.79089800
vt 0.21498300 0.83943000
vt 0.21498300 0.83943000
vt 0.21498300 0.87068000
vt 0.14663700 0.79089800
vt 0.14663700 0.82214800
vt 0.14663700 0.79089800
vt 0.14663700 0.83199700
vt 0.14663700 0.80074700
vt 0.14663700 0.83199700
vt 0.21498300 0.83199700
vt 0.21498300 0.83199700
vt 0.21498300 0.80074700
vt 0.21498300 0.79089800
vt 0.21498300 0.82214800
vt 0.21498300 0.79089800
vt 0.15438700 0.92954200
vt 0.15438700 0.89226900
vt 0.15438700 0.86101900
vt 0.15438700 0.86101900
vt 0.20723200 0.92954200
vt 0.15438700 0.89829200
vt 0.15438700 0.92954200
vt 0.20723200 0.86101900
vt 0.20723200 0.92954200
vt 0.20723200 0.89829200
vt 0.20723200 0.89226900
vt 0.20723200 0.86101900
vt 0.20899700 0.23420600
vt 0.34918200 0.58322400
vt 0.27583000 0.58322400
vt 0.04100300 0.23420600
vt 0.04100300 0.01579700
vt 0.27583000 0.66677600
vt 0.34918200 0.66677600
vt 0.20899700 0.01579700
vt 0.14663700 0.92785000
vt 0.14663700 0.95910000
vt 0.14663700 0.88609100
vt 0.14663700 0.91734100
vt 0.14663700 0.91734100
vt 0.14663700 0.88609100
vt 0.14663700 0.91734100
vt 0.21498300 0.92785000
vt 0.21498300 0.95910000
vt 0.14663700 0.95910000
vt 0.14663700 0.92785000
vt 0.14663700 0.92785000
vt 0.21498300 0.88609100
vt 0.21498300 0.91734100
vt 0.21498300 0.92785000
vt 0.21498300 0.92785000
vt 0.21498300 0.95910000
vt 0.21498300 0.88609100
vt 0.21498300 0.91734100
vt 0.21498300 0.91734100
vt 0.20005600 0.92325500
vt 0.20005600 0.83745400
vt 0.20005600 0.83745400
vt 0.20005600 0.83745400
vt 0.20005600 0.92325500
vt 0.20005600 0.92325500
vt 0.20947300 0.92325500
vt 0.20947300 0.83745400
vt 0.15214500 0.83745400
vt 0.16156400 0.92325500
vt 0.15214500 0.92325500
vt 0.16156400 0.83745400
vt 0.16156400 0.92325500
vt 0.16156400 0.92325500
vt 0.16156400 0.83745400
vt 0.16156400 0.83745400
vt 0.14663700 0.87068000
vt 0.14663700 0.83943000
vt 0.14663700 0.82214800
vt 0.14663700 0.79089800
vt 0.21498300 0.87068000
vt 0.21498300 0.83943000
vt 0.14663700 0.83943000
vt 0.14663700 0.87068000
vt 0.14663700 0.83943000
vt 0.21498300 0.82214800
vt 0.21498300 0.79089800
vt 0.21498300 0.87068000
vt 0.21498300 0.83943000
vt 0.21498300 0.83943000
vt 0.14663700 0.79089800
vt 0.14663700 0.79089800
vt 0.14663700 0.82214800
vt 0.14663700 0.83199700
vt 0.14663700 0.80074700
vt 0.14663700 0.83199700
vt 0.21498300 0.80074700
vt 0.21498300 0.83199700
vt 0.21498300 0.83199700
vt 0.21498300 0.79089800
vt 0.21498300 0.82214800
vt 0.21498300 0.79089800
vt 0.15438700 0.92954200
vt 0.15438700 0.89226900
vt 0.15438700 0.86101900
vt 0.15438700 0.86101900
vt 0.20723200 0.92954200
vt 0.15438700 0.92954200
vt 0.15438700 0.89829200
vt 0.20723200 0.86101900
vt 0.20723200 0.92954200
vt 0.20723200 0.89829200
vt 0.20723200 0.89226900
vt 0.20723200 0.86101900
vt 0.20899700 0.23420600
vt 0.34918200 0.58322400
vt 0.04100300 0.23420600
vt 0.27583000 0.58322400
vt 0.04100300 0.01579700
vt 0.14663700 0.95910000
vt 0.14663700 0.92785000
vt 0.14663700 0.91734100
vt 0.14663700 0.91734100
vt 0.14663700 0.88609100
vt 0.14663700 0.88609100
vt 0.14663700 0.91734100
vt 0.14663700 0.95910000
vt 0.14663700 0.92785000
vt 0.14663700 0.92785000
vt 0.15214500 0.83745400
vt 0.16156400 0.92325500
vt 0.15214500 0.92325500
vt 0.16156400 0.83745400
vt 0.16156400 0.92325500
vt 0.16156400 0.92325500
vt 0.16156400 0.83745400
vt 0.16156400 0.83745400
vt 0.14663700 0.87068000
vt 0.14663700 0.83943000
vt 0.14663700 0.82214800
vt 0.14663700 0.79089800
vt 0.14663700 0.83943000
vt 0.14663700 0.83943000
vt 0.14663700 0.87068000
vt 0.14663700 0.83199700
vt 0.14663700 0.83199700
vt 0.14663700 0.80074700
vt 0.04100300 0.23420600
vt 0.20899700 0.01579700
vt 0.21498300 0.95910000
vt 0.21498300 0.92785000
vt 0.21498300 0.91734100
vt 0.21498300 0.88609100
vt 0.21498300 0.92785000
vt 0.21498300 0.92785000
vt 0.21498300 0.95910000
vt 0.21498300 0.91734100
vt 0.21498300 0.91734100
vt 0.21498300 0.88609100
vt 0.20005600 0.92325500
vt 0.20005600 0.83745400
vt 0.20005600 0.83745400
vt 0.20005600 0.83745400
vt 0.20005600 0.92325500
vt 0.20005600 0.92325500
vt 0.20947300 0.92325500
vt 0.20947300 0.83745400
vt 0.21498300 0.83943000
vt 0.21498300 0.87068000
vt 0.21498300 0.82214800
vt 0.21498300 0.79089800
vt 0.21498300 0.83943000
vt 0.21498300 0.83943000
vt 0.21498300 0.87068000
vt 0.21498300 0.80074700
vt 0.21498300 0.83199700
vt 0.21498300 0.83199700
vt 0.20899700 0.23420600
vt 0.26216900 0.80739100
vt 0.26216900 0.83864100
vt 0.26216900 0.83864100
vt 0.26216900 0.88916100
vt 0.26216900 0.85791100
vt 0.26216900 0.85791100
vt 0.26216900 0.83864100
vt 0.26216900 0.83864100
vt 0.26216900 0.80739100
vt 0.26216900 0.85791100
vt 0.26216900 0.85791100
vt 0.26216900 0.88916100
vt 0.30381700 0.83864100
vt 0.30381700 0.80739100
vt 0.30381700 0.83864100
vt 0.30381700 0.88916100
vt 0.30381700 0.85791100
vt 0.30381700 0.85791100
vt 0.33158200 0.83864100
vt 0.33158200 0.83864100
vt 0.33158200 0.80739100
vt 0.33158200 0.88916100
vt 0.33158200 0.85791100
vt 0.33158200 0.85791100
vt 0.26216900 0.80739100
vt 0.26216900 0.83864100
vt 0.26216900 0.83864100
vt 0.26216900 0.80739100
vt 0.26216900 0.88916100
vt 0.26216900 0.85791100
vt 0.26216900 0.88916100
vt 0.26216900 0.85791100
vt 0.30381700 0.83864100
vt 0.30381700 0.80739100
vt 0.33158200 0.80739100
vt 0.33158200 0.83864100
vt 0.33158200 0.85791100
vt 0.33158200 0.88916100
vt 0.30381700 0.85791100
vt 0.30381700 0.88916100
vt 0.26216900 0.86703500
vt 0.26216900 0.86703500
vt 0.26216900 0.83578500
vt 0.26216900 0.91755600
vt 0.26216900 0.88630600
vt 0.26216900 0.88630600
vt 0.26216900 0.86703500
vt 0.26216900 0.86703500
vt 0.26216900 0.83578500
vt 0.26216900 0.91755600
vt 0.26216900 0.88630600
vt 0.26216900 0.88630600
vt 0.30381700 0.86703500
vt 0.30381700 0.83578500
vt 0.30381700 0.86703500
vt 0.30381700 0.88630600
vt 0.30381700 0.91755600
vt 0.30381700 0.88630600
vt 0.33158200 0.83578500
vt 0.33158200 0.86703500
vt 0.33158200 0.86703500
vt 0.33158200 0.88630600
vt 0.33158200 0.88630600
vt 0.33158200 0.91755600
vt 0.26216900 0.89543000
vt 0.26216900 0.86418000
vt 0.26216900 0.89543000
vt 0.26216900 0.91470000
vt 0.26216900 0.94595000
vt 0.26216900 0.91470000
vt 0.26216900 0.89543000
vt 0.26216900 0.86418000
vt 0.26216900 0.89543000
vt 0.26216900 0.94595000
vt 0.26216900 0.91470000
vt 0.26216900 0.91470000
vt 0.30381700 0.89543000
vt 0.30381700 0.86418000
vt 0.30381700 0.89543000
vt 0.30381700 0.91470000
vt 0.30381700 0.91470000
vt 0.30381700 0.94595000
vt 0.30381700 0.86418000
vt 0.30381700 0.89543000
vt 0.30381700 0.89543000
vt 0.30381700 0.94595000
vt 0.30381700 0.91470000
vt 0.30381700 0.91470000
vt 0.30029400 0.91470000
vt 0.30029400 0.91470000
vt 0.30029400 0.94595000
vt 0.26569200 0.91470000
vt 0.26569200 0.94595000
vt 0.26569200 0.91470000
vt 0.26569200 0.91470000
vt 0.26569200 0.91470000
vt 0.26569200 0.94595000
vt 0.30029400 0.91470000
vt 0.30029400 0.94595000
vt 0.30029400 0.91470000
vt 0.26657600 0.90634100
vt 0.26657600 0.90634100
vt 0.26657600 0.93759100
vt 0.29940900 0.93759100
vt 0.29940900 0.90634100
vt 0.29940900 0.90634100
vt 0.29940900 0.90634100
vt 0.29940900 0.90634100
vt 0.29940900 0.93759100
vt 0.26657600 0.90634100
vt 0.26657600 0.93759100
vt 0.26657600 0.90634100
vt 0.26216900 0.86703500
vt 0.26216900 0.83578500
vt 0.26216900 0.86703500
vt 0.26216900 0.83578500
vt 0.26216900 0.91755600
vt 0.26216900 0.88630600
vt 0.26216900 0.91755600
vt 0.26216900 0.88630600
vt 0.30381700 0.86703500
vt 0.30381700 0.83578500
vt 0.33158200 0.86703500
vt 0.33158200 0.83578500
vt 0.33158200 0.91755600
vt 0.33158200 0.88630600
vt 0.30381700 0.91755600
vt 0.30381700 0.88630600
vt 0.30381700 0.83864100
vt 0.30381700 0.80739100
vt 0.30381700 0.83864100
vt 0.30381700 0.88916100
vt 0.30381700 0.85791100
vt 0.30381700 0.85791100
vt 0.33158200 0.83864100
vt 0.33158200 0.83864100
vt 0.33158200 0.80739100
vt 0.33158200 0.85791100
vt 0.33158200 0.88916100
vt 0.33158200 0.85791100
vt 0.30381700 0.83864100
vt 0.30381700 0.80739100
vt 0.30381700 0.85791100
vt 0.30381700 0.88916100
vt 0.33158200 0.80739100
vt 0.33158200 0.83864100
vt 0.33158200 0.85791100
vt 0.33158200 0.88916100
vt 0.30381700 0.86703500
vt 0.30381700 0.86703500
vt 0.30381700 0.83578500
vt 0.30381700 0.88630600
vt 0.30381700 0.88630600
vt 0.30381700 0.91755600
vt 0.33158200 0.83578500
vt 0.33158200 0.86703500
vt 0.33158200 0.86703500
vt 0.33158200 0.88630600
vt 0.33158200 0.88630600
vt 0.33158200 0.91755600
vt 0.30381700 0.89543000
vt 0.30381700 0.86418000
vt 0.30381700 0.89543000
vt 0.30381700 0.94595000
vt 0.30381700 0.91470000
vt 0.30381700 0.91470000
vt 0.30381700 0.89543000
vt 0.30381700 0.91470000
vt 0.33158200 0.89543000
vt 0.33158200 0.86418000
vt 0.33158200 0.89543000
vt 0.33158200 0.91470000
vt 0.33158200 0.94595000
vt 0.33158200 0.91470000
vt 0.33158200 0.89543000
vt 0.33158200 0.86418000
vt 0.33158200 0.89543000
vt 0.33158200 0.91470000
vt 0.33158200 0.94595000
vt 0.33158200 0.91470000
vt 0.32805900 0.91470000
vt 0.32805900 0.91470000
vt 0.32805900 0.94595000
vt 0.30734000 0.91470000
vt 0.30734000 0.91470000
vt 0.30734000 0.94595000
vt 0.30734000 0.91470000
vt 0.30734000 0.91470000
vt 0.30734000 0.94595000
vt 0.32805900 0.91470000
vt 0.32805900 0.94595000
vt 0.32805900 0.91470000
vt 0.30822400 0.90634100
vt 0.30822400 0.93759100
vt 0.30822400 0.90634100
vt 0.32717500 0.90634100
vt 0.32717500 0.93759100
vt 0.32717500 0.90634100
vt 0.32717500 0.93759100
vt 0.32717500 0.90634100
vt 0.32717500 0.90634100
vt 0.30822400 0.90634100
vt 0.30822400 0.90634100
vt 0.30822400 0.93759100
vt 0.30381700 0.86703500
vt 0.30381700 0.83578500
vt 0.30381700 0.91755600
vt 0.30381700 0.88630600
vt 0.33158200 0.86703500
vt 0.33158200 0.83578500
vt 0.33158200 0.91755600
vt 0.33158200 0.88630600
vt 0.06250000 0.53462400
vt 0.06250000 0.56587400
vt 0.68750000 0.89456700
vt 0.68750000 0.86331700
vt 0.04100300 0.01579700
vt 0.14497100 0.66677600
vt 0.21832300 0.66677600
vt 0.20899700 0.01579700
vt 0.14663700 0.95910000
vt 0.14663700 0.92785000
vt 0.14663700 0.91734100
vt 0.14663700 0.91734100
vt 0.14663700 0.88609100
vt 0.14663700 0.88609100
vt 0.14663700 0.91734100
vt 0.21498300 0.95910000
vt 0.21498300 0.92785000
vt 0.14663700 0.95910000
vt 0.14663700 0.92785000
vt 0.14663700 0.92785000
vt 0.21498300 0.91734100
vt 0.21498300 0.88609100
vt 0.21498300 0.95910000
vt 0.21498300 0.92785000
vt 0.21498300 0.92785000
vt 0.21498300 0.88609100
vt 0.21498300 0.91734100
vt 0.21498300 0.91734100
vt 0.20005600 0.92325500
vt 0.20005600 0.83745400
vt 0.20005600 0.83745400
vt 0.20005600 0.83745400
vt 0.20005600 0.92325500
vt 0.20005600 0.92325500
vt 0.20947300 0.92325500
vt 0.20947300 0.83745400
vt 0.15214500 0.83745400
vt 0.16156400 0.92325500
vt 0.15214500 0.92325500
vt 0.16156400 0.83745400
vt 0.16156400 0.92325500
vt 0.16156400 0.92325500
vt 0.16156400 0.83745400
vt 0.16156400 0.83745400
vt 0.27163700 0.87068000
vt 0.27163700 0.83943000
vt 0.27163700 0.82214800
vt 0.33998300 0.87068000
vt 0.33998300 0.83943000
vt 0.27163700 0.83943000
vt 0.27163700 0.83943000
vt 0.27163700 0.87068000
vt 0.33998300 0.82214800
vt 0.33998300 0.83943000
vt 0.33998300 0.87068000
vt 0.33998300 0.83943000
vt 0.27163700 0.83199700
vt 0.27163700 0.83199700
vt 0.33998300 0.83199700
vt 0.33998300 0.83199700
vt 0.27938700 0.92954200
vt 0.27938700 0.89226900
vt 0.27938700 0.86101900
vt 0.27938700 0.86101900
vt 0.33223200 0.92954200
vt 0.27938700 0.89829200
vt 0.27938700 0.92954200
vt 0.33223200 0.86101900
vt 0.33223200 0.92954200
vt 0.33223200 0.89829200
vt 0.33223200 0.86101900
vt 0.33223200 0.89226900
vt 0.21832300 0.58322400
vt 0.20899700 0.23420600
vt 0.04100300 0.23420600
vt 0.14497100 0.58322400
vt 0.32505600 0.92325500
vt 0.32505600 0.83745400
vt 0.32505600 0.83745400
vt 0.32505600 0.83745400
vt 0.32505600 0.92325500
vt 0.32505600 0.92325500
vt 0.33447300 0.92325500
vt 0.33447300 0.83745400
vt 0.27714500 0.83745400
vt 0.28656400 0.92325500
vt 0.27714500 0.92325500
vt 0.28656400 0.83745400
vt 0.28656400 0.92325500
vt 0.28656400 0.92325500
vt 0.28656400 0.83745400
vt 0.28656400 0.83745400
vt 0.65501900 0.35917500
vt 0.72185200 0.35917500
vt 0.65501900 0.42600800
vt 0.72185200 0.42600800
vt 0.27938700 0.92954200
vt 0.27938700 0.89226900
vt 0.33223200 0.92954200
vt 0.27938700 0.89829200
vt 0.27938700 0.92954200
vt 0.33223200 0.92954200
vt 0.33223200 0.89829200
vt 0.33223200 0.89226900
vt 0.32215100 0.81886500
vt 0.32215100 0.87367600
vt 0.32215100 0.85805100
vt 0.32215100 0.87367600
vt 0.31421300 0.87367600
vt 0.31421300 0.85805100
vt 0.32215100 0.91296900
vt 0.32215100 0.89734400
vt 0.32215100 0.89734400
vt 0.32215100 0.95215500
vt 0.31421300 0.89734400
vt 0.31421300 0.91296900
vt 0.32215100 0.81886500
vt 0.31421300 0.85805100
vt 0.31421300 0.87367600
vt 0.32215100 0.85805100
vt 0.32215100 0.87367600
vt 0.32215100 0.95215500
vt 0.32215100 0.91296900
vt 0.32215100 0.89734400
vt 0.31421300 0.89734400
vt 0.31421300 0.91296900
vt 0.34581700 0.81886500
vt 0.35375400 0.85805100
vt 0.35375400 0.87367600
vt 0.34581700 0.85805100
vt 0.34581700 0.87367600
vt 0.34581700 0.87367600
vt 0.34581700 0.95215500
vt 0.34581700 0.89734400
vt 0.34581700 0.91296900
vt 0.34581700 0.89734400
vt 0.35375400 0.91296900
vt 0.35375400 0.89734400
vt 0.34581700 0.81886500
vt 0.34581700 0.85805100
vt 0.34581700 0.87367600
vt 0.35375400 0.85805100
vt 0.35375400 0.87367600
vt 0.34581700 0.95215500
vt 0.35375400 0.89734400
vt 0.35375400 0.91296900
vt 0.34581700 0.89734400
vt 0.34581700 0.91296900
vt 0.38581000 0.34278100
vt 0.38581000 0.37465000
vt 0.39538900 0.37465000
vt 0.39538900 0.34278100
vt 0.38586100 0.34272100
vt 0.38586100 0.37459000
vt 0.39543900 0.37459000
vt 0.39543900 0.34272100
vt 0.38581000 0.39295200
vt 0.38581000 0.42482100
vt 0.39538900 0.42482100
vt 0.39538900 0.39295200
vt 0.38586100 0.39289200
vt 0.38586100 0.42476100
vt 0.39543900 0.42476100
vt 0.39543900 0.39289200
vt 0.01081000 0.67749800
vt 0.01081000 0.70936700
vt 0.02038900 0.70936700
vt 0.02038900 0.67749800
vt 0.01086100 0.67743800
vt 0.01086100 0.70930700
vt 0.02043900 0.70930700
vt 0.02043900 0.67743800
vt 0.38581000 0.45258400
vt 0.38581000 0.48445200
vt 0.39538900 0.48445200
vt 0.39538900 0.45258400
vt 0.38586100 0.45252400
vt 0.38586100 0.48439200
vt 0.39543900 0.48439200
vt 0.39543900 0.45252400
vt 0.64543900 0.86780700
vt 0.64543900 0.89967500
vt 0.63586100 0.89967500
vt 0.63586100 0.86780700
vt 0.64538900 0.86786700
vt 0.64538900 0.89973500
vt 0.63581000 0.89973500
vt 0.63581000 0.86786700
vt 0.02596500 0.60595000
vt 0.02596500 0.65967900
vt 0.10294200 0.60595000
vt 0.10294200 0.65967900
vt 0.14901200 0.78563800
vt 0.14901200 0.83936600
vt 0.22598800 0.78563800
vt 0.22598800 0.83936600
vt 0.16268300 0.91649700
vt 0.16268300 0.97022600
vt 0.23966000 0.91649700
vt 0.23966000 0.97022600
vt 0.17556500 0.56378800
vt 0.17556500 0.58463300
vt 0.17556500 0.62632200
vt 0.21506000 0.83463300
vt 0.21506000 0.87632200
vt 0.21506000 0.81378800
vt 0.21506000 0.89002200
vt 0.21506000 0.95255600
vt 0.17556500 0.70255600
vt 0.17556500 0.64002200
vt 0.21506000 0.83463300
vt 0.17556500 0.62632200
vt 0.17556500 0.58463300
vt 0.21506000 0.87632200
vt 0.21506000 0.87632200
vt 0.17556500 0.58463300
vt 0.21506000 0.83463300
vt 0.17556500 0.62632200
vt 0.17556500 0.58463300
vt 0.17556500 0.62632200
vt 0.21506000 0.87632200
vt 0.21506000 0.83463300
vt 0.17556500 0.58463300
vt 0.21506000 0.87632200
vt 0.17556500 0.62632200
vt 0.21506000 0.83463300
vt 0.17556500 0.58463300
vt 0.21506000 0.87632200
vt 0.21506000 0.83463300
vt 0.17556500 0.62632200
vt 0.21506000 0.95255600
vt 0.17556500 0.70255600
vt 0.21506000 0.95255600
vt 0.17556500 0.70255600
vt 0.21506000 0.95255600
vt 0.17556500 0.70255600
vt 0.21506000 0.95255600
vt 0.17556500 0.70255600
vt 0.17556500 0.70255600
vt 0.21506000 0.95255600
vt 0.21506000 0.81364400
vt 0.17556500 0.56364400
vt 0.17556500 0.55281000
vt 0.17556500 0.53196500
vt 0.21506000 0.80281000
vt 0.21506000 0.78196500
vt 0.21506000 0.80281000
vt 0.17556500 0.55281000
vt 0.17556500 0.55281000
vt 0.21506000 0.80281000
vt 0.21506000 0.80281000
vt 0.17556500 0.55281000
vt 0.17556500 0.55281000
vt 0.21506000 0.80281000
vt 0.17556500 0.55281000
vt 0.21506000 0.80281000
vt 0.21506000 0.78182000
vt 0.17556500 0.53182000
vt 0.56152200 0.60338700
vt 0.56152200 0.56598300
vt 0.56152200 0.56598300
vt 0.56152200 0.61507900
vt 0.56152200 0.59014300
vt 0.56152200 0.61507900
vt 0.58178800 0.60338700
vt 0.58178800 0.56598300
vt 0.58178800 0.61507900
vt 0.58178800 0.59014300
vt 0.59018400 0.54104800
vt 0.59018400 0.56598300
vt 0.59018400 0.60338700
vt 0.59018400 0.59014300
vt 0.59018400 0.61507900
vt 0.59018400 0.61507900
vt 0.58178800 0.60338700
vt 0.58178800 0.54104800
vt 0.58178800 0.56598300
vt 0.58178800 0.61507900
vt 0.58178800 0.59014300
vt 0.56152200 0.56598300
vt 0.56152200 0.54104800
vt 0.56152200 0.60338700
vt 0.56152200 0.59014300
vt 0.56152200 0.61507900
vt 0.56152200 0.61507900
vt 0.54125400 0.56598300
vt 0.54125400 0.60338700
vt 0.54125400 0.54104800
vt 0.54125400 0.61507900
vt 0.54125400 0.59014300
vt 0.53285900 0.54104800
vt 0.53285900 0.60338700
vt 0.53285900 0.56598300
vt 0.53285900 0.61507900
vt 0.53285900 0.61507900
vt 0.53285900 0.59014300
vt 0.54125400 0.56598300
vt 0.54125400 0.60338700
vt 0.54125400 0.61507900
vt 0.54125400 0.59014300
vt 0.58178800 0.68217100
vt 0.58178800 0.63230000
vt 0.58178800 0.64476700
vt 0.56152200 0.64476700
vt 0.56152200 0.63230000
vt 0.56152200 0.68217100
vt 0.59018400 0.63230000
vt 0.59018400 0.68217100
vt 0.59018400 0.64476700
vt 0.58178800 0.63230000
vt 0.58178800 0.68217100
vt 0.58178800 0.64476700
vt 0.56152200 0.64476700
vt 0.56152200 0.63230000
vt 0.56152200 0.68217100
vt 0.54125400 0.64476700
vt 0.54125400 0.63230000
vt 0.54125400 0.68217100
vt 0.53285900 0.63230000
vt 0.53285900 0.64476700
vt 0.53285900 0.68217100
vt 0.54125400 0.64476700
vt 0.54125400 0.63230000
vt 0.54125400 0.68217100
vt 0.57645500 0.65697300
vt 0.56152200 0.65697300
vt 0.58264200 0.65697300
vt 0.57645500 0.65697300
vt 0.56152200 0.65697300
vt 0.54658900 0.65697300
vt 0.54040200 0.65697300
vt 0.54658900 0.65697300
vt 0.56152200 0.68858600
vt 0.52552700 0.61706000
vt 0.52552700 0.59212400
vt 0.52552700 0.61706000
vt 0.53607000 0.61706000
vt 0.53607000 0.59212400
vt 0.56152200 0.59212400
vt 0.56152200 0.61706000
vt 0.56152200 0.61706000
vt 0.58697400 0.61706000
vt 0.58697400 0.59212400
vt 0.59751700 0.61706000
vt 0.59751700 0.61706000
vt 0.59751700 0.59212400
vt 0.56152200 0.59212400
vt 0.56152200 0.61706000
vt 0.56152200 0.61706000
vt 0.58697400 0.61706000
vt 0.58697400 0.59212400
vt 0.53607000 0.61706000
vt 0.53607000 0.59212400
vt 0.58697400 0.66818700
vt 0.58697400 0.63078300
vt 0.56152200 0.63078300
vt 0.56152200 0.66818700
vt 0.56152200 0.63078300
vt 0.59751700 0.63078300
vt 0.59751700 0.66818700
vt 0.59751700 0.63078300
vt 0.58697400 0.63078300
vt 0.58697400 0.66818700
vt 0.56152200 0.63078300
vt 0.56152200 0.66818700
vt 0.56152200 0.63078300
vt 0.53607000 0.63078300
vt 0.53607000 0.66818700
vt 0.52552700 0.63078300
vt 0.52552700 0.66818700
vt 0.52552700 0.63078300
vt 0.53607000 0.66818700
vt 0.53607000 0.63078300
vt 0.56796600 0.53654100
vt 0.56796600 0.53654100
vt 0.56796600 0.56147700
vt 0.56796600 0.53654100
vt 0.56796600 0.53654100
vt 0.57707800 0.56874800
vt 0.57707800 0.54381300
vt 0.57707800 0.56874800
vt 0.57707800 0.54381300
vt 0.57707800 0.56874800
vt 0.57707800 0.57903200
vt 0.57707800 0.57903200
vt 0.57707800 0.61643600
vt 0.57707800 0.61643600
vt 0.57707800 0.57903200
vt 0.56796600 0.58630400
vt 0.56796600 0.62370800
vt 0.56796600 0.62370800
vt 0.56152200 0.56216900
vt 0.56152200 0.59957300
vt 0.56152200 0.56216900
vt 0.58790900 0.56216900
vt 0.58790900 0.59957300
vt 0.59884000 0.56216900
vt 0.59884000 0.59957300
vt 0.59884000 0.56216900
vt 0.58790900 0.56216900
vt 0.58790900 0.59957300
vt 0.58790900 0.56216900
vt 0.56152200 0.59957300
vt 0.56152200 0.56216900
vt 0.53513300 0.56216900
vt 0.53513300 0.56216900
vt 0.53513300 0.59957300
vt 0.52420400 0.56216900
vt 0.52420400 0.56216900
vt 0.52420400 0.59957300
vt 0.53513300 0.59957300
vt 0.53513300 0.56216900
vt 0.56152200 0.54844600
vt 0.56152200 0.54844600
vt 0.58790900 0.54844600
vt 0.59884000 0.54844600
vt 0.59884000 0.54844600
vt 0.58790900 0.54844600
vt 0.58790900 0.54844600
vt 0.56152200 0.54844600
vt 0.53513300 0.54844600
vt 0.53513300 0.54844600
vt 0.52420400 0.54844600
vt 0.52420400 0.54844600
vt 0.53513300 0.54844600
vt 0.55507800 0.53654100
vt 0.55507800 0.53654100
vt 0.55507800 0.56147700
vt 0.54596400 0.56874800
vt 0.54596400 0.54381300
vt 0.54596400 0.56874800
vt 0.54596400 0.54381300
vt 0.54596400 0.56874800
vt 0.54596400 0.61643600
vt 0.54596400 0.57903200
vt 0.54596400 0.61643600
vt 0.54596400 0.57903200
vt 0.54596400 0.57903200
vt 0.55507800 0.62370800
vt 0.55507800 0.58630400
vt 0.55507800 0.62370800
vt 0.56478700 0.56759900
vt 0.56478700 0.60500300
vt 0.56940500 0.60868800
vt 0.56940500 0.57128400
vt 0.56940500 0.57128400
vt 0.56940500 0.57649600
vt 0.56940500 0.57649600
vt 0.56478700 0.58018100
vt 0.56478700 0.58018100
vt 0.55825700 0.58018100
vt 0.55825700 0.58018100
vt 0.55363800 0.57649600
vt 0.55363800 0.57649600
vt 0.55363800 0.60868800
vt 0.55363800 0.57128400
vt 0.55363800 0.57128400
vt 0.55825700 0.60500300
vt 0.55825700 0.56759900
vt 0.56152200 0.57389100
vt 0.56152200 0.61129400
vt 0.52268600 0.56689700
vt 0.52268600 0.56689700
vt 0.52268600 0.54196200
vt 0.52268600 0.61828700
vt 0.52268600 0.58088400
vt 0.52268600 0.58088400
vt 0.52268600 0.56689700
vt 0.52268600 0.54196200
vt 0.52268600 0.56689700
vt 0.52268600 0.58088400
vt 0.52268600 0.61828700
vt 0.52268600 0.58088400
vt 0.60035900 0.54196200
vt 0.60035900 0.56689700
vt 0.60035900 0.56689700
vt 0.60035900 0.61828700
vt 0.60035900 0.58088400
vt 0.60035900 0.58088400
vt 0.60035900 0.56689700
vt 0.60035900 0.54196200
vt 0.60035900 0.56689700
vt 0.60035900 0.58088400
vt 0.60035900 0.58088400
vt 0.60035900 0.61828700
vt 0.90817000 0.80868700
vt 0.90940100 0.83760200
vt 0.90940100 0.83760200
vt 0.90385900 0.88782200
vt 0.90385900 0.88782200
vt 0.90385900 0.88782200
vt 0.90385900 0.88782200
vt 0.90940100 0.83760200
vt 0.90817000 0.80868700
vt 0.90940100 0.83760200
vt 0.90385900 0.88782200
vt 0.90385900 0.88782200
vt 0.90385900 0.88782200
vt 0.90385900 0.88782200
vt 0.92799200 0.83760200
vt 0.92799200 0.83760200
vt 0.92676200 0.80868700
vt 0.93353300 0.88782200
vt 0.93353300 0.88782200
vt 0.93353300 0.88782200
vt 0.93353300 0.88782200
vt 0.92676200 0.80868700
vt 0.92799200 0.83760200
vt 0.92799200 0.83760200
vt 0.93353300 0.88782200
vt 0.93353300 0.88782200
vt 0.93353300 0.88782200
vt 0.93353300 0.88782200
vt 0.90385900 0.92893000
vt 0.90385900 0.90309200
vt 0.90385900 0.90309200
vt 0.90385900 0.92893000
vt 0.90385900 0.90309200
vt 0.90385900 0.90309200
vt 0.93353300 0.90309200
vt 0.93353300 0.92893000
vt 0.93353300 0.90309200
vt 0.93353300 0.90309200
vt 0.93353300 0.92893000
vt 0.93353300 0.90309200
vt 0.82774700 0.84883500
vt 0.92850900 0.92893000
vt 0.82774700 0.84883500
vt 0.80812100 0.84883500
vt 0.80812100 0.84883500
vt 0.90888400 0.92893000
vt 0.80812100 0.84883500
vt 0.90888400 0.92893000
vt 0.80812100 0.84883500
vt 0.82774700 0.84883500
vt 0.92850900 0.92893000
vt 0.82774700 0.84883500
vt 0.81793400 0.83138200
vt 0.81793400 0.83138200
vt 0.81793400 0.83138200
vt 0.81793400 0.83138200
vt 0.30876600 0.42532000
vt 0.32102700 0.31077700
vt 0.32816400 0.36478900
vt 0.33390900 0.31077700
vt 0.30967100 0.28270600
vt 0.29000600 0.28004800
vt 0.26560500 0.31077700
vt 0.29965700 0.31077700
vt 0.27142900 0.31077700
vt 0.28066300 0.36478900
vt 0.26363100 0.36478900
vt 0.34019000 0.36478900
vt 0.29980200 0.36478900
vt 0.30662400 0.36478900
vt 0.31986700 0.44744900
vt 0.26556700 0.39514900
vt 0.28356900 0.44744900
vt 0.30600200 0.44744900
vt 0.28066300 0.36478900
vt 0.32816400 0.36478900
vt 0.26363100 0.36478900
vt 0.29033600 0.31077700
vt 0.29720500 0.48198100
vt 0.29720500 0.48198100
vt 0.29720500 0.48198100
vt 0.29720500 0.48198100
vt 0.78928900 0.82030700
vt 0.78928900 0.85155700
vt 0.78928900 0.80468200
vt 0.29421900 0.85155700
vt 0.29421900 0.86718200
vt 0.80173200 0.85155700
vt 0.80173200 0.82030700
vt 0.80173200 0.80468200
vt 0.81610100 0.80468200
vt 0.81610100 0.85155700
vt 0.81610100 0.82030700
vt 0.82854400 0.82030700
vt 0.82854400 0.85155700
vt 0.33514800 0.85155700
vt 0.33514800 0.86718200
vt 0.82854400 0.80468200
vt 0.83572700 0.80468200
vt 0.83572700 0.85155700
vt 0.83572700 0.82030700
vt 0.83572700 0.85155700
vt 0.83572700 0.80468200
vt 0.83572700 0.82030700
vt 0.33514800 0.86718200
vt 0.82854400 0.85155700
vt 0.33514800 0.85155700
vt 0.82854400 0.82030700
vt 0.82854400 0.80468200
vt 0.81610100 0.80468200
vt 0.81610100 0.82030700
vt 0.81610100 0.85155700
vt 0.80173200 0.82030700
vt 0.80173200 0.85155700
vt 0.80173200 0.80468200
vt 0.29421900 0.85155700
vt 0.78928900 0.80468200
vt 0.78928900 0.85155700
vt 0.29421900 0.86718200
vt 0.78928900 0.82030700
vt 0.78210500 0.82030700
vt 0.78210500 0.85155700
vt 0.78210500 0.80468200
vt 0.78210500 0.82030700
vt 0.78210500 0.80468200
vt 0.78210500 0.85155700
vt 0.40514700 0.86684000
vt 0.40514700 0.83559000
vt 0.40514700 0.83559000
vt 0.43157100 0.92913600
vt 0.42189900 0.83559000
vt 0.42189900 0.86684000
vt 0.42189900 0.83559000
vt 0.44124200 0.86684000
vt 0.44124200 0.83559000
vt 0.44124200 0.83559000
vt 0.45799400 0.83559000
vt 0.45799400 0.83559000
vt 0.45799400 0.86684000
vt 0.46766600 0.83559000
vt 0.46766600 0.86684000
vt 0.46766600 0.83559000
vt 0.46766600 0.83559000
vt 0.46766600 0.86684000
vt 0.46766600 0.83559000
vt 0.45799400 0.86684000
vt 0.45799400 0.83559000
vt 0.45799400 0.83559000
vt 0.44124200 0.83559000
vt 0.44124200 0.83559000
vt 0.44124200 0.86684000
vt 0.42189900 0.86684000
vt 0.42189900 0.83559000
vt 0.42189900 0.83559000
vt 0.40514700 0.83559000
vt 0.40514700 0.83559000
vt 0.40514700 0.86684000
vt 0.39547600 0.86684000
vt 0.39547600 0.83559000
vt 0.39547600 0.83559000
vt 0.39547600 0.83559000
vt 0.39547600 0.86684000
vt 0.39547600 0.83559000
vt 0.80173200 0.90269000
vt 0.42408000 0.79278300
vt 0.41110600 0.79278300
vt 0.78928900 0.90269000
vt 0.43906100 0.79278300
vt 0.81610100 0.90269000
vt 0.45203500 0.79278300
vt 0.82854400 0.90269000
vt 0.83572700 0.90269000
vt 0.45952500 0.79278300
vt 0.83572700 0.90269000
vt 0.45952500 0.79278300
vt 0.45203500 0.79278300
vt 0.82854400 0.90269000
vt 0.43906100 0.79278300
vt 0.81610100 0.90269000
vt 0.42408000 0.79278300
vt 0.80173200 0.90269000
vt 0.41110600 0.79278300
vt 0.78928900 0.90269000
vt 0.78210500 0.90269000
vt 0.40361600 0.79278300
vt 0.40361600 0.79278300
vt 0.78210500 0.90269000
vt 0.40514700 0.79486500
vt 0.40514700 0.82611500
vt 0.42189900 0.82611500
vt 0.42189900 0.79486500
vt 0.44124200 0.82611500
vt 0.44124200 0.79486500
vt 0.45799400 0.79486500
vt 0.45799400 0.82611500
vt 0.46766600 0.79486500
vt 0.46766600 0.82611500
vt 0.46766600 0.82611500
vt 0.46766600 0.79486500
vt 0.45799400 0.79486500
vt 0.45799400 0.82611500
vt 0.44124200 0.82611500
vt 0.44124200 0.79486500
vt 0.42189900 0.79486500
vt 0.42189900 0.82611500
vt 0.40514700 0.79486500
vt 0.40514700 0.82611500
vt 0.39547600 0.79486500
vt 0.39547600 0.82611500
vt 0.39547600 0.82611500
vt 0.39547600 0.79486500
vt 0.29482800 0.85954200
vt 0.29482800 0.84391700
vt 0.29482800 0.81266700
vt 0.29482800 0.81266700
vt 0.29482800 0.84391700
vt 0.29482800 0.85954200
vt 0.33453900 0.85954200
vt 0.33453900 0.84391700
vt 0.33453900 0.81266700
vt 0.33453900 0.81266700
vt 0.33453900 0.85954200
vt 0.33453900 0.84391700
vt 0.33006200 0.81682900
vt 0.33006200 0.81682900
vt 0.33006200 0.81682900
vt 0.33006200 0.83245400
vt 0.33691000 0.83245400
vt 0.33691000 0.81682900
vt 0.33691000 0.81682900
vt 0.33691000 0.81682900
vt 0.32078900 0.85140100
vt 0.32078900 0.85140100
vt 0.32078900 0.86702600
vt 0.32078900 0.85140100
vt 0.32803000 0.86702600
vt 0.32803000 0.85140100
vt 0.32803000 0.85140100
vt 0.32803000 0.85140100
vt 0.29245700 0.81682900
vt 0.29245700 0.81682900
vt 0.29245700 0.83245400
vt 0.29245700 0.81682900
vt 0.29930500 0.81682900
vt 0.29930500 0.83245400
vt 0.29930500 0.81682900
vt 0.29930500 0.81682900
vt 0.30133800 0.85140100
vt 0.30133800 0.85140100
vt 0.30133800 0.86702600
vt 0.30133800 0.85140100
vt 0.30857900 0.85140100
vt 0.30857900 0.86702600
vt 0.30857900 0.85140100
vt 0.30857900 0.85140100
vt 0.33006200 0.83245400
vt 0.33006200 0.81682900
vt 0.33006200 0.81682900
vt 0.33006200 0.81682900
vt 0.33691000 0.81682900
vt 0.33691000 0.81682900
vt 0.33691000 0.83245400
vt 0.33691000 0.81682900
vt 0.32078900 0.86702600
vt 0.32078900 0.85140100
vt 0.32078900 0.85140100
vt 0.32078900 0.85140100
vt 0.32803000 0.85140100
vt 0.32803000 0.85140100
vt 0.32803000 0.85140100
vt 0.32803000 0.86702600
vt 0.29245700 0.81682900
vt 0.29245700 0.83245400
vt 0.29245700 0.81682900
vt 0.29245700 0.81682900
vt 0.29930500 0.81682900
vt 0.29930500 0.81682900
vt 0.29930500 0.81682900
vt 0.29930500 0.83245400
vt 0.30133800 0.85140100
vt 0.30133800 0.86702600
vt 0.30133800 0.85140100
vt 0.30133800 0.85140100
vt 0.30857900 0.85140100
vt 0.30857900 0.85140100
vt 0.30857900 0.86702600
vt 0.30857900 0.85140100
vt 0.43274100 0.81682900
vt 0.43274100 0.81682900
vt 0.43274100 0.84889400
vt 0.43274100 0.84889400
vt 0.43519100 0.81682900
vt 0.43519100 0.81682900
vt 0.43519100 0.84889400
vt 0.43519100 0.84889400
vt 0.43519100 0.81682900
vt 0.43519100 0.81682900
vt 0.43519100 0.84889400
vt 0.43519100 0.84889400
vt 0.43274100 0.81682900
vt 0.43274100 0.81682900
vt 0.43274100 0.84889400
vt 0.43274100 0.84889400
vt 0.43029100 0.81682900
vt 0.43029100 0.81682900
vt 0.43029100 0.84889400
vt 0.43029100 0.84889400
vt 0.43029100 0.81682900
vt 0.43029100 0.81682900
vt 0.43029100 0.84889400
vt 0.43029100 0.84889400
vt 0.26026200 0.40129000
vt 0.26026200 0.37004000
vt 0.26026200 0.40129000
vt 0.26026200 0.45305700
vt 0.26026200 0.42180700
vt 0.26026200 0.42180700
vt 0.26026200 0.45305700
vt 0.26026200 0.42180700
vt 0.26026200 0.42180700
vt 0.26026200 0.37004000
vt 0.26026200 0.40129000
vt 0.26026200 0.40129000
vt 0.56372800 0.88507500
vt 0.56372800 0.90070000
vt 0.56372800 0.86945000
vt 0.56372800 0.86945000
vt 0.55754900 0.88507500
vt 0.55754900 0.90070000
vt 0.55754900 0.86945000
vt 0.55754900 0.86945000
vt 0.55754900 0.95924100
vt 0.55754900 0.92799100
vt 0.55754900 0.92799100
vt 0.55754900 0.94361600
vt 0.56372800 0.92799100
vt 0.56372800 0.94361600
vt 0.56372800 0.95924100
vt 0.56372800 0.92799100
vt 0.28304900 0.39724100
vt 0.28304900 0.36599100
vt 0.28304900 0.39724100
vt 0.28304900 0.45592100
vt 0.28304900 0.45592100
vt 0.28304900 0.36599100
vt 0.28304900 0.39724100
vt 0.28304900 0.39724100
vt 0.32437500 0.45592100
vt 0.32437500 0.39724100
vt 0.32437500 0.39724100
vt 0.32437500 0.36599100
vt 0.32437500 0.45592100
vt 0.32437500 0.39724100
vt 0.32437500 0.39724100
vt 0.32437500 0.36599100
vt 0.34716000 0.42180700
vt 0.34716000 0.42180700
vt 0.34716000 0.45305700
vt 0.34716000 0.37004000
vt 0.34716000 0.40129000
vt 0.34716000 0.40129000
vt 0.34716000 0.42180700
vt 0.34716000 0.42180700
vt 0.34716000 0.45305700
vt 0.34716000 0.40129000
vt 0.34716000 0.37004000
vt 0.34716000 0.40129000
vt 0.29796400 0.29423900
vt 0.29796400 0.32548900
vt 0.28304900 0.33378200
vt 0.28304900 0.33378200
vt 0.28304900 0.30253200
vt 0.28304900 0.30253200
vt 0.28304900 0.30253200
vt 0.28304900 0.33378200
vt 0.28304900 0.30253200
vt 0.28304900 0.33378200
vt 0.29796400 0.32548900
vt 0.29796400 0.29423900
vt 0.32437500 0.30253200
vt 0.32437500 0.30253200
vt 0.32437500 0.33378200
vt 0.32437500 0.33378200
vt 0.30946000 0.32548900
vt 0.30946000 0.29423900
vt 0.32437500 0.30253200
vt 0.32437500 0.33378200
vt 0.32437500 0.33378200
vt 0.32437500 0.30253200
vt 0.30946000 0.29423900
vt 0.30946000 0.32548900
vt 0.54287000 0.87928700
vt 0.54287000 0.84803700
vt 0.54287000 0.84803700
vt 0.54287000 0.90216200
vt 0.54287000 0.90216200
vt 0.54287000 0.93341200
vt 0.61338000 0.90216200
vt 0.61338000 0.93341200
vt 0.61338000 0.90216200
vt 0.61338000 0.84803700
vt 0.61338000 0.84803700
vt 0.61338000 0.87928700
vt 0.54287000 0.79076300
vt 0.54287000 0.79076300
vt 0.54287000 0.79076300
vt 0.54287000 0.79076300
vt 0.61338000 0.79076300
vt 0.61338000 0.79076300
vt 0.61338000 0.79076300
vt 0.61338000 0.79076300
vt 0.59870000 0.90070000
vt 0.59870000 0.86945000
vt 0.59870000 0.86945000
vt 0.59870000 0.88507500
vt 0.59252100 0.86945000
vt 0.59252100 0.90070000
vt 0.59252100 0.86945000
vt 0.59252100 0.88507500
vt 0.59252100 0.92799100
vt 0.59252100 0.95924100
vt 0.59252100 0.94361600
vt 0.59252100 0.92799100
vt 0.59870000 0.95924100
vt 0.59870000 0.94361600
vt 0.59870000 0.92799100
vt 0.59870000 0.92799100
vt 0.55653900 0.87928700
vt 0.55653900 0.84803700
vt 0.55653900 0.84803700
vt 0.55653900 0.86366200
vt 0.56473900 0.86366200
vt 0.56473900 0.84803700
vt 0.56473900 0.84803700
vt 0.56473900 0.87928700
vt 0.59151000 0.87928700
vt 0.59151000 0.84803700
vt 0.59151000 0.84803700
vt 0.59151000 0.86366200
vt 0.59971100 0.84803700
vt 0.59971100 0.84803700
vt 0.59971100 0.86366200
vt 0.59971100 0.87928700
vt 0.59971100 0.91778700
vt 0.59971100 0.93341200
vt 0.59971100 0.90216200
vt 0.59971100 0.90216200
vt 0.59151000 0.91778700
vt 0.59151000 0.90216200
vt 0.59151000 0.93341200
vt 0.59151000 0.90216200
vt 0.56473900 0.90216200
vt 0.56473900 0.93341200
vt 0.56473900 0.90216200
vt 0.56473900 0.91778700
vt 0.55653900 0.93341200
vt 0.55653900 0.90216200
vt 0.55653900 0.91778700
vt 0.55653900 0.90216200
vt 0.55653900 0.79076800
vt 0.55653900 0.79076800
vt 0.56473900 0.79076800
vt 0.56473900 0.79076800
vt 0.59151000 0.79076800
vt 0.59151000 0.79076800
vt 0.59971100 0.79076800
vt 0.59971100 0.79076800
vt 0.59971100 0.79076800
vt 0.59971100 0.79076800
vt 0.59151000 0.79076800
vt 0.59151000 0.79076800
vt 0.56473900 0.79076800
vt 0.56473900 0.79076800
vt 0.55653900 0.79076800
vt 0.55653900 0.79076800
vt 0.59870000 0.79076800
vt 0.59870000 0.79076800
vt 0.59252100 0.79076800
vt 0.59252100 0.79076800
vt 0.56372800 0.79076800
vt 0.56372800 0.79076800
vt 0.55754900 0.79076800
vt 0.55754900 0.79076800
vt 0.55754900 0.79076800
vt 0.55754900 0.79076800
vt 0.56372800 0.79076800
vt 0.56372800 0.79076800
vt 0.59252100 0.79076800
vt 0.59252100 0.79076800
vt 0.59870000 0.79076800
vt 0.59870000 0.79076800
vt 0.32437500 0.33913600
vt 0.32437500 0.37038600
vt 0.32437500 0.33913600
vt 0.32437500 0.37038600
vt 0.32437500 0.35995300
vt 0.32437500 0.39120300
vt 0.32437500 0.39120300
vt 0.32437500 0.35995300
vt 0.31971500 0.39641900
vt 0.31971500 0.33391900
vt 0.31971500 0.39641900
vt 0.31971500 0.33391900
vt 0.28304900 0.35995300
vt 0.28304900 0.39120300
vt 0.28304900 0.39120300
vt 0.28304900 0.35995300
vt 0.28304900 0.33913600
vt 0.28304900 0.37038600
vt 0.28304900 0.33913600
vt 0.28304900 0.37038600
vt 0.28770700 0.39641900
vt 0.28770700 0.33391900
vt 0.28770700 0.39641900
vt 0.28770700 0.33391900
vt 0.28304900 0.37038600
vt 0.28304900 0.33913600
vt 0.28304900 0.37038600
vt 0.28304900 0.33913600
vt 0.28304900 0.35995300
vt 0.28304900 0.39120300
vt 0.28304900 0.39120300
vt 0.28304900 0.35995300
vt 0.28770700 0.39641900
vt 0.28770700 0.33391900
vt 0.28770700 0.33391900
vt 0.28770700 0.39641900
vt 0.32437500 0.39120300
vt 0.32437500 0.39120300
vt 0.32437500 0.35995300
vt 0.32437500 0.35995300
vt 0.32437500 0.37038600
vt 0.32437500 0.33913600
vt 0.32437500 0.37038600
vt 0.32437500 0.33913600
vt 0.31971500 0.39641900
vt 0.31971500 0.39641900
vt 0.31971500 0.33391900
vt 0.31971500 0.33391900
vt 0.29265900 0.46952000
vt 0.31798100 0.46952000
vt 0.31798100 0.46292100
vt 0.29265900 0.46292100
vt 0.64812600 0.59755400
vt 0.64812600 0.59755400
vt 0.64812600 0.57217900
vt 0.64812600 0.64720900
vt 0.64812600 0.64720900
vt 0.64812600 0.68527100
vt 0.64812600 0.57217900
vt 0.64812600 0.59755400
vt 0.64812600 0.59755400
vt 0.64812600 0.64720900
vt 0.64812600 0.68527100
vt 0.64812600 0.64720900
vt 0.71770800 0.59755400
vt 0.71770800 0.59755400
vt 0.71770800 0.57217900
vt 0.71770800 0.64720900
vt 0.71770800 0.64720900
vt 0.71770800 0.68527100
vt 0.71770800 0.59755400
vt 0.71770800 0.57217900
vt 0.71770800 0.59755400
vt 0.71770800 0.68527100
vt 0.71770800 0.64720900
vt 0.71770800 0.64720900
vt 0.69197800 0.69174500
vt 0.69197800 0.67921000
vt 0.71441800 0.69174500
vt 0.71441800 0.67921000
vt 0.67714600 0.59755400
vt 0.67714600 0.32217900
vt 0.67714600 0.57217900
vt 0.67714600 0.34755400
vt 0.68868800 0.59755400
vt 0.68868800 0.32217900
vt 0.68868800 0.34755400
vt 0.68868800 0.57217900
vt 0.68868800 0.68527100
vt 0.68868800 0.43527100
vt 0.68868800 0.64720900
vt 0.68868800 0.39720900
vt 0.67714600 0.68527100
vt 0.67714600 0.43527100
vt 0.67714600 0.39720900
vt 0.67714600 0.64720900
vt 0.68868800 0.32217900
vt 0.68868800 0.57217900
vt 0.68868800 0.34755400
vt 0.68868800 0.59755400
vt 0.67714600 0.34755400
vt 0.67714600 0.57217900
vt 0.67714600 0.32217900
vt 0.67714600 0.59755400
vt 0.67714600 0.68527100
vt 0.67714600 0.43527100
vt 0.67714600 0.39720900
vt 0.67714600 0.64720900
vt 0.68868800 0.39720900
vt 0.68868800 0.43527100
vt 0.68868800 0.64720900
vt 0.68868800 0.68527100
vt 0.69679200 0.72710400
vt 0.69679200 0.72710400
vt 0.66777100 0.72710400
vt 0.66777100 0.72710400
vt 0.65125000 0.59369500
vt 0.65125000 0.56832100
vt 0.65125000 0.59369500
vt 0.65125000 0.59369500
vt 0.65125000 0.59369500
vt 0.65125000 0.56832100
vt 0.71458700 0.56832100
vt 0.71458700 0.59369500
vt 0.71458700 0.59369500
vt 0.71458700 0.63889100
vt 0.71458700 0.63889100
vt 0.71458700 0.67695300
vt 0.71458700 0.56832100
vt 0.71458700 0.59369500
vt 0.71458700 0.59369500
vt 0.71458700 0.63889100
vt 0.71458700 0.63889100
vt 0.71458700 0.67695300
vt 0.65665100 0.70301500
vt 0.65884500 0.69340200
vt 0.67385900 0.70560500
vt 0.67605300 0.69599200
vt 0.68291800 0.68912700
vt 0.68291800 0.68912700
vt 0.65125000 0.63889100
vt 0.65125000 0.63889100
vt 0.65125000 0.53926600
vt 0.65125000 0.67695300
vt 0.65125000 0.67695300
vt 0.65125000 0.63889100
vt 0.65125000 0.63889100
vt 0.65125000 0.53926600
vt 0.68291800 0.53926600
vt 0.68291800 0.67695300
vt 0.68291800 0.63889100
vt 0.68291800 0.63889100
vt 0.68291800 0.53926600
vt 0.68291800 0.67695300
vt 0.97011000 0.58896600
vt 0.93111900 0.58896600
vt 0.93111900 0.58896600
vt 0.90701800 0.58896600
vt 0.90701800 0.58896600
vt 0.90701800 0.58896600
vt 0.93111900 0.58896600
vt 0.93111900 0.58896600
vt 0.97011000 0.58896600
vt 0.94459300 0.66349400
vt 0.94459300 0.62241300
vt 0.91684200 0.66349400
vt 0.91684200 0.62241300
vt 0.91684200 0.62241300
vt 0.91684200 0.66349400
vt 0.91684200 0.62241300
vt 0.91684200 0.62241300
vt 0.94459300 0.62241300
vt 0.94459300 0.66349400
vt 0.96174700 0.66349400
vt 0.96174700 0.62241300
vt 0.94872400 0.63003800
vt 0.95029600 0.58896600
vt 0.92954200 0.58896600
vt 0.92954200 0.58896600
vt 0.92944400 0.58896600
vt 0.95013700 0.58896600
vt 0.95013700 0.58896600
vt 0.96302300 0.58896600
vt 0.93832500 0.65584000
vt 0.93832500 0.61475900
vt 0.92915200 0.61475900
vt 0.92915200 0.65584000
vt 0.93821100 0.61475900
vt 0.93821100 0.65584000
vt 0.95298100 0.65584000
vt 0.95298100 0.61475900
vt 0.95305100 0.65584000
vt 0.95305100 0.61475900
vt 0.95228400 0.61673500
f 53/53/53 65/65/65 12/12/12
f 12/12/12 9/9/9 53/53/53
f 25/25/25 35/35/35 24/24/24
f 24/24/24 21/21/21 25/25/25
f 68/68/68 79/79/79 16/16/16
f 16/16/16 14/14/14 68/68/68
f 40/40/40 51/51/51 4/4/4
f 4/4/4 2/2/2 40/40/40
f 96/96/96 67/67/67 15/15/15
f 15/15/15 44/44/44 96/96/96
f 91/91/91 61/61/61 5/5/5
f 5/5/5 52/52/52 91/91/91
f 78/78/78 86/86/86 47/47/47
f 47/47/47 18/18/18 78/78/78
f 96/96/96 44/44/44 39/39/39
f 39/39/39 94/94/94 96/96/96
f 48/48/48 50/50/50 41/41/41
f 41/41/41 42/42/42 48/48/48
f 57/57/57 94/94/94 39/39/39
f 39/39/39 1/1/1 57/57/57
f 13/13/13 17/17/17 45/45/45
f 45/45/45 43/43/43 13/13/13
f 34/34/34 36/36/36 26/26/26
f 26/26/26 28/28/28 34/34/34
f 38/38/38 31/31/31 88/88/88
f 88/88/88 82/82/82 38/38/38
f 7/7/7 11/11/11 33/33/33
f 33/33/33 30/30/30 7/7/7
f 46/46/46 84/84/84 90/90/90
f 90/90/90 49/49/49 46/46/46
f 95/95/95 96/96/96 94/94/94
f 94/94/94 93/93/93 95/95/95
f 8/8/8 29/29/29 93/93/93
f 93/93/93 55/55/55 8/8/8
f 93/93/93 94/94/94 57/57/57
f 57/57/57 55/55/55 93/93/93
f 27/27/27 95/95/95 93/93/93
f 93/93/93 29/29/29 27/27/27
f 87/87/87 92/92/92 85/85/85
f 85/85/85 83/83/83 87/87/87
f 22/22/22 37/37/37 81/81/81
f 81/81/81 75/75/75 22/22/22
f 82/82/82 84/84/84 77/77/77
f 77/77/77 76/76/76 82/82/82
f 32/32/32 10/10/10 64/64/64
f 64/64/64 89/89/89 32/32/32
f 88/88/88 63/63/63 60/60/60
f 60/60/60 90/90/90 88/88/88
f 27/27/27 20/20/20 72/72/72
f 72/72/72 95/95/95 27/27/27
f 95/95/95 72/72/72 67/67/67
f 67/67/67 96/96/96 95/95/95
f 19/19/19 23/23/23 74/74/74
f 74/74/74 70/70/70 19/19/19
f 73/73/73 80/80/80 69/69/69
f 69/69/69 71/71/71 73/73/73
f 3/3/3 6/6/6 59/59/59
f 59/59/59 56/56/56 3/3/3
f 62/62/62 66/66/66 54/54/54
f 54/54/54 58/58/58 62/62/62
f 207/207/207 201/201/201 211/211/211
f 119/119/119 121/121/121 153/153/153
f 153/153/153 155/155/155 119/119/119
f 108/108/108 135/135/135 144/144/144
f 144/144/144 105/105/105 108/108/108
f 136/136/136 140/140/140 160/160/160
f 160/160/160 161/161/161 136/136/136
f 126/126/126 203/203/203 185/185/185
f 185/185/185 158/158/158 126/126/126
f 105/105/105 104/104/104 114/114/114
f 114/114/114 113/113/113 105/105/105
f 104/104/104 213/213/213 117/117/117
f 117/117/117 114/114/114 104/104/104
f 213/213/213 212/212/212 120/120/120
f 120/120/120 117/117/117 213/213/213
f 99/99/99 106/106/106 127/127/127
f 127/127/127 125/125/125 99/99/99
f 205/205/205 171/171/171 99/99/99
f 99/99/99 125/125/125 205/205/205
f 1707/1707/1707 107/107/107 441/441/441
f 441/441/441 437/437/437 1707/1707/1707
f 106/106/106 99/99/99 133/133/133
f 133/133/133 129/129/129 106/106/106
f 99/99/99 1707/1707/1707 437/437/437
f 437/437/437 133/133/133 99/99/99
f 108/108/108 1708/1708/1708 138/138/138
f 138/138/138 135/135/135 108/108/108
f 1708/1708/1708 104/104/104 141/141/141
f 141/141/141 138/138/138 1708/1708/1708
f 104/104/104 105/105/105 144/144/144
f 144/144/144 141/141/141 104/104/104
f 145/145/145 137/137/137 162/162/162
f 162/162/162 163/163/163 145/145/145
f 139/139/139 143/143/143 166/166/166
f 166/166/166 159/159/159 139/139/139
f 142/142/142 146/146/146 164/164/164
f 164/164/164 165/165/165 142/142/142
f 112/112/112 115/115/115 150/150/150
f 150/150/150 152/152/152 112/112/112
f 122/122/122 111/111/111 151/151/151
f 151/151/151 154/154/154 122/122/122
f 148/148/148 187/187/187 206/206/206
f 206/206/206 123/123/123 148/148/148
f 124/124/124 128/128/128 157/157/157
f 157/157/157 147/147/147 124/124/124
f 116/116/116 118/118/118 156/156/156
f 156/156/156 149/149/149 116/116/116
f 120/120/120 212/212/212 105/105/105
f 105/105/105 113/113/113 120/120/120
f 441/441/441 107/107/107 106/106/106
f 106/106/106 129/129/129 441/441/441
f 102/102/102 431/431/431 168/168/168
f 168/168/168 169/169/169 102/102/102
f 127/127/127 106/106/106 211/211/211
f 189/189/189 198/198/198 183/183/183
f 183/183/183 180/180/180 189/189/189
f 199/199/199 196/196/196 181/181/181
f 181/181/181 184/184/184 199/199/199
f 202/202/202 204/204/204 188/188/188
f 188/188/188 186/186/186 202/202/202
f 213/213/213 175/175/175 200/200/200
f 200/200/200 191/191/191 213/213/213
f 207/207/207 171/171/171 205/205/205
f 205/205/205 201/201/201 207/207/207
f 194/194/194 190/190/190 179/179/179
f 179/179/179 177/177/177 194/194/194
f 175/175/175 208/208/208 195/195/195
f 195/195/195 200/200/200 175/175/175
f 212/212/212 213/213/213 191/191/191
f 191/191/191 192/192/192 212/212/212
f 212/212/212 192/192/192 195/195/195
f 195/195/195 208/208/208 212/212/212
f 201/201/201 127/127/127 211/211/211
f 197/197/197 193/193/193 178/178/178
f 178/178/178 182/182/182 197/197/197
f 209/209/209 100/100/100 170/170/170
f 170/170/170 172/172/172 209/209/209
f 101/101/101 210/210/210 176/176/176
f 176/176/176 173/173/173 101/101/101
f 224/224/224 228/228/228 245/245/245
f 245/245/245 247/247/247 224/224/224
f 258/258/258 98/98/98 434/434/434
f 434/434/434 174/174/174 258/258/258
f 1708/1708/1708 231/231/231 238/238/238
f 238/238/238 104/104/104 1708/1708/1708
f 229/229/229 232/232/232 250/250/250
f 250/250/250 252/252/252 229/229/229
f 104/104/104 216/216/216 220/220/220
f 220/220/220 218/218/218 104/104/104
f 216/216/216 281/281/281 223/223/223
f 223/223/223 220/220/220 216/216/216
f 281/281/281 213/213/213 226/226/226
f 226/226/226 223/223/223 281/281/281
f 1708/1708/1708 215/215/215 233/233/233
f 233/233/233 231/231/231 1708/1708/1708
f 215/215/215 216/216/216 237/237/237
f 237/237/237 233/233/233 215/215/215
f 216/216/216 104/104/104 238/238/238
f 238/238/238 237/237/237 216/216/216
f 239/239/239 230/230/230 251/251/251
f 251/251/251 254/254/254 239/239/239
f 234/234/234 235/235/235 256/256/256
f 256/256/256 249/249/249 234/234/234
f 236/236/236 240/240/240 253/253/253
f 253/253/253 255/255/255 236/236/236
f 219/219/219 222/222/222 242/242/242
f 242/242/242 243/243/243 219/219/219
f 227/227/227 217/217/217 244/244/244
f 244/244/244 246/246/246 227/227/227
f 221/221/221 225/225/225 248/248/248
f 248/248/248 241/241/241 221/221/221
f 226/226/226 213/213/213 104/104/104
f 104/104/104 218/218/218 226/226/226
f 174/174/174 434/434/434 433/433/433
f 433/433/433 103/103/103 174/174/174
f 271/271/271 279/279/279 268/268/268
f 268/268/268 264/264/264 271/271/271
f 280/280/280 277/277/277 265/265/265
f 265/265/265 267/267/267 280/280/280
f 281/281/281 260/260/260 278/278/278
f 278/278/278 269/269/269 281/281/281
f 272/272/272 270/270/270 263/263/263
f 263/263/263 261/261/261 272/272/272
f 260/260/260 175/175/175 275/275/275
f 275/275/275 278/278/278 260/260/260
f 213/213/213 281/281/281 269/269/269
f 269/269/269 274/274/274 213/213/213
f 213/213/213 274/274/274 275/275/275
f 275/275/275 175/175/175 213/213/213
f 276/276/276 273/273/273 262/262/262
f 262/262/262 266/266/266 276/276/276
f 173/173/173 176/176/176 259/259/259
f 259/259/259 257/257/257 173/173/173
f 312/312/312 316/316/316 335/335/335
f 335/335/335 331/331/331 312/312/312
f 377/377/377 315/315/315 314/314/314
f 314/314/314 294/294/294 377/377/377
f 305/305/305 307/307/307 326/326/326
f 326/326/326 328/328/328 305/305/305
f 432/432/432 293/293/293 282/282/282
f 282/282/282 167/167/167 432/432/432
f 286/286/286 284/284/284 302/302/302
f 302/302/302 298/298/298 286/286/286
f 284/284/284 377/377/377 303/303/303
f 303/303/303 302/302/302 284/284/284
f 294/294/294 286/286/286 298/298/298
f 298/298/298 308/308/308 294/294/294
f 291/291/291 294/294/294 314/314/314
f 314/314/314 311/311/311 291/291/291
f 377/377/377 289/289/289 320/320/320
f 320/320/320 315/315/315 377/377/377
f 289/289/289 291/291/291 311/311/311
f 311/311/311 320/320/320 289/289/289
f 317/317/317 319/319/319 333/333/333
f 333/333/333 336/336/336 317/317/317
f 299/299/299 301/301/301 322/322/322
f 322/322/322 323/323/323 299/299/299
f 306/306/306 297/297/297 324/324/324
f 324/324/324 325/325/325 306/306/306
f 309/309/309 313/313/313 332/332/332
f 332/332/332 330/330/330 309/309/309
f 300/300/300 304/304/304 327/327/327
f 327/327/327 321/321/321 300/300/300
f 318/318/318 310/310/310 329/329/329
f 329/329/329 334/334/334 318/318/318
f 303/303/303 377/377/377 294/294/294
f 294/294/294 308/308/308 303/303/303
f 292/292/292 379/379/379 382/382/382
f 382/382/382 283/283/283 292/292/292
f 288/288/288 380/380/380 379/379/379
f 379/379/379 292/292/292 288/288/288
f 369/369/369 378/378/378 377/377/377
f 377/377/377 366/366/366 369/369/369
f 371/371/371 368/368/368 345/345/345
f 345/345/345 352/352/352 371/371/371
f 354/354/354 364/364/364 344/344/344
f 344/344/344 340/340/340 354/354/354
f 362/362/362 360/360/360 341/341/341
f 341/341/341 343/343/343 362/362/362
f 365/365/365 376/376/376 349/349/349
f 349/349/349 348/348/348 365/365/365
f 381/381/381 289/289/289 363/363/363
f 363/363/363 355/355/355 381/381/381
f 377/377/377 284/284/284 374/374/374
f 374/374/374 366/366/366 377/377/377
f 358/358/358 353/353/353 339/339/339
f 339/339/339 338/338/338 358/358/358
f 289/289/289 377/377/377 361/361/361
f 361/361/361 363/363/363 289/289/289
f 284/284/284 383/383/383 372/372/372
f 372/372/372 374/374/374 284/284/284
f 378/378/378 381/381/381 355/355/355
f 355/355/355 357/357/357 378/378/378
f 375/375/375 373/373/373 351/351/351
f 351/351/351 350/350/350 375/375/375
f 383/383/383 378/378/378 369/369/369
f 369/369/369 372/372/372 383/383/383
f 378/378/378 357/357/357 361/361/361
f 361/361/361 377/377/377 378/378/378
f 370/370/370 367/367/367 347/347/347
f 347/347/347 346/346/346 370/370/370
f 359/359/359 356/356/356 337/337/337
f 337/337/337 342/342/342 359/359/359
f 435/435/435 287/287/287 293/293/293
f 293/293/293 432/432/432 435/435/435
f 394/394/394 397/397/397 408/408/408
f 408/408/408 404/404/404 394/394/394
f 289/289/289 395/395/395 392/392/392
f 392/392/392 291/291/291 289/289/289
f 387/387/387 291/291/291 392/392/392
f 392/392/392 390/390/390 387/387/387
f 289/289/289 386/386/386 398/398/398
f 398/398/398 395/395/395 289/289/289
f 386/386/386 387/387/387 390/390/390
f 390/390/390 398/398/398 386/386/386
f 396/396/396 399/399/399 406/406/406
f 406/406/406 407/407/407 396/396/396
f 389/389/389 393/393/393 403/403/403
f 403/403/403 402/402/402 389/389/389
f 400/400/400 391/391/391 401/401/401
f 401/401/401 405/405/405 400/400/400
f 385/385/385 429/429/429 380/380/380
f 380/380/380 288/288/288 385/385/385
f 419/419/419 427/427/427 416/416/416
f 416/416/416 412/412/412 419/419/419
f 428/428/428 425/425/425 414/414/414
f 414/414/414 415/415/415 428/428/428
f 430/430/430 386/386/386 426/426/426
f 426/426/426 417/417/417 430/430/430
f 422/422/422 418/418/418 411/411/411
f 411/411/411 409/409/409 422/422/422
f 386/386/386 289/289/289 424/424/424
f 424/424/424 426/426/426 386/386/386
f 381/381/381 430/430/430 417/417/417
f 417/417/417 420/420/420 381/381/381
f 381/381/381 420/420/420 424/424/424
f 424/424/424 289/289/289 381/381/381
f 423/423/423 421/421/421 410/410/410
f 410/410/410 413/413/413 423/423/423
f 97/97/97 384/384/384 287/287/287
f 287/287/287 435/435/435 97/97/97
f 440/440/440 131/131/131 448/448/448
f 448/448/448 446/446/446 440/440/440
f 130/130/130 132/132/132 445/445/445
f 445/445/445 449/449/449 130/130/130
f 134/134/134 438/438/438 443/443/443
f 443/443/443 444/444/444 134/134/134
f 436/436/436 439/439/439 447/447/447
f 447/447/447 442/442/442 436/436/436
f 528/528/528 530/530/530 450/450/450
f 450/450/450 453/453/453 528/528/528
f 469/469/469 464/464/464 456/456/456
f 456/456/456 473/473/473 469/469/469
f 466/466/466 461/461/461 470/470/470
f 470/470/470 472/472/472 466/466/466
f 454/454/454 459/459/459 458/458/458
f 458/458/458 463/463/463 454/454/454
f 462/462/462 455/455/455 465/465/465
f 465/465/465 468/468/468 462/462/462
f 460/460/460 467/467/467 471/471/471
f 471/471/471 457/457/457 460/460/460
f 480/480/480 478/478/478 475/475/475
f 475/475/475 481/481/481 480/480/480
f 474/474/474 477/477/477 476/476/476
f 476/476/476 479/479/479 474/474/474
f 487/487/487 484/484/484 482/482/482
f 482/482/482 488/488/488 487/487/487
f 485/485/485 483/483/483 486/486/486
f 486/486/486 489/489/489 485/485/485
f 493/493/493 500/500/500 513/513/513
f 513/513/513 504/504/504 493/493/493
f 502/502/502 498/498/498 507/507/507
f 507/507/507 510/510/510 502/502/502
f 494/494/494 490/490/490 496/496/496
f 496/496/496 503/503/503 494/494/494
f 499/499/499 495/495/495 501/501/501
f 501/501/501 511/511/511 499/499/499
f 512/512/512 509/509/509 506/506/506
f 506/506/506 515/515/515 512/512/512
f 492/492/492 505/505/505 508/508/508
f 491/491/491 492/492/492 508/508/508
f 508/508/508 497/497/497 491/491/491
f 514/514/514 499/499/499 511/511/511
f 524/524/524 521/521/521 517/517/517
f 517/517/517 526/526/526 524/524/524
f 452/452/452 451/451/451 531/531/531
f 531/531/531 529/529/529 452/452/452
f 520/520/520 516/516/516 522/522/522
f 522/522/522 525/525/525 520/520/520
f 519/519/519 523/523/523 527/527/527
f 527/527/527 518/518/518 519/519/519
f 616/616/616 619/619/619 538/538/538
f 538/538/538 541/541/541 616/616/616
f 557/557/557 552/552/552 545/545/545
f 545/545/545 561/561/561 557/557/557
f 554/554/554 549/549/549 558/558/558
f 558/558/558 560/560/560 554/554/554
f 543/543/543 547/547/547 546/546/546
f 546/546/546 551/551/551 543/543/543
f 550/550/550 542/542/542 553/553/553
f 553/553/553 556/556/556 550/550/550
f 548/548/548 555/555/555 559/559/559
f 559/559/559 544/544/544 548/548/548
f 568/568/568 566/566/566 564/564/564
f 564/564/564 569/569/569 568/568/568
f 562/562/562 565/565/565 563/563/563
f 563/563/563 567/567/567 562/562/562
f 575/575/575 572/572/572 570/570/570
f 570/570/570 576/576/576 575/575/575
f 573/573/573 571/571/571 574/574/574
f 574/574/574 577/577/577 573/573/573
f 580/580/580 588/588/588 603/603/603
f 603/603/603 593/593/593 580/580/580
f 589/589/589 584/584/584 597/597/597
f 597/597/597 599/599/599 589/589/589
f 583/583/583 578/578/578 585/585/585
f 585/585/585 590/590/590 583/583/583
f 587/587/587 582/582/582 591/591/591
f 591/591/591 598/598/598 587/587/587
f 600/600/600 595/595/595 592/592/592
f 592/592/592 602/602/602 600/600/600
f 581/581/581 594/594/594 596/596/596
f 579/579/579 581/581/581 596/596/596
f 596/596/596 586/586/586 579/579/579
f 601/601/601 587/587/587 598/598/598
f 613/613/613 610/610/610 606/606/606
f 606/606/606 615/615/615 613/613/613
f 540/540/540 539/539/539 618/618/618
f 618/618/618 617/617/617 540/540/540
f 608/608/608 604/604/604 609/609/609
f 609/609/609 612/612/612 608/608/608
f 607/607/607 611/611/611 614/614/614
f 614/614/614 605/605/605 607/607/607
f 704/704/704 706/706/706 625/625/625
f 625/625/625 628/628/628 704/704/704
f 645/645/645 640/640/640 631/631/631
f 631/631/631 646/646/646 645/645/645
f 642/642/642 636/636/636 644/644/644
f 644/644/644 648/648/648 642/642/642
f 630/630/630 635/635/635 633/633/633
f 633/633/633 639/639/639 630/630/630
f 637/637/637 629/629/629 638/638/638
f 638/638/638 643/643/643 637/637/637
f 634/634/634 641/641/641 647/647/647
f 647/647/647 632/632/632 634/634/634
f 655/655/655 653/653/653 651/651/651
f 651/651/651 656/656/656 655/655/655
f 649/649/649 652/652/652 650/650/650
f 650/650/650 654/654/654 649/649/649
f 662/662/662 659/659/659 657/657/657
f 657/657/657 664/664/664 662/662/662
f 660/660/660 658/658/658 661/661/661
f 661/661/661 663/663/663 660/660/660
f 667/667/667 675/675/675 689/689/689
f 689/689/689 681/681/681 667/667/667
f 676/676/676 672/672/672 684/684/684
f 684/684/684 685/685/685 676/676/676
f 670/670/670 666/666/666 673/673/673
f 673/673/673 678/678/678 670/670/670
f 674/674/674 669/669/669 677/677/677
f 677/677/677 687/687/687 674/674/674
f 686/686/686 682/682/682 679/679/679
f 679/679/679 690/690/690 686/686/686
f 668/668/668 680/680/680 683/683/683
f 665/665/665 668/668/668 683/683/683
f 683/683/683 671/671/671 665/665/665
f 688/688/688 674/674/674 687/687/687
f 700/700/700 696/696/696 692/692/692
f 692/692/692 701/701/701 700/700/700
f 627/627/627 626/626/626 705/705/705
f 705/705/705 703/703/703 627/627/627
f 695/695/695 691/691/691 697/697/697
f 697/697/697 699/699/699 695/695/695
f 694/694/694 698/698/698 702/702/702
f 702/702/702 693/693/693 694/694/694
f 790/790/790 791/791/791 711/711/711
f 711/711/711 714/714/714 790/790/790
f 731/731/731 726/726/726 719/719/719
f 719/719/719 732/732/732 731/731/731
f 728/728/728 723/723/723 729/729/729
f 729/729/729 733/733/733 728/728/728
f 716/716/716 720/720/720 718/718/718
f 718/718/718 725/725/725 716/716/716
f 722/722/722 715/715/715 724/724/724
f 724/724/724 730/730/730 722/722/722
f 721/721/721 727/727/727 734/734/734
f 734/734/734 717/717/717 721/721/721
f 741/741/741 739/739/739 737/737/737
f 737/737/737 742/742/742 741/741/741
f 735/735/735 738/738/738 736/736/736
f 736/736/736 740/740/740 735/735/735
f 748/748/748 745/745/745 743/743/743
f 743/743/743 749/749/749 748/748/748
f 746/746/746 744/744/744 747/747/747
f 747/747/747 750/750/750 746/746/746
f 754/754/754 760/760/760 774/774/774
f 774/774/774 766/766/766 754/754/754
f 764/764/764 758/758/758 768/768/768
f 768/768/768 773/773/773 764/764/764
f 755/755/755 752/752/752 759/759/759
f 759/759/759 763/763/763 755/755/755
f 761/761/761 756/756/756 762/762/762
f 762/762/762 772/772/772 761/761/761
f 771/771/771 769/769/769 767/767/767
f 767/767/767 775/775/775 771/771/771
f 753/753/753 765/765/765 770/770/770
f 751/751/751 753/753/753 770/770/770
f 770/770/770 757/757/757 751/751/751
f 776/776/776 761/761/761 772/772/772
f 786/786/786 782/782/782 779/779/779
f 779/779/779 787/787/787 786/786/786
f 713/713/713 712/712/712 792/792/792
f 792/792/792 789/789/789 713/713/713
f 781/781/781 777/777/777 783/783/783
f 783/783/783 785/785/785 781/781/781
f 780/780/780 784/784/784 788/788/788
f 788/788/788 778/778/778 780/780/780
f 876/876/876 879/879/879 798/798/798
f 798/798/798 801/801/801 876/876/876
f 817/817/817 812/812/812 806/806/806
f 806/806/806 820/820/820 817/817/817
f 815/815/815 810/810/810 818/818/818
f 818/818/818 821/821/821 815/815/815
f 802/802/802 808/808/808 804/804/804
f 804/804/804 811/811/811 802/802/802
f 809/809/809 803/803/803 813/813/813
f 813/813/813 816/816/816 809/809/809
f 807/807/807 814/814/814 819/819/819
f 819/819/819 805/805/805 807/807/807
f 828/828/828 827/827/827 824/824/824
f 824/824/824 829/829/829 828/828/828
f 822/822/822 825/825/825 823/823/823
f 823/823/823 826/826/826 822/822/822
f 834/834/834 832/832/832 830/830/830
f 830/830/830 836/836/836 834/834/834
f 833/833/833 831/831/831 835/835/835
f 835/835/835 837/837/837 833/833/833
f 841/841/841 848/848/848 861/861/861
f 861/861/861 852/852/852 841/841/841
f 849/849/849 846/846/846 855/855/855
f 855/855/855 860/860/860 849/849/849
f 842/842/842 839/839/839 844/844/844
f 844/844/844 851/851/851 842/842/842
f 847/847/847 843/843/843 850/850/850
f 850/850/850 859/859/859 847/847/847
f 858/858/858 857/857/857 854/854/854
f 854/854/854 863/863/863 858/858/858
f 840/840/840 853/853/853 856/856/856
f 838/838/838 840/840/840 856/856/856
f 856/856/856 845/845/845 838/838/838
f 862/862/862 847/847/847 859/859/859
f 872/872/872 869/869/869 865/865/865
f 865/865/865 874/874/874 872/872/872
f 800/800/800 799/799/799 878/878/878
f 878/878/878 877/877/877 800/800/800
f 868/868/868 864/864/864 870/870/870
f 870/870/870 873/873/873 868/868/868
f 867/867/867 871/871/871 875/875/875
f 875/875/875 866/866/866 867/867/867
f 961/961/961 963/963/963 882/882/882
f 882/882/882 885/885/885 961/961/961
f 901/901/901 897/897/897 888/888/888
f 888/888/888 903/903/903 901/901/901
f 898/898/898 894/894/894 900/900/900
f 900/900/900 904/904/904 898/898/898
f 887/887/887 891/891/891 890/890/890
f 890/890/890 896/896/896 887/887/887
f 893/893/893 886/886/886 895/895/895
f 895/895/895 902/902/902 893/893/893
f 892/892/892 899/899/899 905/905/905
f 905/905/905 889/889/889 892/892/892
f 912/912/912 910/910/910 908/908/908
f 908/908/908 913/913/913 912/912/912
f 906/906/906 909/909/909 907/907/907
f 907/907/907 911/911/911 906/906/906
f 919/919/919 916/916/916 914/914/914
f 914/914/914 921/921/921 919/919/919
f 917/917/917 915/915/915 918/918/918
f 918/918/918 920/920/920 917/917/917
f 925/925/925 931/931/931 946/946/946
f 946/946/946 937/937/937 925/925/925
f 933/933/933 929/929/929 941/941/941
f 941/941/941 942/942/942 933/933/933
f 927/927/927 923/923/923 930/930/930
f 930/930/930 934/934/934 927/927/927
f 932/932/932 926/926/926 935/935/935
f 935/935/935 943/943/943 932/932/932
f 944/944/944 940/940/940 938/938/938
f 938/938/938 947/947/947 944/944/944
f 924/924/924 936/936/936 939/939/939
f 922/922/922 924/924/924 939/939/939
f 939/939/939 928/928/928 922/922/922
f 945/945/945 932/932/932 943/943/943
f 956/956/956 954/954/954 949/949/949
f 949/949/949 959/959/959 956/956/956
f 884/884/884 883/883/883 962/962/962
f 962/962/962 960/960/960 884/884/884
f 952/952/952 948/948/948 953/953/953
f 953/953/953 957/957/957 952/952/952
f 951/951/951 955/955/955 958/958/958
f 958/958/958 950/950/950 951/951/951
f 1021/1021/1021 1022/1022/1022 965/965/965
f 965/965/965 880/880/880 1021/1021/1021
f 537/537/537 622/622/622 793/793/793
f 793/793/793 533/533/533 537/537/537
f 621/621/621 708/708/708 536/536/536
f 536/536/536 532/532/532 621/621/621
f 797/797/797 709/709/709 794/794/794
f 794/794/794 624/624/624 797/797/797
f 707/707/707 796/796/796 623/623/623
f 623/623/623 535/535/535 707/707/707
f 710/710/710 620/620/620 534/534/534
f 534/534/534 795/795/795 710/710/710
f 972/972/972 971/971/971 967/967/967
f 967/967/967 973/973/973 972/972/972
f 966/966/966 969/969/969 968/968/968
f 968/968/968 970/970/970 966/966/966
f 978/978/978 976/976/976 974/974/974
f 974/974/974 981/981/981 978/978/978
f 977/977/977 975/975/975 979/979/979
f 979/979/979 980/980/980 977/977/977
f 984/984/984 991/991/991 1007/1007/1007
f 1007/1007/1007 997/997/997 984/984/984
f 995/995/995 989/989/989 999/999/999
f 999/999/999 1003/1003/1003 995/995/995
f 986/986/986 982/982/982 988/988/988
f 988/988/988 993/993/993 986/986/986
f 992/992/992 987/987/987 994/994/994
f 994/994/994 1002/1002/1002 992/992/992
f 1004/1004/1004 1000/1000/1000 998/998/998
f 998/998/998 1005/1005/1005 1004/1004/1004
f 985/985/985 996/996/996 1001/1001/1001
f 983/983/983 985/985/985 1001/1001/1001
f 1001/1001/1001 990/990/990 983/983/983
f 1006/1006/1006 992/992/992 1002/1002/1002
f 1017/1017/1017 1014/1014/1014 1009/1009/1009
f 1009/1009/1009 1018/1018/1018 1017/1017/1017
f 881/881/881 964/964/964 1023/1023/1023
f 1023/1023/1023 1020/1020/1020 881/881/881
f 1012/1012/1012 1008/1008/1008 1013/1013/1013
f 1013/1013/1013 1016/1016/1016 1012/1012/1012
f 1011/1011/1011 1015/1015/1015 1019/1019/1019
f 1019/1019/1019 1010/1010/1010 1011/1011/1011
f 1103/1103/1103 1104/1104/1104 1024/1024/1024
f 1024/1024/1024 1027/1027/1027 1103/1103/1103
f 1042/1042/1042 1039/1039/1039 1030/1030/1030
f 1030/1030/1030 1047/1047/1047 1042/1042/1042
f 1040/1040/1040 1036/1036/1036 1044/1044/1044
f 1044/1044/1044 1045/1045/1045 1040/1040/1040
f 1029/1029/1029 1034/1034/1034 1032/1032/1032
f 1032/1032/1032 1037/1037/1037 1029/1029/1029
f 1035/1035/1035 1028/1028/1028 1038/1038/1038
f 1038/1038/1038 1043/1043/1043 1035/1035/1035
f 1033/1033/1033 1041/1041/1041 1046/1046/1046
f 1046/1046/1046 1031/1031/1031 1033/1033/1033
f 1054/1054/1054 1053/1053/1053 1049/1049/1049
f 1049/1049/1049 1055/1055/1055 1054/1054/1054
f 1048/1048/1048 1051/1051/1051 1050/1050/1050
f 1050/1050/1050 1052/1052/1052 1048/1048/1048
f 1060/1060/1060 1058/1058/1058 1056/1056/1056
f 1056/1056/1056 1063/1063/1063 1060/1060/1060
f 1059/1059/1059 1057/1057/1057 1061/1061/1061
f 1061/1061/1061 1062/1062/1062 1059/1059/1059
f 1066/1066/1066 1073/1073/1073 1087/1087/1087
f 1087/1087/1087 1079/1079/1079 1066/1066/1066
f 1077/1077/1077 1070/1070/1070 1083/1083/1083
f 1083/1083/1083 1086/1086/1086 1077/1077/1077
f 1069/1069/1069 1065/1065/1065 1072/1072/1072
f 1072/1072/1072 1075/1075/1075 1069/1069/1069
f 1074/1074/1074 1068/1068/1068 1076/1076/1076
f 1076/1076/1076 1084/1084/1084 1074/1074/1074
f 1085/1085/1085 1081/1081/1081 1080/1080/1080
f 1080/1080/1080 1088/1088/1088 1085/1085/1085
f 1067/1067/1067 1078/1078/1078 1082/1082/1082
f 1064/1064/1064 1067/1067/1067 1082/1082/1082
f 1082/1082/1082 1071/1071/1071 1064/1064/1064
f 1089/1089/1089 1074/1074/1074 1084/1084/1084
f 1098/1098/1098 1096/1096/1096 1091/1091/1091
f 1091/1091/1091 1101/1101/1101 1098/1098/1098
f 1026/1026/1026 1025/1025/1025 1105/1105/1105
f 1105/1105/1105 1102/1102/1102 1026/1026/1026
f 1094/1094/1094 1090/1090/1090 1095/1095/1095
f 1095/1095/1095 1099/1099/1099 1094/1094/1094
f 1093/1093/1093 1097/1097/1097 1100/1100/1100
f 1100/1100/1100 1092/1092/1092 1093/1093/1093
f 1185/1185/1185 1186/1186/1186 1106/1106/1106
f 1106/1106/1106 1109/1109/1109 1185/1185/1185
f 1125/1125/1125 1121/1121/1121 1112/1112/1112
f 1112/1112/1112 1128/1128/1128 1125/1125/1125
f 1122/1122/1122 1118/1118/1118 1126/1126/1126
f 1126/1126/1126 1127/1127/1127 1122/1122/1122
f 1111/1111/1111 1116/1116/1116 1113/1113/1113
f 1113/1113/1113 1120/1120/1120 1111/1111/1111
f 1117/1117/1117 1110/1110/1110 1119/1119/1119
f 1119/1119/1119 1124/1124/1124 1117/1117/1117
f 1115/1115/1115 1123/1123/1123 1129/1129/1129
f 1129/1129/1129 1114/1114/1114 1115/1115/1115
f 1136/1136/1136 1134/1134/1134 1131/1131/1131
f 1131/1131/1131 1137/1137/1137 1136/1136/1136
f 1130/1130/1130 1133/1133/1133 1132/1132/1132
f 1132/1132/1132 1135/1135/1135 1130/1130/1130
f 1142/1142/1142 1140/1140/1140 1138/1138/1138
f 1138/1138/1138 1145/1145/1145 1142/1142/1142
f 1141/1141/1141 1139/1139/1139 1143/1143/1143
f 1143/1143/1143 1144/1144/1144 1141/1141/1141
f 1149/1149/1149 1156/1156/1156 1169/1169/1169
f 1169/1169/1169 1160/1160/1160 1149/1149/1149
f 1157/1157/1157 1152/1152/1152 1164/1164/1164
f 1164/1164/1164 1168/1168/1168 1157/1157/1157
f 1150/1150/1150 1147/1147/1147 1154/1154/1154
f 1154/1154/1154 1158/1158/1158 1150/1150/1150
f 1155/1155/1155 1151/1151/1151 1159/1159/1159
f 1159/1159/1159 1167/1167/1167 1155/1155/1155
f 1166/1166/1166 1165/1165/1165 1161/1161/1161
f 1161/1161/1161 1171/1171/1171 1166/1166/1166
f 1148/1148/1148 1162/1162/1162 1163/1163/1163
f 1146/1146/1146 1148/1148/1148 1163/1163/1163
f 1163/1163/1163 1153/1153/1153 1146/1146/1146
f 1170/1170/1170 1155/1155/1155 1167/1167/1167
f 1180/1180/1180 1177/1177/1177 1174/1174/1174
f 1174/1174/1174 1183/1183/1183 1180/1180/1180
f 1108/1108/1108 1107/1107/1107 1187/1187/1187
f 1187/1187/1187 1184/1184/1184 1108/1108/1108
f 1176/1176/1176 1172/1172/1172 1178/1178/1178
f 1178/1178/1178 1181/1181/1181 1176/1176/1176
f 1175/1175/1175 1179/1179/1179 1182/1182/1182
f 1182/1182/1182 1173/1173/1173 1175/1175/1175
f 1267/1267/1267 1268/1268/1268 1188/1188/1188
f 1188/1188/1188 1191/1191/1191 1267/1267/1267
f 1208/1208/1208 1202/1202/1202 1196/1196/1196
f 1196/1196/1196 1209/1209/1209 1208/1208/1208
f 1204/1204/1204 1200/1200/1200 1207/1207/1207
f 1207/1207/1207 1210/1210/1210 1204/1204/1204
f 1193/1193/1193 1198/1198/1198 1194/1194/1194
f 1194/1194/1194 1201/1201/1201 1193/1193/1193
f 1199/1199/1199 1192/1192/1192 1203/1203/1203
f 1203/1203/1203 1206/1206/1206 1199/1199/1199
f 1197/1197/1197 1205/1205/1205 1211/1211/1211
f 1211/1211/1211 1195/1195/1195 1197/1197/1197
f 1218/1218/1218 1216/1216/1216 1214/1214/1214
f 1214/1214/1214 1219/1219/1219 1218/1218/1218
f 1212/1212/1212 1215/1215/1215 1213/1213/1213
f 1213/1213/1213 1217/1217/1217 1212/1212/1212
f 1225/1225/1225 1222/1222/1222 1220/1220/1220
f 1220/1220/1220 1226/1226/1226 1225/1225/1225
f 1223/1223/1223 1221/1221/1221 1224/1224/1224
f 1224/1224/1224 1227/1227/1227 1223/1223/1223
f 1231/1231/1231 1237/1237/1237 1253/1253/1253
f 1253/1253/1253 1242/1242/1242 1231/1231/1231
f 1239/1239/1239 1236/1236/1236 1245/1245/1245
f 1245/1245/1245 1248/1248/1248 1239/1239/1239
f 1233/1233/1233 1229/1229/1229 1234/1234/1234
f 1234/1234/1234 1241/1241/1241 1233/1233/1233
f 1238/1238/1238 1232/1232/1232 1240/1240/1240
f 1240/1240/1240 1250/1250/1250 1238/1238/1238
f 1249/1249/1249 1247/1247/1247 1243/1243/1243
f 1243/1243/1243 1252/1252/1252 1249/1249/1249
f 1230/1230/1230 1244/1244/1244 1246/1246/1246
f 1228/1228/1228 1230/1230/1230 1246/1246/1246
f 1246/1246/1246 1235/1235/1235 1228/1228/1228
f 1251/1251/1251 1238/1238/1238 1250/1250/1250
f 1263/1263/1263 1260/1260/1260 1255/1255/1255
f 1255/1255/1255 1264/1264/1264 1263/1263/1263
f 1190/1190/1190 1189/1189/1189 1269/1269/1269
f 1269/1269/1269 1266/1266/1266 1190/1190/1190
f 1258/1258/1258 1254/1254/1254 1259/1259/1259
f 1259/1259/1259 1262/1262/1262 1258/1258/1258
f 1257/1257/1257 1261/1261/1261 1265/1265/1265
f 1265/1265/1265 1256/1256/1256 1257/1257/1257
f 1348/1348/1348 1351/1351/1351 1293/1293/1293
f 1293/1293/1293 1290/1290/1290 1348/1348/1348
f 1274/1274/1274 1278/1278/1278 1287/1287/1287
f 1287/1287/1287 1270/1270/1270 1274/1274/1274
f 1277/1277/1277 1281/1281/1281 1273/1273/1273
f 1273/1273/1273 1271/1271/1271 1277/1277/1277
f 1289/1289/1289 1283/1283/1283 1285/1285/1285
f 1285/1285/1285 1279/1279/1279 1289/1289/1289
f 1282/1282/1282 1288/1288/1288 1280/1280/1280
f 1280/1280/1280 1275/1275/1275 1282/1282/1282
f 1284/1284/1284 1276/1276/1276 1272/1272/1272
f 1272/1272/1272 1286/1286/1286 1284/1284/1284
f 1300/1300/1300 1299/1299/1299 1296/1296/1296
f 1296/1296/1296 1301/1301/1301 1300/1300/1300
f 1294/1294/1294 1297/1297/1297 1295/1295/1295
f 1295/1295/1295 1298/1298/1298 1294/1294/1294
f 1306/1306/1306 1304/1304/1304 1302/1302/1302
f 1302/1302/1302 1309/1309/1309 1306/1306/1306
f 1305/1305/1305 1303/1303/1303 1307/1307/1307
f 1307/1307/1307 1308/1308/1308 1305/1305/1305
f 1313/1313/1313 1320/1320/1320 1333/1333/1333
f 1333/1333/1333 1324/1324/1324 1313/1313/1313
f 1321/1321/1321 1316/1316/1316 1329/1329/1329
f 1329/1329/1329 1330/1330/1330 1321/1321/1321
f 1314/1314/1314 1310/1310/1310 1317/1317/1317
f 1317/1317/1317 1323/1323/1323 1314/1314/1314
f 1319/1319/1319 1315/1315/1315 1322/1322/1322
f 1322/1322/1322 1331/1331/1331 1319/1319/1319
f 1332/1332/1332 1328/1328/1328 1326/1326/1326
f 1326/1326/1326 1335/1335/1335 1332/1332/1332
f 1312/1312/1312 1325/1325/1325 1327/1327/1327
f 1311/1311/1311 1312/1312/1312 1327/1327/1327
f 1327/1327/1327 1318/1318/1318 1311/1311/1311
f 1334/1334/1334 1319/1319/1319 1331/1331/1331
f 1345/1345/1345 1341/1341/1341 1337/1337/1337
f 1337/1337/1337 1346/1346/1346 1345/1345/1345
f 1291/1291/1291 1292/1292/1292 1350/1350/1350
f 1350/1350/1350 1349/1349/1349 1291/1291/1291
f 1340/1340/1340 1336/1336/1336 1342/1342/1342
f 1342/1342/1342 1344/1344/1344 1340/1340/1340
f 1339/1339/1339 1343/1343/1343 1347/1347/1347
f 1347/1347/1347 1338/1338/1338 1339/1339/1339
f 1430/1430/1430 1432/1432/1432 1352/1352/1352
f 1352/1352/1352 1355/1355/1355 1430/1430/1430
f 1370/1370/1370 1366/1366/1366 1359/1359/1359
f 1359/1359/1359 1375/1375/1375 1370/1370/1370
f 1369/1369/1369 1363/1363/1363 1371/1371/1371
f 1371/1371/1371 1374/1374/1374 1369/1369/1369
f 1356/1356/1356 1362/1362/1362 1360/1360/1360
f 1360/1360/1360 1367/1367/1367 1356/1356/1356
f 1364/1364/1364 1357/1357/1357 1365/1365/1365
f 1365/1365/1365 1372/1372/1372 1364/1364/1364
f 1361/1361/1361 1368/1368/1368 1373/1373/1373
f 1373/1373/1373 1358/1358/1358 1361/1361/1361
f 1382/1382/1382 1381/1381/1381 1378/1378/1378
f 1378/1378/1378 1383/1383/1383 1382/1382/1382
f 1376/1376/1376 1379/1379/1379 1377/1377/1377
f 1377/1377/1377 1380/1380/1380 1376/1376/1376
f 1388/1388/1388 1386/1386/1386 1384/1384/1384
f 1384/1384/1384 1391/1391/1391 1388/1388/1388
f 1387/1387/1387 1385/1385/1385 1389/1389/1389
f 1389/1389/1389 1390/1390/1390 1387/1387/1387
f 1395/1395/1395 1402/1402/1402 1417/1417/1417
f 1417/1417/1417 1406/1406/1406 1395/1395/1395
f 1404/1404/1404 1398/1398/1398 1411/1411/1411
f 1411/1411/1411 1414/1414/1414 1404/1404/1404
f 1396/1396/1396 1392/1392/1392 1399/1399/1399
f 1399/1399/1399 1403/1403/1403 1396/1396/1396
f 1401/1401/1401 1397/1397/1397 1405/1405/1405
f 1405/1405/1405 1413/1413/1413 1401/1401/1401
f 1412/1412/1412 1410/1410/1410 1407/1407/1407
f 1407/1407/1407 1415/1415/1415 1412/1412/1412
f 1394/1394/1394 1408/1408/1408 1409/1409/1409
f 1393/1393/1393 1394/1394/1394 1409/1409/1409
f 1409/1409/1409 1400/1400/1400 1393/1393/1393
f 1416/1416/1416 1401/1401/1401 1413/1413/1413
f 1427/1427/1427 1424/1424/1424 1419/1419/1419
f 1419/1419/1419 1428/1428/1428 1427/1427/1427
f 1354/1354/1354 1353/1353/1353 1433/1433/1433
f 1433/1433/1433 1431/1431/1431 1354/1354/1354
f 1422/1422/1422 1418/1418/1418 1423/1423/1423
f 1423/1423/1423 1426/1426/1426 1422/1422/1422
f 1421/1421/1421 1425/1425/1425 1429/1429/1429
f 1429/1429/1429 1420/1420/1420 1421/1421/1421
f 1436/1436/1436 1441/1441/1441 1438/1438/1438
f 1438/1438/1438 1443/1443/1443 1436/1436/1436
f 1470/1470/1470 1444/1444/1444 1437/1437/1437
f 1437/1437/1437 1472/1472/1472 1470/1470/1470
f 1449/1449/1449 1447/1447/1447 1445/1445/1445
f 1445/1445/1445 1451/1451/1451 1449/1449/1449
f 1448/1448/1448 1446/1446/1446 1450/1450/1450
f 1450/1450/1450 1452/1452/1452 1448/1448/1448
f 1453/1453/1453 1459/1459/1459 1489/1489/1489
f 1489/1489/1489 1484/1484/1484 1453/1453/1453
f 1454/1454/1454 1455/1455/1455 1460/1460/1460
f 1460/1460/1460 1457/1457/1457 1454/1454/1454
f 1493/1493/1493 1463/1463/1463 1434/1434/1434
f 1434/1434/1434 1464/1464/1464 1493/1493/1493
f 1474/1474/1474 1439/1439/1439 1440/1440/1440
f 1440/1440/1440 1468/1468/1468 1474/1474/1474
f 1467/1467/1467 1466/1466/1466 1469/1469/1469
f 1469/1469/1469 1473/1473/1473 1467/1467/1467
f 1465/1465/1465 1435/1435/1435 1442/1442/1442
f 1442/1442/1442 1471/1471/1471 1465/1465/1465
f 1481/1481/1481 1480/1480/1480 1476/1476/1476
f 1476/1476/1476 1482/1482/1482 1481/1481/1481
f 1475/1475/1475 1478/1478/1478 1477/1477/1477
f 1477/1477/1477 1479/1479/1479 1475/1475/1475
f 1458/1458/1458 1461/1461/1461 1492/1492/1492
f 1492/1492/1492 1488/1488/1488 1458/1458/1458
f 1485/1485/1485 1483/1483/1483 1487/1487/1487
f 1487/1487/1487 1491/1491/1491 1485/1485/1485
f 1519/1519/1519 1525/1525/1525 1504/1504/1504
f 1504/1504/1504 1501/1501/1501 1519/1519/1519
f 1500/1500/1500 1503/1503/1503 1516/1516/1516
f 1516/1516/1516 1513/1513/1513 1500/1500/1500
f 1526/1526/1526 1532/1532/1532 1511/1511/1511
f 1511/1511/1511 1508/1508/1508 1526/1526/1526
f 1506/1506/1506 1510/1510/1510 1498/1498/1498
f 1498/1498/1498 1495/1495/1495 1506/1506/1506
f 1521/1521/1521 1527/1527/1527 1507/1507/1507
f 1507/1507/1507 1494/1494/1494 1521/1521/1521
f 1533/1533/1533 1522/1522/1522 1497/1497/1497
f 1497/1497/1497 1509/1509/1509 1533/1533/1533
f 1515/1515/1515 1505/1505/1505 1524/1524/1524
f 1524/1524/1524 1531/1531/1531 1515/1515/1515
f 1502/1502/1502 1514/1514/1514 1528/1528/1528
f 1528/1528/1528 1518/1518/1518 1502/1502/1502
f 1512/1512/1512 1517/1517/1517 1530/1530/1530
f 1530/1530/1530 1529/1529/1529 1512/1512/1512
f 1496/1496/1496 1499/1499/1499 1523/1523/1523
f 1523/1523/1523 1520/1520/1520 1496/1496/1496
f 1606/1606/1606 1613/1613/1613 1545/1545/1545
f 1545/1545/1545 1540/1540/1540 1606/1606/1606
f 1541/1541/1541 1544/1544/1544 1556/1556/1556
f 1556/1556/1556 1553/1553/1553 1541/1541/1541
f 1614/1614/1614 1621/1621/1621 1549/1549/1549
f 1549/1549/1549 1548/1548/1548 1614/1614/1614
f 1546/1546/1546 1551/1551/1551 1539/1539/1539
f 1539/1539/1539 1534/1534/1534 1546/1546/1546
f 1609/1609/1609 1615/1615/1615 1547/1547/1547
f 1547/1547/1547 1536/1536/1536 1609/1609/1609
f 1620/1620/1620 1610/1610/1610 1537/1537/1537
f 1537/1537/1537 1550/1550/1550 1620/1620/1620
f 1560/1560/1560 1563/1563/1563 1568/1568/1568
f 1568/1568/1568 1564/1564/1564 1560/1560/1560
f 1566/1566/1566 1569/1569/1569 1580/1580/1580
f 1580/1580/1580 1577/1577/1577 1566/1566/1566
f 1578/1578/1578 1581/1581/1581 1574/1574/1574
f 1574/1574/1574 1572/1572/1572 1578/1578/1578
f 1570/1570/1570 1573/1573/1573 1561/1561/1561
f 1561/1561/1561 1558/1558/1558 1570/1570/1570
f 1565/1565/1565 1576/1576/1576 1571/1571/1571
f 1571/1571/1571 1559/1559/1559 1565/1565/1565
f 1585/1585/1585 1588/1588/1588 1603/1603/1603
f 1603/1603/1603 1594/1594/1594 1585/1585/1585
f 1579/1579/1579 1567/1567/1567 1586/1586/1586
f 1586/1586/1586 1584/1584/1584 1579/1579/1579
f 1567/1567/1567 1562/1562/1562 1590/1590/1590
f 1590/1590/1590 1586/1586/1586 1567/1567/1567
f 1562/1562/1562 1575/1575/1575 1592/1592/1592
f 1592/1592/1592 1590/1590/1590 1562/1562/1562
f 1575/1575/1575 1579/1579/1579 1584/1584/1584
f 1584/1584/1584 1592/1592/1592 1575/1575/1575
f 1597/1597/1597 1596/1596/1596 1604/1604/1604
f 1604/1604/1604 1602/1602/1602 1597/1597/1597
f 1583/1583/1583 1587/1587/1587 1595/1595/1595
f 1595/1595/1595 1599/1599/1599 1583/1583/1583
f 1589/1589/1589 1591/1591/1591 1601/1601/1601
f 1601/1601/1601 1605/1605/1605 1589/1589/1589
f 1593/1593/1593 1582/1582/1582 1598/1598/1598
f 1598/1598/1598 1600/1600/1600 1593/1593/1593
f 1557/1557/1557 1543/1543/1543 1612/1612/1612
f 1612/1612/1612 1618/1618/1618 1557/1557/1557
f 1542/1542/1542 1552/1552/1552 1617/1617/1617
f 1617/1617/1617 1607/1607/1607 1542/1542/1542
f 1554/1554/1554 1555/1555/1555 1619/1619/1619
f 1619/1619/1619 1616/1616/1616 1554/1554/1554
f 1535/1535/1535 1538/1538/1538 1611/1611/1611
f 1611/1611/1611 1608/1608/1608 1535/1535/1535
f 1639/1639/1639 1640/1640/1640 1631/1631/1631
f 1631/1631/1631 1628/1628/1628 1639/1639/1639
f 1629/1629/1629 1633/1633/1633 1626/1626/1626
f 1626/1626/1626 1624/1624/1624 1629/1629/1629
f 1635/1635/1635 1638/1638/1638 1630/1630/1630
f 1630/1630/1630 1623/1623/1623 1635/1635/1635
f 1641/1641/1641 1637/1637/1637 1625/1625/1625
f 1625/1625/1625 1632/1632/1632 1641/1641/1641
f 1622/1622/1622 1627/1627/1627 1636/1636/1636
f 1636/1636/1636 1634/1634/1634 1622/1622/1622
f 1702/1702/1702 1705/1705/1705 1652/1652/1652
f 1652/1652/1652 1649/1649/1649 1702/1702/1702
f 1650/1650/1650 1651/1651/1651 1646/1646/1646
f 1646/1646/1646 1643/1643/1643 1650/1650/1650
f 1699/1699/1699 1703/1703/1703 1648/1648/1648
f 1648/1648/1648 1644/1644/1644 1699/1699/1699
f 1704/1704/1704 1700/1700/1700 1647/1647/1647
f 1647/1647/1647 1653/1653/1653 1704/1704/1704
f 1654/1654/1654 1659/1659/1659 1661/1661/1661
f 1661/1661/1661 1660/1660/1660 1654/1654/1654
f 1577/1577/1577 1580/1580/1580 1671/1671/1671
f 1671/1671/1671 1670/1670/1670 1577/1577/1577
f 1668/1668/1668 1673/1673/1673 1665/1665/1665
f 1665/1665/1665 1662/1662/1662 1668/1668/1668
f 1664/1664/1664 1667/1667/1667 1658/1658/1658
f 1658/1658/1658 1656/1656/1656 1664/1664/1664
f 1576/1576/1576 1669/1669/1669 1663/1663/1663
f 1663/1663/1663 1655/1655/1655 1576/1576/1576
f 1678/1678/1678 1680/1680/1680 1696/1696/1696
f 1696/1696/1696 1688/1688/1688 1678/1678/1678
f 1672/1672/1672 1579/1579/1579 1679/1679/1679
f 1679/1679/1679 1676/1676/1676 1672/1672/1672
f 1579/1579/1579 1657/1657/1657 1682/1682/1682
f 1682/1682/1682 1679/1679/1679 1579/1579/1579
f 1657/1657/1657 1666/1666/1666 1684/1684/1684
f 1684/1684/1684 1682/1682/1682 1657/1657/1657
f 1666/1666/1666 1672/1672/1672 1676/1676/1676
f 1676/1676/1676 1684/1684/1684 1666/1666/1666
f 1690/1690/1690 1687/1687/1687 1697/1697/1697
f 1697/1697/1697 1692/1692/1692 1690/1690/1690
f 1675/1675/1675 1677/1677/1677 1686/1686/1686
f 1686/1686/1686 1691/1691/1691 1675/1675/1675
f 1681/1681/1681 1685/1685/1685 1694/1694/1694
f 1694/1694/1694 1695/1695/1695 1681/1681/1681
f 1683/1683/1683 1674/1674/1674 1689/1689/1689
f 1689/1689/1689 1693/1693/1693 1683/1683/1683
f 1642/1642/1642 1645/1645/1645 1701/1701/1701
f 1701/1701/1701 1698/1698/1698 1642/1642/1642
f 110/110/110 295/295/295 290/290/290
f 290/290/290 1709/1709/1709 110/110/110
f 1709/1709/1709 290/290/290 388/388/388
f 388/388/388 214/214/214 1709/1709/1709
f 1706/1706/1706 285/285/285 296/296/296
f 296/296/296 109/109/109 1706/1706/1706
f 1462/1462/1462 1456/1456/1456 1486/1486/1486
f 1486/1486/1486 1490/1490/1490 1462/1462/1462
f 1779/1779/1779 1780/1780/1780 1710/1710/1710
f 1710/1710/1710 1713/1713/1713 1779/1779/1779
f 1729/1729/1729 1724/1724/1724 1716/1716/1716
f 1716/1716/1716 1732/1732/1732 1729/1729/1729
f 1726/1726/1726 1722/1722/1722 1730/1730/1730
f 1730/1730/1730 1733/1733/1733 1726/1726/1726
f 1715/1715/1715 1720/1720/1720 1717/1717/1717
f 1717/1717/1717 1725/1725/1725 1715/1715/1715
f 1721/1721/1721 1714/1714/1714 1723/1723/1723
f 1723/1723/1723 1728/1728/1728 1721/1721/1721
f 1719/1719/1719 1727/1727/1727 1731/1731/1731
f 1731/1731/1731 1718/1718/1718 1719/1719/1719
f 1740/1740/1740 1738/1738/1738 1736/1736/1736
f 1736/1736/1736 1741/1741/1741 1740/1740/1740
f 1734/1734/1734 1737/1737/1737 1735/1735/1735
f 1735/1735/1735 1739/1739/1739 1734/1734/1734
f 1747/1747/1747 1744/1744/1744 1742/1742/1742
f 1742/1742/1742 1749/1749/1749 1747/1747/1747
f 1745/1745/1745 1743/1743/1743 1746/1746/1746
f 1746/1746/1746 1748/1748/1748 1745/1745/1745
f 1761/1761/1761 1756/1756/1756 1763/1763/1763
f 1763/1763/1763 1764/1764/1764 1761/1761/1761
f 1753/1753/1753 1750/1750/1750 1757/1757/1757
f 1757/1757/1757 1760/1760/1760 1753/1753/1753
f 1758/1758/1758 1754/1754/1754 1759/1759/1759
f 1759/1759/1759 1765/1765/1765 1758/1758/1758
f 1751/1751/1751 1752/1752/1752 1762/1762/1762
f 1762/1762/1762 1755/1755/1755 1751/1751/1751
f 1775/1775/1775 1771/1771/1771 1767/1767/1767
f 1767/1767/1767 1777/1777/1777 1775/1775/1775
f 1712/1712/1712 1711/1711/1711 1781/1781/1781
f 1781/1781/1781 1778/1778/1778 1712/1712/1712
f 1770/1770/1770 1766/1766/1766 1772/1772/1772
f 1772/1772/1772 1774/1774/1774 1770/1770/1770
f 1769/1769/1769 1773/1773/1773 1776/1776/1776
f 1776/1776/1776 1768/1768/1768 1769/1769/1769
f 1788/1788/1788 1786/1786/1786 1784/1784/1784
f 1784/1784/1784 1789/1789/1789 1788/1788/1788
f 1782/1782/1782 1785/1785/1785 1783/1783/1783
f 1783/1783/1783 1787/1787/1787 1782/1782/1782
f 1794/1794/1794 1792/1792/1792 1790/1790/1790
f 1790/1790/1790 1797/1797/1797 1794/1794/1794
f 1793/1793/1793 1791/1791/1791 1795/1795/1795
f 1795/1795/1795 1796/1796/1796 1793/1793/1793
f 1798/1798/1798 1799/1799/1799 1801/1801/1801
f 1801/1801/1801 1800/1800/1800 1798/1798/1798
f 1808/1808/1808 1805/1805/1805 1803/1803/1803
f 1803/1803/1803 1809/1809/1809 1808/1808/1808
f 1804/1804/1804 1802/1802/1802 1806/1806/1806
f 1806/1806/1806 1807/1807/1807 1804/1804/1804
f 1836/1836/1836 1839/1839/1839 1817/1817/1817
f 1817/1817/1817 1813/1813/1813 1836/1836/1836
f 1848/1848/1848 1850/1850/1850 1843/1843/1843
f 1843/1843/1843 1834/1834/1834 1848/1848/1848
f 1849/1849/1849 1827/1827/1827 1819/1819/1819
f 1819/1819/1819 1838/1838/1838 1849/1849/1849
f 1814/1814/1814 1820/1820/1820 1830/1830/1830
f 1830/1830/1830 1824/1824/1824 1814/1814/1814
f 1810/1810/1810 1812/1812/1812 1815/1815/1815
f 1816/1816/1816 1819/1819/1819 1821/1821/1821
f 1822/1822/1822 1823/1823/1823 1825/1825/1825
f 1827/1827/1827 1828/1828/1828 1831/1831/1831
f 1832/1832/1832 1833/1833/1833 1835/1835/1835
f 1838/1838/1838 1840/1840/1840 1842/1842/1842
f 1844/1844/1844 1845/1845/1845 1847/1847/1847
f 1849/1849/1849 1851/1851/1851 1853/1853/1853
f 1822/1822/1822 1810/1810/1810 1815/1815/1815
f 1815/1815/1815 1823/1823/1823 1822/1822/1822
f 1811/1811/1811 1818/1818/1818 1820/1820/1820
f 1820/1820/1820 1814/1814/1814 1811/1811/1811
f 1819/1819/1819 1827/1827/1827 1831/1831/1831
f 1831/1831/1831 1821/1821/1821 1819/1819/1819
f 1829/1829/1829 1826/1826/1826 1824/1824/1824
f 1824/1824/1824 1830/1830/1830 1829/1829/1829
f 1844/1844/1844 1822/1822/1822 1825/1825/1825
f 1825/1825/1825 1845/1845/1845 1844/1844/1844
f 1827/1827/1827 1849/1849/1849 1853/1853/1853
f 1853/1853/1853 1828/1828/1828 1827/1827/1827
f 1850/1850/1850 1848/1848/1848 1846/1846/1846
f 1846/1846/1846 1852/1852/1852 1850/1850/1850
f 1832/1832/1832 1844/1844/1844 1847/1847/1847
f 1847/1847/1847 1833/1833/1833 1832/1832/1832
f 1849/1849/1849 1838/1838/1838 1842/1842/1842
f 1842/1842/1842 1851/1851/1851 1849/1849/1849
f 1841/1841/1841 1837/1837/1837 1834/1834/1834
f 1834/1834/1834 1843/1843/1843 1841/1841/1841
f 1810/1810/1810 1832/1832/1832 1835/1835/1835
f 1835/1835/1835 1812/1812/1812 1810/1810/1810
f 1838/1838/1838 1819/1819/1819 1816/1816/1816
f 1816/1816/1816 1840/1840/1840 1838/1838/1838
f 1822/1822/1822 1844/1844/1844 1832/1832/1832
f 1832/1832/1832 1810/1810/1810 1822/1822/1822
f 1856/1856/1856 1857/1857/1857 1854/1854/1854
f 1854/1854/1854 1855/1855/1855 1856/1856/1856
f 1860/1860/1860 1861/1861/1861 1858/1858/1858
f 1858/1858/1858 1859/1859/1859 1860/1860/1860
f 1864/1864/1864 1865/1865/1865 1862/1862/1862
f 1862/1862/1862 1863/1863/1863 1864/1864/1864
f 1868/1868/1868 1869/1869/1869 1866/1866/1866
f 1866/1866/1866 1867/1867/1867 1868/1868/1868
f 1872/1872/1872 1871/1871/1871 1870/1870/1870
f 1870/1870/1870 1873/1873/1873 1872/1872/1872
f 1876/1876/1876 1875/1875/1875 1874/1874/1874
f 1874/1874/1874 1877/1877/1877 1876/1876/1876
f 1880/1880/1880 1879/1879/1879 1878/1878/1878
f 1878/1878/1878 1881/1881/1881 1880/1880/1880
f 1884/1884/1884 1883/1883/1883 1882/1882/1882
f 1882/1882/1882 1885/1885/1885 1884/1884/1884
f 1887/1887/1887 1886/1886/1886 1889/1889/1889
f 1889/1889/1889 1888/1888/1888 1887/1887/1887
f 1891/1891/1891 1892/1892/1892 1893/1893/1893
f 1893/1893/1893 1890/1890/1890 1891/1891/1891
f 1897/1897/1897 1895/1895/1895 1894/1894/1894
f 1894/1894/1894 1896/1896/1896 1897/1897/1897
f 1901/1901/1901 1899/1899/1899 1898/1898/1898
f 1898/1898/1898 1900/1900/1900 1901/1901/1901
f 1905/1905/1905 1903/1903/1903 1902/1902/1902
f 1902/1902/1902 1904/1904/1904 1905/1905/1905
f 1936/1936/1936 1933/1933/1933 1910/1910/1910
f 1910/1910/1910 1913/1913/1913 1936/1936/1936
f 1914/1914/1914 1908/1908/1908 1917/1917/1917
f 1917/1917/1917 1944/1944/1944 1914/1914/1914
f 1945/1945/1945 1919/1919/1919 1920/1920/1920
f 1920/1920/1920 1942/1942/1942 1945/1945/1945
f 1943/1943/1943 1923/1923/1923 1925/1925/1925
f 1925/1925/1925 1941/1941/1941 1943/1943/1943
f 1940/1940/1940 1926/1926/1926 1929/1929/1929
f 1929/1929/1929 1938/1938/1938 1940/1940/1940
f 1939/1939/1939 1930/1930/1930 1935/1935/1935
f 1935/1935/1935 1937/1937/1937 1939/1939/1939
f 1906/1906/1906 1915/1915/1915 1947/1947/1947
f 1912/1912/1912 1911/1911/1911 1946/1946/1946
f 1927/1927/1927 1956/1956/1956 1959/1959/1959
f 1959/1959/1959 1931/1931/1931 1927/1927/1927
f 1916/1916/1916 1952/1952/1952 1955/1955/1955
f 1955/1955/1955 1922/1922/1922 1916/1916/1916
f 1947/1947/1947 1963/1963/1963 1949/1949/1949
f 1949/1949/1949 1906/1906/1906 1947/1947/1947
f 1928/1928/1928 1958/1958/1958 1960/1960/1960
f 1960/1960/1960 1932/1932/1932 1928/1928/1928
f 1921/1921/1921 1954/1954/1954 1957/1957/1957
f 1957/1957/1957 1924/1924/1924 1921/1921/1921
f 1907/1907/1907 1948/1948/1948 1953/1953/1953
f 1953/1953/1953 1918/1918/1918 1907/1907/1907
f 1911/1911/1911 1951/1951/1951 1962/1962/1962
f 1962/1962/1962 1946/1946/1946 1911/1911/1911
f 1934/1934/1934 1961/1961/1961 1950/1950/1950
f 1950/1950/1950 1909/1909/1909 1934/1934/1934
f 1966/1966/1966 1969/1969/1969 1972/1972/1972
f 1972/1972/1972 1971/1971/1971 1966/1966/1966
f 1971/1971/1971 1972/1972/1972 1979/1979/1979
f 1979/1979/1979 1974/1974/1974 1971/1971/1971
f 1975/1975/1975 1978/1978/1978 1983/1983/1983
f 1983/1983/1983 1982/1982/1982 1975/1975/1975
f 1981/1981/1981 1983/1983/1983 1990/1990/1990
f 1990/1990/1990 1986/1986/1986 1981/1981/1981
f 1985/1985/1985 1989/1989/1989 1994/1994/1994
f 1994/1994/1994 1991/1991/1991 1985/1985/1985
f 1993/1993/1993 1994/1994/1994 2000/2000/2000
f 2000/2000/2000 1996/1996/1996 1993/1993/1993
f 2026/2026/2026 2029/2029/2029 2077/2077/2077
f 2077/2077/2077 2075/2075/2075 2026/2026/2026
f 1998/1998/1998 1999/1999/1999 2004/2004/2004
f 2004/2004/2004 2002/2002/2002 1998/1998/1998
f 2002/2002/2002 2004/2004/2004 1967/1967/1967
f 1967/1967/1967 1965/1965/1965 2002/2002/2002
f 1976/1976/1976 1980/1980/1980 2106/2106/2106
f 2106/2106/2106 2103/2103/2103 1976/1976/1976
f 2027/2027/2027 2025/2025/2025 2036/2036/2036
f 2036/2036/2036 2037/2037/2037 2027/2027/2027
f 2023/2023/2023 2026/2026/2026 2075/2075/2075
f 2075/2075/2075 2073/2073/2073 2023/2023/2023
f 1995/1995/1995 1988/1988/1988 2044/2044/2044
f 2044/2044/2044 2043/2043/2043 1995/1995/1995
f 2020/2020/2020 2023/2023/2023 2073/2073/2073
f 2073/2073/2073 2070/2070/2070 2020/2020/2020
f 2005/2005/2005 2001/2001/2001 2040/2040/2040
f 2040/2040/2040 2058/2058/2058 2005/2005/2005
f 1977/1977/1977 1973/1973/1973 2056/2056/2056
f 2056/2056/2056 2051/2051/2051 1977/1977/1977
f 2016/2016/2016 2020/2020/2020 2070/2070/2070
f 2070/2070/2070 2068/2068/2068 2016/2016/2016
f 2013/2013/2013 2016/2016/2016 2068/2068/2068
f 2068/2068/2068 2065/2065/2065 2013/2013/2013
f 2034/2034/2034 2033/2033/2033 2038/2038/2038
f 2021/2021/2021 2018/2018/2018 2034/2034/2034
f 2034/2034/2034 2035/2035/2035 2021/2021/2021
f 2017/2017/2017 2014/2014/2014 2032/2032/2032
f 2032/2032/2032 2033/2033/2033 2017/2017/2017
f 2008/2008/2008 2009/2009/2009 2031/2031/2031
f 2031/2031/2031 2030/2030/2030 2008/2008/2008
f 2010/2010/2010 2028/2028/2028 2037/2037/2037
f 2037/2037/2037 2031/2031/2031 2010/2010/2010
f 2024/2024/2024 2022/2022/2022 2035/2035/2035
f 2035/2035/2035 2036/2036/2036 2024/2024/2024
f 2019/2019/2019 2015/2015/2015 2033/2033/2033
f 2033/2033/2033 2034/2034/2034 2019/2019/2019
f 2012/2012/2012 2007/2007/2007 2030/2030/2030
f 2030/2030/2030 2032/2032/2032 2012/2012/2012
f 2042/2042/2042 2045/2045/2045 2071/2071/2071
f 2071/2071/2071 2072/2072/2072 2042/2042/2042
f 2032/2032/2032 2030/2030/2030 2038/2038/2038
f 2037/2037/2037 2036/2036/2036 2038/2038/2038
f 2035/2035/2035 2034/2034/2034 2038/2038/2038
f 2033/2033/2033 2032/2032/2032 2038/2038/2038
f 2030/2030/2030 2031/2031/2031 2038/2038/2038
f 2031/2031/2031 2037/2037/2037 2038/2038/2038
f 2036/2036/2036 2035/2035/2035 2038/2038/2038
f 2050/2050/2050 2055/2055/2055 2060/2060/2060
f 2060/2060/2060 2066/2066/2066 2050/2050/2050
f 2057/2057/2057 2041/2041/2041 2074/2074/2074
f 2074/2074/2074 2078/2078/2078 2057/2057/2057
f 2046/2046/2046 2047/2047/2047 2067/2067/2067
f 2067/2067/2067 2069/2069/2069 2046/2046/2046
f 2039/2039/2039 2042/2042/2042 2072/2072/2072
f 2072/2072/2072 2076/2076/2076 2039/2039/2039
f 2047/2047/2047 2049/2049/2049 2064/2064/2064
f 2064/2064/2064 2067/2067/2067 2047/2047/2047
f 2053/2053/2053 2057/2057/2057 2078/2078/2078
f 2078/2078/2078 2063/2063/2063 2053/2053/2053
f 2055/2055/2055 2054/2054/2054 2061/2061/2061
f 2061/2061/2061 2060/2060/2060 2055/2055/2055
f 1984/1984/1984 1977/1977/1977 2051/2051/2051
f 2051/2051/2051 2048/2048/2048 1984/1984/1984
f 1968/1968/1968 2005/2005/2005 2058/2058/2058
f 2058/2058/2058 2052/2052/2052 1968/1968/1968
f 1973/1973/1973 1968/1968/1968 2052/2052/2052
f 2052/2052/2052 2056/2056/2056 1973/1973/1973
f 2029/2029/2029 2011/2011/2011 2062/2062/2062
f 2062/2062/2062 2077/2077/2077 2029/2029/2029
f 2011/2011/2011 2006/2006/2006 2059/2059/2059
f 2059/2059/2059 2062/2062/2062 2011/2011/2011
f 2001/2001/2001 1995/1995/1995 2043/2043/2043
f 2043/2043/2043 2040/2040/2040 2001/2001/2001
f 2006/2006/2006 2013/2013/2013 2065/2065/2065
f 2065/2065/2065 2059/2059/2059 2006/2006/2006
f 1988/1988/1988 1984/1984/1984 2048/2048/2048
f 2048/2048/2048 2044/2044/2044 1988/1988/1988
f 2144/2144/2144 2146/2146/2146 2095/2095/2095
f 2095/2095/2095 2096/2096/2096 2144/2144/2144
f 2139/2139/2139 2141/2141/2141 2146/2146/2146
f 2146/2146/2146 2144/2144/2144 2139/2139/2139
f 2096/2096/2096 2095/2095/2095 2091/2091/2091
f 2091/2091/2091 2092/2092/2092 2096/2096/2096
f 1987/1987/1987 1992/1992/1992 2112/2112/2112
f 2112/2112/2112 2108/2108/2108 1987/1987/1987
f 2093/2093/2093 2090/2090/2090 2084/2084/2084
f 2084/2084/2084 2088/2088/2088 2093/2093/2093
f 1997/1997/1997 2003/2003/2003 2116/2116/2116
f 2116/2116/2116 2115/2115/2115 1997/1997/1997
f 1970/1970/1970 1976/1976/1976 2103/2103/2103
f 2103/2103/2103 2101/2101/2101 1970/1970/1970
f 2087/2087/2087 2085/2085/2085 2079/2079/2079
f 2079/2079/2079 2082/2082/2082 2087/2087/2087
f 2107/2107/2107 2109/2109/2109 2125/2125/2125
f 2125/2125/2125 2124/2124/2124 2107/2107/2107
f 2114/2114/2114 2117/2117/2117 2130/2130/2130
f 2130/2130/2130 2128/2128/2128 2114/2114/2114
f 2100/2100/2100 2104/2104/2104 2121/2121/2121
f 2121/2121/2121 2120/2120/2120 2100/2100/2100
f 2109/2109/2109 2111/2111/2111 2127/2127/2127
f 2127/2127/2127 2125/2125/2125 2109/2109/2109
f 2117/2117/2117 2097/2097/2097 2118/2118/2118
f 2118/2118/2118 2130/2130/2130 2117/2117/2117
f 2099/2099/2099 2100/2100/2100 2120/2120/2120
f 2120/2120/2120 2119/2119/2119 2099/2099/2099
f 2102/2102/2102 2105/2105/2105 2123/2123/2123
f 2123/2123/2123 2122/2122/2122 2102/2102/2102
f 2110/2110/2110 2113/2113/2113 2129/2129/2129
f 2129/2129/2129 2126/2126/2126 2110/2110/2110
f 2003/2003/2003 1964/1964/1964 2098/2098/2098
f 2098/2098/2098 2116/2116/2116 2003/2003/2003
f 1964/1964/1964 1970/1970/1970 2101/2101/2101
f 2101/2101/2101 2098/2098/2098 1964/1964/1964
f 2134/2134/2134 2136/2136/2136 2143/2143/2143
f 2143/2143/2143 2140/2140/2140 2134/2134/2134
f 1992/1992/1992 1997/1997/1997 2115/2115/2115
f 2115/2115/2115 2112/2112/2112 1992/1992/1992
f 2131/2131/2131 2132/2132/2132 2137/2137/2137
f 2137/2137/2137 2135/2135/2135 2131/2131/2131
f 1980/1980/1980 1987/1987/1987 2108/2108/2108
f 2108/2108/2108 2106/2106/2106 1980/1980/1980
f 2083/2083/2083 2080/2080/2080 2132/2132/2132
f 2132/2132/2132 2131/2131/2131 2083/2083/2083
f 2159/2159/2159 2162/2162/2162 2165/2165/2165
f 2081/2081/2081 2086/2086/2086 2151/2151/2151
f 2151/2151/2151 2147/2147/2147 2081/2081/2081
f 2086/2086/2086 2089/2089/2089 2152/2152/2152
f 2152/2152/2152 2151/2151/2151 2086/2086/2086
f 2089/2089/2089 2094/2094/2094 2154/2154/2154
f 2154/2154/2154 2152/2152/2152 2089/2089/2089
f 2094/2094/2094 2145/2145/2145 2156/2156/2156
f 2156/2156/2156 2154/2154/2154 2094/2094/2094
f 2145/2145/2145 2142/2142/2142 2158/2158/2158
f 2158/2158/2158 2156/2156/2156 2145/2145/2145
f 2142/2142/2142 2138/2138/2138 2161/2161/2161
f 2161/2161/2161 2158/2158/2158 2142/2142/2142
f 2138/2138/2138 2133/2133/2133 2164/2164/2164
f 2164/2164/2164 2161/2161/2161 2138/2138/2138
f 2133/2133/2133 2081/2081/2081 2147/2147/2147
f 2147/2147/2147 2164/2164/2164 2133/2133/2133
f 2155/2155/2155 2157/2157/2157 2165/2165/2165
f 2150/2150/2150 2153/2153/2153 2165/2165/2165
f 2148/2148/2148 2149/2149/2149 2166/2166/2166
f 2160/2160/2160 2163/2163/2163 2166/2166/2166
f 2157/2157/2157 2159/2159/2159 2165/2165/2165
f 2153/2153/2153 2155/2155/2155 2165/2165/2165
f 2163/2163/2163 2148/2148/2148 2166/2166/2166
f 2168/2168/2168 2172/2172/2172 2178/2178/2178
f 2178/2178/2178 2173/2173/2173 2168/2168/2168
f 2175/2175/2175 2176/2176/2176 2189/2189/2189
f 2189/2189/2189 2185/2185/2185 2175/2175/2175
f 2187/2187/2187 2188/2188/2188 2183/2183/2183
f 2183/2183/2183 2181/2181/2181 2187/2187/2187
f 2180/2180/2180 2184/2184/2184 2171/2171/2171
f 2171/2171/2171 2167/2167/2167 2180/2180/2180
f 2174/2174/2174 2186/2186/2186 2179/2179/2179
f 2179/2179/2179 2169/2169/2169 2174/2174/2174
f 2190/2190/2190 2177/2177/2177 2170/2170/2170
f 2170/2170/2170 2182/2182/2182 2190/2190/2190
f 2192/2192/2192 2194/2194/2194 2204/2204/2204
f 2204/2204/2204 2200/2200/2200 2192/2192/2192
f 2198/2198/2198 2203/2203/2203 2215/2215/2215
f 2215/2215/2215 2214/2214/2214 2198/2198/2198
f 2213/2213/2213 2217/2217/2217 2208/2208/2208
f 2208/2208/2208 2206/2206/2206 2213/2213/2213
f 2205/2205/2205 2210/2210/2210 2197/2197/2197
f 2197/2197/2197 2193/2193/2193 2205/2205/2205
f 2199/2199/2199 2212/2212/2212 2207/2207/2207
f 2207/2207/2207 2191/2191/2191 2199/2199/2199
f 2218/2218/2218 2201/2201/2201 2224/2224/2224
f 2224/2224/2224 2225/2225/2225 2218/2218/2218
f 2233/2233/2233 2234/2234/2234 2244/2244/2244
f 2209/2209/2209 2216/2216/2216 2227/2227/2227
f 2227/2227/2227 2228/2228/2228 2209/2209/2209
f 2202/2202/2202 2195/2195/2195 2220/2220/2220
f 2220/2220/2220 2223/2223/2223 2202/2202/2202
f 2196/2196/2196 2211/2211/2211 2230/2230/2230
f 2230/2230/2230 2221/2221/2221 2196/2196/2196
f 2226/2226/2226 2222/2222/2222 2236/2236/2236
f 2236/2236/2236 2232/2232/2232 2226/2226/2226
f 2222/2222/2222 2219/2219/2219 2238/2238/2238
f 2238/2238/2238 2236/2236/2236 2222/2222/2222
f 2219/2219/2219 2229/2229/2229 2241/2241/2241
f 2241/2241/2241 2238/2238/2238 2219/2219/2219
f 2229/2229/2229 2226/2226/2226 2232/2232/2232
f 2232/2232/2232 2241/2241/2241 2229/2229/2229
f 2239/2239/2239 2240/2240/2240 2245/2245/2245
f 2242/2242/2242 2231/2231/2231 2243/2243/2243
f 2235/2235/2235 2237/2237/2237 2246/2246/2246
f 2251/2251/2251 2250/2250/2250 2254/2254/2254
f 2261/2261/2261 2266/2266/2266 2264/2264/2264
f 2251/2251/2251 2268/2268/2268 2248/2248/2248
f 2252/2252/2252 2254/2254/2254 2253/2253/2253
f 2265/2265/2265 2257/2257/2257 2263/2263/2263
f 2247/2247/2247 2261/2261/2261 2272/2272/2272
f 2255/2255/2255 2253/2253/2253 2257/2257/2257
f 2269/2269/2269 2256/2256/2256 2247/2247/2247
f 2257/2257/2257 2262/2262/2262 2263/2263/2263
f 2268/2268/2268 2265/2265/2265 2260/2260/2260
f 2254/2254/2254 2259/2259/2259 2256/2256/2256
f 2258/2258/2258 2249/2249/2249 2250/2250/2250
f 2252/2252/2252 2255/2255/2255 2268/2268/2268
f 2250/2250/2250 2251/2251/2251 2248/2248/2248
f 2252/2252/2252 2251/2251/2251 2254/2254/2254
f 2266/2266/2266 2260/2260/2260 2264/2264/2264
f 2257/2257/2257 2267/2267/2267 2262/2262/2262
f 2264/2264/2264 2265/2265/2265 2263/2263/2263
f 2265/2265/2265 2255/2255/2255 2257/2257/2257
f 2252/2252/2252 2268/2268/2268 2251/2251/2251
f 2258/2258/2258 2266/2266/2266 2261/2261/2261
f 2260/2260/2260 2265/2265/2265 2264/2264/2264
f 2253/2253/2253 2267/2267/2267 2257/2257/2257
f 2268/2268/2268 2255/2255/2255 2265/2265/2265
f 2248/2248/2248 2266/2266/2266 2258/2258/2258
f 2267/2267/2267 2256/2256/2256 2269/2269/2269
f 2255/2255/2255 2252/2252/2252 2253/2253/2253
f 2250/2250/2250 2248/2248/2248 2258/2258/2258
f 2259/2259/2259 2249/2249/2249 2247/2247/2247
f 2259/2259/2259 2254/2254/2254 2249/2249/2249
f 2254/2254/2254 2250/2250/2250 2249/2249/2249
f 2267/2267/2267 2253/2253/2253 2256/2256/2256
f 2253/2253/2253 2254/2254/2254 2256/2256/2256
f 2266/2266/2266 2248/2248/2248 2260/2260/2260
f 2248/2248/2248 2268/2268/2268 2260/2260/2260
f 2259/2259/2259 2247/2247/2247 2256/2256/2256
f 2263/2263/2263 2262/2262/2262 2269/2269/2269
f 2262/2262/2262 2267/2267/2267 2269/2269/2269
f 2247/2247/2247 2249/2249/2249 2261/2261/2261
f 2249/2249/2249 2258/2258/2258 2261/2261/2261
f 2261/2261/2261 2264/2264/2264 2270/2270/2270
f 2264/2264/2264 2263/2263/2263 2271/2271/2271
f 2280/2280/2280 2354/2354/2354 2359/2359/2359
f 2359/2359/2359 2281/2281/2281 2280/2280/2280
f 2282/2282/2282 2359/2359/2359 2361/2361/2361
f 2361/2361/2361 2285/2285/2285 2282/2282/2282
f 2288/2288/2288 2361/2361/2361 2362/2362/2362
f 2362/2362/2362 2289/2289/2289 2288/2288/2288
f 2290/2290/2290 2362/2362/2362 2364/2364/2364
f 2364/2364/2364 2292/2292/2292 2290/2290/2290
f 2293/2293/2293 2364/2364/2364 2367/2367/2367
f 2367/2367/2367 2299/2299/2299 2293/2293/2293
f 2296/2296/2296 2367/2367/2367 2369/2369/2369
f 2369/2369/2369 2302/2302/2302 2296/2296/2296
f 2300/2300/2300 2369/2369/2369 2371/2371/2371
f 2371/2371/2371 2305/2305/2305 2300/2300/2300
f 2304/2304/2304 2371/2371/2371 2373/2373/2373
f 2373/2373/2373 2308/2308/2308 2304/2304/2304
f 2307/2307/2307 2373/2373/2373 2374/2374/2374
f 2374/2374/2374 2313/2313/2313 2307/2307/2307
f 2312/2312/2312 2374/2374/2374 2377/2377/2377
f 2377/2377/2377 2316/2316/2316 2312/2312/2312
f 2315/2315/2315 2377/2377/2377 2357/2357/2357
f 2357/2357/2357 2275/2275/2275 2315/2315/2315
f 2351/2351/2351 2320/2320/2320 2318/2318/2318
f 2295/2295/2295 2309/2309/2309 2402/2402/2402
f 2402/2402/2402 2412/2412/2412 2295/2295/2295
f 2317/2317/2317 2320/2320/2320 2322/2322/2322
f 2323/2323/2323 2320/2320/2320 2325/2325/2325
f 2324/2324/2324 2320/2320/2320 2329/2329/2329
f 2328/2328/2328 2320/2320/2320 2330/2330/2330
f 2331/2331/2331 2320/2320/2320 2334/2334/2334
f 2333/2333/2333 2320/2320/2320 2338/2338/2338
f 2336/2336/2336 2320/2320/2320 2341/2341/2341
f 2340/2340/2340 2320/2320/2320 2344/2344/2344
f 2342/2342/2342 2320/2320/2320 2347/2347/2347
f 2345/2345/2345 2320/2320/2320 2350/2350/2350
f 2348/2348/2348 2320/2320/2320 2352/2352/2352
f 2321/2321/2321 2326/2326/2326 2382/2382/2382
f 2382/2382/2382 2380/2380/2380 2321/2321/2321
f 2343/2343/2343 2346/2346/2346 2397/2397/2397
f 2397/2397/2397 2395/2395/2395 2343/2343/2343
f 2332/2332/2332 2335/2335/2335 2388/2388/2388
f 2388/2388/2388 2387/2387/2387 2332/2332/2332
f 2353/2353/2353 2319/2319/2319 2379/2379/2379
f 2379/2379/2379 2400/2400/2400 2353/2353/2353
f 2339/2339/2339 2343/2343/2343 2395/2395/2395
f 2395/2395/2395 2392/2392/2392 2339/2339/2339
f 2381/2381/2381 2383/2383/2383 2358/2358/2358
f 2358/2358/2358 2355/2355/2355 2381/2381/2381
f 2383/2383/2383 2384/2384/2384 2360/2360/2360
f 2360/2360/2360 2358/2358/2358 2383/2383/2383
f 2384/2384/2384 2386/2386/2386 2363/2363/2363
f 2363/2363/2363 2360/2360/2360 2384/2384/2384
f 2386/2386/2386 2389/2389/2389 2365/2365/2365
f 2365/2365/2365 2363/2363/2363 2386/2386/2386
f 2389/2389/2389 2390/2390/2390 2366/2366/2366
f 2366/2366/2366 2365/2365/2365 2389/2389/2389
f 2390/2390/2390 2393/2393/2393 2368/2368/2368
f 2368/2368/2368 2366/2366/2366 2390/2390/2390
f 2393/2393/2393 2394/2394/2394 2370/2370/2370
f 2370/2370/2370 2368/2368/2368 2393/2393/2393
f 2394/2394/2394 2396/2396/2396 2372/2372/2372
f 2372/2372/2372 2370/2370/2370 2394/2394/2394
f 2396/2396/2396 2398/2398/2398 2375/2375/2375
f 2375/2375/2375 2372/2372/2372 2396/2396/2396
f 2398/2398/2398 2401/2401/2401 2376/2376/2376
f 2376/2376/2376 2375/2375/2375 2398/2398/2398
f 2401/2401/2401 2378/2378/2378 2356/2356/2356
f 2356/2356/2356 2376/2376/2376 2401/2401/2401
f 2378/2378/2378 2381/2381/2381 2355/2355/2355
f 2355/2355/2355 2356/2356/2356 2378/2378/2378
f 2335/2335/2335 2337/2337/2337 2391/2391/2391
f 2391/2391/2391 2388/2388/2388 2335/2335/2335
f 2346/2346/2346 2349/2349/2349 2399/2399/2399
f 2399/2399/2399 2397/2397/2397 2346/2346/2346
f 2326/2326/2326 2327/2327/2327 2385/2385/2385
f 2385/2385/2385 2382/2382/2382 2326/2326/2326
f 2337/2337/2337 2339/2339/2339 2392/2392/2392
f 2392/2392/2392 2391/2391/2391 2337/2337/2337
f 2349/2349/2349 2353/2353/2353 2400/2400/2400
f 2400/2400/2400 2399/2399/2399 2349/2349/2349
f 2327/2327/2327 2332/2332/2332 2387/2387/2387
f 2387/2387/2387 2385/2385/2385 2327/2327/2327
f 2319/2319/2319 2321/2321/2321 2380/2380/2380
f 2380/2380/2380 2379/2379/2379 2319/2319/2319
f 2274/2274/2274 2357/2357/2357 2354/2354/2354
f 2354/2354/2354 2278/2278/2278 2274/2274/2274
f 2279/2279/2279 2283/2283/2283 2284/2284/2284
f 2284/2284/2284 2273/2273/2273 2279/2279/2279
f 2291/2291/2291 2294/2294/2294 2298/2298/2298
f 2298/2298/2298 2284/2284/2284 2291/2291/2291
f 2301/2301/2301 2303/2303/2303 2310/2310/2310
f 2310/2310/2310 2298/2298/2298 2301/2301/2301
f 2311/2311/2311 2314/2314/2314 2273/2273/2273
f 2273/2273/2273 2310/2310/2310 2311/2311/2311
f 2405/2405/2405 2410/2410/2410 2411/2411/2411
f 2411/2411/2411 2404/2404/2404 2405/2405/2405
f 2306/2306/2306 2276/2276/2276 2406/2406/2406
f 2406/2406/2406 2403/2403/2403 2306/2306/2306
f 2277/2277/2277 2287/2287/2287 2408/2408/2408
f 2408/2408/2408 2407/2407/2407 2277/2277/2277
f 2286/2286/2286 2297/2297/2297 2413/2413/2413
f 2413/2413/2413 2409/2409/2409 2286/2286/2286
f 2419/2419/2419 2420/2420/2420 2428/2428/2428
f 2428/2428/2428 2427/2427/2427 2419/2419/2419
f 2417/2417/2417 2418/2418/2418 2426/2426/2426
f 2426/2426/2426 2424/2424/2424 2417/2417/2417
f 2415/2415/2415 2416/2416/2416 2425/2425/2425
f 2425/2425/2425 2423/2423/2423 2415/2415/2415
f 2421/2421/2421 2414/2414/2414 2422/2422/2422
f 2422/2422/2422 2429/2429/2429 2421/2421/2421
f 2434/2434/2434 2442/2442/2442 2445/2445/2445
f 2445/2445/2445 2437/2437/2437 2434/2434/2434
f 2432/2432/2432 2440/2440/2440 2443/2443/2443
f 2443/2443/2443 2435/2435/2435 2432/2432/2432
f 2430/2430/2430 2438/2438/2438 2441/2441/2441
f 2441/2441/2441 2433/2433/2433 2430/2430/2430
f 2436/2436/2436 2444/2444/2444 2439/2439/2439
f 2439/2439/2439 2431/2431/2431 2436/2436/2436
f 2450/2450/2450 2453/2453/2453 2460/2460/2460
f 2460/2460/2460 2458/2458/2458 2450/2450/2450
f 2448/2448/2448 2451/2451/2451 2459/2459/2459
f 2459/2459/2459 2456/2456/2456 2448/2448/2448
f 2447/2447/2447 2449/2449/2449 2457/2457/2457
f 2457/2457/2457 2455/2455/2455 2447/2447/2447
f 2452/2452/2452 2446/2446/2446 2454/2454/2454
f 2454/2454/2454 2461/2461/2461 2452/2452/2452
f 2466/2466/2466 2474/2474/2474 2477/2477/2477
f 2477/2477/2477 2468/2468/2468 2466/2466/2466
f 2465/2465/2465 2473/2473/2473 2475/2475/2475
f 2475/2475/2475 2467/2467/2467 2465/2465/2465
f 2462/2462/2462 2470/2470/2470 2472/2472/2472
f 2472/2472/2472 2464/2464/2464 2462/2462/2462
f 2469/2469/2469 2476/2476/2476 2471/2471/2471
f 2471/2471/2471 2463/2463/2463 2469/2469/2469
f 2479/2479/2479 2480/2480/2480 2484/2484/2484
f 2484/2484/2484 2483/2483/2483 2479/2479/2479
f 2482/2482/2482 2485/2485/2485 2489/2489/2489
f 2489/2489/2489 2486/2486/2486 2482/2482/2482
f 2487/2487/2487 2488/2488/2488 2493/2493/2493
f 2493/2493/2493 2490/2490/2490 2487/2487/2487
f 2491/2491/2491 2492/2492/2492 2496/2496/2496
f 2496/2496/2496 2495/2495/2495 2491/2491/2491
f 2494/2494/2494 2497/2497/2497 2500/2500/2500
f 2500/2500/2500 2499/2499/2499 2494/2494/2494
f 2498/2498/2498 2501/2501/2501 2481/2481/2481
f 2481/2481/2481 2478/2478/2478 2498/2498/2498
f 2646/2646/2646 2587/2587/2587 2582/2582/2582
f 2582/2582/2582 2618/2618/2618 2646/2646/2646
f 2601/2601/2601 2656/2656/2656 2636/2636/2636
f 2636/2636/2636 2590/2590/2590 2601/2601/2601
f 2509/2509/2509 2507/2507/2507 2504/2504/2504
f 2504/2504/2504 2513/2513/2513 2509/2509/2509
f 2683/2683/2683 2539/2539/2539 2532/2532/2532
f 2532/2532/2532 2701/2701/2701 2683/2683/2683
f 2650/2650/2650 2596/2596/2596 2585/2585/2585
f 2585/2585/2585 2647/2647/2647 2650/2650/2650
f 2594/2594/2594 2665/2665/2665 2619/2619/2619
f 2619/2619/2619 2584/2584/2584 2594/2594/2594
f 2654/2654/2654 2652/2652/2652 2644/2644/2644
f 2644/2644/2644 2641/2641/2641 2654/2654/2654
f 2545/2545/2545 2535/2535/2535 2503/2503/2503
f 2503/2503/2503 2549/2549/2549 2545/2545/2545
f 2538/2538/2538 2533/2533/2533 2508/2508/2508
f 2508/2508/2508 2554/2554/2554 2538/2538/2538
f 2533/2533/2533 2534/2534/2534 2505/2505/2505
f 2505/2505/2505 2508/2508/2508 2533/2533/2533
f 2535/2535/2535 2531/2531/2531 2511/2511/2511
f 2511/2511/2511 2503/2503/2503 2535/2535/2535
f 2506/2506/2506 2547/2547/2547 2550/2550/2550
f 2550/2550/2550 2502/2502/2502 2506/2506/2506
f 2546/2546/2546 2553/2553/2553 2557/2557/2557
f 2557/2557/2557 2551/2551/2551 2546/2546/2546
f 2552/2552/2552 2510/2510/2510 2512/2512/2512
f 2512/2512/2512 2555/2555/2555 2552/2552/2552
f 2534/2534/2534 2542/2542/2542 2548/2548/2548
f 2548/2548/2548 2505/2505/2505 2534/2534/2534
f 2531/2531/2531 2541/2541/2541 2556/2556/2556
f 2556/2556/2556 2511/2511/2511 2531/2531/2531
f 2541/2541/2541 2545/2545/2545 2549/2549/2549
f 2549/2549/2549 2556/2556/2556 2541/2541/2541
f 2542/2542/2542 2538/2538/2538 2554/2554/2554
f 2554/2554/2554 2548/2548/2548 2542/2542/2542
f 2569/2569/2569 2558/2558/2558 2562/2562/2562
f 2562/2562/2562 2566/2566/2566 2569/2569/2569
f 2580/2580/2580 2569/2569/2569 2564/2564/2564
f 2564/2564/2564 2576/2576/2576 2580/2580/2580
f 2575/2575/2575 2580/2580/2580 2579/2579/2579
f 2579/2579/2579 2570/2570/2570 2575/2575/2575
f 2558/2558/2558 2575/2575/2575 2571/2571/2571
f 2571/2571/2571 2563/2563/2563 2558/2558/2558
f 2568/2568/2568 2581/2581/2581 2574/2574/2574
f 2574/2574/2574 2559/2559/2559 2568/2568/2568
f 2589/2589/2589 2635/2635/2635 2633/2633/2633
f 2633/2633/2633 2593/2593/2593 2589/2589/2589
f 2611/2611/2611 2607/2607/2607 2602/2602/2602
f 2602/2602/2602 2614/2614/2614 2611/2611/2611
f 2598/2598/2598 2600/2600/2600 2588/2588/2588
f 2588/2588/2588 2592/2592/2592 2598/2598/2598
f 2658/2658/2658 2599/2599/2599 2591/2591/2591
f 2591/2591/2591 2631/2631/2631 2658/2658/2658
f 2597/2597/2597 2595/2595/2595 2583/2583/2583
f 2583/2583/2583 2586/2586/2586 2597/2597/2597
f 2640/2640/2640 2643/2643/2643 2625/2625/2625
f 2625/2625/2625 2626/2626/2626 2640/2640/2640
f 2642/2642/2642 2653/2653/2653 2671/2671/2671
f 2671/2671/2671 2529/2529/2529 2642/2642/2642
f 2648/2648/2648 2621/2621/2621 2518/2518/2518
f 2518/2518/2518 2525/2525/2525 2648/2648/2648
f 2651/2651/2651 2649/2649/2649 2523/2523/2523
f 2523/2523/2523 2673/2673/2673 2651/2651/2651
f 2627/2627/2627 2661/2661/2661 2679/2679/2679
f 2679/2679/2679 2606/2606/2606 2627/2627/2627
f 2663/2663/2663 2660/2660/2660 2628/2628/2628
f 2628/2628/2628 2624/2624/2624 2663/2663/2663
f 2522/2522/2522 2519/2519/2519 2515/2515/2515
f 2515/2515/2515 2528/2528/2528 2522/2522/2522
f 2668/2668/2668 2613/2613/2613 2616/2616/2616
f 2616/2616/2616 2667/2667/2667 2668/2668/2668
f 2672/2672/2672 2524/2524/2524 2526/2526/2526
f 2526/2526/2526 2670/2670/2670 2672/2672/2672
f 2676/2676/2676 2516/2516/2516 2520/2520/2520
f 2520/2520/2520 2675/2675/2675 2676/2676/2676
f 2681/2681/2681 2603/2603/2603 2608/2608/2608
f 2608/2608/2608 2678/2678/2678 2681/2681/2681
f 2622/2622/2622 2645/2645/2645 2527/2527/2527
f 2527/2527/2527 2514/2514/2514 2622/2622/2622
f 2662/2662/2662 2623/2623/2623 2517/2517/2517
f 2517/2517/2517 2677/2677/2677 2662/2662/2662
f 2638/2638/2638 2629/2629/2629 2609/2609/2609
f 2609/2609/2609 2612/2612/2612 2638/2638/2638
f 2620/2620/2620 2664/2664/2664 2674/2674/2674
f 2674/2674/2674 2521/2521/2521 2620/2620/2620
f 2655/2655/2655 2639/2639/2639 2610/2610/2610
f 2610/2610/2610 2669/2669/2669 2655/2655/2655
f 2637/2637/2637 2657/2657/2657 2666/2666/2666
f 2666/2666/2666 2617/2617/2617 2637/2637/2637
f 2632/2632/2632 2634/2634/2634 2615/2615/2615
f 2615/2615/2615 2605/2605/2605 2632/2632/2632
f 2659/2659/2659 2630/2630/2630 2604/2604/2604
f 2604/2604/2604 2680/2680/2680 2659/2659/2659
f 2706/2706/2706 2536/2536/2536 2543/2543/2543
f 2543/2543/2543 2722/2722/2722 2706/2706/2706
f 2713/2713/2713 2567/2567/2567 2560/2560/2560
f 2560/2560/2560 2694/2694/2694 2713/2713/2713
f 2689/2689/2689 2572/2572/2572 2578/2578/2578
f 2578/2578/2578 2721/2721/2721 2689/2689/2689
f 2720/2720/2720 2577/2577/2577 2565/2565/2565
f 2565/2565/2565 2710/2710/2710 2720/2720/2720
f 2699/2699/2699 2530/2530/2530 2537/2537/2537
f 2537/2537/2537 2708/2708/2708 2699/2699/2699
f 2697/2697/2697 2561/2561/2561 2573/2573/2573
f 2573/2573/2573 2686/2686/2686 2697/2697/2697
f 2698/2698/2698 2707/2707/2707 2715/2715/2715
f 2715/2715/2715 2705/2705/2705 2698/2698/2698
f 2704/2704/2704 2714/2714/2714 2712/2712/2712
f 2712/2712/2712 2695/2695/2695 2704/2704/2704
f 2725/2725/2725 2684/2684/2684 2693/2693/2693
f 2693/2693/2693 2728/2728/2728 2725/2725/2725
f 2726/2726/2726 2692/2692/2692 2687/2687/2687
f 2687/2687/2687 2718/2718/2718 2726/2726/2726
f 2682/2682/2682 2700/2700/2700 2703/2703/2703
f 2703/2703/2703 2691/2691/2691 2682/2682/2682
f 2690/2690/2690 2702/2702/2702 2696/2696/2696
f 2696/2696/2696 2688/2688/2688 2690/2690/2690
f 2709/2709/2709 2723/2723/2723 2729/2729/2729
f 2729/2729/2729 2716/2716/2716 2709/2709/2709
f 2717/2717/2717 2727/2727/2727 2719/2719/2719
f 2719/2719/2719 2711/2711/2711 2717/2717/2717
f 2724/2724/2724 2544/2544/2544 2540/2540/2540
f 2540/2540/2540 2685/2685/2685 2724/2724/2724
f 2732/2732/2732 2733/2733/2733 2730/2730/2730
f 2730/2730/2730 2731/2731/2731 2732/2732/2732
f 2734/2734/2734 2737/2737/2737 2745/2745/2745
f 2745/2745/2745 2742/2742/2742 2734/2734/2734
f 2755/2755/2755 2770/2770/2770 2793/2793/2793
f 2793/2793/2793 2751/2751/2751 2755/2755/2755
f 2752/2752/2752 2757/2757/2757 2749/2749/2749
f 2749/2749/2749 2746/2746/2746 2752/2752/2752
f 2761/2761/2761 2760/2760/2760 2758/2758/2758
f 2758/2758/2758 2759/2759/2759 2761/2761/2761
f 2740/2740/2740 2764/2764/2764 2783/2783/2783
f 2783/2783/2783 2736/2736/2736 2740/2740/2740
f 2747/2747/2747 2750/2750/2750 2792/2792/2792
f 2792/2792/2792 2781/2781/2781 2747/2747/2747
f 2774/2774/2774 2744/2744/2744 2739/2739/2739
f 2739/2739/2739 2786/2786/2786 2774/2774/2774
f 2766/2766/2766 2772/2772/2772 2756/2756/2756
f 2756/2756/2756 2754/2754/2754 2766/2766/2766
f 2785/2785/2785 2789/2789/2789 2738/2738/2738
f 2738/2738/2738 2735/2735/2735 2785/2785/2785
f 2769/2769/2769 2753/2753/2753 2748/2748/2748
f 2748/2748/2748 2779/2779/2779 2769/2769/2769
f 2775/2775/2775 2787/2787/2787 2791/2791/2791
f 2791/2791/2791 2771/2771/2771 2775/2775/2775
f 2767/2767/2767 2778/2778/2778 2784/2784/2784
f 2784/2784/2784 2763/2763/2763 2767/2767/2767
f 2788/2788/2788 2782/2782/2782 2780/2780/2780
f 2780/2780/2780 2790/2790/2790 2788/2788/2788
f 2773/2773/2773 2768/2768/2768 2765/2765/2765
f 2765/2765/2765 2776/2776/2776 2773/2773/2773
f 2741/2741/2741 2743/2743/2743 2777/2777/2777
f 2777/2777/2777 2762/2762/2762 2741/2741/2741
f 2795/2795/2795 2796/2796/2796 2797/2797/2797
f 2797/2797/2797 2794/2794/2794 2795/2795/2795
f 2800/2800/2800 2828/2828/2828 2822/2822/2822
f 2822/2822/2822 2801/2801/2801 2800/2800/2800
f 2812/2812/2812 2813/2813/2813 2808/2808/2808
f 2808/2808/2808 2806/2806/2806 2812/2812/2812
f 2819/2819/2819 2818/2818/2818 2816/2816/2816
f 2816/2816/2816 2817/2817/2817 2819/2819/2819
f 2799/2799/2799 2803/2803/2803 2810/2810/2810
f 2810/2810/2810 2804/2804/2804 2799/2799/2799
f 2832/2832/2832 2814/2814/2814 2811/2811/2811
f 2831/2831/2831 2835/2835/2835 2809/2809/2809
f 2809/2809/2809 2815/2815/2815 2831/2831/2831
f 2826/2826/2826 2825/2825/2825 2821/2821/2821
f 2821/2821/2821 2820/2820/2820 2826/2826/2826
f 2829/2829/2829 2834/2834/2834 2830/2830/2830
f 2830/2830/2830 2824/2824/2824 2829/2829/2829
f 2807/2807/2807 2833/2833/2833 2805/2805/2805
f 2798/2798/2798 2805/2805/2805 2833/2833/2833
f 2833/2833/2833 2827/2827/2827 2798/2798/2798
f 2802/2802/2802 2823/2823/2823 2832/2832/2832
f 2832/2832/2832 2811/2811/2811 2802/2802/2802
f 2836/2836/2836 2844/2844/2844 2856/2856/2856
f 2838/2838/2838 2836/2836/2836 2846/2846/2846
f 2841/2841/2841 2837/2837/2837 2849/2849/2849
f 2842/2842/2842 2839/2839/2839 2851/2851/2851
f 2844/2844/2844 2843/2843/2843 2853/2853/2853
f 2836/2836/2836 2856/2856/2856 2846/2846/2846
f 2838/2838/2838 2846/2846/2846 2848/2848/2848
f 2840/2840/2840 2848/2848/2848 2852/2852/2852
f 2843/2843/2843 2852/2852/2852 2853/2853/2853
f 2844/2844/2844 2853/2853/2853 2856/2856/2856
f 2845/2845/2845 2855/2855/2855 2857/2857/2857
f 2847/2847/2847 2845/2845/2845 2857/2857/2857
f 2850/2850/2850 2847/2847/2847 2857/2857/2857
f 2854/2854/2854 2850/2850/2850 2857/2857/2857
f 2855/2855/2855 2854/2854/2854 2857/2857/2857
f 2858/2858/2858 2864/2864/2864 2874/2874/2874
f 2860/2860/2860 2858/2858/2858 2866/2866/2866
f 2861/2861/2861 2859/2859/2859 2867/2867/2867
f 2863/2863/2863 2861/2861/2861 2869/2869/2869
f 2864/2864/2864 2862/2862/2862 2872/2872/2872
f 2858/2858/2858 2874/2874/2874 2866/2866/2866
f 2860/2860/2860 2866/2866/2866 2867/2867/2867
f 2861/2861/2861 2867/2867/2867 2869/2869/2869
f 2862/2862/2862 2869/2869/2869 2872/2872/2872
f 2864/2864/2864 2872/2872/2872 2874/2874/2874
f 2865/2865/2865 2873/2873/2873 2875/2875/2875
f 2868/2868/2868 2865/2865/2865 2875/2875/2875
f 2870/2870/2870 2868/2868/2868 2875/2875/2875
f 2871/2871/2871 2870/2870/2870 2875/2875/2875
f 2873/2873/2873 2871/2871/2871 2875/2875/2875

